date,dnb_nav_date,nav_nok,etf_quote_date,close_eur,fx_rate_date,sek_per_eur,nok_per_eur,source,sek_per_nok,dnb_nav_sek,ishares_close_sek
2010-09-24,2010-09-24,100.0,2010-09-24,19.559999465942383,2010-09-24,9.207,7.9475,ECB EXR daily reference rate,1.1584775086505192,115.84775086505192,180.08891508293152
2010-09-27,2010-09-27,100.01283,2010-09-27,19.549999237060547,2010-09-27,9.171,7.9145,ECB EXR daily reference rate,1.158759239370775,115.89079081811863,179.29304300308226
2010-09-28,2010-09-28,99.96668,2010-09-28,19.549999237060547,2010-09-28,9.224,7.967,ECB EXR daily reference rate,1.1577758252792771,115.7390054374294,180.3291929626465
2010-09-29,2010-09-29,99.67261,2010-09-29,19.40999984741211,2010-09-29,9.1545,7.967,ECB EXR daily reference rate,1.1490523409062383,114.52904584473454,177.68884360313416
2010-09-30,2010-09-30,99.18812,2010-09-30,19.440000534057617,2010-09-30,9.1421,7.968,ECB EXR daily reference rate,1.147351907630522,113.80367869628513,177.72242888240814
2010-10-01,2010-10-01,99.59313,2010-10-01,19.149999618530273,2010-10-01,9.2183,8.04,ECB EXR daily reference rate,1.1465547263681592,114.18897391529852,176.5304414834976
2010-10-04,2010-10-04,99.13422,2010-10-04,19.149999618530273,2010-10-04,9.2398,8.03,ECB EXR daily reference rate,1.1506600249066004,114.06978405429639,176.94216647529603
2010-10-05,2010-10-05,100.07501,2010-10-05,19.290000915527344,2010-10-05,9.2626,8.041,ECB EXR daily reference rate,1.1519214028105957,115.2785459054844,178.6755624801636
2010-10-06,2010-10-06,100.31502,2010-10-06,19.34000015258789,2010-10-06,9.2993,8.034,ECB EXR daily reference rate,1.157493154095096,116.11394890291263,179.8484634189606
2010-10-07,2010-10-07,100.72508,2010-10-07,19.290000915527344,2010-10-07,9.3208,8.083,ECB EXR daily reference rate,1.1531362118025485,116.14973718470866,179.79824053344726
2010-10-08,2010-10-08,101.25449,2010-10-08,19.290000915527344,2010-10-08,9.317,8.1,ECB EXR daily reference rate,1.1502469135802469,116.46766460864198,179.72493852996826
2010-10-11,2010-10-11,101.61166,2010-10-11,19.440000534057617,2010-10-11,9.2715,8.1235,ECB EXR daily reference rate,1.1413183972425678,115.97125693235674,180.23796495151518
2010-10-12,2010-10-12,102.13241,2010-10-12,19.440000534057617,2010-10-12,9.246,8.124,ECB EXR daily reference rate,1.138109305760709,116.23784624076809,179.74224493789674
2010-10-13,2010-10-13,101.75998,2010-10-13,19.549999237060547,2010-10-13,9.2662,8.135,ECB EXR daily reference rate,1.1390534726490473,115.9100585956976,181.15420293045042
2010-10-14,2010-10-14,101.03568,2010-10-14,19.43000030517578,2010-10-14,9.234,8.0695,ECB EXR daily reference rate,1.1443088171510007,115.61601947084702,179.41662281799316
2010-10-15,2010-10-15,101.66994,2010-10-15,19.469999313354492,2010-10-15,9.223,8.0925,ECB EXR daily reference rate,1.1396972505406242,115.87295108063023,179.5718036670685
2010-10-18,2010-10-18,102.73614,2010-10-18,19.559999465942383,2010-10-18,9.2871,8.15,ECB EXR daily reference rate,1.1395214723926381,117.07003752073621,181.65567104015352
2010-10-19,2010-10-19,102.68118,2010-10-19,19.63999938964844,2010-10-19,9.335,8.169,ECB EXR daily reference rate,1.1427347288529808,117.33735038560411,183.33939430236822
2010-10-20,2010-10-20,102.3923,2010-10-20,19.63999938964844,2010-10-20,9.3115,8.1585,ECB EXR daily reference rate,1.1413249984678557,116.86289164062023,182.87785431671148
2010-10-21,2010-10-21,102.2128,2010-10-21,19.600000381469727,2010-10-21,9.2675,8.1385,ECB EXR daily reference rate,1.138723351969036,116.3921022301407,181.64300353527068
2010-10-22,2010-10-22,102.03283,2010-10-22,19.6299991607666,2010-10-22,9.2565,8.143,ECB EXR daily reference rate,1.1367432150313153,115.98512721294364,181.70508723163607
2010-10-25,2010-10-25,102.39472,2010-10-25,19.649999618530273,2010-10-25,9.199,8.0935,ECB EXR daily reference rate,1.1365910916167294,116.38092658058936,180.76034649085997
2010-10-26,2010-10-26,103.08308,2010-10-26,19.68000030517578,2010-10-26,9.3028,8.12,ECB EXR daily reference rate,1.145665024630542,118.09867938719212,183.07910683898925
2010-10-27,2010-10-27,102.93545,2010-10-27,19.549999237060547,2010-10-27,9.3317,8.145,ECB EXR daily reference rate,1.1456967464702272,117.93281016144876,182.4347278804779
2010-10-28,2010-10-28,103.28542,2010-10-28,19.65999984741211,2010-10-28,9.3164,8.15,ECB EXR daily reference rate,1.143116564417178,118.06727446478527,183.16042257843017
2010-10-29,2010-10-29,103.34291,2010-10-29,19.559999465942383,2010-10-29,9.361,8.192,ECB EXR daily reference rate,1.1427001953125,118.08996344116211,183.10115500068665
2010-11-01,2010-11-01,103.08941,2010-11-01,19.65999984741211,2010-11-01,9.2765,8.1455,ECB EXR daily reference rate,1.1388496715978147,117.40334072371247,182.37598858451844
2010-11-02,2010-11-02,103.60352,2010-11-02,19.61000061035156,2010-11-02,9.323,8.203,ECB EXR daily reference rate,1.1365354138729735,117.7490694818969,182.8240356903076
2010-11-03,2010-11-03,103.66516,2010-11-03,19.579999923706055,2010-11-03,9.324,8.208,ECB EXR daily reference rate,1.1359649122807016,117.7599843859649,182.56391928863525
2010-11-04,2010-11-04,104.0002,2010-11-04,19.790000915527344,2010-11-04,9.255,8.148,ECB EXR daily reference rate,1.1358615611192933,118.12982952871873,183.1564584732056
2010-11-05,2010-11-05,104.72578,2010-11-05,19.790000915527344,2010-11-05,9.291,8.119,ECB EXR daily reference rate,1.1443527528020694,119.84323463234391,183.86889850616456
2010-11-08,2010-11-08,105.28181,2010-11-08,19.790000915527344,2010-11-08,9.294,8.085,ECB EXR daily reference rate,1.1495361781076066,121.02524949165118,183.92826850891115
2010-11-09,2010-11-09,104.73912,2010-11-09,20.290000915527344,2010-11-09,9.3083,8.077,ECB EXR daily reference rate,1.152445214807478,120.70609764714621,188.86541552200316
2010-11-10,2010-11-10,105.99996,2010-11-10,20.260000228881836,2010-11-10,9.2975,8.076,ECB EXR daily reference rate,1.1512506191183753,122.03251957652303,188.36735212802887
2010-11-11,2010-11-11,106.35954,2010-11-11,20.299999237060547,2010-11-11,9.3102,8.091,ECB EXR daily reference rate,1.1506859473489064,122.3864280444939,188.99705289688112
2010-11-12,2010-11-12,105.69608,2010-11-12,20.170000076293945,2010-11-12,9.3582,8.133,ECB EXR daily reference rate,1.1506455182589452,121.61872074953892,188.754894713974
2010-11-15,2010-11-15,106.37422,2010-11-15,20.329999923706055,2010-11-15,9.369,8.1355,ECB EXR daily reference rate,1.1516194456394813,122.50262026673221,190.47176928520201
2010-11-16,2010-11-16,105.34387,2010-11-16,20.329999923706055,2010-11-16,9.3753,8.167,ECB EXR daily reference rate,1.1479490633035385,120.92939689126973,190.59984828472136
2010-11-17,2010-11-17,105.2777,2010-11-17,20.030000686645508,2010-11-17,9.398,8.185,ECB EXR daily reference rate,1.1481979230299326,120.87963648136834,188.24194645309447
2010-11-18,2010-11-18,106.65289,2010-11-18,20.290000915527344,2010-11-18,9.3573,8.162,ECB EXR daily reference rate,1.1464469492771379,122.27188037209017,189.85962556686403
2010-11-19,2010-11-19,106.32194,2010-11-19,20.170000076293945,2010-11-19,9.3945,8.2,ECB EXR daily reference rate,1.1456707317073174,121.8099347963415,189.48706571674347
2010-11-22,2010-11-22,106.69229,2010-11-22,20.1200008392334,2010-11-22,9.3855,8.207,ECB EXR daily reference rate,1.143596929450469,122.01297524003898,188.83626787662507
2010-11-23,2010-11-23,106.05256,2010-11-23,20.079999923706055,2010-11-23,9.3865,8.207,ECB EXR daily reference rate,1.1437187766540757,121.29430418423297,188.48091928386688
2010-11-24,2010-11-24,106.764,2010-11-24,20.36000061035156,2010-11-24,9.2923,8.1445,ECB EXR daily reference rate,1.1409294615998524,121.81019303824664,189.19123367156976
2010-11-25,2010-11-25,106.764,2010-11-25,20.450000762939453,2010-11-25,9.2705,8.1275,ECB EXR daily reference rate,1.1406336511842512,121.77861113503539,189.5817320728302
2010-11-26,2010-11-26,107.49259,2010-11-26,20.43000030517578,2010-11-26,9.307,8.177,ECB EXR daily reference rate,1.1381924911336676,122.34725879050997,190.142012840271
2010-11-29,2010-11-29,107.33942,2010-11-29,20.329999923706055,2010-11-29,9.2205,8.1285,ECB EXR daily reference rate,1.1343421295441962,121.7596262668389,187.45276429653165
2010-11-30,2010-11-30,106.67595,2010-11-30,20.489999771118164,2010-11-30,9.1715,8.091,ECB EXR daily reference rate,1.1335434433320974,120.92182368372266,187.92403290081023
2010-12-01,2010-12-01,108.48312,2010-12-01,20.489999771118164,2010-12-01,9.154,8.06,ECB EXR daily reference rate,1.1357320099255583,123.20775192059554,187.56545790481567
2010-12-02,2010-12-02,108.58876,2010-12-02,20.81999969482422,2010-12-02,9.1531,8.06,ECB EXR daily reference rate,1.135620347394541,123.31560535434242,190.56753920669556
2010-12-03,2010-12-03,107.45539,2010-12-03,20.729999542236328,2010-12-03,9.1265,8.005,ECB EXR daily reference rate,1.140099937539038,122.50988342723295,189.19234082221985
2010-12-06,2010-12-06,107.73061,2010-12-06,20.790000915527344,2010-12-06,9.1115,7.9785,ECB EXR daily reference rate,1.1420066428526665,123.0290722585699,189.42809334182738
2010-12-07,2010-12-07,107.31389,2010-12-07,20.969999313354492,2010-12-07,9.098,7.966,ECB EXR daily reference rate,1.142103941752448,122.5636167737886,190.7850537528992
2010-12-08,2010-12-08,108.36431,2010-12-08,21.0,2010-12-08,9.1484,7.9625,ECB EXR daily reference rate,1.1489356357927787,124.50361740709577,192.1164
2010-12-09,2010-12-09,109.20056,2010-12-09,21.1299991607666,2010-12-09,9.131,7.955,ECB EXR daily reference rate,1.1478315524827154,125.3438483167819,192.93802233695985
2010-12-10,2010-12-10,108.6378,2010-12-10,21.190000534057617,2010-12-10,9.1077,7.9375,ECB EXR daily reference rate,1.1474267716535433,124.65392013354331,192.99216786403656
2010-12-13,2010-12-13,108.20217,2010-12-13,21.15999984741211,2010-12-13,9.1464,7.9265,ECB EXR daily reference rate,1.153901469753359,124.8546429935028,193.53782260437012
2010-12-14,2010-12-14,107.61294,2010-12-14,21.18000030517578,2010-12-14,9.1284,7.896,ECB EXR daily reference rate,1.156079027355623,124.40906300607901,193.3395147857666
2010-12-15,2010-12-15,107.58757,2010-12-15,21.170000076293945,2010-12-15,9.0798,7.866,ECB EXR daily reference rate,1.1543096872616325,124.189374279939,192.2193666927338
2010-12-16,2010-12-16,108.4186,2010-12-16,21.280000686645508,2010-12-16,9.0381,7.895,ECB EXR daily reference rate,1.1447878404053198,124.1162949537682,192.33077420597076
2010-12-17,2010-12-17,108.55219,2010-12-17,21.309999465942383,2010-12-17,9.0223,7.8925,ECB EXR daily reference rate,1.1431485587583148,124.09127954855875,192.26520818157195
2010-12-20,2010-12-20,108.89468,2010-12-20,21.399999618530273,2010-12-20,8.986,7.8605,ECB EXR daily reference rate,1.143184275809427,124.48668589529929,192.30039657211304
2010-12-21,2010-12-21,109.54328,2010-12-21,21.600000381469727,2010-12-21,8.9795,7.862,ECB EXR daily reference rate,1.1421394047316205,125.11369661154922,193.9572034254074
2010-12-22,2010-12-22,110.07403,2010-12-22,21.729999542236328,2010-12-22,8.9812,7.8715,ECB EXR daily reference rate,1.1409769421330114,125.59193015765734,195.1614718887329
2010-12-23,2010-12-23,109.94353,2010-12-23,21.700000762939453,2010-12-23,8.963,7.837,ECB EXR daily reference rate,1.143677427587087,125.7399335702437,194.4971068382263
2010-12-24,2010-12-23,109.94353,2010-12-23,21.700000762939453,2010-12-24,8.9885,7.826,ECB EXR daily reference rate,1.1485433171479684,126.27490664515717,195.05045685768127
2010-12-27,2010-12-27,109.35724,2010-12-27,21.579999923706055,2010-12-27,8.9771,7.835,ECB EXR daily reference rate,1.145768985322272,125.29813391244417,193.72581731510164
2010-12-28,2010-12-28,109.38238,2010-12-28,21.6299991607666,2010-12-28,8.9968,7.8255,ECB EXR daily reference rate,1.1496773369113795,125.75444334342853,194.60077644958497
2010-12-29,2010-12-29,109.56628,2010-12-29,21.729999542236328,2010-12-29,8.9885,7.809,ECB EXR daily reference rate,1.1510436675630682,126.11557277244205,195.32010088539124
2010-12-30,2010-12-30,108.3824,2010-12-30,21.5,2010-12-30,9.0133,7.819,ECB EXR daily reference rate,1.15274331755979,124.9370873410922,193.78594999999999
2010-12-31,2010-12-31,107.24717,2010-12-30,21.5,2010-12-31,8.9655,7.8,ECB EXR daily reference rate,1.149423076923077,123.27237213269233,192.75825
2011-01-03,2010-12-31,107.24717,2011-01-03,21.670000076293945,2011-01-03,8.937,7.78,ECB EXR daily reference rate,1.1487146529562982,123.1963956670951,193.66479068183898
2011-01-04,2011-01-04,108.9299,2011-01-04,21.59000015258789,2011-01-04,8.9545,7.809,ECB EXR daily reference rate,1.1466897169932129,124.90879620309899,193.32765636634826
2011-01-05,2011-01-05,109.74831,2011-01-05,21.809999465942383,2011-01-05,8.9295,7.7895,ECB EXR daily reference rate,1.1463508569227807,125.81006921432699,194.75239023113252
2011-01-06,2011-01-06,110.17045,2011-01-06,22.030000686645508,2011-01-06,8.921,7.7475,ECB EXR daily reference rate,1.1514682155534044,126.85777146821556,196.52963612556456
2011-01-07,2011-01-07,109.94839,2011-01-07,22.010000228881836,2011-01-07,8.9378,7.726,ECB EXR daily reference rate,1.1568470100957804,127.1934662363448,196.72098004570006
2011-01-10,2011-01-10,109.76687,2011-01-10,21.88999938964844,2011-01-10,8.9205,7.7085,ECB EXR daily reference rate,1.1572290328857755,127.02540881299863,195.26973955535894
2011-01-11,2011-01-11,110.4449,2011-01-11,22.34000015258789,2011-01-11,8.874,7.726,ECB EXR daily reference rate,1.1485891793942533,126.85581705928037,198.24516135406495
2011-01-12,2011-01-12,110.65412,2011-01-12,22.239999771118164,2011-01-12,8.8435,7.706,ECB EXR daily reference rate,1.1476122501946535,126.98802364650922,196.6794379758835
2011-01-13,2011-01-13,110.33422,2011-01-13,21.8799991607666,2011-01-13,8.9005,7.797,ECB EXR daily reference rate,1.141528793125561,125.94968899705015,194.74293253040312
2011-01-14,2011-01-14,110.6242,2011-01-14,21.8700008392334,2011-01-14,8.9765,7.85,ECB EXR daily reference rate,1.1435031847133759,126.49912500636944,196.31606253337858
2011-01-17,2011-01-14,110.6242,2011-01-17,21.950000762939453,2011-01-17,8.916,7.786,ECB EXR daily reference rate,1.1451322887233497,126.67934333418958,195.70620680236817
2011-01-18,2011-01-18,110.72011,2011-01-18,21.950000762939453,2011-01-18,8.9203,7.82,ECB EXR daily reference rate,1.140703324808184,126.29879760012786,195.8005918056488
2011-01-19,2011-01-19,109.39852,2011-01-19,21.700000762939453,2011-01-19,8.9325,7.826,ECB EXR daily reference rate,1.1413876820853566,124.86612316636852,193.83525681495664
2011-01-20,2011-01-20,109.87289,2011-01-20,21.5,2011-01-20,8.949,7.8745,ECB EXR daily reference rate,1.1364531081338498,124.86538734014859,192.4035
2011-01-21,2011-01-21,108.98849,2011-01-21,21.489999771118164,2011-01-21,8.959,7.892,ECB EXR daily reference rate,1.1352002027369488,123.72375594399391,192.5289079494476
2011-01-24,2011-01-24,109.08179,2011-01-24,21.479999542236328,2011-01-24,8.953,7.883,ECB EXR daily reference rate,1.1357351262209818,123.88802053406063,192.31043590164182
2011-01-25,2011-01-25,108.97788,2011-01-25,21.420000076293945,2011-01-25,8.9074,7.848,ECB EXR daily reference rate,1.1349898063200816,123.68878291437309,190.7965086795807
2011-01-26,2011-01-26,109.35226,2011-01-26,21.530000686645508,2011-01-26,8.8585,7.8665,ECB EXR daily reference rate,1.1261043666179367,123.14205748553994,190.72351108264922
2011-01-27,2011-01-27,110.0638,2011-01-27,21.5,2011-01-27,8.8452,7.923,ECB EXR daily reference rate,1.1163953048087845,122.8747095494131,190.1718
2011-01-28,2011-01-28,109.06092,2011-01-28,21.399999618530273,2011-01-28,8.853,7.933,ECB EXR daily reference rate,1.1159712592966091,121.70885223244674,189.4541966228485
2011-01-31,2011-01-31,108.9522,2011-01-31,21.34000015258789,2011-01-31,8.867,7.927,ECB EXR daily reference rate,1.1185820613094488,121.87197646019933,189.22178135299686
2011-02-01,2011-02-01,109.57665,2011-02-01,21.549999237060547,2011-02-01,8.805,7.882,ECB EXR daily reference rate,1.1171022583100736,122.40832317305252,189.7477432823181
2011-02-02,2011-02-02,110.14688,2011-02-02,21.6200008392334,2011-02-02,8.8615,7.884,ECB EXR daily reference rate,1.1239852866565194,123.80347249112124,191.58563743686676
2011-02-03,2011-02-03,110.13949,2011-02-03,21.6299991607666,2011-02-03,8.88,7.8585,ECB EXR daily reference rate,1.1299866386715023,124.45615209009354,192.07439254760743
2011-02-04,2011-02-04,110.64387,2011-02-04,21.90999984741211,2011-02-04,8.8185,7.8075,ECB EXR daily reference rate,1.129490874159462,124.97124144668588,193.2133336544037
2011-02-07,2011-02-07,111.74167,2011-02-07,22.15999984741211,2011-02-07,8.805,7.8385,ECB EXR daily reference rate,1.123301652101805,125.51960251961471,195.1187986564636
2011-02-08,2011-02-08,111.64812,2011-02-08,22.010000228881836,2011-02-08,8.7715,7.859,ECB EXR daily reference rate,1.1161089197098868,124.61146260083981,193.060717007637
2011-02-09,2011-02-09,111.47971,2011-02-09,21.93000030517578,2011-02-09,8.7885,7.8685,ECB EXR daily reference rate,1.1169219037936076,124.51412992755927,192.73180768203738
2011-02-10,2011-02-10,112.62714,2011-02-10,21.989999771118164,2011-02-10,8.8234,7.932,ECB EXR daily reference rate,1.11238023197176,125.28420411951588,194.02656398048399
2011-02-11,2011-02-11,113.1385,2011-02-11,21.989999771118164,2011-02-11,8.8022,7.93,ECB EXR daily reference rate,1.1099873896595207,125.58230828499367,193.5603759853363
2011-02-14,2011-02-14,113.44742,2011-02-14,22.31999969482422,2011-02-14,8.7562,7.877,ECB EXR daily reference rate,1.1116160974990479,126.10997829173543,195.43838132781983
2011-02-15,2011-02-15,112.80967,2011-02-15,22.280000686645508,2011-02-15,8.7255,7.8335,ECB EXR daily reference rate,1.1138699176613265,125.65529783430141,194.40414599132538
2011-02-16,2011-02-16,112.79231,2011-02-16,22.36000061035156,2011-02-16,8.7325,7.8275,ECB EXR daily reference rate,1.1156180134142446,125.83313281060363,195.25870532989498
2011-02-17,2011-02-17,112.41961,2011-02-17,22.329999923706055,2011-02-17,8.743,7.8075,ECB EXR daily reference rate,1.1198206852385526,125.88980470445085,195.23118933296203
2011-02-18,2011-02-18,111.89032,2011-02-18,22.34000015258789,2011-02-18,8.7328,7.7555,ECB EXR daily reference rate,1.1260137966604344,125.99004403275094,195.0907533325195
2011-02-21,2011-02-18,111.89032,2011-02-21,22.09000015258789,2011-02-21,8.762,7.769,ECB EXR daily reference rate,1.127815677693397,126.19165707813106,193.5525813369751
2011-02-22,2011-02-22,109.4893,2011-02-22,22.0,2011-02-22,8.787,7.7515,ECB EXR daily reference rate,1.1335870476681933,124.11565233825712,193.31400000000002
2011-02-23,2011-02-23,108.02336,2011-02-23,21.6299991607666,2011-02-23,8.7935,7.739,ECB EXR daily reference rate,1.1362579144592324,122.74239774647886,190.20339762020112
2011-02-24,2011-02-24,107.55167,2011-02-24,21.530000686645508,2011-02-24,8.7985,7.719,ECB EXR daily reference rate,1.1398497214665113,122.59274109275815,189.4317110414505
2011-02-25,2011-02-25,109.57197,2011-02-25,21.770000457763672,2011-02-25,8.832,7.764,ECB EXR daily reference rate,1.1375579598145287,124.64446664605873,192.27264404296878
2011-02-28,2011-02-28,109.3314,2011-02-28,21.8799991607666,2011-02-28,8.7445,7.709,ECB EXR daily reference rate,1.1343235179660138,124.01717827214945,191.32965266132356
2011-03-01,2011-03-01,107.7419,2011-03-01,21.790000915527344,2011-03-01,8.709,7.712,ECB EXR daily reference rate,1.1292790456431536,121.67067000778009,189.76911797332764
2011-03-02,2011-03-02,107.38802,2011-03-02,21.579999923706055,2011-03-02,8.733,7.702,ECB EXR daily reference rate,1.1338613347182551,121.76312368995067,188.458139333725
2011-03-03,2011-03-03,109.12249,2011-03-03,21.670000076293945,2011-03-03,8.7576,7.7145,ECB EXR daily reference rate,1.135212910752479,123.8772595014583,189.77719266815186
2011-03-04,2011-03-04,108.4055,2011-03-04,21.56999969482422,2011-03-04,8.835,7.78,ECB EXR daily reference rate,1.1356041131105399,123.10573168380463,190.570947303772
2011-03-07,2011-03-07,107.05321,2011-03-07,21.40999984741211,2011-03-07,8.8755,7.76,ECB EXR daily reference rate,1.14375,122.44210893750001,190.0244536457062
2011-03-08,2011-03-08,108.10409,2011-03-08,21.59000015258789,2011-03-08,8.847,7.755,ECB EXR daily reference rate,1.1408123791102514,123.32648410444874,191.00673134994506
2011-03-09,2011-03-09,107.7839,2011-03-09,21.5,2011-03-09,8.8055,7.751,ECB EXR daily reference rate,1.1360469616823636,122.44757211327571,189.31825
2011-03-10,2011-03-10,107.31276,2011-03-10,21.34000015258789,2011-03-10,8.8115,7.782,ECB EXR daily reference rate,1.1322924698021075,121.5094300616808,188.0374113445282
2011-03-11,2011-03-11,107.31776,2011-03-11,21.13999938964844,2011-03-11,8.813,7.8055,ECB EXR daily reference rate,1.1290756517839986,121.16986981999874,186.30681462097172
2011-03-14,2011-03-14,105.5196,2011-03-14,21.13999938964844,2011-03-14,8.8405,7.829,ECB EXR daily reference rate,1.1291991314344105,119.15264066930642,186.88816460418704
2011-03-15,2011-03-15,104.06156,2011-03-15,20.3799991607666,2011-03-15,8.979,7.914,ECB EXR daily reference rate,1.1345716451857468,118.0652953297953,182.9920124645233
2011-03-16,2011-03-16,103.32671,2011-03-16,20.40999984741211,2011-03-16,8.973,7.869,ECB EXR daily reference rate,1.1402973694243235,117.82317560426995,183.13892863082887
2011-03-17,2011-03-17,104.6721,2011-03-17,20.399999618530273,2011-03-17,8.9905,7.8985,ECB EXR daily reference rate,1.1382540988795342,119.14344686332849,183.40619657039645
2011-03-18,2011-03-18,104.1931,2011-03-18,20.3700008392334,2011-03-18,8.9065,7.883,ECB EXR daily reference rate,1.1298363567169858,117.72115249904857,181.42541247463225
2011-03-21,2011-03-21,105.15318,2011-03-21,20.68000030517578,2011-03-21,8.9006,7.8795,ECB EXR daily reference rate,1.1295894409543754,118.77992181077482,184.06441071624758
2011-03-22,2011-03-22,105.5864,2011-03-22,20.649999618530273,2011-03-22,8.932,7.906,ECB EXR daily reference rate,1.1297748545408552,119.28885970149256,184.4457965927124
2011-03-23,2011-03-23,106.04699,2011-03-23,20.75,2011-03-23,8.931,7.891,ECB EXR daily reference rate,1.1317957166392092,120.02352904448104,185.31824999999998
2011-03-24,2011-03-24,106.12632,2011-03-24,20.8799991607666,2011-03-24,8.9455,7.883,ECB EXR daily reference rate,1.1347837117848534,120.43041932766712,186.78203249263763
2011-03-25,2011-03-25,106.93781,2011-03-25,21.059999465942383,2011-03-25,8.9922,7.884,ECB EXR daily reference rate,1.1405631659056317,121.96932712861492,189.3757271976471
2011-03-28,2011-03-28,106.69077,2011-03-28,21.010000228881836,2011-03-28,8.9729,7.8745,ECB EXR daily reference rate,1.1394882214743791,121.57287575503204,188.5206310537338
2011-03-29,2011-03-29,107.5566,2011-03-29,21.030000686645508,2011-03-29,8.985,7.904,ECB EXR daily reference rate,1.1367661943319838,122.26670685728745,188.95455616950989
2011-03-30,2011-03-30,108.03141,2011-03-30,21.219999313354492,2011-03-30,8.9185,7.8675,ECB EXR daily reference rate,1.1335875436924054,122.46306070352716,189.25056387615203
2011-03-31,2011-03-31,106.89033,2011-03-31,21.040000915527344,2011-03-31,8.9329,7.833,ECB EXR daily reference rate,1.1404187412230307,121.89973558751436,187.9482241783142
2011-04-01,2011-04-01,107.15749,2011-04-01,21.270000457763672,2011-04-01,8.9382,7.8055,ECB EXR daily reference rate,1.1451156235987445,122.70771598462622,190.11551809158325
2011-04-04,2011-04-04,107.16251,2011-04-04,21.200000762939453,2011-04-04,8.988,7.8205,ECB EXR daily reference rate,1.1492871299789016,123.16049355923533,190.5456068572998
2011-04-05,2011-04-05,106.70083,2011-04-05,21.200000762939453,2011-04-05,8.9895,7.791,ECB EXR daily reference rate,1.1538313438582979,123.11476206969579,190.5774068584442
2011-04-06,2011-04-06,106.32336,2011-04-06,21.06999969482422,2011-04-06,9.0124,7.785,ECB EXR daily reference rate,1.1576621708413615,123.08653174874757,189.8912652496338
2011-04-07,2011-04-07,106.52803,2011-04-07,21.030000686645508,2011-04-07,9.0455,7.8175,ECB EXR daily reference rate,1.157083466581388,123.26182224048611,190.22687121105196
2011-04-08,2011-04-08,105.84033,2011-04-08,21.020000457763672,2011-04-08,8.9895,7.802,ECB EXR daily reference rate,1.1522045629325814,121.94971116829018,188.9592941150665
2011-04-11,2011-04-11,105.99662,2011-04-11,20.979999542236328,2011-04-11,9.0125,7.8125,ECB EXR daily reference rate,1.1536,122.277700832,189.0822458744049
2011-04-12,2011-04-12,105.4528,2011-04-12,20.979999542236328,2011-04-12,9.0822,7.877,ECB EXR daily reference rate,1.1530024120858196,121.58733276120351,190.54455184249878
2011-04-13,2011-04-13,105.24507,2011-04-13,20.729999542236328,2011-04-13,9.03,7.862,ECB EXR daily reference rate,1.1485627066904094,120.8805624650216,187.19189586639402
2011-04-14,2011-04-14,104.95155,2011-04-14,20.649999618530273,2011-04-14,9.0293,7.858,ECB EXR daily reference rate,1.1490582845507762,120.59544800394501,186.4550415555954
2011-04-15,2011-04-15,104.58367,2011-04-15,20.780000686645508,2011-04-15,8.966,7.808,ECB EXR daily reference rate,1.1483094262295082,120.09441409067622,186.3134861564636
2011-04-18,2011-04-18,104.9994,2011-04-18,20.700000762939453,2011-04-18,8.9352,7.788,ECB EXR daily reference rate,1.1473035439137134,120.46618372881355,184.95864681701661
2011-04-19,2011-04-19,104.56049,2011-04-19,20.700000762939453,2011-04-19,8.921,7.7635,ECB EXR daily reference rate,1.1490951246216268,120.14994928704836,184.66470680618283
2011-04-20,2011-04-20,104.96442,2011-04-20,20.899999618530273,2011-04-20,8.9011,7.7895,ECB EXR daily reference rate,1.142704923294178,119.94335950471788,186.0329866044998
2011-04-21,2011-04-20,104.96442,2011-04-21,20.920000076293945,2011-04-21,8.8885,7.7842,ECB EXR daily reference rate,1.1418642892012025,119.8551228347165,185.94742067813874
2011-04-22,2011-04-20,104.96442,2011-04-21,20.920000076293945,2011-04-21,8.8885,7.7842,ECB EXR daily reference rate,1.1418642892012025,119.8551228347165,185.94742067813874
2011-04-25,2011-04-20,104.96442,2011-04-21,20.920000076293945,2011-04-21,8.8885,7.7842,ECB EXR daily reference rate,1.1418642892012025,119.8551228347165,185.94742067813874
2011-04-26,2011-04-26,105.48149,2011-04-26,21.010000228881836,2011-04-26,8.9257,7.78,ECB EXR daily reference rate,1.1472622107969153,121.0149274155527,187.5289590429306
2011-04-27,2011-04-27,106.05121,2011-04-27,20.940000534057617,2011-04-27,8.9364,7.7885,ECB EXR daily reference rate,1.1473839635359826,121.68145766758683,187.1282207725525
2011-04-28,2011-04-28,105.79964,2011-04-28,21.020000457763672,2011-04-28,8.928,7.809,ECB EXR daily reference rate,1.14329619669612,120.96032602381868,187.6665640869141
2011-04-29,2011-04-29,105.59939,2011-04-29,20.969999313354492,2011-04-29,8.914,7.782,ECB EXR daily reference rate,1.1454638910305834,120.96028815985608,186.92657387924194
2011-05-02,2011-05-02,105.49126,2011-05-02,21.079999923706055,2011-05-02,8.9267,7.78,ECB EXR daily reference rate,1.1473907455012853,121.03969545526991,188.17483531894683
2011-05-03,2011-05-03,105.56188,2011-05-03,20.950000762939453,2011-05-03,8.9581,7.7995,ECB EXR daily reference rate,1.1485479838451182,121.24288444490031,187.6722018344879
2011-05-04,2011-05-04,105.64553,2011-05-04,20.68000030517578,2011-05-04,9.0105,7.871,ECB EXR daily reference rate,1.1447719476559521,120.94003913924531,186.33714274978638
2011-05-05,2011-05-05,107.07968,2011-05-05,20.88999938964844,2011-05-05,9.0682,7.93,ECB EXR daily reference rate,1.1435308953341738,122.44892234249683,189.43469246520996
2011-05-06,2011-05-06,107.72933,2011-05-06,21.209999084472656,2011-05-06,9.0215,7.945,ECB EXR daily reference rate,1.135494021397105,122.32601014411578,191.34600674057006
2011-05-09,2011-05-09,108.50485,2011-05-09,21.31999969482422,2011-05-09,8.9791,7.8665,ECB EXR daily reference rate,1.141435199898303,123.85125514968539,191.43440925979615
2011-05-10,2011-05-10,108.04532,2011-05-10,21.3799991607666,2011-05-10,8.9565,7.8035,ECB EXR daily reference rate,1.147754212853207,124.00947120907287,191.48996248340606
2011-05-11,2011-05-11,107.89395,2011-05-11,21.440000534057617,2011-05-11,8.946,7.789,ECB EXR daily reference rate,1.148542816792913,123.92082124791372,191.80224477767945
2011-05-12,2011-05-12,108.68255,2011-05-12,21.440000534057617,2011-05-12,8.9566,7.801,ECB EXR daily reference rate,1.1481348545058325,124.78222373157287,192.02950878334045
2011-05-13,2011-05-13,107.95827,2011-05-13,21.350000381469727,2011-05-13,8.9951,7.8405,ECB EXR daily reference rate,1.147261016516804,123.85631458159558,192.04538843135836
2011-05-16,2011-05-16,107.52315,2011-05-16,21.290000915527344,2011-05-16,9.009,7.867,ECB EXR daily reference rate,1.1451633405364179,123.13156963899834,191.80161824798586
2011-05-17,2011-05-16,107.52315,2011-05-17,21.290000915527344,2011-05-17,9.0015,7.9385,ECB EXR daily reference rate,1.1339043899981105,121.92097181142533,191.64194324111938
2011-05-18,2011-05-18,108.53926,2011-05-18,21.13999938964844,2011-05-18,8.984,7.936,ECB EXR daily reference rate,1.1320564516129032,122.87256953629033,189.9217545166016
2011-05-19,2011-05-19,108.47059,2011-05-19,21.229999542236328,2011-05-19,8.964,7.8725,ECB EXR daily reference rate,1.1386471895839951,123.50973245601782,190.30571589660644
2011-05-20,2011-05-20,107.90737,2011-05-20,21.270000457763672,2011-05-20,8.9324,7.828,ECB EXR daily reference rate,1.1410832907511497,123.13129685590188,189.9921520889282
2011-05-23,2011-05-23,107.41571,2011-05-23,21.1200008392334,2011-05-23,8.9155,7.8475,ECB EXR daily reference rate,1.1360942975469894,122.03437559796113,188.29536748218536
2011-05-24,2011-05-24,106.62197,2011-05-24,21.1200008392334,2011-05-24,8.92,7.8385,ECB EXR daily reference rate,1.1379728264336288,121.33290456082159,188.3904074859619
2011-05-25,2011-05-25,107.1209,2011-05-25,21.1200008392334,2011-05-25,8.915,7.824,ECB EXR daily reference rate,1.1394427402862985,122.05813183793457,188.28480748176574
2011-05-26,2011-05-26,106.68409,2011-05-26,21.13999938964844,2011-05-26,8.901,7.79,ECB EXR daily reference rate,1.1426187419768934,121.89924070474967,188.16713456726077
2011-05-27,2011-05-27,105.84563,2011-05-27,21.18000030517578,2011-05-27,8.9108,7.769,ECB EXR daily reference rate,1.146968721843223,121.4016269537907,188.73074671936035
2011-05-30,2011-05-27,105.84563,2011-05-30,21.18000030517578,2011-05-30,8.8914,7.7485,ECB EXR daily reference rate,1.1474995160353618,121.45780919945797,188.31985471343995
2011-05-31,2011-05-31,106.44294,2011-05-31,21.190000534057617,2011-05-31,8.8932,7.759,ECB EXR daily reference rate,1.1461786312669158,122.00262327722643,188.4469127494812
2011-06-01,2011-06-01,104.61087,2011-06-01,20.959999084472656,2011-06-01,8.889,7.731,ECB EXR daily reference rate,1.1497865735351183,120.2801737718277,186.31343186187743
2011-06-02,2011-06-02,104.61087,2011-06-02,20.959999084472656,2011-06-02,8.9607,7.7596,ECB EXR daily reference rate,1.1547889066446724,120.80347219044796,187.81626379623413
2011-06-03,2011-06-03,102.925,2011-06-03,20.959999084472656,2011-06-03,8.997,7.7965,ECB EXR daily reference rate,1.1539793497082025,118.77332456871673,188.5771117630005
2011-06-06,2011-06-06,102.37361,2011-06-06,20.309999465942383,2011-06-06,8.9965,7.8235,ECB EXR daily reference rate,1.1499328944845657,117.72278166613408,182.71891019535065
2011-06-07,2011-06-07,102.0868,2011-06-07,20.309999465942383,2011-06-07,9.0082,7.8395,ECB EXR daily reference rate,1.1490783851010906,117.30573528413801,182.9565371891022
2011-06-08,2011-06-08,102.20865,2011-06-08,20.149999618530273,2011-06-08,9.0442,7.8855,ECB EXR daily reference rate,1.1469405871536364,117.22724904318054,182.2406265499115
2011-06-09,2011-06-09,103.4831,2011-06-09,20.34000015258789,2011-06-09,9.0605,7.873,ECB EXR daily reference rate,1.1508319573224945,119.09165852279943,184.29057138252256
2011-06-10,2011-06-10,102.88568,2011-06-10,20.229999542236328,2011-06-10,9.0885,7.8555,ECB EXR daily reference rate,1.1569600916555278,119.0346257628413,183.86035083961485
2011-06-13,2011-06-10,102.88568,2011-06-13,20.219999313354492,2011-06-13,9.1244,7.866,ECB EXR daily reference rate,1.1599796592931604,119.34529603254512,184.49536173477173
2011-06-14,2011-06-14,102.55822,2011-06-14,20.36000061035156,2011-06-14,9.1183,7.7965,ECB EXR daily reference rate,1.1695376130314885,119.94569581555827,185.6485935653686
2011-06-15,2011-06-15,102.76021,2011-06-15,20.36000061035156,2011-06-15,9.1482,7.82,ECB EXR daily reference rate,1.1698465473145778,120.21367686982096,186.2573575836181
2011-06-16,2011-06-16,102.87088,2011-06-16,20.350000381469727,2011-06-16,9.2034,7.8785,ECB EXR daily reference rate,1.1681665291616425,120.17031884140383,187.28919351081848
2011-06-17,2011-06-17,103.16083,2011-06-17,20.3700008392334,2011-06-17,9.1887,7.8695,ECB EXR daily reference rate,1.1676345384077769,120.45414811881315,187.17382671146393
2011-06-20,2011-06-20,103.4437,2011-06-20,20.209999084472656,2011-06-20,9.1708,7.9265,ECB EXR daily reference rate,1.1569797514665994,119.68226631678547,185.34185960388183
2011-06-21,2011-06-21,104.56505,2011-06-21,20.43000030517578,2011-06-21,9.1564,7.912,ECB EXR daily reference rate,1.1572800808897876,121.01104952224469,187.06525479431153
2011-06-22,2011-06-22,103.02562,2011-06-22,20.40999984741211,2011-06-22,9.155,7.8665,ECB EXR daily reference rate,1.1637958431322697,119.90078829212483,186.85354860305785
2011-06-23,2011-06-23,103.29958,2011-06-23,20.280000686645508,2011-06-23,9.165,7.803,ECB EXR daily reference rate,1.174548250672818,121.33034098423683,185.86620629310607
2011-06-24,2011-06-24,102.21818,2011-06-24,20.31999969482422,2011-06-24,9.1802,7.7825,ECB EXR daily reference rate,1.1795952457436556,120.57607915656922,186.5416611984253
2011-06-27,2011-06-27,102.23038,2011-06-27,20.25,2011-06-27,9.1929,7.7845,ECB EXR daily reference rate,1.1809236302909627,120.72627147562463,186.156225
2011-06-28,2011-06-28,102.76075,2011-06-28,20.350000381469727,2011-06-28,9.2475,7.802,ECB EXR daily reference rate,1.1852730069213024,121.79954314598824,188.18662852764132
2011-06-29,2011-06-29,103.66207,2011-06-29,20.59000015258789,2011-06-29,9.2047,7.8055,ECB EXR daily reference rate,1.1792582153609634,122.24434766882327,189.52477440452577
2011-06-30,2011-06-30,104.19706,2011-06-30,20.729999542236328,2011-06-30,9.1739,7.7875,ECB EXR daily reference rate,1.1780288924558588,122.74714718895666,190.17494280052185
2011-07-01,2011-07-01,105.45311,2011-07-01,20.88999938964844,2011-07-01,9.128,7.79,ECB EXR daily reference rate,1.1717586649550706,123.5655953889602,190.68391442871098
2011-07-04,2011-07-01,105.45311,2011-07-04,20.950000762939453,2011-07-04,9.0992,7.7605,ECB EXR daily reference rate,1.1725017717930544,123.64395831608786,190.62824694213867
2011-07-05,2011-07-05,104.92072,2011-07-05,21.010000228881836,2011-07-05,9.0806,7.7525,ECB EXR daily reference rate,1.1713124798452113,122.89494873034505,190.7834080783844
2011-07-06,2011-07-06,106.06237,2011-07-06,21.149999618530273,2011-07-06,9.0902,7.7665,ECB EXR daily reference rate,1.1704371338440738,124.13933635150967,192.25772653236388
2011-07-07,2011-07-07,106.16763,2011-07-07,21.299999237060547,2011-07-07,9.095,7.742,ECB EXR daily reference rate,1.1747610436579696,124.72159582149317,193.72349306106568
2011-07-08,2011-07-08,106.35212,2011-07-08,21.229999542236328,2011-07-08,9.0838,7.745,ECB EXR daily reference rate,1.172859909619109,124.73613785100063,192.84906984176635
2011-07-11,2011-07-11,106.29666,2011-07-11,21.200000762939453,2011-07-11,9.172,7.744,ECB EXR daily reference rate,1.184400826446281,125.89785195247936,194.44640699768067
2011-07-12,2011-07-12,106.47148,2011-07-12,21.190000534057617,2011-07-12,9.209,7.772,ECB EXR daily reference rate,1.1848944930519814,126.15747031909417,195.1387149181366
2011-07-13,2011-07-13,106.12301,2011-07-13,21.209999084472656,2011-07-13,9.2264,7.8355,ECB EXR daily reference rate,1.177512602897071,124.9611817323719,195.69193555297852
2011-07-14,2011-07-14,106.1064,2011-07-14,20.989999771118164,2011-07-14,9.1975,7.838,ECB EXR daily reference rate,1.173449859658076,124.51054018882367,193.0555228948593
2011-07-15,2011-07-15,106.6751,2011-07-15,20.959999084472656,2011-07-15,9.2121,7.8665,ECB EXR daily reference rate,1.17105447149304,124.92235285196719,193.08560756607054
2011-07-18,2011-07-18,106.07202,2011-07-18,21.049999237060547,2011-07-18,9.2534,7.867,ECB EXR daily reference rate,1.1762298207703061,124.76507307334433,194.78406294021605
2011-07-19,2011-07-19,105.8949,2011-07-19,20.950000762939453,2011-07-19,9.23,7.862,ECB EXR daily reference rate,1.1740015263291783,124.3207742304757,193.36850704193117
2011-07-20,2011-07-20,105.95394,2011-07-20,21.100000381469727,2011-07-20,9.1713,7.804,ECB EXR daily reference rate,1.1752050230650948,124.51760250153767,193.5144334985733
2011-07-21,2011-07-21,106.17221,2011-07-21,21.1299991607666,2011-07-21,9.1008,7.775,ECB EXR daily reference rate,1.1705209003215433,124.27679083832797,192.29989636230468
2011-07-22,2011-07-22,106.47763,2011-07-22,21.200000762939453,2011-07-22,9.0787,7.7675,ECB EXR daily reference rate,1.1688059221113614,124.45168451638236,192.46844692649842
2011-07-25,2011-07-25,105.86758,2011-07-25,21.170000076293945,2011-07-25,9.1083,7.7715,ECB EXR daily reference rate,1.172013124879367,124.07819325921639,192.82271169490815
2011-07-26,2011-07-26,104.94193,2011-07-26,20.969999313354492,2011-07-26,9.0728,7.7575,ECB EXR daily reference rate,1.1695520464067033,122.735048985369,190.25660977020266
2011-07-27,2011-07-27,103.69635,2011-07-27,20.829999923706055,2011-07-27,9.0632,7.7615,ECB EXR daily reference rate,1.167712426721639,121.08751650067643,188.7864553085327
2011-07-28,2011-07-28,103.49182,2011-07-28,20.88999938964844,2011-07-28,9.0735,7.7245,ECB EXR daily reference rate,1.174639135219108,121.56554194705159,189.5454094619751
2011-07-29,2011-07-29,102.73082,2011-07-29,20.59000015258789,2011-07-29,9.0689,7.737,ECB EXR daily reference rate,1.1721468269355046,120.41560469148247,186.7286523838043
2011-08-01,2011-08-01,102.45583,2011-08-01,20.510000228881836,2011-08-01,9.007,7.6935,ECB EXR daily reference rate,1.170728537076753,119.94796397088452,184.7335720615387
2011-08-02,2011-08-02,99.77761,2011-08-02,20.299999237060547,2011-08-02,9.013,7.646,ECB EXR daily reference rate,1.1787862934867905,117.61647906487052,182.96389312362672
2011-08-03,2011-08-03,99.07133,2011-08-03,19.86000061035156,2011-08-03,9.0875,7.682,ECB EXR daily reference rate,1.1829601666232752,117.19743704438949,180.4777555465698
2011-08-04,2011-08-04,96.42058,2011-08-04,19.829999923706055,2011-08-04,9.1494,7.7405,ECB EXR daily reference rate,1.1820166655900781,113.97073246586137,181.43260130195617
2011-08-05,2011-08-05,95.70414,2011-08-05,19.25,2011-08-05,9.207,7.784,ECB EXR daily reference rate,1.1828108941418296,113.19989940647484,177.23475000000002
2011-08-08,2011-08-08,90.79316,2011-08-08,18.270000457763672,2011-08-08,9.2259,7.768,ECB EXR daily reference rate,1.1876802265705457,107.8332408398558,168.55719722328186
2011-08-09,2011-08-09,93.72944,2011-08-09,18.75,2011-08-09,9.2127,7.8295,ECB EXR daily reference rate,1.176665176575771,110.28816806794812,172.738125
2011-08-10,2011-08-10,91.05286,2011-08-10,18.149999618530273,2011-08-10,9.2323,7.8105,ECB EXR daily reference rate,1.182037001472377,107.62784960988412,167.56624147815705
2011-08-11,2011-08-11,93.87555,2011-08-11,18.149999618530273,2011-08-11,9.2947,7.8205,ECB EXR daily reference rate,1.1885045713189695,111.57152031008249,168.69880145435334
2011-08-12,2011-08-12,95.35485,2011-08-12,18.760000228881836,2011-08-12,9.2376,7.826,ECB EXR daily reference rate,1.1803731152568364,112.55430134934835,173.29737811431886
2011-08-15,2011-08-15,95.71739,2011-08-15,18.709999084472656,2011-08-15,9.285,7.8705,ECB EXR daily reference rate,1.1797217457594817,112.91988643034115,173.72234149932862
2011-08-16,2011-08-16,95.07928,2011-08-16,18.81999969482422,2011-08-16,9.2498,7.865,ECB EXR daily reference rate,1.176071201525747,111.82000306980292,174.08123317718506
2011-08-17,2011-08-17,94.37671,2011-08-17,18.850000381469727,2011-08-17,9.1685,7.7985,ECB EXR daily reference rate,1.1756748092581908,110.9563205276656,172.82622849750518
2011-08-18,2011-08-18,91.71921,2011-08-18,18.149999618530273,2011-08-18,9.159,7.8035,ECB EXR daily reference rate,1.1737041071314156,107.6512134798488,166.23584650611878
2011-08-19,2011-08-19,90.00308,2011-08-19,17.889999389648438,2011-08-19,9.2204,7.8575,ECB EXR daily reference rate,1.1734521158129176,105.61430465567929,164.95295037231446
2011-08-22,2011-08-22,90.024,2011-08-22,17.84000015258789,2011-08-22,9.1403,7.836,ECB EXR daily reference rate,1.1664497192445125,105.008469525268,163.0629533946991
2011-08-23,2011-08-23,92.18339,2011-08-23,18.010000228881836,2011-08-23,9.1046,7.808,ECB EXR daily reference rate,1.1660604508196721,107.49140530148566,163.97384808387756
2011-08-24,2011-08-24,92.65996,2011-08-24,18.299999237060547,2011-08-24,9.1234,7.8425,ECB EXR daily reference rate,1.1633280204016576,107.79392783729678,166.9582130393982
2011-08-25,2011-08-25,91.51441,2011-08-25,18.270000457763672,2011-08-25,9.1099,7.788,ECB EXR daily reference rate,1.1697354904982022,107.04765326900358,166.43787717018128
2011-08-26,2011-08-26,92.05781,2011-08-26,18.229999542236328,2011-08-26,9.1082,7.7735,ECB EXR daily reference rate,1.1716987200102913,107.8640181439506,166.04248183059693
2011-08-29,2011-08-29,92.91779,2011-08-29,18.559999465942383,2011-08-29,9.1157,7.774,ECB EXR daily reference rate,1.1725881142269103,108.95429615423207,169.187387131691
2011-08-30,2011-08-30,93.8255,2011-08-30,18.75,2011-08-30,9.19,7.772,ECB EXR daily reference rate,1.1824498198661861,110.94394557385485,172.3125
2011-08-31,2011-08-31,94.65157,2011-08-31,19.09000015258789,2011-08-31,9.164,7.7395,ECB EXR daily reference rate,1.184055817559274,112.07274209961885,174.94076139831543
2011-09-01,2011-09-01,94.84,2011-09-01,19.219999313354492,2011-09-01,9.096,7.685,ECB EXR daily reference rate,1.1836044242029928,112.25304359141184,174.82511375427245
2011-09-02,2011-09-02,92.66621,2011-09-02,18.790000915527344,2011-09-02,9.1237,7.6765,ECB EXR daily reference rate,1.1885234156190971,110.13596042167654,171.43433135299682
2011-09-05,2011-09-02,92.66621,2011-09-05,18.299999237060547,2011-09-05,9.0975,7.6725,ECB EXR daily reference rate,1.1857282502443793,109.87694304007822,166.48424305915833
2011-09-06,2011-09-06,89.26662,2011-09-06,18.350000381469727,2011-09-06,9.0888,7.5965,ECB EXR daily reference rate,1.1964457315869153,106.80266647219116,166.77948346710207
2011-09-07,2011-09-07,92.3559,2011-09-07,18.850000381469727,2011-09-07,8.9729,7.5425,ECB EXR daily reference rate,1.1896453430560157,109.87076633874709,169.1391684228897
2011-09-08,2011-09-08,91.98836,2011-09-08,19.09000015258789,2011-09-08,8.9556,7.5585,ECB EXR daily reference rate,1.1848382615598332,108.9913285461401,170.96240536651612
2011-09-09,2011-09-09,90.817,2011-09-09,18.84000015258789,2011-09-09,8.8945,7.5315,ECB EXR daily reference rate,1.1809732457013875,107.2524472548629,167.572381357193
2011-09-12,2011-09-12,92.07358,2011-09-12,18.540000915527344,2011-09-12,8.9905,7.5905,ECB EXR daily reference rate,1.1844410776628682,109.05573031947831,166.6838782310486
2011-09-13,2011-09-13,93.67562,2011-09-13,18.739999771118164,2011-09-13,9.126,7.7275,ECB EXR daily reference rate,1.1809770300873503,110.62875549919119,171.02123791122435
2011-09-14,2011-09-14,95.28491,2011-09-14,18.8700008392334,2011-09-14,9.172,7.746,ECB EXR daily reference rate,1.1840950167828557,112.82638710560289,173.07564769744874
2011-09-15,2011-09-15,95.59562,2011-09-15,19.09000015258789,2011-09-15,9.194,7.7355,ECB EXR daily reference rate,1.1885463124555622,113.61982163790319,175.51346140289309
2011-09-16,2011-09-16,96.04141,2011-09-16,19.280000686645508,2011-09-16,9.161,7.738,ECB EXR daily reference rate,1.183897647971052,113.70319940682346,176.6240862903595
2011-09-19,2011-09-19,96.58069,2011-09-19,19.09000015258789,2011-09-19,9.1684,7.741,ECB EXR daily reference rate,1.184394781036042,114.38966518485985,175.02475739898682
2011-09-20,2011-09-20,95.8194,2011-09-20,19.399999618530273,2011-09-20,9.1198,7.7615,ECB EXR daily reference rate,1.175004831540295,112.58825795529215,176.9241165210724
2011-09-21,2011-09-21,94.27395,2011-09-21,19.059999465942383,2011-09-21,9.117,7.757,ECB EXR daily reference rate,1.1753255124403765,110.80257859352844,173.7700151309967
2011-09-22,2011-09-22,93.16764,2011-09-22,19.059999465942383,2011-09-22,9.2762,7.827,ECB EXR daily reference rate,1.1851539542608918,110.41799695515523,176.80436704597471
2011-09-23,2011-09-23,93.1554,2011-09-23,18.31999969482422,2011-09-23,9.3127,7.8855,ECB EXR daily reference rate,1.1809904254644599,110.01563548031194,170.6086611579895
2011-09-26,2011-09-26,94.13733,2011-09-26,18.459999084472656,2011-09-26,9.2475,7.826,ECB EXR daily reference rate,1.181638129312548,111.236258519678,170.7088415336609
2011-09-27,2011-09-27,95.36538,2011-09-27,19.170000076293945,2011-09-27,9.1774,7.79,ECB EXR daily reference rate,1.1781001283697048,112.34996642002568,175.93075870018006
2011-09-28,2011-09-28,94.63239,2011-09-28,18.920000076293945,2011-09-28,9.193,7.815,ECB EXR daily reference rate,1.1763275751759437,111.31868986180422,173.93156070137024
2011-09-29,2011-09-29,95.15125,2011-09-29,18.84000015258789,2011-09-29,9.2116,7.843,ECB EXR daily reference rate,1.1744995537421905,111.7551006630116,173.54654540557863
2011-09-30,2011-09-30,94.81498,2011-09-30,18.709999084472656,2011-09-30,9.258,7.888,ECB EXR daily reference rate,1.17368154158215,111.28259189148072,173.21717152404784
2011-10-03,2011-10-03,92.36873,2011-09-30,18.709999084472656,2011-10-03,9.1592,7.826,ECB EXR daily reference rate,1.1703552261691796,108.10422589010989,171.36862361450196
2011-10-04,2011-10-04,93.02252,2011-10-04,18.059999465942383,2011-10-04,9.1628,7.836,ECB EXR daily reference rate,1.1693210821847881,108.7731937539561,165.48016310653688
2011-10-05,2011-10-05,94.55305,2011-10-05,18.63999938964844,2011-10-05,9.119,7.8105,ECB EXR daily reference rate,1.1675308879073043,110.39360642084374,169.97815443420413
2011-10-06,2011-10-06,96.37272,2011-10-06,18.959999084472656,2011-10-06,9.165,7.8245,ECB EXR daily reference rate,1.1713208511725988,112.88337642021854,173.76839160919187
2011-10-07,2011-10-07,95.5342,2011-10-07,19.0,2011-10-07,9.133,7.8,ECB EXR daily reference rate,1.1708974358974358,111.86074982051281,173.527
2011-10-10,2011-10-10,96.45971,2011-10-10,19.229999542236328,2011-10-10,9.1249,7.8025,ECB EXR daily reference rate,1.1694841396988145,112.80810096494713,175.47182282295228
2011-10-11,2011-10-11,96.65077,2011-10-11,19.299999237060547,2011-10-11,9.1202,7.781,ECB EXR daily reference rate,1.1721115537848608,113.2854841992032,176.0198530418396
2011-10-12,2011-10-12,96.73791,2011-10-12,19.469999313354492,2011-10-12,9.1171,7.783,ECB EXR daily reference rate,1.1714120519080047,113.31995365039188,177.50993073978427
2011-10-13,2011-10-13,96.71809,2011-10-13,19.280000686645508,2011-10-13,9.1374,7.757,ECB EXR daily reference rate,1.177955395126982,113.92959592187702,176.16907827415466
2011-10-14,2011-10-14,96.8524,2011-10-14,19.38999938964844,2011-10-14,9.1395,7.7455,ECB EXR daily reference rate,1.1799754696275258,114.28345617455298,177.21489942169194
2011-10-17,2011-10-17,96.20542,2011-10-17,19.40999984741211,2011-10-17,9.1582,7.732,ECB EXR daily reference rate,1.18445421624418,113.95091534454217,177.7606606025696
2011-10-18,2011-10-18,97.45857,2011-10-18,19.3799991607666,2011-10-18,9.1589,7.7605,ECB EXR daily reference rate,1.180194575091811,115.02007561020551,177.49947431354522
2011-10-19,2011-10-19,96.08297,2011-10-19,19.530000686645508,2011-10-19,9.1245,7.735,ECB EXR daily reference rate,1.1796380090497736,113.34312343438913,178.20149126529694
2011-10-20,2011-10-20,96.22474,2011-10-20,19.280000686645508,2011-10-20,9.0978,7.7085,ECB EXR daily reference rate,1.180229616656937,113.56728800311343,175.4055902469635
2011-10-21,2011-10-21,96.79329,2011-10-21,19.549999237060547,2011-10-21,9.1031,7.706,ECB EXR daily reference rate,1.1813002854918244,114.34194111069296,177.96559805488585
2011-10-24,2011-10-24,98.32355,2011-10-24,19.770000457763672,2011-10-24,9.1065,7.6915,ECB EXR daily reference rate,1.183969316778262,116.41206631671326,180.03550916862488
2011-10-25,2011-10-25,96.87366,2011-10-25,19.600000381469727,2011-10-25,9.111,7.6855,ECB EXR daily reference rate,1.1854791490469065,114.84170402185934,178.5756034755707
2011-10-26,2011-10-26,97.33752,2011-10-26,19.579999923706055,2011-10-26,9.0967,7.68,ECB EXR daily reference rate,1.1844661458333334,115.292997159375,178.11338530597686
2011-10-27,2011-10-27,99.11273,2011-10-27,19.950000762939453,2011-10-27,9.028,7.656,ECB EXR daily reference rate,1.1792058516196449,116.87431118599793,180.1086068878174
2011-10-28,2011-10-28,99.38057,2011-10-28,20.100000381469727,2011-10-28,9.0182,7.6725,ECB EXR daily reference rate,1.1753926360377973,116.81119014323885,181.2658234401703
2011-10-31,2011-10-31,98.21244,2011-10-31,19.88999938964844,2011-10-31,9.009,7.7015,ECB EXR daily reference rate,1.1697721223138349,114.88617437642017,179.18900450134282
2011-11-01,2011-11-01,97.43376,2011-11-01,19.469999313354492,2011-11-01,9.0625,7.758,ECB EXR daily reference rate,1.1681490074761536,113.81715003866977,176.44686877727509
2011-11-02,2011-11-02,98.24912,2011-11-02,19.600000381469727,2011-11-02,9.073,7.7585,ECB EXR daily reference rate,1.1694270799767996,114.89518151189019,177.83080346107485
2011-11-03,2011-11-03,99.03201,2011-11-03,19.8700008392334,2011-11-03,9.0272,7.721,ECB EXR daily reference rate,1.1691749773345421,115.78574804714415,179.37047157592775
2011-11-04,2011-11-04,99.12944,2011-11-04,19.75,2011-11-04,9.1113,7.764,ECB EXR daily reference rate,1.173531684698609,116.33153872642968,179.948175
2011-11-07,2011-11-07,98.961,2011-11-07,19.760000228881836,2011-11-07,9.0845,7.7475,ECB EXR daily reference rate,1.1725717973539853,116.03887763794773,179.50972207927705
2011-11-08,2011-11-08,99.61129,2011-11-08,19.8700008392334,2011-11-08,9.0355,7.725,ECB EXR daily reference rate,1.1696440129449839,116.50974897022654,179.5353925828934
2011-11-09,2011-11-09,98.73253,2011-11-09,19.8799991607666,2011-11-09,9.0753,7.7645,ECB EXR daily reference rate,1.1688196277931613,115.40051896567712,180.41695638370516
2011-11-10,2011-11-10,98.36494,2011-11-10,19.709999084472656,2011-11-10,9.0643,7.742,ECB EXR daily reference rate,1.1707956600361662,115.16524485171789,178.65734470138548
2011-11-11,2011-11-11,99.61948,2011-11-11,19.940000534057617,2011-11-11,9.0935,7.752,ECB EXR daily reference rate,1.1730521155830755,116.85884176728588,181.32439485645295
2011-11-14,2011-11-14,99.63696,2011-11-14,19.950000762939453,2011-11-14,9.1146,7.754,ECB EXR daily reference rate,1.1754707247872065,117.1203295867939,181.83627695388793
2011-11-15,2011-11-15,100.41617,2011-11-15,19.899999618530273,2011-11-15,9.1238,7.8,ECB EXR daily reference rate,1.1697179487179485,117.4585963905128,181.56361651954649
2011-11-16,2011-11-16,99.51265,2011-11-16,19.979999542236328,2011-11-16,9.1313,7.793,ECB EXR daily reference rate,1.171731040677531,116.60206094507889,182.44336982002258
2011-11-17,2011-11-17,98.65444,2011-11-17,19.690000534057617,2011-11-17,9.1747,7.8205,ECB EXR daily reference rate,1.1731602838693178,115.73747083536857,180.6498478998184
2011-11-18,2011-11-18,98.00222,2011-11-18,19.469999313354492,2011-11-18,9.1606,7.82,ECB EXR daily reference rate,1.1714322250639386,114.80295863580562,178.35687570991516
2011-11-21,2011-11-21,96.42041,2011-11-21,18.920000076293945,2011-11-21,9.1795,7.8405,ECB EXR daily reference rate,1.1707799247496973,112.88708036413496,173.67614070034028
2011-11-22,2011-11-22,95.47341,2011-11-22,18.88999938964844,2011-11-22,9.2035,7.825,ECB EXR daily reference rate,1.1761661341853036,112.2925915571885,173.85410938262942
2011-11-23,2011-11-23,94.55,2011-11-23,18.75,2011-11-23,9.2157,7.8185,ECB EXR daily reference rate,1.1787043550553176,111.44649677048027,172.794375
2011-11-24,2011-11-23,94.55,2011-11-24,18.709999084472656,2011-11-24,9.244,7.831,ECB EXR daily reference rate,1.180436725833227,111.6102924275316,172.95523153686523
2011-11-25,2011-11-25,95.00464,2011-11-25,18.899999618530273,2011-11-25,9.2505,7.836,ECB EXR daily reference rate,1.1805130168453293,112.15421418070444,174.8344464712143
2011-11-28,2011-11-28,97.51998,2011-11-28,19.36000061035156,2011-11-28,9.2597,7.8355,ECB EXR daily reference rate,1.1817624912258313,115.24545450909325,179.26779765167234
2011-11-29,2011-11-29,97.6663,2011-11-29,19.489999771118164,2011-11-29,9.2195,7.8495,ECB EXR daily reference rate,1.174533409771323,114.71233235874897,179.68805288982392
2011-11-30,2011-11-30,100.14283,2011-11-30,19.989999771118164,2011-11-30,9.146,7.753,ECB EXR daily reference rate,1.179672384883271,118.13573109506,182.82853790664674
2011-12-01,2011-12-01,100.46021,2011-12-01,19.950000762939453,2011-12-01,9.1258,7.783,ECB EXR daily reference rate,1.1725298727996916,117.7925972527303,182.05971696243287
2011-12-02,2011-12-02,100.55171,2011-12-02,20.239999771118164,2011-12-02,9.0834,7.766,ECB EXR daily reference rate,1.1696368787020344,117.60898823255214,183.84801392097472
2011-12-05,2011-12-05,100.9158,2011-12-05,20.329999923706055,2011-12-05,9.046,7.726,ECB EXR daily reference rate,1.170851669686772,118.15743292777634,183.90517930984495
2011-12-06,2011-12-06,100.99548,2011-12-06,20.25,2011-12-06,9.0552,7.716,ECB EXR daily reference rate,1.173561430793157,118.52440001244167,183.3678
2011-12-07,2011-12-07,101.0142,2011-12-07,20.260000228881836,2011-12-07,9.0149,7.6935,ECB EXR daily reference rate,1.171755377916423,118.36393209592514,182.64187606334687
2011-12-08,2011-12-08,99.74288,2011-12-08,20.100000381469727,2011-12-08,9.014,7.684,ECB EXR daily reference rate,1.1730869338885996,117.00706927641852,181.1814034385681
2011-12-09,2011-12-09,99.9702,2011-12-09,20.190000534057617,2011-12-09,9.0185,7.677,ECB EXR daily reference rate,1.174742738048717,117.43926647127785,182.08351981639862
2011-12-12,2011-12-12,99.79078,2011-12-12,20.020000457763672,2011-12-12,9.0525,7.7015,ECB EXR daily reference rate,1.1754203726546777,117.29611581510096,181.23105414390565
2011-12-13,2011-12-13,100.41204,2011-12-13,20.299999237060547,2011-12-13,9.0605,7.711,ECB EXR daily reference rate,1.175009726364933,117.98512364414472,183.92814308738707
2011-12-14,2011-12-14,100.09251,2011-12-14,19.90999984741211,2011-12-14,9.0852,7.766,ECB EXR daily reference rate,1.1698686582539275,117.09509037496782,180.8863306137085
2011-12-15,2011-12-15,100.41792,2011-12-15,20.0,2011-12-15,9.0708,7.7675,ECB EXR daily reference rate,1.1677888638558094,117.26692870756355,181.416
2011-12-16,2011-12-16,100.07751,2011-12-16,20.010000228881836,2011-12-16,9.0337,7.7815,ECB EXR daily reference rate,1.1609201310801258,116.1819960273726,180.76433906764984
2011-12-19,2011-12-19,98.66712,2011-12-19,19.899999618530273,2011-12-19,8.9898,7.7475,ECB EXR daily reference rate,1.160348499515973,114.48824464356244,178.89701657066345
2011-12-20,2011-12-20,100.40714,2011-12-20,20.18000030517578,2011-12-20,8.978,7.708,ECB EXR daily reference rate,1.16476388168137,116.95061013492474,181.17604273986817
2011-12-21,2011-12-21,101.16139,2011-12-21,20.149999618530273,2011-12-21,9.0021,7.752,ECB EXR daily reference rate,1.161261609907121,117.47483861184212,181.3923115659714
2011-12-22,2011-12-22,102.26788,2011-12-22,20.38999938964844,2011-12-22,8.9952,7.764,ECB EXR daily reference rate,1.1585780525502318,118.4853212488408,183.41212250976568
2011-12-23,2011-12-23,103.63925,2011-12-23,20.600000381469727,2011-12-23,8.9648,7.782,ECB EXR daily reference rate,1.1519917758930867,119.39156365972758,184.6748834197998
2011-12-26,2011-12-23,103.63925,2011-12-23,20.600000381469727,2011-12-23,8.9648,7.782,ECB EXR daily reference rate,1.1519917758930867,119.39156365972758,184.6748834197998
2011-12-27,2011-12-27,103.41727,2011-12-27,20.61000061035156,2011-12-27,8.9735,7.7945,ECB EXR daily reference rate,1.1512605042016806,119.06021840336133,184.9438404769897
2011-12-28,2011-12-28,103.07903,2011-12-28,20.540000915527344,2011-12-28,8.9685,7.799,ECB EXR daily reference rate,1.1499551224515965,118.53625856584179,184.212998210907
2011-12-29,2011-12-29,103.97295,2011-12-29,20.65999984741211,2011-12-29,8.9414,7.774,ECB EXR daily reference rate,1.1501672240802676,119.58627928093645,184.72932263565062
2011-12-30,2011-12-30,103.53045,2011-12-30,20.799999237060547,2011-12-30,8.912,7.754,ECB EXR daily reference rate,1.149342274954862,118.9919229301006,185.36959320068362
2012-01-02,2011-12-31,103.52951,2012-01-02,21.280000686645508,2012-01-02,8.9275,7.754,ECB EXR daily reference rate,1.151341243229301,119.19779475432036,189.97720613002778
2012-01-03,2012-01-03,104.60902,2012-01-03,21.059999465942383,2012-01-03,8.9283,7.735,ECB EXR daily reference rate,1.154272786037492,120.74734496005172,188.02999323177337
2012-01-04,2012-01-04,105.09143,2012-01-04,21.1200008392334,2012-01-04,8.8985,7.7005,ECB EXR daily reference rate,1.1555743133562757,121.44095706187912,187.9363274679184
2012-01-05,2012-01-05,105.56278,2012-01-05,21.200000762939453,2012-01-05,8.8461,7.6825,ECB EXR daily reference rate,1.1514611129189716,121.55143614162056,187.5373267490387
2012-01-06,2012-01-06,105.3089,2012-01-06,21.31999969482422,2012-01-06,8.8388,7.6745,ECB EXR daily reference rate,1.1517102091341456,121.28533524268681,188.44321330261232
2012-01-09,2012-01-09,105.16971,2012-01-09,21.229999542236328,2012-01-09,8.8343,7.657,ECB EXR daily reference rate,1.1537547342301164,121.34005081010841,187.55218495597842
2012-01-10,2012-01-10,106.08442,2012-01-10,21.530000686645508,2012-01-10,8.812,7.6555,ECB EXR daily reference rate,1.151067859708706,122.11036627783945,189.7223660507202
2012-01-11,2012-01-11,106.69173,2012-01-11,21.530000686645508,2012-01-11,8.8087,7.6505,ECB EXR daily reference rate,1.1513887981177702,122.84366277380565,189.65131704845427
2012-01-12,2012-01-12,106.32076,2012-01-12,21.36000061035156,2012-01-12,8.8515,7.677,ECB EXR daily reference rate,1.152989449003517,122.58671449003519,189.06804540252682
2012-01-13,2012-01-13,106.97453,2012-01-13,21.479999542236328,2012-01-13,8.8892,7.693,ECB EXR daily reference rate,1.1554920057194853,123.60821423059926,190.9400119308472
2012-01-16,2012-01-13,106.97453,2012-01-16,21.65999984741211,2012-01-16,8.8748,7.6705,ECB EXR daily reference rate,1.157004106642331,123.76997051613326,192.228166645813
2012-01-17,2012-01-17,107.14598,2012-01-17,21.690000534057617,2012-01-17,8.8376,7.6635,ECB EXR daily reference rate,1.1532067593136295,123.56146836928295,191.6875487197876
2012-01-18,2012-01-18,107.67247,2012-01-18,21.6200008392334,2012-01-18,8.8236,7.7045,ECB EXR daily reference rate,1.145252774352651,123.31219498890259,190.76623940505982
2012-01-19,2012-01-19,107.35568,2012-01-19,21.770000457763672,2012-01-19,8.7605,7.662,ECB EXR daily reference rate,1.1433698773166276,122.74725067084314,190.71608901023865
2012-01-20,2012-01-20,107.61308,2012-01-20,21.65999984741211,2012-01-20,8.7804,7.66,ECB EXR daily reference rate,1.146266318537859,123.3532490381201,190.1834626602173
2012-01-23,2012-01-23,106.91879,2012-01-23,21.68000030517578,2012-01-23,8.7791,7.6645,ECB EXR daily reference rate,1.1454237066997195,122.4673167576489,190.3308906791687
2012-01-24,2012-01-24,107.05249,2012-01-24,21.68000030517578,2012-01-24,8.794,7.639,ECB EXR daily reference rate,1.1511978007592618,123.23859105380288,190.65392268371582
2012-01-25,2012-01-25,107.98634,2012-01-25,21.690000534057617,2012-01-25,8.8506,7.6825,ECB EXR daily reference rate,1.1520468597461764,124.40532389248291,191.96951872673034
2012-01-26,2012-01-26,106.75407,2012-01-26,21.739999771118164,2012-01-26,8.8775,7.6465,ECB EXR daily reference rate,1.1609886876348656,123.94026762898058,192.9968479681015
2012-01-27,2012-01-27,106.6593,2012-01-27,21.56999969482422,2012-01-27,8.8966,7.645,ECB EXR daily reference rate,1.1637148463047744,124.12101090647482,191.89965928497313
2012-01-30,2012-01-30,106.09386,2012-01-30,21.5,2012-01-30,8.8996,7.681,ECB EXR daily reference rate,1.1586512172894154,122.92578003593283,191.3414
2012-01-31,2012-01-31,106.6953,2012-01-31,21.579999923706055,2012-01-31,8.8967,7.656,ECB EXR daily reference rate,1.1620559038662486,123.98590327978056,191.99078532123565
2012-02-01,2012-02-01,106.85146,2012-02-01,21.780000686645508,2012-02-01,8.8896,7.654,ECB EXR daily reference rate,1.161431931016462,124.10069751972826,193.6154941040039
2012-02-02,2012-02-02,107.69924,2012-02-02,21.829999923706055,2012-02-02,8.8565,7.648,ECB EXR daily reference rate,1.1580151673640169,124.71735343357743,193.3373943243027
2012-02-03,2012-02-03,108.76449,2012-02-03,22.170000076293945,2012-02-03,8.848,7.644,ECB EXR daily reference rate,1.1575091575091576,125.8958931868132,196.16016067504884
2012-02-06,2012-02-06,109.01008,2012-02-06,22.13999938964844,2012-02-06,8.8025,7.5925,ECB EXR daily reference rate,1.159367797168258,126.3827763187356,194.8873446273804
2012-02-07,2012-02-07,108.28697,2012-02-07,22.020000457763672,2012-02-07,8.8215,7.6225,ECB EXR daily reference rate,1.1572974745818303,125.32023691111841,194.24943403816224
2012-02-08,2012-02-08,108.19009,2012-02-08,22.010000228881836,2012-02-08,8.8285,7.629,ECB EXR daily reference rate,1.1572289946257701,125.20070907917159,194.3152870206833
2012-02-09,2012-02-09,108.34103,2012-02-09,22.040000915527344,2012-02-09,8.8045,7.63,ECB EXR daily reference rate,1.1539318479685454,125.01816495871562,194.05118806076052
2012-02-10,2012-02-10,107.30918,2012-02-10,21.969999313354492,2012-02-10,8.8065,7.618,ECB EXR daily reference rate,1.1560120766605408,124.05070801653977,193.47879895305633
2012-02-13,2012-02-13,107.27105,2012-02-13,22.09000015258789,2012-02-13,8.8098,7.571,ECB EXR daily reference rate,1.163624356095628,124.82320648395194,194.6084833442688
2012-02-14,2012-02-14,107.22127,2012-02-14,22.1299991607666,2012-02-14,8.7814,7.535,ECB EXR daily reference rate,1.1654147312541472,124.95724756177836,194.33237463035582
2012-02-15,2012-02-15,108.15218,2012-02-15,22.3700008392334,2012-02-15,8.7861,7.5285,ECB EXR daily reference rate,1.167045228133094,126.21848558119146,196.54506437358856
2012-02-16,2012-02-16,108.71929,2012-02-16,22.36000061035156,2012-02-16,8.8065,7.5515,ECB EXR daily reference rate,1.1661921472555121,126.78758225319473,196.913345375061
2012-02-17,2012-02-17,107.706,2012-02-17,22.3799991607666,2012-02-17,8.8316,7.4975,ECB EXR daily reference rate,1.1779393131043683,126.8711316572191,197.65120058822632
2012-02-20,2012-02-17,107.706,2012-02-20,22.43000030517578,2012-02-20,8.811,7.488,ECB EXR daily reference rate,1.1766826923076923,126.73578605769231,197.6307326889038
2012-02-21,2012-02-21,107.99132,2012-02-21,22.36000061035156,2012-02-21,8.8107,7.52,ECB EXR daily reference rate,1.1716356382978725,126.52647913882981,197.00725737762448
2012-02-22,2012-02-22,107.20095,2012-02-22,22.219999313354492,2012-02-22,8.808,7.5,ECB EXR daily reference rate,1.1743999999999999,125.89679568,195.71375395202637
2012-02-23,2012-02-23,106.98775,2012-02-23,22.190000534057617,2012-02-23,8.8175,7.471,ECB EXR daily reference rate,1.1802302235309865,126.2701760975773,195.66032970905306
2012-02-24,2012-02-24,106.56032,2012-02-24,22.100000381469727,2012-02-24,8.8225,7.4785,ECB EXR daily reference rate,1.1797151835261082,125.71082746540083,194.97725336551665
2012-02-27,2012-02-27,106.86027,2012-02-27,22.1299991607666,2012-02-27,8.8334,7.4975,ECB EXR daily reference rate,1.1781793931310436,125.90056805841947,195.4831345867157
2012-02-28,2012-02-28,106.76823,2012-02-28,22.15999984741211,2012-02-28,8.8275,7.48,ECB EXR daily reference rate,1.1801470588235294,126.00221261029412,195.61739865303042
2012-02-29,2012-02-29,106.15112,2012-02-29,22.209999084472656,2012-02-29,8.8088,7.4405,ECB EXR daily reference rate,1.183898931523419,125.67219754801424,195.64343993530272
2012-03-01,2012-03-01,107.08182,2012-03-01,22.40999984741211,2012-03-01,8.8135,7.4225,ECB EXR daily reference rate,1.1874031660491746,127.14929209430782,197.51053365516663
2012-03-02,2012-03-02,107.3555,2012-03-02,22.510000228881836,2012-03-02,8.8316,7.4205,ECB EXR daily reference rate,1.1901623879792467,127.77047824270602,198.79931802139282
2012-03-05,2012-03-05,106.47063,2012-03-05,22.270000457763672,2012-03-05,8.8382,7.42,ECB EXR daily reference rate,1.191132075471698,126.82058248867924,196.8267180458069
2012-03-06,2012-03-06,106.10721,2012-03-06,22.030000686645508,2012-03-06,8.8906,7.452,ECB EXR daily reference rate,1.1930488459473965,126.59108443719803,195.85992410469052
2012-03-07,2012-03-07,106.05938,2012-03-07,22.1299991607666,2012-03-07,8.924,7.448,ECB EXR daily reference rate,1.198174006444683,127.0775922556391,197.48811251068113
2012-03-08,2012-03-08,105.99459,2012-03-08,22.260000228881836,2012-03-08,8.8894,7.421,ECB EXR daily reference rate,1.1978709068858644,126.96783564829538,197.8780460346222
2012-03-09,2012-03-09,108.25128,2012-03-09,22.56999969482422,2012-03-09,8.9075,7.46,ECB EXR daily reference rate,1.1940348525469169,129.255801152815,201.04227228164675
2012-03-12,2012-03-12,108.17932,2012-03-12,22.420000076293945,2012-03-12,8.9312,7.4795,ECB EXR daily reference rate,1.1940905140717963,129.17589983073736,200.2375046813965
2012-03-13,2012-03-13,109.49214,2012-03-13,22.75,2012-03-13,8.8889,7.4515,ECB EXR daily reference rate,1.1929007582365965,130.61325682694758,202.222475
2012-03-14,2012-03-14,111.93633,2012-03-14,22.940000534057617,2012-03-14,8.883,7.547,ECB EXR daily reference rate,1.1770239830396183,131.7517449834371,203.7760247440338
2012-03-15,2012-03-15,112.1012,2012-03-15,23.0,2012-03-15,8.916,7.5665,ECB EXR daily reference rate,1.1783519460781076,132.09466717769115,205.068
2012-03-16,2012-03-16,111.74206,2012-03-16,22.969999313354492,2012-03-16,8.856,7.548,ECB EXR daily reference rate,1.1732909379968204,131.10594639109698,203.4223139190674
2012-03-19,2012-03-19,111.61694,2012-03-19,22.920000076293945,2012-03-19,8.877,7.5505,ECB EXR daily reference rate,1.175683729554334,131.22622030064232,203.46084067726136
2012-03-20,2012-03-20,111.6651,2012-03-20,22.75,2012-03-20,8.912,7.606,ECB EXR daily reference rate,1.1717065474625297,130.83872879305812,202.74800000000002
2012-03-21,2012-03-21,111.41218,2012-03-21,22.780000686645508,2012-03-21,8.9185,7.6105,ECB EXR daily reference rate,1.1718678142040602,130.56034785230932,203.16343612384796
2012-03-22,2012-03-22,111.13366,2012-03-22,22.61000061035156,2012-03-22,8.9265,7.624,ECB EXR daily reference rate,1.1708420776495279,130.11996537119623,201.8281704483032
2012-03-23,2012-03-23,110.81882,2012-03-23,22.530000686645508,2012-03-23,8.924,7.638,ECB EXR daily reference rate,1.168368682901283,129.47723876407434,201.0577261276245
2012-03-26,2012-03-26,110.96784,2012-03-26,22.709999084472656,2012-03-26,8.9277,7.609,ECB EXR daily reference rate,1.173307924825864,130.19944607280848,202.74805882644654
2012-03-27,2012-03-27,111.07805,2012-03-27,22.770000457763672,2012-03-27,8.8935,7.571,ECB EXR daily reference rate,1.1746796988508783,130.48113032294282,202.5049990711212
2012-03-28,2012-03-28,111.28368,2012-03-28,22.600000381469727,2012-03-28,8.88,7.611,ECB EXR daily reference rate,1.166732361056366,129.8382707134411,200.6880033874512
2012-03-29,2012-03-29,110.7164,2012-03-29,22.40999984741211,2012-03-29,8.845,7.632,ECB EXR daily reference rate,1.1589360587002098,128.31322824947588,198.21644865036012
2012-03-30,2012-03-30,110.30546,2012-03-30,22.530000686645508,2012-03-30,8.8455,7.604,ECB EXR daily reference rate,1.1632693319305627,128.3149587624934,199.28912107372284
2012-04-02,2012-04-02,110.96574,2012-04-02,22.780000686645508,2012-04-02,8.8052,7.5505,ECB EXR daily reference rate,1.1661744255347326,129.4054080985365,200.582462046051
2012-04-03,2012-04-03,110.22271,2012-04-03,22.61000061035156,2012-04-03,8.7938,7.56,ECB EXR daily reference rate,1.1632010582010581,128.21117290978836,198.82782336730952
2012-04-04,2012-04-04,109.91373,2012-04-04,22.469999313354492,2012-04-04,8.8185,7.573,ECB EXR daily reference rate,1.1644658655750693,127.99078674303446,198.15168894481658
2012-04-05,2012-04-04,109.91373,2012-04-05,22.61000061035156,2012-04-05,8.8134,7.5692,ECB EXR daily reference rate,1.1643766844580667,127.98098451381915,199.27097937927243
2012-04-06,2012-04-04,109.91373,2012-04-05,22.61000061035156,2012-04-05,8.8134,7.5692,ECB EXR daily reference rate,1.1643766844580667,127.98098451381915,199.27097937927243
2012-04-09,2012-04-04,109.91373,2012-04-05,22.61000061035156,2012-04-05,8.8134,7.5692,ECB EXR daily reference rate,1.1643766844580667,127.98098451381915,199.27097937927243
2012-04-10,2012-04-10,107.65146,2012-04-10,22.1299991607666,2012-04-10,8.873,7.5815,ECB EXR daily reference rate,1.1703488755523312,125.98976516256677,196.35948255348205
2012-04-11,2012-04-11,108.31783,2012-04-11,22.149999618530273,2012-04-11,8.907,7.604,ECB EXR daily reference rate,1.1713571804313518,126.8788679392425,197.29004660224913
2012-04-12,2012-04-12,109.20696,2012-04-12,22.299999237060547,2012-04-12,8.8912,7.61,ECB EXR daily reference rate,1.1683574244415242,127.59276251668855,198.27375321655273
2012-04-13,2012-04-13,108.24448,2012-04-13,22.25,2012-04-13,8.8945,7.599,ECB EXR daily reference rate,1.1704829582839849,126.69831916831163,197.90262500000003
2012-04-16,2012-04-16,108.1475,2012-04-16,22.200000762939453,2012-04-16,8.8822,7.553,ECB EXR daily reference rate,1.1759830530914868,127.17962723421155,197.1848467765808
2012-04-17,2012-04-17,108.97975,2012-04-17,22.459999084472656,2012-04-17,8.8822,7.5475,ECB EXR daily reference rate,1.1768400132494201,128.25173043391848,199.494203868103
2012-04-18,2012-04-18,108.91536,2012-04-18,22.40999984741211,2012-04-18,8.85,7.5525,ECB EXR daily reference rate,1.1717974180734856,127.62673763654419,198.32849864959715
2012-04-19,2012-04-19,108.19307,2012-04-19,22.36000061035156,2012-04-19,8.8416,7.5485,ECB EXR daily reference rate,1.1713055573955091,126.72714416268134,197.69818139648433
2012-04-20,2012-04-20,108.15695,2012-04-20,22.34000015258789,2012-04-20,8.8396,7.547,ECB EXR daily reference rate,1.1712733536504574,126.68135354710483,197.47666534881594
2012-04-23,2012-04-23,107.33892,2012-04-23,22.020000457763672,2012-04-23,8.8618,7.559,ECB EXR daily reference rate,1.1723508400582088,125.83887303294087,195.1368400566101
2012-04-24,2012-04-24,107.54168,2012-04-24,22.1200008392334,2012-04-24,8.888,7.5565,ECB EXR daily reference rate,1.176205915437041,126.49116017203733,196.60256745910644
2012-04-25,2012-04-25,108.74151,2012-04-25,22.309999465942383,2012-04-25,8.8958,7.5625,ECB EXR daily reference rate,1.176304132231405,127.91308755808265,198.46529324913024
2012-04-26,2012-04-26,109.48842,2012-04-26,22.36000061035156,2012-04-26,8.876,7.5765,ECB EXR daily reference rate,1.171517191315251,128.26756627994456,198.46736541748044
2012-04-27,2012-04-27,109.83583,2012-04-27,22.479999542236328,2012-04-27,8.9024,7.588,ECB EXR daily reference rate,1.1732208750658935,128.8616885861887,200.12594792480468
2012-04-30,2012-04-30,109.46819,2012-04-30,22.38999938964844,2012-04-30,8.9185,7.5875,ECB EXR daily reference rate,1.1754200988467873,128.6711107103789,199.68520955657962
2012-05-01,2012-04-30,109.46819,2012-04-30,22.38999938964844,2012-04-30,8.9185,7.5875,ECB EXR daily reference rate,1.1754200988467873,128.6711107103789,199.68520955657962
2012-05-02,2012-05-02,109.63917,2012-05-02,22.479999542236328,2012-05-02,8.8884,7.5525,ECB EXR daily reference rate,1.1768818272095334,129.03234672333664,199.8112279312134
2012-05-03,2012-05-03,108.88615,2012-05-03,22.479999542236328,2012-05-03,8.8713,7.5405,ECB EXR daily reference rate,1.1764869703600558,128.1031367276706,199.42681993904114
2012-05-04,2012-05-04,108.08106,2012-05-04,22.1200008392334,2012-05-04,8.9041,7.561,ECB EXR daily reference rate,1.1776352334347309,127.28006432297315,196.9586994726181
2012-05-07,2012-05-07,108.09138,2012-05-07,22.229999542236328,2012-05-07,8.9105,7.5635,ECB EXR daily reference rate,1.1780921531037218,127.34160659615257,198.0804109210968
2012-05-08,2012-05-08,107.90632,2012-05-08,21.940000534057617,2012-05-08,8.8885,7.5605,ECB EXR daily reference rate,1.1756497586138484,126.86003906090868,195.01369474697114
2012-05-09,2012-05-09,107.27628,2012-05-09,22.049999237060547,2012-05-09,8.9097,7.563,ECB EXR daily reference rate,1.1780642602142009,126.37835143673146,196.45887820243837
2012-05-10,2012-05-10,107.8746,2012-05-10,22.1299991607666,2012-05-10,8.9448,7.5575,ECB EXR daily reference rate,1.18356599404565,127.67670818127688,197.94841649322512
2012-05-11,2012-05-11,107.6044,2012-05-11,22.229999542236328,2012-05-11,8.984,7.5815,ECB EXR daily reference rate,1.1849897777484666,127.5101140407571,199.71431588745116
2012-05-14,2012-05-14,107.46016,2012-05-14,21.950000762939453,2012-05-14,9.002,7.5915,ECB EXR daily reference rate,1.185799907791609,127.42624781927155,197.59390686798096
2012-05-15,2012-05-15,107.43478,2012-05-15,21.950000762939453,2012-05-15,9.0437,7.6185,ECB EXR daily reference rate,1.187070945724224,127.53270589827393,198.5092218997955
2012-05-16,2012-05-16,106.27477,2012-05-16,21.81999969482422,2012-05-16,9.097,7.621,ECB EXR daily reference rate,1.1936753706862615,126.85757547434719,198.49653722381592
2012-05-17,2012-05-16,106.27477,2012-05-17,21.559999465942383,2012-05-17,9.1356,7.5802,ECB EXR daily reference rate,1.2051924751325824,128.08155310044592,196.96353112106323
2012-05-18,2012-05-18,104.59958,2012-05-18,21.3799991607666,2012-05-18,9.0996,7.5975,ECB EXR daily reference rate,1.1977097729516288,125.27993921263574,194.5494403633118
2012-05-21,2012-05-21,105.1335,2012-05-21,21.399999618530273,2012-05-21,9.1191,7.6265,ECB EXR daily reference rate,1.1957123188880876,125.70942107782075,195.1487365213394
2012-05-22,2012-05-22,105.4998,2012-05-22,21.760000228881836,2012-05-22,9.089,7.5715,ECB EXR daily reference rate,1.2004226375222875,126.64434817407383,197.77664208030703
2012-05-23,2012-05-23,105.75601,2012-05-23,21.479999542236328,2012-05-23,9.0605,7.573,ECB EXR daily reference rate,1.1964214974250627,126.5287638458999,194.61953585243225
2012-05-24,2012-05-24,105.9963,2012-05-24,21.770000457763672,2012-05-24,8.976,7.536,ECB EXR daily reference rate,1.1910828025477709,126.25037006369429,195.40752410888675
2012-05-25,2012-05-25,106.1122,2012-05-25,21.850000381469727,2012-05-25,8.993,7.551,ECB EXR daily reference rate,1.1909680836975236,126.37624349092836,196.49705343055726
2012-05-28,2012-05-25,106.1122,2012-05-28,21.86000061035156,2012-05-28,8.9982,7.5359,ECB EXR daily reference rate,1.194044506960018,126.70268953144283,196.7006574920654
2012-05-29,2012-05-29,106.97292,2012-05-29,22.030000686645508,2012-05-29,8.9865,7.5205,ECB EXR daily reference rate,1.194933847483545,127.82556287214945,197.97260117053983
2012-05-30,2012-05-30,106.31443,2012-05-30,21.88999938964844,2012-05-30,8.9555,7.5145,ECB EXR daily reference rate,1.1917625923215118,126.70156069798391,196.03588953399662
2012-05-31,2012-05-31,106.69117,2012-05-31,21.84000015258789,2012-05-31,8.9752,7.5235,ECB EXR daily reference rate,1.1929554063933008,127.27780806592673,196.01836936950681
2012-06-01,2012-06-01,105.11026,2012-06-01,21.43000030517578,2012-06-01,8.9947,7.5745,ECB EXR daily reference rate,1.1874975245890818,124.81817355891478,192.7564237449646
2012-06-04,2012-06-04,103.99249,2012-06-04,21.15999984741211,2012-06-04,9.007,7.603,ECB EXR daily reference rate,1.1846639484414048,123.1961538116533,190.58811862564087
2012-06-05,2012-06-05,104.75866,2012-06-05,21.3700008392334,2012-06-05,8.969,7.5945,ECB EXR daily reference rate,1.1809862400421356,123.71853598525247,191.66753752708433
2012-06-06,2012-06-06,107.00583,2012-06-06,21.75,2012-06-06,9.0165,7.6065,ECB EXR daily reference rate,1.185367777558667,126.84126289292055,196.108875
2012-06-07,2012-06-07,106.74523,2012-06-07,21.8700008392334,2012-06-07,8.9664,7.5885,ECB EXR daily reference rate,1.181577386835343,126.12774992053767,196.09517552490234
2012-06-08,2012-06-08,107.0622,2012-06-08,21.84000015258789,2012-06-08,8.9781,7.5995,ECB EXR daily reference rate,1.1814066714915454,126.48399734456214,196.08170536994933
2012-06-11,2012-06-11,105.83424,2012-06-11,21.899999618530273,2012-06-11,8.864,7.556,ECB EXR daily reference rate,1.173107464266808,124.15493691900478,194.12159661865235
2012-06-12,2012-06-12,106.96377,2012-06-12,21.959999084472656,2012-06-12,8.864,7.5465,ECB EXR daily reference rate,1.1745842443516863,125.63795895845757,194.65343188476564
2012-06-13,2012-06-13,105.57733,2012-06-13,21.84000015258789,2012-06-13,8.832,7.5115,ECB EXR daily reference rate,1.175797111096319,124.13751961126273,192.89088134765626
2012-06-14,2012-06-14,105.68199,2012-06-14,21.84000015258789,2012-06-14,8.8373,7.507,ECB EXR daily reference rate,1.1772079392566939,124.40967766444653,193.006633348465
2012-06-15,2012-06-15,106.71276,2012-06-15,22.0,2012-06-15,8.8353,7.524,ECB EXR daily reference rate,1.1742822966507178,125.31090489473685,194.3766
2012-06-18,2012-06-18,107.63796,2012-06-18,22.1299991607666,2012-06-18,8.8412,7.526,ECB EXR daily reference rate,1.1747541854903003,126.44814402763754,195.6557485801697
2012-06-19,2012-06-19,107.88086,2012-06-19,22.290000915527344,2012-06-19,8.8398,7.517,ECB EXR daily reference rate,1.175974457895437,126.86513585579353,197.03915009307863
2012-06-20,2012-06-20,107.57178,2012-06-20,22.290000915527344,2012-06-20,8.8434,7.506,ECB EXR daily reference rate,1.1781774580335733,126.73864631654679,197.11939409637452
2012-06-21,2012-06-21,106.35716,2012-06-21,22.239999771118164,2012-06-21,8.836,7.496,ECB EXR daily reference rate,1.1787620064034152,125.36977931696904,196.5126379776001
2012-06-22,2012-06-22,106.7512,2012-06-22,22.09000015258789,2012-06-22,8.8008,7.4865,ECB EXR daily reference rate,1.1755560008014425,125.49201375275494,194.40967334289553
2012-06-25,2012-06-25,106.08998,2012-06-25,21.84000015258789,2012-06-25,8.8165,7.498,ECB EXR daily reference rate,1.175846892504668,124.74557330888236,192.55236134529113
2012-06-26,2012-06-26,106.41691,2012-06-26,21.940000534057617,2012-06-26,8.8204,7.4995,ECB EXR daily reference rate,1.176131742116141,125.16030574891658,193.5195807106018
2012-06-27,2012-06-27,107.75822,2012-06-27,22.229999542236328,2012-06-27,8.8242,7.523,ECB EXR daily reference rate,1.1729629137312243,126.39639570969028,196.1619619606018
2012-06-28,2012-06-28,108.18109,2012-06-28,22.100000381469727,2012-06-28,8.8009,7.5465,ECB EXR daily reference rate,1.1662227522692639,126.16324852328894,194.49989335727693
2012-06-29,2012-06-29,108.99432,2012-06-29,22.40999984741211,2012-06-29,8.7728,7.533,ECB EXR daily reference rate,1.164582503650604,126.93287806929509,196.59844666137695
2012-07-02,2012-07-02,109.87386,2012-07-02,22.6299991607666,2012-07-02,8.744,7.5255,ECB EXR daily reference rate,1.1619161517507142,127.66421258919672,197.87671266174317
2012-07-03,2012-07-03,110.69249,2012-07-03,22.88999938964844,2012-07-03,8.7305,7.5195,ECB EXR daily reference rate,1.1610479420174213,128.519287711284,199.8411396713257
2012-07-04,2012-07-03,110.69249,2012-07-04,23.030000686645508,2012-07-04,8.6876,7.5165,ECB EXR daily reference rate,1.1558038980908667,127.9388114313843,200.0754339653015
2012-07-05,2012-07-05,111.18136,2012-07-05,23.13999938964844,2012-07-05,8.6177,7.476,ECB EXR daily reference rate,1.1527153558052434,128.16046095131085,199.41357274017335
2012-07-06,2012-07-06,111.39104,2012-07-06,22.93000030517578,2012-07-06,8.6576,7.519,ECB EXR daily reference rate,1.1514297113977923,128.25895303949994,198.51877064208986
2012-07-09,2012-07-09,110.49055,2012-07-09,22.850000381469727,2012-07-09,8.6225,7.4965,ECB EXR daily reference rate,1.1502034282665243,127.08660940105382,197.02412828922272
2012-07-10,2012-07-10,110.34866,2012-07-10,23.0,2012-07-10,8.5734,7.4865,ECB EXR daily reference rate,1.1451813263874973,126.36922482388296,197.1882
2012-07-11,2012-07-11,110.40458,2012-07-11,22.940000534057617,2012-07-11,8.5384,7.4745,ECB EXR daily reference rate,1.1423372800856244,126.11926762619572,195.87090055999755
2012-07-12,2012-07-12,109.75702,2012-07-12,22.760000228881836,2012-07-12,8.5808,7.471,ECB EXR daily reference rate,1.1485477178423236,126.06117483817427,195.29900996398925
2012-07-13,2012-07-13,110.80962,2012-07-13,23.030000686645508,2012-07-13,8.5746,7.441,ECB EXR daily reference rate,1.1523451149039108,127.69092429135868,197.4730438877106
2012-07-16,2012-07-16,110.70824,2012-07-16,23.030000686645508,2012-07-16,8.6185,7.4525,ECB EXR daily reference rate,1.1564575645756456,128.02938160885608,198.4840609178543
2012-07-17,2012-07-17,111.42533,2012-07-17,23.030000686645508,2012-07-17,8.6046,7.475,ECB EXR daily reference rate,1.1511170568561873,128.26359792882943,198.16394390830993
2012-07-18,2012-07-18,112.21012,2012-07-18,23.290000915527344,2012-07-18,8.4927,7.4825,ECB EXR daily reference rate,1.1350083528232542,127.35942347129969,197.79499077529906
2012-07-19,2012-07-19,112.41667,2012-07-19,23.450000762939453,2012-07-19,8.5045,7.4775,ECB EXR daily reference rate,1.1373453694416584,127.856579072551,199.43053148841858
2012-07-20,2012-07-20,111.16498,2012-07-20,23.309999465942383,2012-07-20,8.454,7.423,ECB EXR daily reference rate,1.1388926310117204,126.60497654856529,197.06273548507693
2012-07-23,2012-07-23,109.59297,2012-07-23,22.940000534057617,2012-07-23,8.4508,7.381,ECB EXR daily reference rate,1.1449397100663865,125.47734329711419,193.8613565132141
2012-07-24,2012-07-24,108.81019,2012-07-24,22.93000030517578,2012-07-24,8.4215,7.372,ECB EXR daily reference rate,1.1423629951166576,124.30073454761259,193.10499757003785
2012-07-25,2012-07-25,108.65027,2012-07-25,22.799999237060547,2012-07-25,8.4592,7.3695,ECB EXR daily reference rate,1.1478662053056514,124.71597313033446,192.86975354614256
2012-07-26,2012-07-26,109.53891,2012-07-26,22.959999084472656,2012-07-26,8.4505,7.399,ECB EXR daily reference rate,1.142113799162049,125.10590065616975,194.02347226333617
2012-07-27,2012-07-27,112.06898,2012-07-27,23.219999313354492,2012-07-27,8.5008,7.473,ECB EXR daily reference rate,1.137535126455239,127.48240133600963,197.38857016296387
2012-07-30,2012-07-30,112.63955,2012-07-30,23.540000915527344,2012-07-30,8.3488,7.422,ECB EXR daily reference rate,1.1248720021557532,126.70507613042307,196.53075964355472
2012-07-31,2012-07-31,111.61057,2012-07-31,23.450000762939453,2012-07-31,8.359,7.4215,ECB EXR daily reference rate,1.1263221720676413,125.70945962810752,196.01855637741087
2012-08-01,2012-08-01,111.49004,2012-08-01,23.469999313354492,2012-08-01,8.3189,7.385,ECB EXR daily reference rate,1.12645903859174,125.58896327095462,195.24457728786467
2012-08-02,2012-08-02,111.09515,2012-08-02,23.34000015258789,2012-08-02,8.334,7.4045,ECB EXR daily reference rate,1.125531771220204,125.04112095347425,194.51556127166748
2012-08-03,2012-08-03,111.85285,2012-08-03,23.579999923706055,2012-08-03,8.2797,7.37,ECB EXR daily reference rate,1.1234328358208956,125.65916447014926,195.23532536830902
2012-08-06,2012-08-06,111.95094,2012-08-06,23.59000015258789,2012-08-06,8.3401,7.3945,ECB EXR daily reference rate,1.1278788288592874,126.26709509689636,196.74296027259825
2012-08-07,2012-08-07,112.01592,2012-08-07,23.760000228881836,2012-08-07,8.322,7.3575,ECB EXR daily reference rate,1.1310907237512742,126.70016802446482,197.73072190475463
2012-08-08,2012-08-08,111.58946,2012-08-08,23.84000015258789,2012-08-08,8.277,7.304,ECB EXR daily reference rate,1.1332146768893756,126.45481385815991,197.32368126296996
2012-08-09,2012-08-09,112.38836,2012-08-09,24.0,2012-08-09,8.2669,7.2955,ECB EXR daily reference rate,1.1331505722705777,127.35293445055171,198.4056
2012-08-10,2012-08-10,112.1765,2012-08-10,23.920000076293945,2012-08-10,8.2077,7.27,ECB EXR daily reference rate,1.1289821182943607,126.64526259284736,196.32818462619784
2012-08-13,2012-08-13,112.28611,2012-08-13,23.799999237060547,2012-08-13,8.2312,7.3065,ECB EXR daily reference rate,1.1265585437624033,126.49687656634502,195.90255372009275
2012-08-14,2012-08-14,112.54733,2012-08-14,23.989999771118164,2012-08-14,8.2483,7.301,ECB EXR daily reference rate,1.1297493494041912,127.15027284467882,197.87671511211397
2012-08-15,2012-08-15,113.00707,2012-08-15,23.979999542236328,2012-08-15,8.225,7.2955,ECB EXR daily reference rate,1.1274073058734837,127.40499633335618,197.2354962348938
2012-08-16,2012-08-16,113.91858,2012-08-16,24.030000686645508,2012-08-16,8.2347,7.337,ECB EXR daily reference rate,1.1223524601335697,127.85679851792288,197.87984665431978
2012-08-17,2012-08-17,114.04082,2012-08-17,24.190000534057617,2012-08-17,8.2766,7.3295,ECB EXR daily reference rate,1.129217545535166,128.77689485121766,200.21095842018127
2012-08-20,2012-08-20,113.45714,2012-08-20,24.09000015258789,2012-08-20,8.2339,7.313,ECB EXR daily reference rate,1.125926432380692,127.7443928683167,198.35465225639345
2012-08-21,2012-08-21,113.00288,2012-08-21,24.030000686645508,2012-08-21,8.2595,7.3235,ECB EXR daily reference rate,1.1278077421997676,127.44552295487128,198.47579067134856
2012-08-22,2012-08-22,112.6504,2012-08-22,23.790000915527344,2012-08-22,8.3412,7.352,ECB EXR daily reference rate,1.1345484221980413,127.80733357997823,198.43715563659669
2012-08-23,2012-08-23,111.45772,2012-08-23,23.600000381469727,2012-08-23,8.3087,7.341,ECB EXR daily reference rate,1.1318212777550742,126.1502190660673,196.08532316951752
2012-08-24,2012-08-24,111.5763,2012-08-24,23.670000076293945,2012-08-24,8.2441,7.302,ECB EXR daily reference rate,1.1290194467269241,125.9718124938373,195.1378476289749
2012-08-27,2012-08-27,111.69147,2012-08-27,23.799999237060547,2012-08-27,8.2397,7.295,ECB EXR daily reference rate,1.1294996572995202,126.15547708827964,196.10485371360778
2012-08-28,2012-08-28,111.07736,2012-08-28,23.6299991607666,2012-08-28,8.2405,7.29,ECB EXR daily reference rate,1.1303840877914952,125.56008025788752,194.7230080842972
2012-08-29,2012-08-29,111.44081,2012-08-29,23.600000381469727,2012-08-29,8.3375,7.3125,ECB EXR daily reference rate,1.1401709401709401,127.0615731111111,196.76500318050384
2012-08-30,2012-08-30,110.18694,2012-08-30,23.469999313354492,2012-08-30,8.3478,7.2775,ECB EXR daily reference rate,1.1470697354860873,126.39210411982138,195.92286026802063
2012-08-31,2012-08-31,110.32859,2012-08-31,23.540000915527344,2012-08-31,8.3362,7.2925,ECB EXR daily reference rate,1.1431196434693176,126.11877846527253,196.23415563201903
2012-09-03,2012-08-31,110.32859,2012-09-03,23.56999969482422,2012-09-03,8.4161,7.3015,ECB EXR daily reference rate,1.1526535643360953,127.1706425116757,198.3674744316101
2012-09-04,2012-09-04,109.95058,2012-09-04,23.36000061035156,2012-09-04,8.4075,7.289,ECB EXR daily reference rate,1.1534504047194405,126.82254100013722,196.39920513153075
2012-09-05,2012-09-05,110.28544,2012-09-05,23.3799991607666,2012-09-05,8.4415,7.307,ECB EXR daily reference rate,1.1552620774599698,127.40858652798684,197.36226291561127
2012-09-06,2012-09-06,112.98047,2012-09-06,23.790000915527344,2012-09-06,8.5026,7.3725,ECB EXR daily reference rate,1.1532858596134283,130.29877846347915,202.27686178436278
2012-09-07,2012-09-07,112.45375,2012-09-07,23.670000076293945,2012-09-07,8.4865,7.373,ECB EXR daily reference rate,1.15102400651024,129.4369658721009,200.87545564746856
2012-09-10,2012-09-10,112.13422,2012-09-10,23.670000076293945,2012-09-10,8.4935,7.39,ECB EXR daily reference rate,1.1493234100135317,128.87848410960757,201.0411456480026
2012-09-11,2012-09-11,112.7831,2012-09-11,23.649999618530273,2012-09-11,8.4773,7.389,ECB EXR daily reference rate,1.14728650696982,129.3945288442279,200.48814176616668
2012-09-12,2012-09-12,112.8265,2012-09-12,23.61000061035156,2012-09-12,8.4735,7.407,ECB EXR daily reference rate,1.1439854191980559,129.07187089914945,200.05934017181391
2012-09-13,2012-09-13,114.23148,2012-09-13,23.600000381469727,2012-09-13,8.5088,7.419,ECB EXR daily reference rate,1.1468931122792831,131.0112976174687,200.80768324584963
2012-09-14,2012-09-14,113.87336,2012-09-14,23.790000915527344,2012-09-14,8.5884,7.4285,ECB EXR daily reference rate,1.156141885979673,131.65376119324227,204.31804386291503
2012-09-17,2012-09-17,114.06512,2012-09-17,23.719999313354492,2012-09-17,8.6243,7.4725,ECB EXR daily reference rate,1.1541385078621613,131.64694739591837,204.56839007816313
2012-09-18,2012-09-18,113.84729,2012-09-18,23.739999771118164,2012-09-18,8.5685,7.4655,ECB EXR daily reference rate,1.1477462996450338,130.66780582211507,203.416188038826
2012-09-19,2012-09-19,113.92871,2012-09-19,23.790000915527344,2012-09-19,8.5214,7.4315,ECB EXR daily reference rate,1.1466594900087466,130.63743650595438,202.7241138015747
2012-09-20,2012-09-20,114.10377,2012-09-20,23.829999923706055,2012-09-20,8.4885,7.432,ECB EXR daily reference rate,1.1421555435952637,130.32425345061895,202.28095435237884
2012-09-21,2012-09-21,114.33085,2012-09-21,23.899999618530273,2012-09-21,8.4956,7.4215,ECB EXR daily reference rate,1.1447281546857104,130.87774294414876,203.04483675918578
2012-09-24,2012-09-24,114.14605,2012-09-24,23.850000381469727,2012-09-24,8.4928,7.437,ECB EXR daily reference rate,1.1419658464434586,130.35089060642736,202.55328323974612
2012-09-25,2012-09-25,112.9572,2012-09-25,23.899999618530273,2012-09-25,8.4725,7.4,ECB EXR daily reference rate,1.1449324324324324,129.32836175675675,202.49274676799774
2012-09-26,2012-09-26,112.85075,2012-09-26,23.579999923706055,2012-09-26,8.4998,7.403,ECB EXR daily reference rate,1.148156152910982,129.57028297311902,200.42528335151673
2012-09-27,2012-09-27,112.74425,2012-09-27,23.709999084472656,2012-09-27,8.45,7.38,ECB EXR daily reference rate,1.1449864498644986,129.09063855013548,200.34949226379393
2012-09-28,2012-09-28,112.04003,2012-09-28,23.549999237060547,2012-09-28,8.4498,7.3695,ECB EXR daily reference rate,1.1465906777936088,128.46405393771627,198.9927835533142
2012-10-01,2012-10-01,112.64198,2012-10-01,23.780000686645508,2012-10-01,8.4731,7.378,ECB EXR daily reference rate,1.1484277582000542,129.36117657061533,201.49032381801607
2012-10-02,2012-10-02,112.11894,2012-10-02,23.56999969482422,2012-10-02,8.5326,7.373,ECB EXR daily reference rate,1.1572765495727655,129.75262002495592,201.11337939605713
2012-10-03,2012-10-03,113.32896,2012-10-02,23.56999969482422,2012-10-03,8.609,7.4115,ECB EXR daily reference rate,1.1615732307899884,131.63988620926935,202.9141273727417
2012-10-04,2012-10-04,113.1576,2012-10-04,23.63999938964844,2012-10-04,8.6099,7.4285,ECB EXR daily reference rate,1.1590361445783133,131.15374843373493,203.5380307449341
2012-10-05,2012-10-05,112.85559,2012-10-05,23.739999771118164,2012-10-05,8.5728,7.3935,ECB EXR daily reference rate,1.1595049705822682,130.85661756299453,203.51827003784183
2012-10-08,2012-10-08,112.90932,2012-10-08,23.579999923706055,2012-10-08,8.6057,7.402,ECB EXR daily reference rate,1.162618211294245,131.2704316568495,202.92240534343722
2012-10-09,2012-10-09,112.19308,2012-10-09,23.549999237060547,2012-10-09,8.6117,7.405,ECB EXR daily reference rate,1.1629574611748819,130.47577947819042,202.80552842979432
2012-10-10,2012-10-10,111.738,2012-10-10,23.479999542236328,2012-10-10,8.6068,7.3985,ECB EXR daily reference rate,1.1633168885584915,129.9867024937487,202.08766006011962
2012-10-11,2012-10-11,111.33551,2012-10-11,23.510000228881836,2012-10-11,8.6627,7.3825,ECB EXR daily reference rate,1.1734100914324415,130.6422109687775,203.66007898273466
2012-10-12,2012-10-12,111.15432,2012-10-12,23.309999465942383,2012-10-12,8.683,7.4005,ECB EXR daily reference rate,1.1732991014120666,130.4172637740693,202.4007253627777
2012-10-15,2012-10-15,111.97666,2012-10-15,23.450000762939453,2012-10-15,8.6591,7.41,ECB EXR daily reference rate,1.1685695006747638,130.85250966342778,203.05590160636902
2012-10-16,2012-10-16,112.6005,2012-10-16,23.63999938964844,2012-10-16,8.6274,7.391,ECB EXR daily reference rate,1.167284535245569,131.43682231091867,203.95173073425295
2012-10-17,2012-10-17,112.68445,2012-10-17,23.649999618530273,2012-10-17,8.6587,7.396,ECB EXR daily reference rate,1.1707274202271498,131.92277544821525,204.77825169696806
2012-10-18,2012-10-18,112.56871,2012-10-18,23.709999084472656,2012-10-18,8.5843,7.377,ECB EXR daily reference rate,1.1636573132709775,130.9914026369798,203.53374514083865
2012-10-19,2012-10-19,111.67212,2012-10-19,23.579999923706055,2012-10-19,8.5717,7.384,ECB EXR daily reference rate,1.1608477789815816,129.63433247616467,202.1206853460312
2012-10-22,2012-10-22,111.75516,2012-10-22,23.3799991607666,2012-10-22,8.5924,7.3865,ECB EXR daily reference rate,1.1632572937115007,130.00000497989575,200.89030478897095
2012-10-23,2012-10-23,111.28274,2012-10-23,23.13999938964844,2012-10-23,8.6174,7.417,ECB EXR daily reference rate,1.1618444114871243,129.29322956397468,199.40663074035646
2012-10-24,2012-10-24,111.3954,2012-10-24,23.280000686645508,2012-10-24,8.6558,7.435,ECB EXR daily reference rate,1.164196368527236,129.68612015063886,201.50702994346616
2012-10-25,2012-10-25,112.12887,2012-10-25,23.290000915527344,2012-10-25,8.6883,7.4615,ECB EXR daily reference rate,1.1644173423574349,130.56480080694232,202.35051495437622
2012-10-26,2012-10-26,111.97908,2012-10-26,23.280000686645508,2012-10-26,8.673,7.4675,ECB EXR daily reference rate,1.1614328757951122,130.05618491329093,201.9074459552765
2012-10-29,2012-10-26,111.97908,2012-10-29,23.239999771118164,2012-10-29,8.6219,7.452,ECB EXR daily reference rate,1.1569914117015567,129.55883385024154,200.3729540266037
2012-10-30,2012-10-26,111.97908,2012-10-30,23.309999465942383,2012-10-30,8.6155,7.438,ECB EXR daily reference rate,1.1583086851304116,129.70634091691318,200.82730039882662
2012-10-31,2012-10-31,110.95934,2012-10-31,23.190000534057617,2012-10-31,8.6,7.3855,ECB EXR daily reference rate,1.1644438426646806,129.2059202491368,199.4340045928955
2012-11-01,2012-11-01,111.49768,2012-11-01,23.520000457763672,2012-11-01,8.6398,7.3705,ECB EXR daily reference rate,1.1722135540329692,130.6990917392307,203.20809995498655
2012-11-02,2012-11-02,111.60694,2012-11-02,23.649999618530273,2012-11-02,8.5955,7.3305,ECB EXR daily reference rate,1.1725666734874838,130.86657837391718,203.28357172107695
2012-11-05,2012-11-05,111.68257,2012-11-05,23.549999237060547,2012-11-05,8.569,7.3425,ECB EXR daily reference rate,1.1670411985018727,130.3381603445693,201.79994346237186
2012-11-06,2012-11-06,112.11083,2012-11-06,23.690000534057617,2012-11-06,8.5721,7.322,ECB EXR daily reference rate,1.1707320404261132,131.2517407597651,203.07305357799532
2012-11-07,2012-11-07,110.68074,2012-11-07,23.270000457763672,2012-11-07,8.5547,7.3195,ECB EXR daily reference rate,1.168754696359041,129.35863467149395,199.0678729160309
2012-11-08,2012-11-08,109.50394,2012-11-08,23.290000915527344,2012-11-08,8.5105,7.302,ECB EXR daily reference rate,1.165502602026842,127.62712700219119,198.20955279159546
2012-11-09,2012-11-09,109.5477,2012-11-09,23.290000915527344,2012-11-09,8.5745,7.3015,ECB EXR daily reference rate,1.174347736766418,128.64709356296652,199.7001128501892
2012-11-12,2012-11-12,109.38907,2012-11-12,23.229999542236328,2012-11-12,8.5809,7.303,ECB EXR daily reference rate,1.1749828837464056,128.53028491893744,199.3343030719757
2012-11-13,2012-11-13,109.67575,2012-11-13,23.280000686645508,2012-11-13,8.6077,7.326,ECB EXR daily reference rate,1.1749522249522248,128.86376648580398,200.38726191043853
2012-11-14,2012-11-14,108.22755,2012-11-14,22.989999771118164,2012-11-14,8.626,7.322,ECB EXR daily reference rate,1.178093417099153,127.50216420376944,198.31173802566528
2012-11-15,2012-11-15,107.83002,2012-11-15,22.719999313354492,2012-11-15,8.648,7.3595,ECB EXR daily reference rate,1.1750798287927169,126.70888144031524,196.48255406188963
2012-11-16,2012-11-16,108.68092,2012-11-16,22.700000762939453,2012-11-16,8.6493,7.3695,ECB EXR daily reference rate,1.1736617138204763,127.55463482678609,196.33911659889222
2012-11-19,2012-11-19,109.86578,2012-11-19,23.06999969482422,2012-11-19,8.6419,7.3715,ECB EXR daily reference rate,1.172339415315743,128.79998428840804,199.3686303627014
2012-11-20,2012-11-20,109.88668,2012-11-20,23.18000030517578,2012-11-20,8.6463,7.335,ECB EXR daily reference rate,1.1787730061349693,129.5314521177914,200.42123663864135
2012-11-21,2012-11-21,109.77234,2012-11-21,23.209999084472656,2012-11-21,8.622,7.326,ECB EXR daily reference rate,1.176904176904177,129.19152545454546,200.11661210632323
2012-11-22,2012-11-21,109.77234,2012-11-22,23.290000915527344,2012-11-22,8.6065,7.325,ECB EXR daily reference rate,1.1749488054607509,128.9768797556314,200.4453928794861
2012-11-23,2012-11-23,110.448707,2012-11-23,23.309999465942383,2012-11-23,8.5879,7.329,ECB EXR daily reference rate,1.1717696820848682,129.42044628807474,200.18394441356656
2012-11-26,2012-11-26,110.135455,2012-11-26,23.229999542236328,2012-11-26,8.5763,7.337,ECB EXR daily reference rate,1.1689109990459317,128.73854473442825,199.22744507408143
2012-11-27,2012-11-27,110.626947,2012-11-27,23.329999923706055,2012-11-27,8.642,7.3575,ECB EXR daily reference rate,1.1745837580699965,129.94061515107032,201.6178593406677
2012-11-28,2012-11-28,111.03707,2012-11-28,23.280000686645508,2012-11-28,8.6174,7.3415,ECB EXR daily reference rate,1.173792821630457,130.33451570087857,200.613077917099
2012-11-29,2012-11-29,111.832266,2012-11-29,23.5,2012-11-29,8.6371,7.35,ECB EXR daily reference rate,1.1751156462585035,131.41584553314289,202.97185000000002
2012-11-30,2012-11-30,111.49556,2012-11-30,23.440000534057617,2012-11-30,8.6625,7.376,ECB EXR daily reference rate,1.174417028199566,130.94228423264641,203.0490046262741
2012-12-03,2012-12-03,110.855755,2012-12-03,23.3799991607666,2012-12-03,8.6558,7.349,ECB EXR daily reference rate,1.1778201115798066,130.56813772336372,202.37259673576352
2012-12-04,2012-12-04,110.470514,2012-12-04,23.290000915527344,2012-12-04,8.6265,7.3465,ECB EXR daily reference rate,1.174232627781937,129.71808194664126,200.91119289779664
2012-12-05,2012-12-05,110.77841,2012-12-05,23.34000015258789,2012-12-05,8.651,7.356,ECB EXR daily reference rate,1.176046764545949,130.28059066204457,201.91434132003783
2012-12-06,2012-12-06,111.378837,2012-12-06,23.579999923706055,2012-12-06,8.6294,7.336,ECB EXR daily reference rate,1.1763086150490731,131.01588549724647,203.48125134162905
2012-12-07,2012-12-07,112.158185,2012-12-07,23.63999938964844,2012-12-07,8.618,7.3305,ECB EXR daily reference rate,1.1756360411977356,131.85720460132325,203.72951473999026
2012-12-10,2012-12-10,112.386379,2012-12-10,23.75,2012-12-10,8.6336,7.325,ECB EXR daily reference rate,1.1786484641638224,132.46403300128327,205.048
2012-12-11,2012-12-11,112.573771,2012-12-11,23.809999465942383,2012-12-11,8.6449,7.3375,ECB EXR daily reference rate,1.1781805792163542,132.6322307213492,205.8350643831253
2012-12-12,2012-12-12,112.350861,2012-12-12,23.75,2012-12-12,8.6275,7.3295,ECB EXR daily reference rate,1.17709257111672,132.2473638416672,204.903125
2012-12-13,2012-12-13,111.853905,2012-12-13,23.6299991607666,2012-12-13,8.7215,7.3325,ECB EXR daily reference rate,1.1894306171155815,133.04245925093764,206.08903768062592
2012-12-14,2012-12-14,111.882773,2012-12-14,23.440000534057617,2012-12-14,8.7743,7.3715,ECB EXR daily reference rate,1.1903004815844809,133.17411858290714,205.66959668598176
2012-12-17,2012-12-17,112.257174,2012-12-17,23.530000686645508,2012-12-17,8.754,7.3705,ECB EXR daily reference rate,1.1877077538837257,133.3287159888746,205.98162601089476
2012-12-18,2012-12-18,113.045163,2012-12-18,23.6200008392334,2012-12-18,8.7378,7.385,ECB EXR daily reference rate,1.1831821259309412,133.75301628454977,206.38684333305358
2012-12-19,2012-12-19,112.347372,2012-12-19,23.700000762939453,2012-12-19,8.6662,7.3755,ECB EXR daily reference rate,1.1749983051996475,132.00797169363432,205.38894661178588
2012-12-20,2012-12-20,112.710807,2012-12-20,23.68000030517578,2012-12-20,8.6349,7.3645,ECB EXR daily reference rate,1.1725032249304095,132.15378469200897,204.47443463516237
2012-12-21,2012-12-21,111.889695,2012-12-21,23.63999938964844,2012-12-21,8.5945,7.3155,ECB EXR daily reference rate,1.1748342560317135,131.45184658294033,203.17397475433353
2012-12-24,2012-12-21,111.889695,2012-12-21,23.63999938964844,2012-12-24,8.6323,7.3695,ECB EXR daily reference rate,1.171354908745505,131.0625434762874,204.06756673126225
2012-12-25,2012-12-21,111.889695,2012-12-21,23.63999938964844,2012-12-24,8.6323,7.3695,ECB EXR daily reference rate,1.171354908745505,131.0625434762874,204.06756673126225
2012-12-26,2012-12-21,111.889695,2012-12-21,23.63999938964844,2012-12-24,8.6323,7.3695,ECB EXR daily reference rate,1.171354908745505,131.0625434762874,204.06756673126225
2012-12-27,2012-12-27,111.814739,2012-12-27,23.38999938964844,2012-12-27,8.6273,7.376,ECB EXR daily reference rate,1.1696447939262473,130.78352735557212,201.792541734314
2012-12-28,2012-12-28,111.117807,2012-12-28,23.38999938964844,2012-12-28,8.5615,7.3375,ECB EXR daily reference rate,1.1668143100511073,129.6538473090971,200.25347977447515
2012-12-31,2012-12-31,111.691488,2012-12-28,23.38999938964844,2012-12-31,8.582,7.3483,ECB EXR daily reference rate,1.1678891716451425,130.44327940013338,200.73297476196294
2013-01-01,2012-12-31,111.691488,2012-12-28,23.38999938964844,2012-12-31,8.582,7.3483,ECB EXR daily reference rate,1.1678891716451425,130.44327940013338,200.73297476196294
2013-01-02,2013-01-02,113.291641,2013-01-02,24.040000915527344,2013-01-02,8.5704,7.3175,ECB EXR daily reference rate,1.1712196788520668,132.68939938864364,206.03242384643553
2013-01-03,2013-01-03,114.001498,2013-01-03,24.290000915527344,2013-01-03,8.5398,7.2915,ECB EXR daily reference rate,1.1711993416992388,133.51847941032707,207.4317498184204
2013-01-04,2013-01-04,115.219242,2013-01-04,24.3700008392334,2013-01-04,8.531,7.299,ECB EXR daily reference rate,1.168790245239074,134.6671261134402,207.90047715950013
2013-01-07,2013-01-07,114.60507,2013-01-07,24.209999084472656,2013-01-07,8.5144,7.306,ECB EXR daily reference rate,1.165398302764851,133.56055406624694,206.133616204834
2013-01-08,2013-01-08,114.569586,2013-01-08,24.149999618530273,2013-01-08,8.5766,7.3255,ECB EXR daily reference rate,1.170786976998157,134.13657924887036,207.12488672828673
2013-01-09,2013-01-09,114.823987,2013-01-09,24.350000381469727,2013-01-09,8.5954,7.325,ECB EXR daily reference rate,1.173433447098976,134.73830687505802,209.2979932788849
2013-01-10,2013-01-10,114.427209,2013-01-10,24.170000076293945,2013-01-10,8.5666,7.298,ECB EXR daily reference rate,1.17382844614963,134.31791293770897,207.0547226535797
2013-01-11,2013-01-11,114.486616,2013-01-11,24.040000915527344,2013-01-11,8.6248,7.349,ECB EXR daily reference rate,1.1736018505919172,134.3617044056062,207.34019989624025
2013-01-14,2013-01-14,114.079326,2013-01-14,23.989999771118164,2013-01-14,8.6178,7.3625,ECB EXR daily reference rate,1.1704991511035654,133.5297542414669,206.74102002754213
2013-01-15,2013-01-15,115.412763,2013-01-15,24.040000915527344,2013-01-15,8.6338,7.3995,ECB EXR daily reference rate,1.1668085681464966,134.66460074186097,207.55655990448
2013-01-16,2013-01-16,115.221807,2013-01-16,24.100000381469727,2013-01-16,8.6341,7.42,ECB EXR daily reference rate,1.1636253369272238,134.07501399173856,208.08181329364777
2013-01-17,2013-01-17,115.677324,2013-01-17,24.13999938964844,2013-01-17,8.643,7.4055,ECB EXR daily reference rate,1.167105529673891,135.0076444982783,208.6420147247315
2013-01-18,2013-01-18,117.092903,2013-01-18,24.200000762939453,2013-01-18,8.6642,7.46,ECB EXR daily reference rate,1.16142091152815,135.99414613573725,209.67364661026
2013-01-21,2013-01-18,117.092903,2013-01-21,24.280000686645508,2013-01-21,8.6936,7.444,ECB EXR daily reference rate,1.167866738312735,136.74890670617947,211.0806139694214
2013-01-22,2013-01-22,116.803164,2013-01-22,24.25,2013-01-22,8.6909,7.442,ECB EXR daily reference rate,1.1678177909164202,136.40481295452832,210.754325
2013-01-23,2013-01-23,116.522376,2013-01-23,24.31999969482422,2013-01-23,8.6909,7.4015,ECB EXR daily reference rate,1.1742079308248325,136.82149801775313,211.36268534774777
2013-01-24,2013-01-24,116.083029,2013-01-24,24.350000381469727,2013-01-24,8.6879,7.4135,ECB EXR daily reference rate,1.1719026101031902,136.03800467378431,211.55036831417087
2013-01-25,2013-01-25,116.48291,2013-01-25,24.229999542236328,2013-01-25,8.6889,7.424,ECB EXR daily reference rate,1.170379849137931,136.32925063294718,210.53204302253724
2013-01-28,2013-01-28,116.447425,2013-01-28,24.25,2013-01-28,8.6583,7.442,ECB EXR daily reference rate,1.163437248051599,135.47927168469496,209.96377500000003
2013-01-29,2013-01-29,116.550335,2013-01-29,24.31999969482422,2013-01-29,8.611,7.411,ECB EXR daily reference rate,1.1619214680879775,135.42233634934558,209.41951737213137
2013-01-30,2013-01-30,116.069693,2013-01-30,24.200000762939453,2013-01-30,8.6117,7.435,ECB EXR daily reference rate,1.1582649630127775,134.43945866954945,208.4031465702057
2013-01-31,2013-01-31,115.546195,2013-01-31,24.059999465942383,2013-01-31,8.6325,7.435,ECB EXR daily reference rate,1.1610625420309348,134.1563588887021,207.69794538974762
2013-02-01,2013-02-01,115.571988,2013-02-01,24.049999237060547,2013-02-01,8.6022,7.4275,ECB EXR daily reference rate,1.1581555031975765,133.85033391768428,206.88290343704224
2013-02-04,2013-02-04,114.94936,2013-02-04,24.049999237060547,2013-02-04,8.5823,7.4275,ECB EXR daily reference rate,1.1554762706159543,132.82125780249075,206.40430845222474
2013-02-05,2013-02-05,115.889831,2013-02-05,24.09000015258789,2013-02-05,8.5632,7.414,ECB EXR daily reference rate,1.1550040463987052,133.8532237414621,206.28748930664062
2013-02-06,2013-02-06,116.042297,2013-02-06,24.15999984741211,2013-02-06,8.5895,7.423,ECB EXR daily reference rate,1.1571467061834837,134.27796175151556,207.5223186893463
2013-02-07,2013-02-07,116.386987,2013-02-07,24.219999313354492,2013-02-07,8.6339,7.435,ECB EXR daily reference rate,1.1612508406186954,135.1544864908272,209.11305207157136
2013-02-08,2013-02-08,117.068247,2013-02-08,24.5,2013-02-08,8.595,7.391,ECB EXR daily reference rate,1.162900825328102,136.1387610560141,210.57750000000001
2013-02-11,2013-02-11,116.367037,2013-02-11,24.420000076293945,2013-02-11,8.5754,7.3795,ECB EXR daily reference rate,1.1620570499356324,135.22513572597057,209.4112686542511
2013-02-12,2013-02-12,116.467192,2013-02-12,24.43000030517578,2013-02-12,8.5701,7.387,ECB EXR daily reference rate,1.1601597400839314,135.12054719902534,209.36754561538697
2013-02-13,2013-02-13,116.389828,2013-02-13,24.489999771118164,2013-02-13,8.4768,7.371,ECB EXR daily reference rate,1.15002035002035,133.85067073536834,207.59683005981447
2013-02-14,2013-02-14,116.835745,2013-02-14,24.6200008392334,2013-02-14,8.4492,7.3605,ECB EXR daily reference rate,1.147911147340534,134.11705409333604,208.0193110908508
2013-02-15,2013-02-15,117.326275,2013-02-15,24.56999969482422,2013-02-15,8.4557,7.3945,ECB EXR daily reference rate,1.1435120697815946,134.16401156501456,207.75654641952516
2013-02-18,2013-02-15,117.326275,2013-02-18,24.559999465942383,2013-02-18,8.4598,7.407,ECB EXR daily reference rate,1.1421358174699607,134.00254100783042,207.77268348197936
2013-02-19,2013-02-19,118.506621,2013-02-19,24.68000030517578,2013-02-19,8.4483,7.417,ECB EXR daily reference rate,1.1390454361601725,134.98442580481324,208.50404657821653
2013-02-20,2013-02-20,117.666953,2013-02-20,24.690000534057617,2013-02-20,8.4297,7.4065,ECB EXR daily reference rate,1.1381489232430972,133.92251585824613,208.1292975019455
2013-02-21,2013-02-21,118.169778,2013-02-21,24.520000457763672,2013-02-21,8.4615,7.4755,ECB EXR daily reference rate,1.131897531937663,133.75608006782153,207.47598387336728
2013-02-22,2013-02-22,119.643174,2013-02-22,24.75,2013-02-22,8.4572,7.467,ECB EXR daily reference rate,1.13261015133253,135.5090734100442,209.3157
2013-02-25,2013-02-25,118.44896,2013-02-25,24.75,2013-02-25,8.474,7.4675,ECB EXR daily reference rate,1.1347840642785403,134.41399223836623,209.7315
2013-02-26,2013-02-26,118.90123,2013-02-26,24.600000381469727,2013-02-26,8.4594,7.4595,ECB EXR daily reference rate,1.1340438367182788,134.8392070597225,208.10124322700503
2013-02-27,2013-02-27,120.003093,2013-02-27,24.81999969482422,2013-02-27,8.4352,7.467,ECB EXR daily reference rate,1.129663854292219,135.56315656536762,209.36166142578125
2013-02-28,2013-02-28,120.889279,2013-02-28,25.010000228881836,2013-02-28,8.4475,7.487,ECB EXR daily reference rate,1.1282890343261653,136.39804786329637,211.2719769334793
2013-03-01,2013-03-01,121.770701,2013-03-01,25.100000381469727,2013-03-01,8.366,7.4855,ECB EXR daily reference rate,1.1176274129984636,136.09427353763942,209.98660319137574
2013-03-04,2013-03-04,120.892651,2013-03-04,25.13999938964844,2013-03-04,8.3801,7.4455,ECB EXR daily reference rate,1.1255254851923981,136.06775967297025,210.6757088851929
2013-03-05,2013-03-05,121.962933,2013-03-05,25.459999084472656,2013-03-05,8.3384,7.44,ECB EXR daily reference rate,1.1207526881720429,136.69028501709676,212.2956563659668
2013-03-06,2013-03-06,122.103991,2013-03-06,25.489999771118164,2013-03-06,8.3159,7.425,ECB EXR daily reference rate,1.1199865319865319,136.7548254218047,211.97228909664153
2013-03-07,2013-03-07,121.709842,2013-03-07,25.40999984741211,2013-03-07,8.294,7.4165,ECB EXR daily reference rate,1.1183172655565294,136.11021769675725,210.75053873443605
2013-03-08,2013-03-08,123.256959,2013-03-08,25.63999938964844,2013-03-08,8.3239,7.4435,ECB EXR daily reference rate,1.1182776919459931,137.8355076268019,213.42479091949465
2013-03-11,2013-03-11,123.705273,2013-03-11,25.649999618530273,2013-03-11,8.326,7.4385,ECB EXR daily reference rate,1.1193116891846475,138.46475808267797,213.56189682388307
2013-03-12,2013-03-12,123.21143,2013-03-12,25.6200008392334,2013-03-12,8.3182,7.4455,ECB EXR daily reference rate,1.117211738634074,137.65325592989052,213.11229098091124
2013-03-13,2013-03-13,123.755975,2013-03-13,25.75,2013-03-13,8.2931,7.443,ECB EXR daily reference rate,1.1142146983743115,137.89072635664385,213.54732500000003
2013-03-14,2013-03-14,125.867267,2013-03-14,25.86000061035156,2013-03-14,8.3784,7.532,ECB EXR daily reference rate,1.112373871481678,140.01145908560804,216.66542911376948
2013-03-15,2013-03-15,125.579528,2013-03-15,25.760000228881836,2013-03-15,8.3515,7.5325,ECB EXR daily reference rate,1.1087288416860273,139.23364461891802,215.13464191150663
2013-03-18,2013-03-18,124.760368,2013-03-18,25.809999465942383,2013-03-18,8.337,7.5015,ECB EXR daily reference rate,1.1113777244551089,138.65589389002199,215.17796554756163
2013-03-19,2013-03-19,125.323831,2013-03-19,25.770000457763672,2013-03-19,8.3421,7.5205,ECB EXR daily reference rate,1.109248055315471,139.01521582143474,214.97592081871034
2013-03-20,2013-03-20,126.26456,2013-03-20,25.829999923706055,2013-03-20,8.3374,7.545,ECB EXR daily reference rate,1.1050231941683235,139.52526740145794,215.35504136390688
2013-03-21,2013-03-21,125.518764,2013-03-21,25.809999465942383,2013-03-21,8.3654,7.548,ECB EXR daily reference rate,1.1082935877053524,139.11164127790144,215.9109695323944
2013-03-22,2013-03-22,125.298221,2013-03-22,25.729999542236328,2013-03-22,8.4232,7.5395,ECB EXR daily reference rate,1.1172093640161813,139.98434579576895,216.72893214416501
2013-03-25,2013-03-25,125.458128,2013-03-25,25.829999923706055,2013-03-25,8.4361,7.543,ECB EXR daily reference rate,1.118401166644571,140.31251672024393,217.90446235637663
2013-03-26,2013-03-26,126.044614,2013-03-26,25.979999542236328,2013-03-26,8.3561,7.4975,ECB EXR daily reference rate,1.1145181727242415,140.47901287701234,217.09147417488097
2013-03-27,2013-03-27,126.054992,2013-03-27,26.06999969482422,2013-03-27,8.302,7.472,ECB EXR daily reference rate,1.1110813704496787,140.05735326338328,216.43313746643065
2013-03-28,2013-03-27,126.054992,2013-03-28,26.06999969482422,2013-03-28,8.3553,7.512,ECB EXR daily reference rate,1.1122603833865814,140.20597372971244,217.8226684501648
2013-03-29,2013-03-27,126.054992,2013-03-28,26.06999969482422,2013-03-28,8.3553,7.512,ECB EXR daily reference rate,1.1122603833865814,140.20597372971244,217.8226684501648
2013-04-01,2013-03-27,126.054992,2013-03-28,26.06999969482422,2013-03-28,8.3553,7.512,ECB EXR daily reference rate,1.1122603833865814,140.20597372971244,217.8226684501648
2013-04-02,2013-04-02,125.775307,2013-04-02,26.18000030517578,2013-04-02,8.311,7.467,ECB EXR daily reference rate,1.1130306682737379,139.99177400254453,217.5819825363159
2013-04-03,2013-04-03,124.621791,2013-04-03,25.969999313354492,2013-04-03,8.3258,7.4465,ECB EXR daily reference rate,1.11808232055328,139.33742127278586,216.22102028312682
2013-04-04,2013-04-04,124.488216,2013-04-04,25.8799991607666,2013-04-04,8.4064,7.449,ECB EXR daily reference rate,1.1285273191032352,140.48835266242446,217.55762494506834
2013-04-05,2013-04-05,122.483165,2013-04-05,25.40999984741211,2013-04-05,8.3984,7.4475,ECB EXR daily reference rate,1.1276804296743874,138.1218681350789,213.40334271850588
2013-04-08,2013-04-08,123.489143,2013-04-08,25.540000915527344,2013-04-08,8.3591,7.454,ECB EXR daily reference rate,1.1214247383954923,138.48377988345854,213.4914216529846
2013-04-09,2013-04-09,123.487245,2013-04-09,25.549999237060547,2013-04-09,8.3765,7.486,ECB EXR daily reference rate,1.1189553833823136,138.17671757180068,214.01956860923767
2013-04-10,2013-04-10,125.537023,2013-04-10,25.959999084472656,2013-04-10,8.3353,7.506,ECB EXR daily reference rate,1.1104849453770318,139.4069741289502,216.38438036880493
2013-04-11,2013-04-11,125.657027,2013-04-11,26.059999465942383,2013-04-11,8.3138,7.477,ECB EXR daily reference rate,1.1119165440684766,139.72012719975925,216.6576235599518
2013-04-12,2013-04-12,125.595437,2013-04-12,25.899999618530273,2013-04-12,8.3373,7.482,ECB EXR daily reference rate,1.1143143544506817,139.95279830260628,215.93606681957246
2013-04-15,2013-04-15,123.569701,2013-04-15,25.81999969482422,2013-04-15,8.3704,7.5005,ECB EXR daily reference rate,1.1159789347376843,137.90118328783416,216.12372544555663
2013-04-16,2013-04-16,124.487349,2013-04-16,25.549999237060547,2013-04-16,8.3823,7.522,ECB EXR daily reference rate,1.114371177878224,138.72511373606753,214.16775860481263
2013-04-17,2013-04-17,124.144847,2013-04-17,25.40999984741211,2013-04-17,8.4727,7.555,ECB EXR daily reference rate,1.1214692256783587,139.2246254370483,215.29130570716856
2013-04-18,2013-04-18,123.89831,2013-04-18,25.329999923706055,2013-04-18,8.5008,7.587,ECB EXR daily reference rate,1.1204428627916172,138.82097715144326,215.32526335144044
2013-04-19,2013-04-19,124.726815,2013-04-19,25.43000030517578,2013-04-19,8.511,7.5965,ECB EXR daily reference rate,1.1203843875468966,139.74197623445008,216.43473259735106
2013-04-22,2013-04-22,126.195692,2013-04-22,25.5,2013-04-22,8.5139,7.609,ECB EXR daily reference rate,1.1189249572874227,141.20350928095675,217.10444999999999
2013-04-23,2013-04-23,128.506619,2013-04-23,25.989999771118164,2013-04-23,8.5926,7.6775,ECB EXR daily reference rate,1.1191924454575055,143.82363717608595,223.3216720333099
2013-04-24,2013-04-24,129.574584,2013-04-24,26.11000061035156,2013-04-24,8.5885,7.678,ECB EXR daily reference rate,1.118585569158635,144.94025979213336,224.24574024200436
2013-04-25,2013-04-25,129.41019,2013-04-25,26.290000915527344,2013-04-25,8.5961,7.6535,ECB EXR daily reference rate,1.1231593388645718,145.3482634427386,225.9914768699646
2013-04-26,2013-04-26,128.646296,2013-04-26,26.13999938964844,2013-04-26,8.5579,7.6215,ECB EXR daily reference rate,1.1228629534868464,144.45215988170307,223.7035007766724
2013-04-29,2013-04-29,129.041777,2013-04-29,26.239999771118164,2013-04-29,8.5503,7.609,ECB EXR daily reference rate,1.1237087659350768,145.00537598673938,224.35987004299164
2013-04-30,2013-04-30,128.264739,2013-04-30,26.15999984741211,2013-04-30,8.542,7.6075,ECB EXR daily reference rate,1.122839303319093,144.0206901791653,223.45871869659425
2013-05-01,2013-04-30,128.264739,2013-04-30,26.15999984741211,2013-04-30,8.542,7.6075,ECB EXR daily reference rate,1.122839303319093,144.0206901791653,223.45871869659425
2013-05-02,2013-05-02,128.534779,2013-05-02,26.3700008392334,2013-05-02,8.5503,7.5865,ECB EXR daily reference rate,1.127041455216503,144.86402437009158,225.47141817569732
2013-05-03,2013-05-03,129.696257,2013-05-03,26.579999923706055,2013-05-03,8.5307,7.6075,ECB EXR daily reference rate,1.1213539270456785,145.43540711007557,226.74600534915922
2013-05-06,2013-05-06,130.578893,2013-05-06,26.600000381469727,2013-05-06,8.5543,7.624,ECB EXR daily reference rate,1.1220225603357816,146.51246384967206,227.54438326320647
2013-05-07,2013-05-07,131.586229,2013-05-07,26.68000030517578,2013-05-07,8.5287,7.6395,ECB EXR daily reference rate,1.1163950520322012,146.90221497117616,227.54571860275271
2013-05-08,2013-05-08,130.46865,2013-05-08,26.709999084472656,2013-05-08,8.5402,7.591,ECB EXR daily reference rate,1.1250428138585167,146.78281711632195,228.10873418121338
2013-05-09,2013-05-08,130.46865,2013-05-09,26.81999969482422,2013-05-09,8.5395,7.5485,ECB EXR daily reference rate,1.1312843611313508,147.5971433629198,229.02938739395142
2013-05-10,2013-05-10,131.217146,2013-05-10,27.049999237060547,2013-05-10,8.5511,7.526,ECB EXR daily reference rate,1.1362078129152273,149.0899464736381,231.30724847602843
2013-05-13,2013-05-13,131.289478,2013-05-13,27.059999465942383,2013-05-13,8.5702,7.533,ECB EXR daily reference rate,1.1376875082968272,149.36639909141113,231.9096074230194
2013-05-14,2013-05-14,132.153818,2013-05-14,27.229999542236328,2013-05-14,8.6333,7.5405,ECB EXR daily reference rate,1.144924076652742,151.3060880497845,235.0847550479889
2013-05-15,2013-05-15,133.751394,2013-05-15,27.530000686645508,2013-05-15,8.596,7.5415,ECB EXR daily reference rate,1.1398262945037458,152.45335580773056,236.6478859024048
2013-05-16,2013-05-16,132.654676,2013-05-16,27.510000228881836,2013-05-16,8.5893,7.536,ECB EXR daily reference rate,1.1397691082802548,151.1957017737261,236.29164496593475
2013-05-17,2013-05-16,132.654676,2013-05-17,27.63999938964844,2013-05-17,8.5922,7.5393,ECB EXR daily reference rate,1.1396548751210325,151.18054821100102,237.48840275573733
2013-05-20,2013-05-16,132.654676,2013-05-20,27.739999771118164,2013-05-20,8.5754,7.5143,ECB EXR daily reference rate,1.1412107581544522,151.38694337069322,237.8815940372467
2013-05-21,2013-05-21,133.568845,2013-05-21,27.690000534057617,2013-05-21,8.56,7.5065,ECB EXR daily reference rate,1.1403450343036037,152.31456913341773,237.02640457153322
2013-05-22,2013-05-22,133.056,2013-05-22,27.86000061035156,2013-05-22,8.5451,7.465,ECB EXR daily reference rate,1.1446885465505694,152.30767924983257,238.0664912155151
2013-05-23,2013-05-23,132.150624,2013-05-23,27.149999618530273,2013-05-23,8.5943,7.534,ECB EXR daily reference rate,1.140735333156358,150.7488860954606,233.33524172153474
2013-05-24,2013-05-24,131.750175,2013-05-24,26.979999542236328,2013-05-24,8.598,7.5285,ECB EXR daily reference rate,1.1420601713488743,150.4666274357442,231.97403606414798
2013-05-27,2013-05-24,131.750175,2013-05-27,27.11000061035156,2013-05-27,8.5964,7.548,ECB EXR daily reference rate,1.1388977212506624,150.049974081876,233.0484092468261
2013-05-28,2013-05-28,133.166745,2013-05-28,27.420000076293945,2013-05-28,8.5874,7.553,ECB EXR daily reference rate,1.1369522044220841,151.40422428346355,235.46650865516665
2013-05-29,2013-05-29,132.327735,2013-05-29,26.829999923706055,2013-05-29,8.6082,7.6,ECB EXR daily reference rate,1.1326578947368422,149.88205374039472,230.95800534324647
2013-05-30,2013-05-30,131.564919,2013-05-30,26.90999984741211,2013-05-30,8.572,7.619,ECB EXR daily reference rate,1.1250820317626984,148.02132637721485,230.67251869201658
2013-05-31,2013-05-31,131.116421,2013-05-31,26.86000061035156,2013-05-31,8.5828,7.614,ECB EXR daily reference rate,1.1272392960336224,147.79958210648806,230.53401323852538
2013-06-03,2013-06-03,130.030968,2013-06-03,26.290000915527344,2013-06-03,8.5723,7.597,ECB EXR daily reference rate,1.128379623535606,146.72429471981044,225.36577484817505
2013-06-04,2013-06-04,129.660877,2013-06-04,26.549999237060547,2013-06-04,8.5704,7.5975,ECB EXR daily reference rate,1.1280552813425468,146.26463708335635,227.54411346130368
2013-06-05,2013-06-05,127.691338,2013-06-05,26.09000015258789,2013-06-05,8.6255,7.605,ECB EXR daily reference rate,1.1341880341880342,144.82598762905982,225.03929631614687
2013-06-06,2013-06-06,127.29796,2013-06-06,25.770000457763672,2013-06-06,8.6072,7.581,ECB EXR daily reference rate,1.135364727608495,144.52961368051712,221.8075479400635
2013-06-07,2013-06-07,128.479875,2013-06-07,26.18000030517578,2013-06-07,8.6912,7.6305,ECB EXR daily reference rate,1.1390079287071622,146.3395963043051,227.53561865234374
2013-06-10,2013-06-10,128.861819,2013-06-10,26.25,2013-06-10,8.7144,7.612,ECB EXR daily reference rate,1.1448239621650025,147.5240981993694,228.753
2013-06-11,2013-06-11,128.469057,2013-06-11,25.959999084472656,2013-06-11,8.7454,7.686,ECB EXR daily reference rate,1.1378350247202706,146.17659264738484,227.03057599334716
2013-06-12,2013-06-12,127.007813,2013-06-12,25.799999237060547,2013-06-12,8.6808,7.665,ECB EXR daily reference rate,1.1325244618395303,143.8394550672407,223.9646333770752
2013-06-13,2013-06-13,128.041632,2013-06-13,25.700000762939453,2013-06-13,8.6765,7.677,ECB EXR daily reference rate,1.1301940862316011,144.71189527784293,222.9860566196442
2013-06-14,2013-06-14,126.783005,2013-06-14,25.809999465942383,2013-06-14,8.6096,7.6405,ECB EXR daily reference rate,1.1268372488711471,142.86381255781689,222.21377140197754
2013-06-17,2013-06-17,128.112452,2013-06-17,26.079999923706055,2013-06-17,8.6122,7.6345,ECB EXR daily reference rate,1.1280633964241273,144.51896772734298,224.60617534294127
2013-06-18,2013-06-18,129.087149,2013-06-18,26.06999969482422,2013-06-18,8.6753,7.6935,ECB EXR daily reference rate,1.1276142197959316,145.56050480531619,226.16506835250854
2013-06-19,2013-06-19,127.773522,2013-06-19,26.100000381469727,2013-06-19,8.575,7.6765,ECB EXR daily reference rate,1.117045528561193,142.72884141861525,223.8075032711029
2013-06-20,2013-06-20,129.692265,2013-06-20,25.469999313354492,2013-06-20,8.6724,7.85,ECB EXR daily reference rate,1.1047643312101911,143.27938840585986,220.8860220451355
2013-06-21,2013-06-21,130.522811,2013-06-21,25.299999237060547,2013-06-21,8.6927,7.909,ECB EXR daily reference rate,1.0990896447085599,143.4562699683525,219.92530336799624
2013-06-24,2013-06-24,130.421373,2013-06-24,24.940000534057617,2013-06-24,8.8884,8.04,ECB EXR daily reference rate,1.1055223880597016,144.18374773298507,221.67670074691773
2013-06-25,2013-06-25,130.989719,2013-06-25,25.440000534057617,2013-06-25,8.7683,7.98,ECB EXR daily reference rate,1.098784461152882,143.92946780798246,223.0655566827774
2013-06-26,2013-06-26,131.748458,2013-06-26,25.770000457763672,2013-06-26,8.7615,7.947,ECB EXR daily reference rate,1.1024915062287655,145.25155590373726,225.7838590106964
2013-06-27,2013-06-27,132.036807,2013-06-27,26.049999237060547,2013-06-27,8.756,7.881,ECB EXR daily reference rate,1.1110265194772238,146.69639412409595,228.09379331970214
2013-06-28,2013-06-28,132.633312,2013-06-28,26.010000228881836,2013-06-28,8.7773,7.8845,ECB EXR daily reference rate,1.1132348278267488,147.65202224841144,228.29757500896454
2013-07-01,2013-07-01,133.040241,2013-07-01,26.1299991607666,2013-07-01,8.6958,7.8985,ECB EXR daily reference rate,1.1009432170665316,146.46975092584668,227.2212467021942
2013-07-02,2013-07-02,133.074287,2013-07-02,26.18000030517578,2013-07-02,8.7008,7.92,ECB EXR daily reference rate,1.0985858585858586,146.19352983959595,227.78694665527343
2013-07-03,2013-07-03,133.286156,2013-07-03,26.020000457763672,2013-07-03,8.7083,7.9355,ECB EXR daily reference rate,1.0973851679163253,146.26625068298154,226.58996998634336
2013-07-04,2013-07-03,133.286156,2013-07-04,26.489999771118164,2013-07-04,8.708,7.935,ECB EXR daily reference rate,1.097416509136736,146.27042803377444,230.67491800689697
2013-07-05,2013-07-05,137.189688,2013-07-05,26.399999618530273,2013-07-05,8.6562,7.9525,ECB EXR daily reference rate,1.0884878968877711,149.3293149658095,228.52367669792176
2013-07-08,2013-07-08,135.783791,2013-07-08,26.690000534057617,2013-07-08,8.7898,7.965,ECB EXR daily reference rate,1.1035530445699937,149.84461596130572,234.59976669425964
2013-07-09,2013-07-09,137.89754,2013-07-09,27.030000686645508,2013-07-09,8.7194,7.9,ECB EXR daily reference rate,1.1037215189873417,152.2004823134177,235.68538798713683
2013-07-10,2013-07-10,136.785731,2013-07-10,26.950000762939453,2013-07-10,8.6767,7.855,ECB EXR daily reference rate,1.1046085295989816,151.09468519003184,233.83707161979677
2013-07-11,2013-07-11,138.158663,2013-07-11,26.940000534057617,2013-07-11,8.7055,7.929,ECB EXR daily reference rate,1.0979316433345945,151.6887679085004,234.5261746492386
2013-07-12,2013-07-12,137.804507,2013-07-12,26.969999313354492,2013-07-12,8.705,7.913,ECB EXR daily reference rate,1.1000884620245166,151.59714816567674,234.77384402275086
2013-07-15,2013-07-15,138.303517,2013-07-15,27.1200008392334,2013-07-15,8.7359,7.931,ECB EXR daily reference rate,1.1014878325557937,152.33964117517337,236.91761533145907
2013-07-16,2013-07-16,136.272733,2013-07-16,26.850000381469727,2013-07-16,8.6974,7.8935,ECB EXR daily reference rate,1.1018432887819092,150.151196300019,233.5251933177948
2013-07-17,2013-07-17,136.767519,2013-07-17,27.010000228881836,2013-07-17,8.6295,7.8775,ECB EXR daily reference rate,1.0954617581720087,149.8235868245636,233.0827969751358
2013-07-18,2013-07-18,137.275077,2013-07-18,27.239999771118164,2013-07-18,8.6212,7.8535,ECB EXR daily reference rate,1.097752594384669,150.69407192110523,234.8414860267639
2013-07-19,2013-07-19,136.994356,2013-07-19,27.11000061035156,2013-07-19,8.5933,7.856,ECB EXR daily reference rate,1.09385183299389,149.8515274204175,232.96436824493404
2013-07-22,2013-07-22,136.618698,2013-07-22,27.13999938964844,2013-07-22,8.5577,7.823,ECB EXR daily reference rate,1.0939153777323278,149.4492946279688,232.25597277679447
2013-07-23,2013-07-23,135.740408,2013-07-23,27.059999465942383,2013-07-23,8.5525,7.816,ECB EXR daily reference rate,1.0942297850562948,148.53119746929374,231.43064543247223
2013-07-24,2013-07-24,136.078372,2013-07-24,27.059999465942383,2013-07-24,8.5521,7.7845,ECB EXR daily reference rate,1.0986062046374203,149.49654379615902,231.41982143268584
2013-07-25,2013-07-25,136.39513,2013-07-25,26.8700008392334,2013-07-25,8.6085,7.8255,ECB EXR daily reference rate,1.1000575043128233,150.0424863082231,231.3104022245407
2013-07-26,2013-07-26,135.964056,2013-07-26,26.729999542236328,2013-07-26,8.6118,7.864,ECB EXR daily reference rate,1.095091556459817,148.8930897076297,230.19341005783082
2013-07-29,2013-07-29,135.563007,2013-07-29,26.770000457763672,2013-07-29,8.5812,7.8605,ECB EXR daily reference rate,1.0916862794987596,147.9922747494943,229.71872792816166
2013-07-30,2013-07-30,136.003144,2013-07-30,26.809999465942383,2013-07-30,8.6818,7.872,ECB EXR daily reference rate,1.1028709349593497,149.99391458069107,232.75905336341862
2013-07-31,2013-07-31,135.322847,2013-07-31,26.86000061035156,2013-07-31,8.7128,7.8655,ECB EXR daily reference rate,1.1077236030767275,149.9003116574407,234.02581331787104
2013-08-01,2013-08-01,137.466921,2013-08-01,27.13999938964844,2013-08-01,8.6914,7.8345,ECB EXR daily reference rate,1.1093751994383814,152.50239290055524,235.88459069519047
2013-08-02,2013-08-02,138.145936,2013-08-02,27.100000381469727,2013-08-02,8.7714,7.8655,ECB EXR daily reference rate,1.1151738605301633,154.05673676567287,237.70494334602355
2013-08-05,2013-08-05,138.192388,2013-08-05,27.170000076293945,2013-08-05,8.7618,7.855,ECB EXR daily reference rate,1.1154423933800126,154.14564801761932,238.05810666847228
2013-08-06,2013-08-06,137.227655,2013-08-06,26.979999542236328,2013-08-06,8.7112,7.861,ECB EXR daily reference rate,1.1081541788576517,152.0693993430861,235.0281720123291
2013-08-07,2013-08-07,136.603725,2013-08-07,26.790000915527344,2013-08-07,8.7261,7.8995,ECB EXR daily reference rate,1.104639534147731,150.89787514684477,233.77222698898316
2013-08-08,2013-08-08,136.959016,2013-08-08,26.790000915527344,2013-08-08,8.6828,7.884,ECB EXR daily reference rate,1.1013191273465246,150.8355839833587,232.61221994934084
2013-08-09,2013-08-09,135.456715,2013-08-09,26.88999938964844,2013-08-09,8.6747,7.817,ECB EXR daily reference rate,1.1097223998976589,150.31935085205322,233.2626777053833
2013-08-12,2013-08-12,135.92089,2013-08-12,26.979999542236328,2013-08-12,8.6792,7.8085,ECB EXR daily reference rate,1.11150669142601,151.0769787395787,234.16481202697753
2013-08-13,2013-08-13,136.949907,2013-08-13,27.1200008392334,2013-08-13,8.6624,7.796,ECB EXR daily reference rate,1.111133914828117,152.16968630025653,234.9242952697754
2013-08-14,2013-08-14,136.421898,2013-08-14,27.149999618530273,2013-08-14,8.6393,7.813,ECB EXR daily reference rate,1.1057596313835916,150.84982764512992,234.5569917043686
2013-08-15,2013-08-15,136.316436,2013-08-15,26.799999237060547,2013-08-15,8.6455,7.8435,ECB EXR daily reference rate,1.1022502709249697,150.2548285125263,231.69939340400697
2013-08-16,2013-08-16,135.606976,2013-08-16,26.729999542236328,2013-08-16,8.707,7.9015,ECB EXR daily reference rate,1.1019426691134595,149.43111308384485,232.73810601425174
2013-08-19,2013-08-19,134.695052,2013-08-19,26.59000015258789,2013-08-19,8.712,7.904,ECB EXR daily reference rate,1.1022267206477732,148.46448545344128,231.6520813293457
2013-08-20,2013-08-20,135.590635,2013-08-20,26.36000061035156,2013-08-20,8.7061,7.986,ECB EXR daily reference rate,1.0901702980215375,147.81688296687952,229.49280131378168
2013-08-21,2013-08-21,137.192076,2013-08-21,26.25,2013-08-21,8.7277,8.0535,ECB EXR daily reference rate,1.0837151549015958,148.6771318936115,229.102125
2013-08-22,2013-08-22,138.811772,2013-08-22,26.43000030517578,2013-08-22,8.689,8.1225,ECB EXR daily reference rate,1.0697445367805478,148.493134737827,229.65027265167237
2013-08-23,2013-08-23,138.004546,2013-08-23,26.5,2013-08-23,8.714,8.094,ECB EXR daily reference rate,1.0765999505806771,148.5756874035088,230.92100000000002
2013-08-26,2013-08-26,138.038772,2013-08-26,26.6200008392334,2013-08-26,8.7281,8.083,ECB EXR daily reference rate,1.0798094766794506,149.055574154794,232.342029324913
2013-08-27,2013-08-27,135.793336,2013-08-27,26.18000030517578,2013-08-27,8.6894,8.029,ECB EXR daily reference rate,1.0822518370905467,146.96258735065388,227.4884946517944
2013-08-28,2013-08-28,136.228467,2013-08-28,26.200000762939453,2013-08-28,8.6875,8.059,ECB EXR daily reference rate,1.0779873433428466,146.85256322899863,227.6125066280365
2013-08-29,2013-08-29,137.438154,2013-08-29,26.440000534057617,2013-08-29,8.7178,8.049,ECB EXR daily reference rate,1.0830910672133185,148.8580368916884,230.4986366558075
2013-08-30,2013-08-30,137.184302,2013-08-30,26.25,2013-08-30,8.7503,8.0905,ECB EXR daily reference rate,1.08155243804462,148.37201628954944,229.69537499999998
2013-09-02,2013-08-30,137.184302,2013-09-02,26.670000076293945,2013-09-02,8.7222,8.0095,ECB EXR daily reference rate,1.0889818340720396,149.39121279785257,232.62107466545106
2013-09-03,2013-09-03,137.361576,2013-09-03,26.6200008392334,2013-09-03,8.7031,8.001,ECB EXR daily reference rate,1.0877515310586177,149.4152646026247,231.67652930393217
2013-09-04,2013-09-04,138.030478,2013-09-04,26.719999313354492,2013-09-04,8.7165,8.0035,ECB EXR daily reference rate,1.0890860248641219,150.32706459511462,232.90487401485444
2013-09-05,2013-09-05,139.469837,2013-09-05,26.950000762939453,2013-09-05,8.7751,8.048,ECB EXR daily reference rate,1.0903454274353876,152.07029903810886,236.48895169487
2013-09-06,2013-09-06,139.081538,2013-09-06,26.979999542236328,2013-09-06,8.7248,8.002,ECB EXR daily reference rate,1.0903274181454636,151.64441423924018,235.39510000610352
2013-09-09,2013-09-09,138.725204,2013-09-09,26.920000076293945,2013-09-09,8.7492,8.022,ECB EXR daily reference rate,1.0906507105459984,151.30074231323857,235.528464667511
2013-09-10,2013-09-10,137.829714,2013-09-10,27.239999771118164,2013-09-10,8.6887,7.861,ECB EXR daily reference rate,1.1052919475893654,152.3420730227452,236.68018601131442
2013-09-11,2013-09-11,138.066982,2013-09-11,27.190000534057617,2013-09-11,8.6717,7.85,ECB EXR daily reference rate,1.1046751592356687,152.5191653260382,235.78352763118744
2013-09-12,2013-09-12,137.568494,2013-09-12,27.200000762939453,2013-09-12,8.6924,7.8555,ECB EXR daily reference rate,1.10653682133537,152.22460406665388,236.43328663177488
2013-09-13,2013-09-13,138.449809,2013-09-13,27.270000457763672,2013-09-13,8.7048,7.8695,ECB EXR daily reference rate,1.1061439735688416,153.14542186710716,237.37989998474123
2013-09-16,2013-09-16,138.661609,2013-09-16,27.43000030517578,2013-09-16,8.6943,7.892,ECB EXR daily reference rate,1.101659908768373,152.7579355206158,238.4846516532898
2013-09-17,2013-09-17,138.817143,2013-09-17,27.350000381469727,2013-09-17,8.6352,7.8655,ECB EXR daily reference rate,1.0978577331383892,152.4014739347276,236.17272329406737
2013-09-18,2013-09-18,140.082479,2013-09-18,27.420000076293945,2013-09-18,8.6263,7.8915,ECB EXR daily reference rate,1.093112842932269,153.12595686468987,236.53314665813448
2013-09-19,2013-09-19,139.008779,2013-09-19,27.479999542236328,2013-09-19,8.5702,7.842,ECB EXR daily reference rate,1.0928589645498596,151.91699028128028,235.50909207687377
2013-09-20,2013-09-20,140.96661,2013-09-20,27.440000534057617,2013-09-20,8.5969,8.0065,ECB EXR daily reference rate,1.0737400861799786,151.36149996989943,235.89894059123992
2013-09-23,2013-09-23,140.223752,2013-09-23,27.219999313354492,2013-09-23,8.6007,7.971,ECB EXR daily reference rate,1.078998870907038,151.30127008234848,234.111048094368
2013-09-24,2013-09-24,141.295943,2013-09-24,27.309999465942383,2013-09-24,8.6315,8.02,ECB EXR daily reference rate,1.0762468827930176,152.06931820504988,235.7262603902817
2013-09-25,2013-09-25,142.179547,2013-09-25,27.209999084472656,2013-09-25,8.6881,8.133,ECB EXR daily reference rate,1.068252797245789,151.88369879388912,236.4031930458069
2013-09-26,2013-09-26,141.914409,2013-09-26,27.260000228881836,2013-09-26,8.6554,8.0625,ECB EXR daily reference rate,1.0735379844961241,152.35050860881861,235.94620598106386
2013-09-27,2013-09-27,141.864145,2013-09-27,27.11000061035156,2013-09-27,8.6863,8.103,ECB EXR daily reference rate,1.0719856843144513,152.07633255750955,235.48559830169674
2013-09-30,2013-09-30,141.206853,2013-09-30,26.969999313354492,2013-09-30,8.6575,8.114,ECB EXR daily reference rate,1.0669829923588858,150.6653105555213,233.49276905536652
2013-10-01,2013-10-01,141.600375,2013-10-01,27.1299991607666,2013-10-01,8.6329,8.131,ECB EXR daily reference rate,1.0617267248800883,150.34090239054237,234.21056975498198
2013-10-02,2013-10-02,141.88112,2013-10-02,26.90999984741211,2013-10-02,8.655,8.132,ECB EXR daily reference rate,1.0643138219380226,151.00603708804724,232.90604867935178
2013-10-03,2013-10-03,139.787487,2013-10-02,26.90999984741211,2013-10-03,8.6214,8.109,ECB EXR daily reference rate,1.0631890492045875,148.62052539422862,232.00187268447874
2013-10-04,2013-10-04,140.310924,2013-10-04,26.84000015258789,2013-10-04,8.6732,8.1145,ECB EXR daily reference rate,1.0688520549633371,149.97161945120462,232.78868932342527
2013-10-07,2013-10-07,139.57868,2013-10-07,26.799999237060547,2013-10-07,8.7425,8.127,ECB EXR daily reference rate,1.0757352036421803,150.1496997539067,234.29899333000182
2013-10-08,2013-10-08,138.047697,2013-10-08,26.559999465942383,2013-10-08,8.7023,8.082,ECB EXR daily reference rate,1.076750804256372,148.64296877048994,231.13308335247038
2013-10-09,2013-10-09,138.912121,2013-10-09,26.5,2013-10-09,8.7445,8.11,ECB EXR daily reference rate,1.0782367447595562,149.7801531546856,231.72925
2013-10-10,2013-10-10,142.249053,2013-10-10,26.969999313354492,2013-10-10,8.8217,8.19,ECB EXR daily reference rate,1.0771306471306472,153.22081451161174,237.92124294261933
2013-10-11,2013-10-11,142.159005,2013-10-11,27.1299991607666,2013-10-11,8.7659,8.1285,ECB EXR daily reference rate,1.0784154518053761,153.30646760527773,237.81885964336396
2013-10-14,2013-10-14,142.125654,2013-10-14,27.100000381469727,2013-10-14,8.7988,8.1325,ECB EXR daily reference rate,1.0819305256686136,153.7700835432155,238.44748335647583
2013-10-15,2013-10-15,142.724335,2013-10-15,27.43000030517578,2013-10-15,8.7617,8.118,ECB EXR daily reference rate,1.0792929292929292,154.04136560353533,240.33343367385862
2013-10-16,2013-10-16,143.853272,2013-10-16,27.530000686645508,2013-10-16,8.8116,8.1365,ECB EXR daily reference rate,1.0829717937688195,155.7890360173539,242.58335405044556
2013-10-17,2013-10-17,143.273528,2013-10-17,27.420000076293945,2013-10-17,8.7781,8.115,ECB EXR daily reference rate,1.081712877387554,154.98082022634628,240.6955026697159
2013-10-18,2013-10-18,143.651234,2013-10-18,27.579999923706055,2013-10-18,8.7686,8.0985,ECB EXR daily reference rate,1.082743717972464,155.5374711924924,241.8379873310089
2013-10-21,2013-10-21,143.934449,2013-10-21,27.649999618530273,2013-10-21,8.785,8.092,ECB EXR daily reference rate,1.0856401384083045,156.26101513408304,242.90524664878845
2013-10-22,2013-10-22,144.518881,2013-10-22,27.63999938964844,2013-10-22,8.7626,8.1335,ECB EXR daily reference rate,1.0773467756808264,155.69695047035103,242.19825865173345
2013-10-23,2013-10-23,144.252792,2013-10-23,27.469999313354492,2013-10-23,8.7756,8.136,ECB EXR daily reference rate,1.0786135693215342,155.59301886371685,241.0657259742737
2013-10-24,2013-10-24,144.328995,2013-10-24,27.540000915527344,2013-10-24,8.7626,8.121,ECB EXR daily reference rate,1.07900504863933,155.7317142700406,241.32201202239992
2013-10-25,2013-10-25,144.196356,2013-10-25,27.56999969482422,2013-10-25,8.7351,8.137,ECB EXR daily reference rate,1.073503748310188,154.79532865867026,240.826704334259
2013-10-28,2013-10-28,144.386806,2013-10-28,27.61000061035156,2013-10-28,8.7464,8.13,ECB EXR daily reference rate,1.0758179581795817,155.33391881899138,241.48810933837885
2013-10-29,2013-10-29,144.647707,2013-10-29,27.760000228881836,2013-10-29,8.7695,8.1195,ECB EXR daily reference rate,1.0800541905289736,156.22736209575714,243.44132200717928
2013-10-30,2013-10-30,144.16477,2013-10-30,27.700000762939453,2013-10-30,8.782,8.08,ECB EXR daily reference rate,1.0868811881188118,156.68997650247525,243.26140670013427
2013-10-31,2013-10-31,145.083101,2013-10-31,27.989999771118164,2013-10-31,8.8052,8.104,ECB EXR daily reference rate,1.0865251727541956,157.6364413777394,246.45754598464964
2013-11-01,2013-11-01,145.089315,2013-11-01,27.989999771118164,2013-11-01,8.8055,8.046,ECB EXR daily reference rate,1.0943947303007706,158.78498175894856,246.465942984581
2013-11-04,2013-11-04,145.02578,2013-11-04,28.030000686645508,2013-11-04,8.7722,8.0165,ECB EXR daily reference rate,1.094268072101291,158.69708068558595,245.88477202339172
2013-11-05,2013-11-05,145.320155,2013-11-05,28.079999923706055,2013-11-05,8.794,8.052,ECB EXR daily reference rate,1.0921510183805268,158.711555274466,246.93551932907107
2013-11-06,2013-11-06,145.752501,2013-11-06,28.1200008392334,2013-11-06,8.7874,8.0505,ECB EXR daily reference rate,1.091534687286504,159.09391060026084,247.10169537467957
2013-11-07,2013-11-07,145.815886,2013-11-07,28.200000762939453,2013-11-07,8.711,8.016,ECB EXR daily reference rate,1.0867015968063873,158.45835615593813,245.6502066459656
2013-11-08,2013-11-08,149.671482,2013-11-08,28.25,2013-11-08,8.8375,8.1755,ECB EXR daily reference rate,1.0809736407559172,161.79092681487373,249.659375
2013-11-11,2013-11-11,149.356767,2013-11-11,28.260000228881836,2013-11-11,8.7967,8.2065,ECB EXR daily reference rate,1.071918601108877,160.0982967487845,248.59474401340483
2013-11-12,2013-11-12,150.816104,2013-11-12,28.190000534057617,2013-11-12,8.9103,8.2995,ECB EXR daily reference rate,1.0735947948671607,161.91538423654436,251.18136175861358
2013-11-13,2013-11-13,151.584528,2013-11-13,28.1200008392334,2013-11-13,8.9928,8.338,ECB EXR daily reference rate,1.0785320220676424,163.48876749800917,252.87754354705814
2013-11-14,2013-11-14,151.91505,2013-11-14,28.36000061035156,2013-11-14,8.974,8.331,ECB EXR daily reference rate,1.0771816108510384,163.64009827151605,254.5026454772949
2013-11-15,2013-11-15,151.264133,2013-11-15,28.5,2013-11-15,8.9438,8.2535,ECB EXR daily reference rate,1.083637244805234,163.91544832197246,254.89829999999998
2013-11-18,2013-11-18,150.912075,2013-11-18,28.5,2013-11-18,8.9156,8.2685,ECB EXR daily reference rate,1.0782608695652174,162.7225852173913,254.09459999999999
2013-11-19,2013-11-19,149.851024,2013-11-19,28.34000015258789,2013-11-19,8.9613,8.2285,ECB EXR daily reference rate,1.0890563286139636,163.19620603648295,253.96324336738584
2013-11-20,2013-11-20,149.618352,2013-11-20,28.5,2013-11-20,8.9195,8.228,ECB EXR daily reference rate,1.084042294603792,162.19262161691785,254.20574999999997
2013-11-21,2013-11-21,150.529847,2013-11-21,28.450000762939453,2013-11-21,8.9353,8.2065,ECB EXR daily reference rate,1.0888076524706025,163.89804933882897,254.2092918170929
2013-11-22,2013-11-22,150.254227,2013-11-22,28.38999938964844,2013-11-22,8.8948,8.2065,ECB EXR daily reference rate,1.0838725400597087,162.85643067319805,252.52336657104496
2013-11-25,2013-11-25,151.753415,2013-11-25,28.520000457763672,2013-11-25,8.8915,8.2755,ECB EXR daily reference rate,1.074436589934143,163.04942172346082,253.5855840702057
2013-11-26,2013-11-26,151.19284,2013-11-26,28.329999923706055,2013-11-26,8.8942,8.2685,ECB EXR daily reference rate,1.0756727338695047,162.63401554429458,251.97268532142638
2013-11-27,2013-11-27,150.858191,2013-11-27,28.399999618530273,2013-11-27,8.91,8.253,ECB EXR daily reference rate,1.0796074154852782,162.86762169029447,253.04399660110474
2013-11-28,2013-11-27,150.858191,2013-11-28,28.3799991607666,2013-11-28,8.9301,8.276,ECB EXR daily reference rate,1.0790357660705654,162.78138369370467,253.4362305055618
2013-11-29,2013-11-29,151.758217,2013-11-29,28.40999984741211,2013-11-29,8.9075,8.32,ECB EXR daily reference rate,1.0706129807692308,162.47431705859375,253.06207364082337
2013-12-02,2013-12-02,151.364662,2013-12-02,28.399999618530273,2013-12-02,8.8904,8.3095,ECB EXR daily reference rate,1.069907936698959,161.94625320955532,252.48735660858154
2013-12-03,2013-12-03,149.889436,2013-12-03,28.049999237060547,2013-12-03,8.8677,8.29,ECB EXR daily reference rate,1.069686369119421,160.33468656419782,248.73897823448178
2013-12-04,2013-12-04,150.165587,2013-12-04,28.06999969482422,2013-12-04,8.8382,8.3105,ECB EXR daily reference rate,1.0634979844774683,159.7007991123759,248.08827130279542
2013-12-05,2013-12-05,150.018442,2013-12-05,27.729999542236328,2013-12-05,8.8631,8.4035,ECB EXR daily reference rate,1.0546914975902897,158.223175259142,245.77375894279479
2013-12-06,2013-12-06,151.504665,2013-12-06,27.920000076293945,2013-12-06,8.9261,8.434,ECB EXR daily reference rate,1.0583471662319186,160.34453287366614,249.21671268100738
2013-12-09,2013-12-09,151.531673,2013-12-09,27.950000762939453,2013-12-09,8.9554,8.4285,ECB EXR daily reference rate,1.06251408910245,161.00453750776535,250.30343683242796
2013-12-10,2013-12-10,150.321086,2013-12-10,27.760000228881836,2013-12-10,8.9897,8.4015,ECB EXR daily reference rate,1.070011307504612,160.84526177637323,249.55407405757902
2013-12-11,2013-12-11,149.267636,2013-12-11,27.549999237060547,2013-12-11,9.0124,8.4215,ECB EXR daily reference rate,1.0701656474499792,159.74109632326784,248.29161312408445
2013-12-12,2013-12-12,149.461095,2013-12-12,27.399999618530273,2013-12-12,9.0604,8.4765,ECB EXR daily reference rate,1.0688845632041526,159.75665724508934,248.25495654373168
2013-12-13,2013-12-13,149.886978,2013-12-13,27.399999618530273,2013-12-13,9.0351,8.49,ECB EXR daily reference rate,1.0642049469964663,159.5104634779505,247.56173655338287
2013-12-16,2013-12-16,150.307997,2013-12-16,27.59000015258789,2013-12-16,9.0266,8.4345,ECB EXR daily reference rate,1.0701997747347205,160.85958453022704,249.04389537734986
2013-12-17,2013-12-17,148.990745,2013-12-17,27.399999618530273,2013-12-17,9.0412,8.46,ECB EXR daily reference rate,1.0686997635933806,159.22637395910166,247.72887655105592
2013-12-18,2013-12-18,150.361345,2013-12-18,27.520000457763672,2013-12-18,8.9892,8.3795,ECB EXR daily reference rate,1.0727609045885793,161.30177247735546,247.3827881149292
2013-12-19,2013-12-19,151.997062,2013-12-19,28.059999465942383,2013-12-19,8.9539,8.383,ECB EXR daily reference rate,1.068102111415961,162.34838285122274,251.24642921810153
2013-12-20,2013-12-20,152.699416,2013-12-20,28.25,2013-12-20,8.9905,8.416,ECB EXR daily reference rate,1.0682628326996197,163.12311068773766,253.98162500000004
2013-12-23,2013-12-23,153.210675,2013-12-23,28.34000015258789,2013-12-23,8.9873,8.3975,ECB EXR daily reference rate,1.0702351890443582,163.97145572223874,254.70008337135314
2013-12-24,2013-12-23,153.210675,2013-12-23,28.34000015258789,2013-12-24,9.0015,8.4345,ECB EXR daily reference rate,1.0672239018317624,163.51009437577807,255.1025113735199
2013-12-25,2013-12-23,153.210675,2013-12-23,28.34000015258789,2013-12-24,9.0015,8.4345,ECB EXR daily reference rate,1.0672239018317624,163.51009437577807,255.1025113735199
2013-12-26,2013-12-23,153.210675,2013-12-23,28.34000015258789,2013-12-24,9.0015,8.4345,ECB EXR daily reference rate,1.0672239018317624,163.51009437577807,255.1025113735199
2013-12-27,2013-12-27,154.423691,2013-12-27,28.510000228881836,2013-12-27,8.9785,8.4475,ECB EXR daily reference rate,1.0628588339745488,164.13058415430604,255.9770370550156
2013-12-30,2013-12-30,153.49754,2013-12-30,28.510000228881836,2013-12-30,8.9283,8.4255,ECB EXR daily reference rate,1.0596759836211502,162.65765668292684,254.5458350435257
2013-12-31,2013-12-31,153.650002,2013-12-30,28.510000228881836,2013-12-31,8.8591,8.363,ECB EXR daily reference rate,1.0593208178883176,162.76464578718162,252.57294302768707
2014-01-01,2013-12-31,153.650002,2013-12-30,28.510000228881836,2013-12-31,8.8591,8.363,ECB EXR daily reference rate,1.0593208178883176,162.76464578718162,252.57294302768707
2014-01-02,2014-01-02,153.722247,2014-01-02,28.559999465942383,2014-01-02,8.8832,8.4025,ECB EXR daily reference rate,1.0572091639393038,162.51656822974115,253.70418725585938
2014-01-03,2014-01-03,153.895302,2014-01-03,28.63999938964844,2014-01-03,8.8561,8.3585,ECB EXR daily reference rate,1.059532212717593,163.0570298549022,253.63869859466556
2014-01-06,2014-01-06,154.218265,2014-01-06,28.479999542236328,2014-01-06,8.8687,8.39,ECB EXR daily reference rate,1.0570560190703218,163.01734526883195,252.58057194023132
2014-01-07,2014-01-07,154.905458,2014-01-07,28.729999542236328,2014-01-07,8.8573,8.385,ECB EXR daily reference rate,1.0563267740011926,163.63078272431724,254.47022494544984
2014-01-08,2014-01-08,155.744296,2014-01-08,28.770000457763672,2014-01-08,8.8964,8.411,ECB EXR daily reference rate,1.0577101414813934,164.73232135708,255.94943207244873
2014-01-09,2014-01-09,155.715384,2014-01-09,28.68000030517578,2014-01-09,8.926,8.4075,ECB EXR daily reference rate,1.0616711269699672,165.3185272178412,255.99768272399902
2014-01-10,2014-01-10,155.52172,2014-01-10,28.61000061035156,2014-01-10,8.882,8.4025,ECB EXR daily reference rate,1.0570663493008032,164.3967767973817,254.11402542114254
2014-01-13,2014-01-13,153.63751,2014-01-13,28.75,2014-01-13,8.8713,8.362,ECB EXR daily reference rate,1.0609064817029419,162.99503019170055,255.049875
2014-01-14,2014-01-14,153.305324,2014-01-14,28.6200008392334,2014-01-14,8.8198,8.334,ECB EXR daily reference rate,1.0582913366930646,162.24169625812337,252.42268340187076
2014-01-15,2014-01-15,155.419861,2014-01-15,28.969999313354492,2014-01-15,8.7955,8.3185,ECB EXR daily reference rate,1.0573420688826112,164.33195737518784,254.80562896060945
2014-01-16,2014-01-16,156.48785,2014-01-16,28.88999938964844,2014-01-16,8.8174,8.389,ECB EXR daily reference rate,1.0510668732864465,164.47919520681847,254.73468061828615
2014-01-17,2014-01-17,155.758675,2014-01-17,29.049999237060547,2014-01-17,8.7937,8.3795,ECB EXR daily reference rate,1.0494301569306044,163.45785074855303,255.4569782909393
2014-01-20,2014-01-17,155.758675,2014-01-20,29.010000228881836,2014-01-20,8.783,8.3775,ECB EXR daily reference rate,1.0484034616532378,163.29793405252164,254.79483201026915
2014-01-21,2014-01-21,156.338252,2014-01-21,28.969999313354492,2014-01-21,8.8071,8.372,ECB EXR daily reference rate,1.0519708552317248,164.46328466187293,255.14168095264435
2014-01-22,2014-01-22,156.028753,2014-01-22,29.020000457763672,2014-01-22,8.7958,8.3655,ECB EXR daily reference rate,1.0514374514374514,164.0544744052836,255.25412002639771
2014-01-23,2014-01-23,153.968809,2014-01-23,28.56999969482422,2014-01-23,8.7661,8.3325,ECB EXR daily reference rate,1.052037203720372,161.98091528051603,250.44747432479858
2014-01-24,2014-01-24,151.735308,2014-01-24,28.06999969482422,2014-01-24,8.8197,8.3915,ECB EXR daily reference rate,1.0510278257760828,159.47803086070425,247.56897630844114
2014-01-27,2014-01-27,150.889345,2014-01-27,27.799999237060547,2014-01-27,8.8057,8.438,ECB EXR daily reference rate,1.0435766769376629,157.46460124040055,244.79845328178405
2014-01-28,2014-01-28,150.716349,2014-01-28,27.940000534057617,2014-01-28,8.8158,8.405,ECB EXR daily reference rate,1.0488756692444974,158.08271142346223,246.31345670814514
2014-01-29,2014-01-29,151.021238,2014-01-29,27.8799991607666,2014-01-29,8.8005,8.438,ECB EXR daily reference rate,1.0429604171604645,157.5091733845698,245.35793261432647
2014-01-30,2014-01-30,153.248564,2014-01-30,28.13999938964844,2014-01-30,8.8347,8.468,ECB EXR daily reference rate,1.0433042040623524,159.88487108771847,248.6084526077271
2014-01-31,2014-01-31,153.399722,2014-01-31,28.059999465942383,2014-01-31,8.8509,8.511,ECB EXR daily reference rate,1.0399365526965103,159.52597808128303,248.35624927310943
2014-02-03,2014-02-03,150.272143,2014-02-03,27.61000061035156,2014-02-03,8.8318,8.4525,ECB EXR daily reference rate,1.0448742975451049,157.01549985772255,243.8460033905029
2014-02-04,2014-02-04,150.664059,2014-02-04,27.63999938964844,2014-02-04,8.8231,8.52,ECB EXR daily reference rate,1.035575117370892,156.02395058250002,243.87047861480715
2014-02-05,2014-02-05,149.79819,2014-02-05,27.540000915527344,2014-02-05,8.829,8.458,ECB EXR daily reference rate,1.0438637975880822,156.3689074852211,243.15066808319094
2014-02-06,2014-02-06,150.599096,2014-02-06,27.799999237060547,2014-02-06,8.7883,8.4,ECB EXR daily reference rate,1.0462261904761905,157.5607184972381,244.3147332950592
2014-02-07,2014-02-07,152.185278,2014-02-07,27.979999542236328,2014-02-07,8.8595,8.412,ECB EXR daily reference rate,1.0531978126485972,160.2812019069187,247.88880594444277
2014-02-10,2014-02-10,151.324334,2014-02-10,28.059999465942383,2014-02-10,8.8457,8.358,ECB EXR daily reference rate,1.0583512802105768,160.1543026159129,248.21033727588656
2014-02-11,2014-02-11,152.477002,2014-02-11,28.34000015258789,2014-02-11,8.82,8.368,ECB EXR daily reference rate,1.0540152963671128,160.71309245219885,249.9588013458252
2014-02-12,2014-02-12,152.923793,2014-02-12,28.600000381469727,2014-02-12,8.7718,8.332,ECB EXR daily reference rate,1.0527844455112818,160.99579061898703,250.87348334617616
2014-02-13,2014-02-13,153.083174,2014-02-13,28.489999771118164,2014-02-13,8.8106,8.3365,ECB EXR daily reference rate,1.0568703892520843,161.78907369332458,251.01399198341372
2014-02-14,2014-02-14,153.385311,2014-02-14,28.6299991607666,2014-02-14,8.8486,8.355,ECB EXR daily reference rate,1.059078396169958,162.4470691699102,253.33541057395934
2014-02-17,2014-02-14,153.385311,2014-02-17,28.68000030517578,2014-02-17,8.8286,8.32,ECB EXR daily reference rate,1.0611298076923077,162.76172556425482,253.2042506942749
2014-02-18,2014-02-18,153.285809,2014-02-18,28.68000030517578,2014-02-18,8.922,8.343,ECB EXR daily reference rate,1.0693994965839626,163.92376697806546,255.88296272277833
2014-02-19,2014-02-19,152.57201,2014-02-19,28.729999542236328,2014-02-19,8.9382,8.3185,ECB EXR daily reference rate,1.0744966039550399,163.93810660359438,256.79448190841674
2014-02-20,2014-02-20,154.48594,2014-02-20,28.700000762939453,2014-02-20,8.9606,8.3625,ECB EXR daily reference rate,1.071521674140508,165.53503305997006,257.16922683639524
2014-02-21,2014-02-21,154.132972,2014-02-21,28.780000686645508,2014-02-21,8.9953,8.367,ECB EXR daily reference rate,1.075092625791801,165.70722158857413,258.88474017658234
2014-02-24,2014-02-24,153.988035,2014-02-24,28.940000534057617,2014-02-24,8.9372,8.278,ECB EXR daily reference rate,1.079632761536603,166.25052747064507,258.64257277297975
2014-02-25,2014-02-25,153.98635,2014-02-25,28.90999984741211,2014-02-25,8.9313,8.288,ECB EXR daily reference rate,1.0776182432432433,165.93849997043918,258.2038816371918
2014-02-26,2014-02-26,154.355872,2014-02-26,28.969999313354492,2014-02-26,8.9287,8.307,ECB EXR daily reference rate,1.0748404959672564,165.90794201593835,258.66443286914824
2014-02-27,2014-02-27,154.213486,2014-02-27,28.86000061035156,2014-02-27,8.9184,8.2735,ECB EXR daily reference rate,1.0779476642291654,166.2340670263371,257.3850294433594
2014-02-28,2014-02-28,153.351625,2014-02-28,28.920000076293945,2014-02-28,8.8525,8.275,ECB EXR daily reference rate,1.0697885196374621,164.05380789274923,256.0143006753921
2014-03-03,2014-03-03,152.464223,2014-03-03,28.469999313354492,2014-03-03,8.8652,8.3175,ECB EXR daily reference rate,1.065849113315299,162.503856896856,252.39223791275023
2014-03-04,2014-03-04,154.083678,2014-03-04,29.040000915527344,2014-03-04,8.8603,8.2485,ECB EXR daily reference rate,1.074171061405104,165.5122279424623,257.30312011184697
2014-03-05,2014-03-05,153.723409,2014-03-05,29.040000915527344,2014-03-05,8.8519,8.2305,ECB EXR daily reference rate,1.0754996658769214,165.32947501696134,257.0591841041565
2014-03-06,2014-03-06,154.393502,2014-03-06,29.010000228881836,2014-03-06,8.83,8.2265,ECB EXR daily reference rate,1.0733604813711786,165.71988362730204,256.1583020210266
2014-03-07,2014-03-07,153.850011,2014-03-07,28.780000686645508,2014-03-07,8.859,8.278,ECB EXR daily reference rate,1.0701860352742207,164.64813329898524,254.96202608299257
2014-03-10,2014-03-10,153.002666,2014-03-10,28.68000030517578,2014-03-10,8.8735,8.282,ECB EXR daily reference rate,1.0714199468727361,163.930108277107,254.4919827079773
2014-03-11,2014-03-11,152.262647,2014-03-11,28.719999313354492,2014-03-11,8.8287,8.2385,ECB EXR daily reference rate,1.0716392547186988,163.17062955257632,253.5602579378128
2014-03-12,2014-03-12,151.749933,2014-03-12,28.450000762939453,2014-03-12,8.8619,8.287,ECB EXR daily reference rate,1.0693737178713647,162.2773900389405,252.12106176109316
2014-03-13,2014-03-13,149.911772,2014-03-13,28.239999771118164,2014-03-13,8.8495,8.2575,ECB EXR daily reference rate,1.0716924008477142,160.65930685001516,249.9098779745102
2014-03-14,2014-03-14,149.542155,2014-03-14,28.049999237060547,2014-03-14,8.8676,8.3075,ECB EXR daily reference rate,1.0674210051158592,159.62443739729162,248.7361732345581
2014-03-17,2014-03-17,150.467324,2014-03-17,28.290000915527344,2014-03-17,8.8604,8.28,ECB EXR daily reference rate,1.070096618357488,161.0145745857005,250.6607241119385
2014-03-18,2014-03-18,151.920281,2014-03-18,28.469999313354492,2014-03-18,8.8226,8.305,ECB EXR daily reference rate,1.0623239012642987,161.3885455930885,251.17941594200133
2014-03-19,2014-03-19,151.910941,2014-03-19,28.40999984741211,2014-03-19,8.8339,8.3175,ECB EXR daily reference rate,1.0620859633303275,161.34247811240155,250.97109765205383
2014-03-20,2014-03-20,153.453375,2014-03-20,28.56999969482422,2014-03-20,8.8576,8.3705,ECB EXR daily reference rate,1.0581924616211695,162.38320463532642,253.061629296875
2014-03-21,2014-03-21,153.299726,2014-03-21,28.6200008392334,2014-03-21,8.8541,8.3695,ECB EXR daily reference rate,1.0579007109146306,162.17588911841807,253.40434943065645
2014-03-24,2014-03-24,152.183825,2014-03-24,28.31999969482422,2014-03-24,8.8624,8.3495,ECB EXR daily reference rate,1.0614288280735371,161.53229902149826,250.98316529541015
2014-03-25,2014-03-25,153.216394,2014-03-25,28.559999465942383,2014-03-25,8.8576,8.34,ECB EXR daily reference rate,1.062062350119904,162.72536348853717,252.97305126953125
2014-03-26,2014-03-26,153.072336,2014-03-26,28.739999771118164,2014-03-26,8.9032,8.332,ECB EXR daily reference rate,1.068554968795007,163.56620521785885,255.87796596221924
2014-03-27,2014-03-27,152.101942,2014-03-27,28.63999938964844,2014-03-27,8.9191,8.2655,ECB EXR daily reference rate,1.0790756760026619,164.12950588496767,255.44301855621342
2014-03-28,2014-03-28,152.890331,2014-03-28,28.88999938964844,2014-03-28,8.9312,8.2455,ECB EXR daily reference rate,1.0831605117943122,165.6047691743618,258.0223625488282
2014-03-31,2014-03-31,153.444388,2014-03-31,28.920000076293945,2014-03-31,8.9483,8.255,ECB EXR daily reference rate,1.083985463355542,166.33148602548755,258.7848366827011
2014-04-01,2014-04-01,154.022918,2014-04-01,29.030000686645508,2014-04-01,8.9002,8.227,ECB EXR daily reference rate,1.0818281268992342,166.62632487949435,258.37281211128237
2014-04-02,2014-04-02,154.386196,2014-04-02,29.209999084472656,2014-04-02,8.9049,8.215,ECB EXR daily reference rate,1.0839805234327449,167.35162955087034,260.11212084732057
2014-04-03,2014-04-03,154.890192,2014-04-03,29.280000686645508,2014-04-03,8.9554,8.23,ECB EXR daily reference rate,1.0881409477521262,168.5423603203888,262.21411814918514
2014-04-04,2014-04-04,153.949905,2014-04-04,29.36000061035156,2014-04-04,8.9598,8.2125,ECB EXR daily reference rate,1.0909954337899543,167.95864338739727,263.0597334686279
2014-04-07,2014-04-07,152.52862,2014-04-07,28.8700008392334,2014-04-07,8.9733,8.2405,ECB EXR daily reference rate,1.0889266428008009,166.09247810763907,259.05917853069303
2014-04-08,2014-04-08,152.342281,2014-04-08,28.68000030517578,2014-04-08,8.9653,8.236,ECB EXR daily reference rate,1.088550267119961,165.83223067621415,257.1248067359924
2014-04-09,2014-04-09,152.703363,2014-04-09,28.780000686645508,2014-04-09,8.9953,8.2195,ECB EXR daily reference rate,1.0943853032422897,167.11631622287243,258.88474017658234
2014-04-10,2014-04-10,150.154699,2014-04-10,28.61000061035156,2014-04-10,9.0518,8.216,ECB EXR daily reference rate,1.101728334956183,165.42968651511683,258.97200352478023
2014-04-11,2014-04-11,148.794231,2014-04-11,28.25,2014-04-11,9.0754,8.2605,ECB EXR daily reference rate,1.0986502027722294,163.47281205948792,256.38005
2014-04-14,2014-04-14,150.418832,2014-04-14,28.440000534057617,2014-04-14,9.0688,8.24,ECB EXR daily reference rate,1.1005825242718446,165.54833782058253,257.9166768432617
2014-04-15,2014-04-15,150.183715,2014-04-15,28.290000915527344,2014-04-15,9.0902,8.2295,ECB EXR daily reference rate,1.1045871559633027,165.8910026238532,257.1617663223266
2014-04-16,2014-04-16,152.544695,2014-04-16,28.649999618530273,2014-04-16,9.092,8.24,ECB EXR daily reference rate,1.1033980582524272,168.31752025970874,260.48579653167724
2014-04-17,2014-04-16,152.544695,2014-04-17,28.770000457763672,2014-04-17,9.1091,8.2824,ECB EXR daily reference rate,1.0998140635564568,167.7708008819303,262.06881116981504
2014-04-18,2014-04-16,152.544695,2014-04-17,28.770000457763672,2014-04-17,9.1091,8.2824,ECB EXR daily reference rate,1.0998140635564568,167.7708008819303,262.06881116981504
2014-04-21,2014-04-16,152.544695,2014-04-17,28.770000457763672,2014-04-17,9.1091,8.2824,ECB EXR daily reference rate,1.0998140635564568,167.7708008819303,262.06881116981504
2014-04-22,2014-04-22,154.329259,2014-04-22,29.1299991607666,2014-04-22,9.0925,8.2615,ECB EXR daily reference rate,1.1005870604611754,169.8527855059614,264.8645173692703
2014-04-23,2014-04-23,154.292633,2014-04-23,29.049999237060547,2014-04-23,9.0829,8.2715,ECB EXR daily reference rate,1.0980958713655324,169.4281032794173,263.85823807029726
2014-04-24,2014-04-24,154.789116,2014-04-24,29.030000686645508,2014-04-24,9.069,8.2785,ECB EXR daily reference rate,1.0954883131001996,169.5696675731111,263.27307622718814
2014-04-25,2014-04-25,153.692374,2014-04-25,28.809999465942383,2014-04-25,9.0927,8.2845,ECB EXR daily reference rate,1.0975556762629008,168.68593748202068,261.96068214397434
2014-04-28,2014-04-28,153.967197,2014-04-28,28.84000015258789,2014-04-28,9.052,8.3145,ECB EXR daily reference rate,1.088700463046485,167.62415866786935,261.0596813812256
2014-04-29,2014-04-29,154.79291,2014-04-29,29.09000015258789,2014-04-29,9.0555,8.281,ECB EXR daily reference rate,1.09352735176911,169.2702809449342,263.42449638175964
2014-04-30,2014-04-30,154.182451,2014-04-30,29.020000457763672,2014-04-30,9.0723,8.272,ECB EXR daily reference rate,1.0967480657640232,169.09930490900626,263.2781501529694
2014-05-01,2014-04-30,154.182451,2014-04-30,29.020000457763672,2014-04-30,9.0723,8.272,ECB EXR daily reference rate,1.0967480657640232,169.09930490900626,263.2781501529694
2014-05-02,2014-05-02,153.959812,2014-05-02,29.1200008392334,2014-05-02,9.0246,8.2355,ECB EXR daily reference rate,1.0958168902920284,168.71176241578533,262.7963595737457
2014-05-05,2014-05-05,154.380314,2014-05-05,29.049999237060547,2014-05-05,9.0844,8.2605,ECB EXR daily reference rate,1.0997397251982326,169.77816409437685,263.90181306915287
2014-05-06,2014-05-06,152.803099,2014-05-06,28.920000076293945,2014-05-06,9.0666,8.242,ECB EXR daily reference rate,1.1000485319097304,168.0908247262072,262.20607269172666
2014-05-07,2014-05-07,152.659134,2014-05-07,28.8799991607666,2014-05-07,9.0497,8.2235,ECB EXR daily reference rate,1.100468170487019,167.99651790111267,261.3553284051895
2014-05-08,2014-05-08,152.347122,2014-05-08,29.229999542236328,2014-05-08,9.0439,8.178,ECB EXR daily reference rate,1.1058816336512594,168.47788415942773,264.35319286003113
2014-05-09,2014-05-09,152.921406,2014-05-09,29.18000030517578,2014-05-09,9.0189,8.137,ECB EXR daily reference rate,1.108381467371267,169.49525237475729,263.17150475234985
2014-05-12,2014-05-12,154.159557,2014-05-12,29.450000762939453,2014-05-12,9.0155,8.1395,ECB EXR daily reference rate,1.10762331838565,170.75072008520178,265.5064818782806
2014-05-13,2014-05-13,154.532022,2014-05-13,29.63999938964844,2014-05-13,8.991,8.13,ECB EXR daily reference rate,1.1059040590405902,170.8975903815498,266.49323451232914
2014-05-14,2014-05-14,154.247774,2014-05-14,29.600000381469727,2014-05-14,8.999,8.1165,ECB EXR daily reference rate,1.1087291320150312,171.01900058227068,266.3704034328461
2014-05-15,2014-05-15,153.743163,2014-05-15,29.260000228881836,2014-05-15,8.974,8.105,ECB EXR daily reference rate,1.1072177668106107,170.22716159925972,262.5792420539856
2014-05-16,2014-05-16,153.683588,2014-05-16,29.3700008392334,2014-05-16,9.0122,8.1505,ECB EXR daily reference rate,1.1057235752407828,169.93156637919145,264.68832156333923
2014-05-19,2014-05-19,153.72403,2014-05-19,29.420000076293945,2014-05-19,9.0461,8.1355,ECB EXR daily reference rate,1.1119291991887406,170.93023757396594,266.13626269016265
2014-05-20,2014-05-20,153.494321,2014-05-20,29.399999618530273,2014-05-20,9.0294,8.136,ECB EXR daily reference rate,1.109808259587021,170.34926524550153,265.4643565555573
2014-05-21,2014-05-21,154.535051,2014-05-21,29.540000915527344,2014-05-21,9.0008,8.139,ECB EXR daily reference rate,1.1058852438874556,170.8980325642954,265.8836402404785
2014-05-22,2014-05-22,154.858937,2014-05-22,29.729999542236328,2014-05-22,8.9944,8.12,ECB EXR daily reference rate,1.1076847290640397,171.5348796739902,267.40350788269046
2014-05-23,2014-05-23,155.68525,2014-05-23,29.84000015258789,2014-05-23,9.06,8.1305,ECB EXR daily reference rate,1.1143226123854622,173.48359448988376,270.3504013824463
2014-05-26,2014-05-23,155.68525,2014-05-26,29.979999542236328,2014-05-26,9.0371,8.1245,ECB EXR daily reference rate,1.1123269124253803,173.17289344267343,270.93225386314396
2014-05-27,2014-05-27,156.774478,2014-05-27,30.0,2014-05-27,9.0393,8.1185,ECB EXR daily reference rate,1.113419966742625,174.55583408085238,271.17900000000003
2014-05-28,2014-05-28,156.712171,2014-05-28,30.059999465942383,2014-05-28,9.032,8.102,ECB EXR daily reference rate,1.1147864724759318,174.70060830313503,271.5019151763916
2014-05-29,2014-05-28,156.712171,2014-05-29,30.100000381469727,2014-05-29,9.0255,8.1106,ECB EXR daily reference rate,1.1128029985451138,174.38977379731463,271.667553442955
2014-05-30,2014-05-30,157.66586,2014-05-30,30.100000381469727,2014-05-30,9.0823,8.1425,ECB EXR daily reference rate,1.1154190973288303,175.86351124077373,273.3772334646225
2014-06-02,2014-06-02,158.610479,2014-06-02,30.25,2014-06-02,9.1027,8.1605,ECB EXR daily reference rate,1.115458611604681,176.9234246912934,275.356675
2014-06-03,2014-06-03,158.711664,2014-06-03,30.18000030517578,2014-06-03,9.1044,8.1815,ECB EXR daily reference rate,1.1128032756829433,176.6148595882907,274.7707947784424
2014-06-04,2014-06-04,158.54336,2014-06-04,30.209999084472656,2014-06-04,9.074,8.1655,ECB EXR daily reference rate,1.111260792358092,176.18301985671422,274.12553169250486
2014-06-05,2014-06-05,159.4931,2014-06-05,30.31999969482422,2014-06-05,9.0285,8.136,ECB EXR daily reference rate,1.109697640117994,176.98911668510326,273.7441172447204
2014-06-06,2014-06-06,159.035947,2014-06-06,30.479999542236328,2014-06-06,9.0674,8.1495,ECB EXR daily reference rate,1.1126326768513406,176.94859142619794,276.37434784927365
2014-06-09,2014-06-06,159.035947,2014-06-09,30.68000030517578,2014-06-09,9.0795,8.0997,ECB EXR daily reference rate,1.1209674432386383,178.2741188916256,278.55906277084347
2014-06-10,2014-06-10,159.62016,2014-06-10,30.690000534057617,2014-06-10,9.0686,8.089,ECB EXR daily reference rate,1.1211027321053282,178.9505974750896,278.3153388431549
2014-06-11,2014-06-11,159.896627,2014-06-11,30.6299991607666,2014-06-11,9.0467,8.1085,ECB EXR daily reference rate,1.1157057408891904,178.39758469271752,277.1004134077072
2014-06-12,2014-06-12,159.196909,2014-06-12,30.600000381469727,2014-06-12,9.0637,8.1085,ECB EXR daily reference rate,1.117802306221866,177.95067202359255,277.34922345752716
2014-06-13,2014-06-13,159.580621,2014-06-13,30.579999923706055,2014-06-13,9.0232,8.1255,ECB EXR daily reference rate,1.1104793551166081,177.21098509718786,275.92945531158443
2014-06-16,2014-06-16,159.2077,2014-06-16,30.450000762939453,2014-06-16,9.0005,8.119,ECB EXR daily reference rate,1.1085724842960958,176.4932755080675,274.06523186683654
2014-06-17,2014-06-17,159.725274,2014-06-17,30.59000015258789,2014-06-17,9.0058,8.13,ECB EXR daily reference rate,1.1077244772447725,176.93159564442806,275.48742337417605
2014-06-18,2014-06-18,161.363715,2014-06-18,30.56999969482422,2014-06-18,9.007,8.1695,ECB EXR daily reference rate,1.1025154538221433,177.905989473652,275.3439872512817
2014-06-19,2014-06-19,165.052277,2014-06-19,30.75,2014-06-19,9.0885,8.314,ECB EXR daily reference rate,1.0931561222035122,180.42790708617994,279.47137499999997
2014-06-20,2014-06-20,165.22228,2014-06-20,30.86000061035156,2014-06-20,9.149,8.342,ECB EXR daily reference rate,1.0967393910333252,181.20578275233757,282.33814558410637
2014-06-23,2014-06-23,164.544427,2014-06-23,30.760000228881836,2014-06-23,9.1283,8.324,ECB EXR daily reference rate,1.0966242191254205,180.44340377031477,280.78651008930206
2014-06-24,2014-06-24,163.842239,2014-06-24,30.829999923706055,2014-06-24,9.1516,8.3035,ECB EXR daily reference rate,1.1021376527970135,180.5767007204673,282.14382730178835
2014-06-25,2014-06-25,164.592395,2014-06-25,30.540000915527344,2014-06-25,9.1734,8.3585,ECB EXR daily reference rate,1.0974935694203507,180.6390950879943,280.15564439849857
2014-06-26,2014-06-26,164.782668,2014-06-26,30.59000015258789,2014-06-26,9.1841,8.3565,ECB EXR daily reference rate,1.0990366780350627,181.10219603647462,280.94162040138247
2014-06-27,2014-06-27,164.614416,2014-06-27,30.59000015258789,2014-06-27,9.1962,8.368,ECB EXR daily reference rate,1.0989722753346078,180.90667930439767,281.31175940322873
2014-06-30,2014-06-30,164.89288,2014-06-30,30.559999465942383,2014-06-30,9.1762,8.4035,ECB EXR daily reference rate,1.0919497828285833,180.05474450597964,280.4246670993805
2014-07-01,2014-07-01,166.899716,2014-07-01,30.790000915527344,2014-07-01,9.16,8.438,ECB EXR daily reference rate,1.085565299834084,181.18054024176345,282.03640838623045
2014-07-02,2014-07-02,167.139005,2014-07-02,30.8799991607666,2014-07-02,9.1574,8.425,ECB EXR daily reference rate,1.0869317507418397,181.6686913218991,282.7805043148041
2014-07-03,2014-07-03,168.456453,2014-07-03,31.11000061035156,2014-07-03,9.3286,8.481,ECB EXR daily reference rate,1.0999410446881264,185.29216689727627,290.2127516937255
2014-07-04,2014-07-03,168.456453,2014-07-04,31.100000381469727,2014-07-04,9.3129,8.4115,ECB EXR daily reference rate,1.107162812815788,186.5087203404506,289.6311935525894
2014-07-07,2014-07-07,166.707777,2014-07-07,30.93000030517578,2014-07-07,9.3098,8.402,ECB EXR daily reference rate,1.1080457034039515,184.71983602887408,287.9521168411255
2014-07-08,2014-07-08,165.880075,2014-07-08,30.65999984741211,2014-07-08,9.2977,8.3965,ECB EXR daily reference rate,1.107330435300423,183.68405565741682,285.0674805812836
2014-07-09,2014-07-09,165.602395,2014-07-09,30.68000030517578,2014-07-09,9.2585,8.4035,ECB EXR daily reference rate,1.1017433212351997,182.45133267180344,284.05078282547
2014-07-10,2014-07-10,164.759278,2014-07-10,30.56999969482422,2014-07-10,9.2168,8.377,ECB EXR daily reference rate,1.1002506864032469,181.27650871080337,281.75757318725584
2014-07-11,2014-07-11,165.153335,2014-07-11,30.600000381469727,2014-07-11,9.2176,8.377,ECB EXR daily reference rate,1.1003461859854362,181.72584227002505,282.0585635162353
2014-07-14,2014-07-14,166.043198,2014-07-14,30.809999465942383,2014-07-14,9.2482,8.41,ECB EXR daily reference rate,1.099667063020214,182.59223587914389,284.9370370609284
2014-07-15,2014-07-15,166.534199,2014-07-15,30.790000915527344,2014-07-15,9.2564,8.4305,ECB EXR daily reference rate,1.0979657197082022,182.84884166106397,285.00456447448727
2014-07-16,2014-07-16,167.298849,2014-07-16,31.040000915527344,2014-07-16,9.2495,8.385,ECB EXR daily reference rate,1.1031007751937985,184.5474900209302,287.10448846817013
2014-07-17,2014-07-17,165.827219,2014-07-17,30.950000762939453,2014-07-17,9.247,8.3825,ECB EXR daily reference rate,1.1031315240083506,182.92923281753653,286.19465705490114
2014-07-18,2014-07-18,166.485286,2014-07-18,30.959999084472656,2014-07-18,9.2282,8.3575,ECB EXR daily reference rate,1.1041818725695483,183.8300348507568,285.70506355133057
2014-07-21,2014-07-21,166.236482,2014-07-21,30.850000381469727,2014-07-21,9.2592,8.3975,ECB EXR daily reference rate,1.1026138731765405,183.29465128126225,285.6463235321045
2014-07-22,2014-07-22,167.065,2014-07-22,31.209999084472656,2014-07-22,9.2414,8.344,ECB EXR daily reference rate,1.10755033557047,185.03289681208054,288.4240855392456
2014-07-23,2014-07-23,167.242245,2014-07-23,31.290000915527344,2014-07-23,9.2016,8.3235,ECB EXR daily reference rate,1.105496485853307,184.88571413371778,287.9180724243164
2014-07-24,2014-07-24,168.113521,2014-07-24,31.350000381469727,2014-07-24,9.2102,8.361,ECB EXR daily reference rate,1.1015667982298767,185.18827306712112,288.7397735134125
2014-07-25,2014-07-25,167.551631,2014-07-25,31.219999313354492,2014-07-25,9.1661,8.3395,ECB EXR daily reference rate,1.0991186521973741,184.15912283819176,286.16563570613863
2014-07-28,2014-07-28,167.601691,2014-07-28,31.170000076293945,2014-07-28,9.1523,8.3365,ECB EXR daily reference rate,1.097858813650813,184.00299364713013,285.2771916982651
2014-07-29,2014-07-29,167.771703,2014-07-29,31.25,2014-07-29,9.1801,8.362,ECB EXR daily reference rate,1.0978354460655344,184.18572240017937,286.878125
2014-07-30,2014-07-30,167.911829,2014-07-30,31.209999084472656,2014-07-30,9.2272,8.377,ECB EXR daily reference rate,1.1014921809717082,184.95356673615854,287.9809035522461
2014-07-31,2014-07-31,166.366222,2014-07-31,30.829999923706055,2014-07-31,9.2261,8.405,ECB EXR daily reference rate,1.0976918500892328,182.61884601953602,284.44066229610445
2014-08-01,2014-08-01,164.941765,2014-08-01,30.440000534057617,2014-08-01,9.2205,8.439,ECB EXR daily reference rate,1.092605758976182,180.21632233469606,280.6720249242782
2014-08-04,2014-08-04,165.287183,2014-08-04,30.479999542236328,2014-08-04,9.2563,8.4285,ECB EXR daily reference rate,1.0982143916473868,181.5207631254553,282.1320197628021
2014-08-05,2014-08-05,164.276854,2014-08-05,30.61000061035156,2014-08-05,9.2066,8.3865,ECB EXR daily reference rate,1.09778811184642,180.34117737273,281.81403161926266
2014-08-06,2014-08-06,163.933719,2014-08-06,30.510000228881836,2014-08-06,9.2454,8.4105,ECB EXR daily reference rate,1.0992687711788836,180.2072178399144,282.0771561161041
2014-08-07,2014-08-07,162.449555,2014-08-07,30.3700008392334,2014-08-07,9.2334,8.37,ECB EXR daily reference rate,1.1031541218637992,179.20689619318995,280.41836574897764
2014-08-08,2014-08-08,162.310304,2014-08-08,30.1200008392334,2014-08-08,9.244,8.36,ECB EXR daily reference rate,1.1057416267942584,179.47325959043062,278.4292877578735
2014-08-11,2014-08-11,162.126253,2014-08-11,30.6200008392334,2014-08-11,9.1941,8.279,ECB EXR daily reference rate,1.1105326730281435,180.04650111212706,281.52334971599583
2014-08-12,2014-08-12,161.753777,2014-08-12,30.530000686645508,2014-08-12,9.1817,8.2425,ECB EXR daily reference rate,1.1139460115256292,180.18497473835606,280.31730730457303
2014-08-13,2014-08-13,162.313021,2014-08-13,30.760000228881836,2014-08-13,9.1884,8.2375,ECB EXR daily reference rate,1.1154355083459786,181.0497070903065,282.63518610305783
2014-08-14,2014-08-14,162.653249,2014-08-14,30.790000915527344,2014-08-14,9.1842,8.226,ECB EXR daily reference rate,1.1164843180160466,181.5998017828592,282.78152640838624
2014-08-15,2014-08-15,162.699345,2014-08-15,30.709999084472656,2014-08-15,9.1542,8.2205,ECB EXR daily reference rate,1.1135818989112585,181.17904555671797,281.12547361907957
2014-08-18,2014-08-18,164.029507,2014-08-18,31.100000381469727,2014-08-18,9.1633,8.2315,ECB EXR daily reference rate,1.1131992953896614,182.59753161551353,284.97863349552154
2014-08-19,2014-08-19,164.821471,2014-08-19,31.290000915527344,2014-08-19,9.1529,8.1975,ECB EXR daily reference rate,1.1165477279658433,184.03103896503814,286.39424937973024
2014-08-20,2014-08-20,165.335895,2014-08-20,31.399999618530273,2014-08-20,9.1651,8.2035,ECB EXR daily reference rate,1.1172182604985679,184.71628100987385,287.78413650379184
2014-08-21,2014-08-21,165.283447,2014-08-21,31.540000915527344,2014-08-21,9.1695,8.163,ECB EXR daily reference rate,1.1233002572583608,185.66293853564864,289.20603839492793
2014-08-22,2014-08-22,165.161209,2014-08-22,31.549999237060547,2014-08-22,9.1532,8.1495,ECB EXR daily reference rate,1.1231609301184122,185.5026171199215,288.7834530166626
2014-08-25,2014-08-25,166.347527,2014-08-25,31.8799991607666,2014-08-25,9.1489,8.1515,ECB EXR daily reference rate,1.1223578482487884,186.70145246522725,291.66692432193753
2014-08-26,2014-08-26,166.632357,2014-08-26,31.940000534057617,2014-08-26,9.1563,8.146,ECB EXR daily reference rate,1.1240240608887797,187.2987785906089,292.4522268899918
2014-08-27,2014-08-27,166.966569,2014-08-27,31.8799991607666,2014-08-27,9.1608,8.1555,ECB EXR daily reference rate,1.1232665072650359,187.5479547906566,292.0462963119507
2014-08-28,2014-08-28,166.436024,2014-08-28,31.81999969482422,2014-08-28,9.199,8.1525,ECB EXR daily reference rate,1.128365532045385,187.80067277227846,292.712177192688
2014-08-29,2014-08-29,166.748333,2014-08-29,31.969999313354492,2014-08-29,9.1658,8.1465,ECB EXR daily reference rate,1.1251212177008534,187.6120874745474,293.0306197063446
2014-09-01,2014-08-29,166.748333,2014-09-01,32.029998779296875,2014-09-01,9.1921,8.133,ECB EXR daily reference rate,1.1302225501045127,188.46272614893647,294.4229517791748
2014-09-02,2014-09-02,167.037719,2014-09-02,32.040000915527344,2014-09-02,9.2018,8.122,ECB EXR daily reference rate,1.1329475498645654,189.24497447601576,294.8256804244995
2014-09-03,2014-09-03,168.484758,2014-09-03,32.11000061035156,2014-09-03,9.1969,8.1605,ECB EXR daily reference rate,1.1270020219349304,189.88266293121742,295.3124646133423
2014-09-04,2014-09-04,168.936888,2014-09-04,32.54999923706055,2014-09-04,9.157,8.1175,ECB EXR daily reference rate,1.1280566676932553,190.5703829277487,298.06034301376343
2014-09-05,2014-09-05,169.869536,2014-09-05,32.369998931884766,2014-09-05,9.1813,8.137,ECB EXR daily reference rate,1.1283396829298267,191.67053838967678,297.1986711933136
2014-09-08,2014-09-08,169.985727,2014-09-08,32.470001220703125,2014-09-08,9.1732,8.154,ECB EXR daily reference rate,1.1249938680402256,191.23290052935982,297.8538151977539
2014-09-09,2014-09-09,170.037418,2014-09-09,32.349998474121094,2014-09-09,9.1708,8.1715,ECB EXR daily reference rate,1.122290889065655,190.83144502164842,296.67536600646974
2014-09-10,2014-09-10,170.148473,2014-09-10,32.29999923706055,2014-09-10,9.1819,8.2005,ECB EXR daily reference rate,1.1196756295347845,190.51109862065726,296.57536299476624
2014-09-11,2014-09-11,170.955121,2014-09-11,32.27000045776367,2014-09-11,9.1945,8.2035,ECB EXR daily reference rate,1.1208020966660572,191.6068580525995,296.70651920890805
2014-09-12,2014-09-12,170.16781,2014-09-12,32.18000030517578,2014-09-12,9.2308,8.2405,ECB EXR daily reference rate,1.1201747466779928,190.6176834594988,297.0471468170166
2014-09-15,2014-09-15,170.756816,2014-09-15,32.08000183105469,2014-09-15,9.2329,8.275,ECB EXR daily reference rate,1.1157583081570996,190.52333612645316,296.19144890594487
2014-09-16,2014-09-16,171.548296,2014-09-16,32.15999984741211,2014-09-16,9.2376,8.279,ECB EXR daily reference rate,1.1157869307887427,191.41134667587875,297.0812145904541
2014-09-17,2014-09-17,171.876018,2014-09-17,32.22999954223633,2014-09-17,9.2634,8.304,ECB EXR daily reference rate,1.1155346820809249,191.7336590969653,298.55937775955204
2014-09-18,2014-09-18,170.332404,2014-09-18,32.5099983215332,2014-09-18,9.1928,8.1895,ECB EXR daily reference rate,1.1225105317784967,191.19991739314975,298.8579125701904
2014-09-19,2014-09-19,170.958311,2014-09-19,32.65999984741211,2014-09-19,9.165,8.154,ECB EXR daily reference rate,1.1239882266372332,192.15512880978662,299.32889860153193
2014-09-22,2014-09-22,169.608741,2014-09-22,32.45000076293945,2014-09-22,9.1715,8.1475,ECB EXR daily reference rate,1.1256827247621968,190.92562971236572,297.6151819972992
2014-09-23,2014-09-23,168.34277,2014-09-23,32.20000076293945,2014-09-23,9.1725,8.1595,ECB EXR daily reference rate,1.1241497640786813,189.2424851798517,295.3545069980621
2014-09-24,2014-09-24,169.768793,2014-09-24,32.45000076293945,2014-09-24,9.1825,8.179,ECB EXR daily reference rate,1.1226922606675631,190.59811000397355,297.9721320056915
2014-09-25,2014-09-25,168.301497,2014-09-25,32.2599983215332,2014-09-25,9.1836,8.145,ECB EXR daily reference rate,1.1275138121546961,189.76226247381217,296.26292058563234
2014-09-26,2014-09-26,170.119455,2014-09-26,32.29999923706055,2014-09-26,9.2132,8.1675,ECB EXR daily reference rate,1.128031833486379,191.90016073535352,297.58635297088625
2014-09-29,2014-09-29,169.74924,2014-09-29,32.290000915527344,2014-09-29,9.2018,8.196,ECB EXR daily reference rate,1.1227183992191314,190.58059500146413,297.12613042449954
2014-09-30,2014-09-30,168.574358,2014-09-30,32.560001373291016,2014-09-30,9.1465,8.119,ECB EXR daily reference rate,1.1265549944574456,189.90828494235743,297.81005256080624
2014-10-01,2014-10-01,167.524863,2014-10-01,32.2400016784668,2014-10-01,9.0932,8.142,ECB EXR daily reference rate,1.1168263325964136,187.09617836300663,293.1647832626343
2014-10-02,2014-10-02,166.52737,2014-10-02,31.549999237060547,2014-10-02,9.0894,8.1475,ECB EXR daily reference rate,1.115606014114759,185.7789354867137,286.77056306533814
2014-10-03,2014-10-03,168.8755,2014-10-02,31.549999237060547,2014-10-03,9.1122,8.1785,ECB EXR daily reference rate,1.1141651892156264,188.1552034113835,287.48990304794313
2014-10-06,2014-10-06,168.853804,2014-10-06,32.2599983215332,2014-10-06,9.0773,8.1575,ECB EXR daily reference rate,1.112755133312902,187.89293718041063,292.8336827640533
2014-10-07,2014-10-07,166.402618,2014-10-07,31.81999969482422,2014-10-07,9.0668,8.165,ECB EXR daily reference rate,1.110447030006124,184.78129294334357,288.50557323303224
2014-10-08,2014-10-08,167.24722,2014-10-08,31.469999313354492,2014-10-08,9.1322,8.1945,ECB EXR daily reference rate,1.1144304106412837,186.3853880632131,287.39032772941584
2014-10-09,2014-10-09,164.764647,2014-10-09,31.6299991607666,2014-10-09,9.1262,8.191,ECB EXR daily reference rate,1.114174093517275,183.5765012149188,288.6616983409882
2014-10-10,2014-10-10,163.731909,2014-10-10,31.149999618530273,2014-10-10,9.1506,8.258,ECB EXR daily reference rate,1.1080891256962948,181.4295478923953,285.04118650932315
2014-10-13,2014-10-13,162.16346,2014-10-13,30.8700008392334,2014-10-13,9.1103,8.2295,ECB EXR daily reference rate,1.107029588674889,179.51974842189682,281.23496864566806
2014-10-14,2014-10-14,163.207704,2014-10-14,30.790000915527344,2014-10-14,9.1585,8.29,ECB EXR daily reference rate,1.1047647768395659,180.30612268805794,281.9902233848572
2014-10-15,2014-10-15,162.073801,2014-10-15,29.88999938964844,2014-10-15,9.2003,8.38,ECB EXR daily reference rate,1.097887828162291,177.93885338189736,274.99696138458256
2014-10-16,2014-10-16,162.040001,2014-10-16,30.0,2014-10-16,9.1931,8.4565,ECB EXR daily reference rate,1.0871045940992135,176.15442951494114,275.793
2014-10-17,2014-10-17,163.656231,2014-10-17,30.65999984741211,2014-10-17,9.1532,8.3815,ECB EXR daily reference rate,1.0920718248523533,178.72435883662826,280.63711060333253
2014-10-20,2014-10-20,165.179424,2014-10-20,30.549999237060547,2014-10-20,9.1969,8.39,ECB EXR daily reference rate,1.0961740166865315,181.06539268004767,280.9652879833221
2014-10-21,2014-10-21,167.443756,2014-10-21,31.270000457763672,2014-10-21,9.2004,8.367,ECB EXR daily reference rate,1.0996055934026532,184.12209067794907,287.6965122116089
2014-10-22,2014-10-22,168.061952,2014-10-22,31.649999618530273,2014-10-22,9.2118,8.3815,ECB EXR daily reference rate,1.0990634134701425,184.71074263957522,291.5534664859772
2014-10-23,2014-10-23,168.708989,2014-10-23,31.75,2014-10-23,9.1869,8.309,ECB EXR daily reference rate,1.1056565170297268,186.53419316934648,291.684075
2014-10-24,2014-10-24,169.820207,2014-10-24,31.729999542236328,2014-10-24,9.1881,8.34,ECB EXR daily reference rate,1.1016906474820145,187.08933380535976,291.5384087940216
2014-10-27,2014-10-27,170.138828,2014-10-27,31.61000061035156,2014-10-27,9.2568,8.395,ECB EXR daily reference rate,1.102656343061346,187.60465789522334,292.6074536499023
2014-10-28,2014-10-28,172.082611,2014-10-28,31.760000228881836,2014-10-28,9.363,8.4415,ECB EXR daily reference rate,1.109163063436593,190.86767598092757,297.36888214302064
2014-10-29,2014-10-29,173.074382,2014-10-29,31.88999938964844,2014-10-29,9.3294,8.4675,ECB EXR daily reference rate,1.1017891939769708,190.69148384184237,297.5145603057862
2014-10-30,2014-10-30,174.978746,2014-10-30,32.2599983215332,2014-10-30,9.271,8.4605,ECB EXR daily reference rate,1.095798120678447,191.74138102547133,299.0824444389344
2014-10-31,2014-10-31,178.183432,2014-10-31,32.95000076293945,2014-10-31,9.2664,8.49,ECB EXR daily reference rate,1.0914487632508834,194.47808648819787,305.3278870697022
2014-11-03,2014-11-03,178.144944,2014-11-03,33.0,2014-11-03,9.23,8.464,ECB EXR daily reference rate,1.0905009451795842,194.2672298109641,304.59000000000003
2014-11-04,2014-11-04,179.778543,2014-11-04,32.56999969482422,2014-11-04,9.2623,8.5775,ECB EXR daily reference rate,1.0798367822792188,194.13148339596617,301.67310817337034
2014-11-05,2014-11-05,180.005182,2014-11-05,32.970001220703125,2014-11-05,9.2164,8.574,ECB EXR daily reference rate,1.0749241894098438,193.4919243509214,303.8647192504883
2014-11-06,2014-11-06,180.842298,2014-11-06,33.15999984741211,2014-11-06,9.2027,8.5165,ECB EXR daily reference rate,1.0805730053425702,195.41330544291665,305.1615305957794
2014-11-07,2014-11-07,180.57698,2014-11-07,33.209999084472656,2014-11-07,9.2125,8.4965,ECB EXR daily reference rate,1.0842699935267464,195.79420093567938,305.94711656570433
2014-11-10,2014-11-10,179.862585,2014-11-10,33.33000183105469,2014-11-10,9.2074,8.4235,ECB EXR daily reference rate,1.0930610791238795,196.6007912541105,306.8826588592529
2014-11-11,2014-11-11,180.988203,2014-11-11,33.369998931884766,2014-11-11,9.1908,8.4865,ECB EXR daily reference rate,1.082990632180522,196.00852838418666,306.6969861831665
2014-11-12,2014-11-12,179.33052,2014-11-12,33.220001220703125,2014-11-12,9.2283,8.4415,ECB EXR daily reference rate,1.0932061837351184,196.04523339643433,306.56413726501466
2014-11-13,2014-11-13,180.043235,2014-11-13,33.209999084472656,2014-11-13,9.2442,8.4565,ECB EXR daily reference rate,1.0931472831549696,196.81377319068173,306.9998735366821
2014-11-14,2014-11-14,179.836194,2014-11-14,33.220001220703125,2014-11-14,9.2376,8.453,ECB EXR daily reference rate,1.0928191174730866,196.5284308167988,306.8730832763672
2014-11-17,2014-11-17,179.872527,2014-11-17,33.22999954223633,2014-11-17,9.2449,8.444,ECB EXR daily reference rate,1.094848413074372,196.93315074162714,307.2080227680206
2014-11-18,2014-11-18,179.902666,2014-11-18,33.31999969482422,2014-11-18,9.2388,8.429,ECB EXR daily reference rate,1.096073081029778,197.1864694080911,307.836813180542
2014-11-19,2014-11-19,181.121367,2014-11-19,33.18000030517578,2014-11-19,9.2598,8.493,ECB EXR daily reference rate,1.0902861179795125,197.47411210957256,307.2401668258667
2014-11-20,2014-11-20,180.419703,2014-11-20,33.29999923706055,2014-11-20,9.279,8.492,ECB EXR daily reference rate,1.09267545925577,197.1401818343146,308.9906929206848
2014-11-21,2014-11-21,182.518406,2014-11-21,33.900001525878906,2014-11-21,9.2295,8.402,ECB EXR daily reference rate,1.0984884551297311,200.49436183968106,312.88006408309934
2014-11-24,2014-11-24,182.479236,2014-11-24,33.81999969482422,2014-11-24,9.2396,8.407,ECB EXR daily reference rate,1.0990365171880574,200.55134399257756,312.48326918029784
2014-11-25,2014-11-25,183.700583,2014-11-25,33.779998779296875,2014-11-25,9.2662,8.463,ECB EXR daily reference rate,1.09490724329434,201.1350989240931,313.01222468872066
2014-11-26,2014-11-26,183.924973,2014-11-26,33.7400016784668,2014-11-26,9.2514,8.51,ECB EXR daily reference rate,1.087121034077556,199.94870684044653,312.1422515281677
2014-11-27,2014-11-26,183.924973,2014-11-27,33.849998474121094,2014-11-27,9.2613,8.597,ECB EXR daily reference rate,1.0772711410957312,198.13706553971156,313.49499086837767
2014-11-28,2014-11-28,188.521211,2014-11-28,33.88999938964844,2014-11-28,9.266,8.6975,ECB EXR daily reference rate,1.0653636102328254,200.84363795642423,314.0247343444824
2014-12-01,2014-12-01,186.068003,2014-12-01,33.5,2014-12-01,9.2562,8.6745,ECB EXR daily reference rate,1.0670586200933772,198.54546652471038,310.0827
2014-12-02,2014-12-02,188.002545,2014-12-02,33.849998474121094,2014-12-02,9.2795,8.697,ECB EXR daily reference rate,1.0669771185466255,200.5944137435323,314.1110608406067
2014-12-03,2014-12-03,189.324711,2014-12-03,34.13999938964844,2014-12-03,9.2713,8.656,ECB EXR daily reference rate,1.071083641404806,202.78260086579252,316.5221763412476
2014-12-04,2014-12-04,189.1069,2014-12-04,33.70000076293945,2014-12-04,9.2747,8.721,ECB EXR daily reference rate,1.06349042540993,201.1133775289531,312.55739707603453
2014-12-05,2014-12-05,192.107044,2014-12-05,34.20000076293945,2014-12-05,9.299,8.8105,ECB EXR daily reference rate,1.0554452074229612,202.75845890199193,318.02580709457396
2014-12-08,2014-12-08,191.318181,2014-12-08,34.060001373291016,2014-12-08,9.3058,8.7975,ECB EXR daily reference rate,1.0577777777777777,202.37212034666666,316.9555607795715
2014-12-09,2014-12-09,189.017531,2014-12-09,33.310001373291016,2014-12-09,9.3004,8.8105,ECB EXR daily reference rate,1.0556041087338972,199.52768234633677,309.79633677215577
2014-12-10,2014-12-10,188.504026,2014-12-10,33.209999084472656,2014-12-10,9.3276,8.8765,ECB EXR daily reference rate,1.0508195797893314,198.0837213899172,309.76958746032716
2014-12-11,2014-12-11,191.453446,2014-12-11,33.380001068115234,2014-12-11,9.3575,9.006,ECB EXR daily reference rate,1.0390295358649788,198.9257851371308,312.3533599948883
2014-12-12,2014-12-12,190.4649,2014-12-12,32.56999969482422,2014-12-12,9.37,9.119,ECB EXR daily reference rate,1.0275249479109552,195.70743645136528,305.1808971405029
2014-12-15,2014-12-15,190.130826,2014-12-15,32.08000183105469,2014-12-15,9.4096,9.1765,ECB EXR daily reference rate,1.0254018416607638,194.96049913688225,301.85998522949217
2014-12-16,2014-12-16,191.619284,2014-12-16,32.4900016784668,2014-12-16,9.551,9.542,ECB EXR daily reference rate,1.0009431984908825,191.8000190194928,310.3120060310364
2014-12-17,2014-12-17,192.585881,2014-12-17,32.41999816894531,2014-12-17,9.5019,9.2505,ECB EXR daily reference rate,1.0271769093562508,197.81977003123072,308.0515806015014
2014-12-18,2014-12-18,195.668492,2014-12-18,33.40999984741211,2014-12-18,9.4361,9.0645,ECB EXR daily reference rate,1.0409950907385954,203.6899395842241,315.2600995601654
2014-12-19,2014-12-19,195.712602,2014-12-19,33.95000076293945,2014-12-19,9.4624,9.0145,ECB EXR daily reference rate,1.0496866160075435,205.4368989034112,321.2484872192383
2014-12-22,2014-12-22,196.980498,2014-12-22,34.0,2014-12-22,9.5536,9.0565,ECB EXR daily reference rate,1.0548887539336387,207.79251208444762,324.82239999999996
2014-12-23,2014-12-23,198.42091,2014-12-23,34.310001373291016,2014-12-23,9.5031,9.029,ECB EXR daily reference rate,1.052508583453317,208.83971091161808,326.0513740505219
2014-12-24,2014-12-23,198.42091,2014-12-23,34.310001373291016,2014-12-24,9.54,9.1511,ECB EXR daily reference rate,1.0424976232365508,206.85332707543355,327.3174131011963
2014-12-25,2014-12-23,198.42091,2014-12-23,34.310001373291016,2014-12-24,9.54,9.1511,ECB EXR daily reference rate,1.0424976232365508,206.85332707543355,327.3174131011963
2014-12-26,2014-12-23,198.42091,2014-12-23,34.310001373291016,2014-12-24,9.54,9.1511,ECB EXR daily reference rate,1.0424976232365508,206.85332707543355,327.3174131011963
2014-12-29,2014-12-29,199.829581,2014-12-29,34.45000076293945,2014-12-29,9.6234,9.0475,ECB EXR daily reference rate,1.063652942801879,212.54932188951645,331.52613734207154
2014-12-30,2014-12-30,197.606385,2014-12-30,34.31999969482422,2014-12-30,9.4746,9.042,ECB EXR daily reference rate,1.047843397478434,207.06054582183145,325.16826910858157
2014-12-31,2014-12-31,198.61,2014-12-30,34.31999969482422,2014-12-31,9.393,9.042,ECB EXR daily reference rate,1.0388188453881886,206.31981088254815,322.3677571334839
2015-01-01,2014-12-31,198.61,2014-12-30,34.31999969482422,2014-12-31,9.393,9.042,ECB EXR daily reference rate,1.0388188453881886,206.31981088254815,322.3677571334839
2015-01-02,2015-01-02,199.456276,2015-01-02,34.2599983215332,2015-01-02,9.4702,9.042,ECB EXR daily reference rate,1.0473567794735679,208.90188287715108,324.44903610458374
2015-01-05,2015-01-05,196.688415,2015-01-05,33.939998626708984,2015-01-05,9.4882,9.1075,ECB EXR daily reference rate,1.0418007136975023,204.9101311230305,322.02949496994023
2015-01-06,2015-01-06,196.812713,2015-01-06,33.529998779296875,2015-01-06,9.4208,9.1795,ECB EXR daily reference rate,1.0262868347949234,201.98629627217167,315.8794125
2015-01-07,2015-01-07,199.118295,2015-01-07,34.060001373291016,2015-01-07,9.3989,9.15,ECB EXR daily reference rate,1.0272021857923497,204.53474785524588,320.1265469074249
2015-01-08,2015-01-08,200.234753,2015-01-08,34.77000045776367,2015-01-08,9.434,9.028,ECB EXR daily reference rate,1.0449712007089056,209.23955026606114,328.0201843185425
2015-01-09,2015-01-09,198.961168,2015-01-09,34.40999984741211,2015-01-09,9.4883,9.0605,ECB EXR daily reference rate,1.0472159373103032,208.3553060354727,326.49240155220036
2015-01-12,2015-01-12,200.897925,2015-01-12,34.369998931884766,2015-01-12,9.541,9.1275,ECB EXR daily reference rate,1.0453026568063546,209.99913474938376,327.92415980911255
2015-01-13,2015-01-13,201.054702,2015-01-13,34.7599983215332,2015-01-13,9.4564,9.115,ECB EXR daily reference rate,1.0374547449259464,208.58515457957216,328.7044481277466
2015-01-14,2015-01-14,197.238449,2015-01-14,33.97999954223633,2015-01-14,9.5011,9.056,ECB EXR daily reference rate,1.0491497349823322,206.93266649667626,322.84737365074153
2015-01-15,2015-01-15,196.929757,2015-01-15,34.849998474121094,2015-01-15,9.4611,8.914,ECB EXR daily reference rate,1.061375364595019,209.0163926354835,329.7193205635071
2015-01-16,2015-01-16,197.663626,2015-01-16,35.09000015258789,2015-01-16,9.4085,8.7985,ECB EXR daily reference rate,1.0693299994317214,211.36764507825197,330.1442664356232
2015-01-19,2015-01-16,197.663626,2015-01-19,35.0099983215332,2015-01-19,9.4076,8.8325,ECB EXR daily reference rate,1.065111803000283,210.53386107643362,329.3600602096558
2015-01-20,2015-01-20,200.183535,2015-01-20,35.16999816894531,2015-01-20,9.4297,8.8015,ECB EXR daily reference rate,1.071374197579958,214.47147417934445,331.6425317337036
2015-01-21,2015-01-21,200.019305,2015-01-21,35.43000030517578,2015-01-21,9.4238,8.825,ECB EXR daily reference rate,1.0678526912181303,213.59115313983003,333.88523687591555
2015-01-22,2015-01-22,202.257642,2015-01-22,36.09000015258789,2015-01-22,9.4405,8.831,ECB EXR daily reference rate,1.0690182312308913,216.21710670377084,340.707646440506
2015-01-23,2015-01-23,205.583363,2015-01-23,36.7599983215332,2015-01-23,9.3327,8.7055,ECB EXR daily reference rate,1.0720464074435703,220.3949057343174,343.07003633537295
2015-01-26,2015-01-26,206.059658,2015-01-26,36.72999954223633,2015-01-26,9.3628,8.7345,ECB EXR daily reference rate,1.071933138702845,220.88217595997483,343.8956397140503
2015-01-27,2015-01-27,204.206205,2015-01-27,36.25,2015-01-27,9.3089,8.813,ECB EXR daily reference rate,1.0562691478497672,215.69671414098488,337.44762499999996
2015-01-28,2015-01-28,203.297631,2015-01-28,36.369998931884766,2015-01-28,9.2895,8.795,ECB EXR daily reference rate,1.0562251279135872,214.72806630750426,337.85910507774355
2015-01-29,2015-01-29,204.68732,2015-01-29,36.0099983215332,2015-01-29,9.3245,8.823,ECB EXR daily reference rate,1.056840077071291,216.321763044316,335.7752293491364
2015-01-30,2015-01-30,201.365169,2015-01-30,36.06999969482422,2015-01-30,9.3612,8.8335,ECB EXR daily reference rate,1.0597384955000848,213.39442124218033,337.6584811431885
2015-02-02,2015-02-02,200.200408,2015-02-02,36.040000915527344,2015-02-02,9.3672,8.7225,ECB EXR daily reference rate,1.0739122957867584,214.99767977272572,337.5938965759278
2015-02-03,2015-02-03,200.694256,2015-02-03,36.09000015258789,2015-02-03,9.4118,8.637,ECB EXR daily reference rate,1.089707074215584,218.69795051763344,339.67186343612667
2015-02-04,2015-02-04,200.665551,2015-02-04,36.4900016784668,2015-02-04,9.4281,8.6305,ECB EXR daily reference rate,1.0924164301025434,219.21034486797984,344.0313848247528
2015-02-05,2015-02-05,201.357298,2015-02-05,36.65999984741211,2015-02-05,9.4579,8.637,ECB EXR daily reference rate,1.095044575662846,220.4952169450272,346.72661255683903
2015-02-06,2015-02-06,201.867601,2015-02-06,36.939998626708984,2015-02-06,9.4565,8.5715,ECB EXR daily reference rate,1.1032491395905033,222.71025711444904,349.3230970134735
2015-02-09,2015-02-09,201.544048,2015-02-09,36.75,2015-02-09,9.4685,8.6145,ECB EXR daily reference rate,1.0991351790585642,221.52415328666785,347.967375
2015-02-10,2015-02-10,202.04326,2015-02-10,36.869998931884766,2015-02-10,9.4264,8.5665,ECB EXR daily reference rate,1.1003793848129342,222.32423814439971,347.5513579315185
2015-02-11,2015-02-11,203.875158,2015-02-11,36.970001220703125,2015-02-11,9.4585,8.602,ECB EXR daily reference rate,1.0995698674726808,224.17498046303186,349.6807565460205
2015-02-12,2015-02-12,207.60973,2015-02-12,36.970001220703125,2015-02-12,9.6298,8.7425,ECB EXR daily reference rate,1.1014927080354588,228.68060371221046,356.01371775512695
2015-02-13,2015-02-13,205.578539,2015-02-13,37.220001220703125,2015-02-13,9.5887,8.6535,ECB EXR daily reference rate,1.1080718784306929,227.79579787476746,356.891425704956
2015-02-16,2015-02-13,205.578539,2015-02-16,37.310001373291016,2015-02-16,9.5838,8.6035,ECB EXR daily reference rate,1.1139420003486953,229.0025689624223,357.5715911613464
2015-02-17,2015-02-17,205.103399,2015-02-17,37.310001373291016,2015-02-17,9.5235,8.5725,ECB EXR daily reference rate,1.1109361329833771,227.85677694680666,355.321798078537
2015-02-18,2015-02-18,204.943061,2015-02-18,37.540000915527344,2015-02-18,9.5489,8.548,ECB EXR daily reference rate,1.1170917173607862,228.94019597366636,358.46571474227903
2015-02-19,2015-02-19,206.776413,2015-02-19,37.54999923706055,2015-02-19,9.5713,8.645,ECB EXR daily reference rate,1.1071486408328515,228.93222460924235,359.40230769767766
2015-02-20,2015-02-20,206.248687,2015-02-20,37.599998474121094,2015-02-20,9.5213,8.593,ECB EXR daily reference rate,1.1080297916909112,228.52968969313395,358.00086547164915
2015-02-23,2015-02-23,208.716398,2015-02-23,37.86000061035156,2015-02-23,9.5656,8.6405,ECB EXR daily reference rate,1.1070655633354551,231.06273672921705,362.1536218383789
2015-02-24,2015-02-24,209.310599,2015-02-24,38.040000915527344,2015-02-24,9.5199,8.625,ECB EXR daily reference rate,1.1037565217391303,231.0279387153739,362.1370047157288
2015-02-25,2015-02-25,208.601923,2015-02-25,37.959999084472656,2015-02-25,9.491,8.6325,ECB EXR daily reference rate,1.099449753837243,229.3473328923255,360.27835131073
2015-02-26,2015-02-26,210.181978,2015-02-26,38.459999084472656,2015-02-26,9.4146,8.564,ECB EXR daily reference rate,1.0993227463801962,231.05782929458198,362.0855073806763
2015-02-27,2015-02-27,209.714817,2015-02-27,38.439998626708984,2015-02-27,9.3693,8.574,ECB EXR daily reference rate,1.0927571728481458,229.16737052928627,360.1558791332245
2015-03-02,2015-03-02,211.618346,2015-03-02,38.52000045776367,2015-03-02,9.3436,8.6085,ECB EXR daily reference rate,1.0853923447755127,229.68893276245575,359.9154762771607
2015-03-03,2015-03-03,211.397822,2015-03-03,38.2400016784668,2015-03-03,9.2765,8.6095,ECB EXR daily reference rate,1.077472559382078,227.77535231813695,354.73337557029726
2015-03-04,2015-03-04,213.448156,2015-03-04,38.56999969482422,2015-03-04,9.2379,8.6145,ECB EXR daily reference rate,1.0723663590457948,228.89462189475884,356.3058001808166
2015-03-05,2015-03-05,211.527576,2015-03-05,38.869998931884766,2015-03-05,9.214,8.546,ECB EXR daily reference rate,1.0781652234963728,228.061676253686,358.1481701583862
2015-03-06,2015-03-06,212.85189,2015-03-06,39.040000915527344,2015-03-06,9.1893,8.542,ECB EXR daily reference rate,1.0757785062046359,228.98148826703348,358.7502804130554
2015-03-09,2015-03-09,214.574639,2015-03-09,38.959999084472656,2015-03-09,9.1865,8.5785,ECB EXR daily reference rate,1.070874861572536,229.7825868361019,357.9060315895081
2015-03-10,2015-03-10,215.271729,2015-03-10,38.84000015258789,2015-03-10,9.1849,8.6395,ECB EXR daily reference rate,1.0631286532785462,228.86154334071415,356.74151740150455
2015-03-11,2015-03-11,217.549328,2015-03-11,39.349998474121094,2015-03-11,9.1204,8.657,ECB EXR daily reference rate,1.053528936121058,229.1945120816911,358.88772608337405
2015-03-12,2015-03-12,217.616971,2015-03-12,39.54999923706055,2015-03-12,9.1141,8.591,ECB EXR daily reference rate,1.0608893027587012,230.8675166326505,360.46264804649354
2015-03-13,2015-03-13,218.883301,2015-03-13,39.61000061035156,2015-03-13,9.1518,8.6255,ECB EXR daily reference rate,1.06101675265202,232.23884923677463,362.5028035858154
2015-03-16,2015-03-16,223.150139,2015-03-16,39.849998474121094,2015-03-16,9.1532,8.686,ECB EXR daily reference rate,1.0537877043518304,235.15287270260185,364.7550060333252
2015-03-17,2015-03-17,223.637045,2015-03-17,39.7400016784668,2015-03-17,9.1769,8.7915,ECB EXR daily reference rate,1.0438377978729456,233.44080057561285,364.69002140312193
2015-03-18,2015-03-18,227.517689,2015-03-18,39.689998626708984,2015-03-18,9.3325,8.9,ECB EXR daily reference rate,1.0485955056179774,238.57402613398872,370.40691218376156
2015-03-19,2015-03-19,220.053358,2015-03-19,39.970001220703125,2015-03-19,9.2797,8.6355,ECB EXR daily reference rate,1.0745990388512534,236.46912700279077,370.9096203277588
2015-03-20,2015-03-20,221.62535,2015-03-20,39.849998474121094,2015-03-20,9.3006,8.7125,ECB EXR daily reference rate,1.0675007173601148,236.5852201101865,370.6288958084106
2015-03-23,2015-03-23,217.652022,2015-03-23,39.58000183105469,2015-03-23,9.2804,8.6275,ECB EXR daily reference rate,1.0756766154737758,234.12319037598377,367.3182489929199
2015-03-24,2015-03-24,216.534167,2015-03-24,39.560001373291016,2015-03-24,9.2889,8.5935,ECB EXR daily reference rate,1.0809216268109616,234.05646405379645,367.46889675636294
2015-03-25,2015-03-25,213.786129,2015-03-25,38.939998626708984,2015-03-25,9.3026,8.593,ECB EXR daily reference rate,1.0825788432445014,231.44034023453975,362.243231224823
2015-03-26,2015-03-26,213.667285,2015-03-26,38.849998474121094,2015-03-26,9.325,8.6005,ECB EXR daily reference rate,1.0842392884134642,231.66646504563684,362.2762357711792
2015-03-27,2015-03-27,216.039123,2015-03-27,38.869998931884766,2015-03-27,9.3178,8.645,ECB EXR daily reference rate,1.0778253325621747,232.85243959391556,362.1828760475159
2015-03-30,2015-03-30,219.193898,2015-03-30,39.4900016784668,2015-03-30,9.3207,8.6545,ECB EXR daily reference rate,1.0769772950488186,236.06685135924664,368.0744586444855
2015-03-31,2015-03-31,218.165074,2015-03-31,39.52000045776367,2015-03-31,9.2901,8.7035,ECB EXR daily reference rate,1.0673981731487334,232.86900143245825,367.14475625267033
2015-04-01,2015-04-01,217.37868,2015-04-01,39.279998779296875,2015-04-01,9.2541,8.6695,ECB EXR daily reference rate,1.0674318011419344,232.03691592225618,363.5010367034912
2015-04-02,2015-04-01,217.37868,2015-04-02,39.189998626708984,2015-04-02,9.3445,8.6506,ECB EXR daily reference rate,1.080214089196125,234.8155128268559,366.2109421672821
2015-04-03,2015-04-01,217.37868,2015-04-02,39.189998626708984,2015-04-02,9.3445,8.6506,ECB EXR daily reference rate,1.080214089196125,234.8155128268559,366.2109421672821
2015-04-06,2015-04-01,217.37868,2015-04-02,39.189998626708984,2015-04-02,9.3445,8.6506,ECB EXR daily reference rate,1.080214089196125,234.8155128268559,366.2109421672821
2015-04-07,2015-04-07,220.516595,2015-04-07,39.7400016784668,2015-04-07,9.374,8.73,ECB EXR daily reference rate,1.0737686139747995,236.7837985715922,372.52277573394775
2015-04-08,2015-04-08,221.203708,2015-04-08,39.84000015258789,2015-04-08,9.3595,8.6766,ECB EXR daily reference rate,1.0787059447248923,238.61375481478925,372.8824814281464
2015-04-09,2015-04-09,223.314509,2015-04-09,40.2599983215332,2015-04-09,9.3421,8.662,ECB EXR daily reference rate,1.0785153544216115,240.84812682162314,376.11293031959536
2015-04-10,2015-04-10,223.846755,2015-04-10,40.81999969482422,2015-04-10,9.3331,8.613,ECB EXR daily reference rate,1.083606176709625,242.56172635440615,380.97713915176394
2015-04-13,2015-04-13,223.078518,2015-04-13,40.90999984741211,2015-04-13,9.3309,8.548,ECB EXR daily reference rate,1.0915886757136173,243.50998404377634,381.72711757621767
2015-04-14,2015-04-14,219.509703,2015-04-14,40.5099983215332,2015-04-14,9.3235,8.482,ECB EXR daily reference rate,1.0992100919594436,241.28728082062017,377.6949693508148
2015-04-15,2015-04-15,219.535427,2015-04-15,40.90999984741211,2015-04-15,9.3115,8.415,ECB EXR daily reference rate,1.1065359477124186,242.9238417718955,380.9334635791779
2015-04-16,2015-04-16,216.588484,2015-04-16,40.540000915527344,2015-04-16,9.2606,8.3725,ECB EXR daily reference rate,1.1060734547626156,239.5627727596775,375.42473247833254
2015-04-17,2015-04-17,215.157907,2015-04-17,39.90999984741211,2015-04-17,9.2921,8.397,ECB EXR daily reference rate,1.1065975943789448,238.09322229780872,370.84770958213807
2015-04-20,2015-04-20,217.599142,2015-04-20,40.279998779296875,2015-04-20,9.3018,8.442,ECB EXR daily reference rate,1.1018479033404407,239.76115838137883,374.6764926452637
2015-04-21,2015-04-21,217.958195,2015-04-21,40.40999984741211,2015-04-21,9.2863,8.425,ECB EXR daily reference rate,1.1022314540059348,240.24037818735906,375.25938158302307
2015-04-22,2015-04-22,219.415925,2015-04-22,40.439998626708984,2015-04-22,9.2985,8.443,ECB EXR daily reference rate,1.1013265426980932,241.6485820931541,376.03132723045354
2015-04-23,2015-04-23,218.936373,2015-04-23,40.349998474121094,2015-04-23,9.379,8.516,ECB EXR daily reference rate,1.1013386566463128,241.12309093083607,378.4426356887817
2015-04-24,2015-04-24,218.239832,2015-04-24,40.380001068115234,2015-04-24,9.3816,8.475,ECB EXR daily reference rate,1.1069734513274339,241.58570004615936,378.8290180206299
2015-04-27,2015-04-27,216.31772,2015-04-27,40.439998626708984,2015-04-27,9.3562,8.4345,ECB EXR daily reference rate,1.1092773726954768,239.9563521090758,378.36471515121457
2015-04-28,2015-04-28,215.065618,2015-04-28,40.0099983215332,2015-04-28,9.3808,8.392,ECB EXR daily reference rate,1.1178265014299333,240.4060473468065,375.3257922546387
2015-04-29,2015-04-29,209.754996,2015-04-29,39.15999984741211,2015-04-29,9.2723,8.385,ECB EXR daily reference rate,1.1058199165175908,231.9512521658676,363.1032665851593
2015-04-30,2015-04-30,208.644034,2015-04-30,38.84000015258789,2015-04-30,9.3261,8.3845,ECB EXR daily reference rate,1.1123024628779297,232.0752728829865,362.22572542304994
2015-05-01,2015-04-30,208.644034,2015-04-30,38.84000015258789,2015-04-30,9.3261,8.3845,ECB EXR daily reference rate,1.1123024628779297,232.0752728829865,362.22572542304994
2015-05-04,2015-05-04,211.2739,2015-05-04,39.209999084472656,2015-05-04,9.334,8.463,ECB EXR daily reference rate,1.1029185867895546,233.01791121351766,365.98613145446774
2015-05-05,2015-05-05,208.862023,2015-05-05,38.68000030517578,2015-05-05,9.3284,8.4475,ECB EXR daily reference rate,1.1042793725954425,230.6420237174549,360.82251484680177
2015-05-06,2015-05-06,204.331259,2015-05-06,38.130001068115234,2015-05-06,9.3066,8.413,ECB EXR daily reference rate,1.1062165695946748,226.034624391941,354.86066794052124
2015-05-07,2015-05-07,206.240687,2015-05-07,38.25,2015-05-07,9.2951,8.3275,ECB EXR daily reference rate,1.1161933353347342,230.20448030425698,355.537575
2015-05-08,2015-05-08,208.632026,2015-05-08,39.09000015258789,2015-05-08,9.2945,8.3815,ECB EXR daily reference rate,1.108930382389787,231.35839237093597,363.3220064182281
2015-05-11,2015-05-11,210.522466,2015-05-11,39.220001220703125,2015-05-11,9.269,8.4245,ECB EXR daily reference rate,1.1002433378835539,231.625940691317,363.5301913146973
2015-05-12,2015-05-12,207.961775,2015-05-12,38.72999954223633,2015-05-12,9.3147,8.3945,ECB EXR daily reference rate,1.1096193936506045,230.7584186780034,360.75832673606874
2015-05-13,2015-05-13,205.71878,2015-05-13,38.470001220703125,2015-05-13,9.3267,8.357,ECB EXR daily reference rate,1.116034462127558,229.58924798683745,358.79816038513184
2015-05-14,2015-05-13,205.71878,2015-05-14,38.75,2015-05-14,9.3907,8.4328,ECB EXR daily reference rate,1.1135921639313158,229.0868213815103,363.889625
2015-05-15,2015-05-15,206.283979,2015-05-15,38.529998779296875,2015-05-15,9.4273,8.3745,ECB EXR daily reference rate,1.1257149680577947,232.21696283081977,363.23385749206545
2015-05-18,2015-05-18,208.086497,2015-05-18,38.900001525878906,2015-05-18,9.3836,8.3815,ECB EXR daily reference rate,1.1195609377796336,232.96551372059892,365.0220543182373
2015-05-19,2015-05-19,212.292604,2015-05-19,39.619998931884766,2015-05-19,9.3133,8.3545,ECB EXR daily reference rate,1.1147644981746365,236.65625816424685,368.99293605232236
2015-05-20,2015-05-20,213.249186,2015-05-20,39.75,2015-05-20,9.2927,8.3975,ECB EXR daily reference rate,1.1066031557011013,235.98222217829112,369.384825
2015-05-21,2015-05-21,213.777177,2015-05-21,39.83000183105469,2015-05-21,9.2613,8.433,ECB EXR daily reference rate,1.0982212735681254,234.77464358473856,368.87759595794677
2015-05-22,2015-05-22,214.76029,2015-05-22,40.0,2015-05-22,9.2476,8.4135,ECB EXR daily reference rate,1.0991382896535329,236.0512578360967,369.904
2015-05-25,2015-05-22,214.76029,2015-05-22,40.0,2015-05-25,9.2425,8.39,ECB EXR daily reference rate,1.1016090584028604,236.58188084922523,369.7
2015-05-26,2015-05-26,215.149098,2015-05-26,40.060001373291016,2015-05-26,9.186,8.3685,ECB EXR daily reference rate,1.0976877576626636,236.16653094676468,367.99117261505125
2015-05-27,2015-05-27,217.995135,2015-05-27,40.22999954223633,2015-05-27,9.2708,8.4255,ECB EXR daily reference rate,1.1003263901252152,239.86579995940895,372.96427975616456
2015-05-28,2015-05-28,219.497872,2015-05-28,40.099998474121094,2015-05-28,9.2617,8.491,ECB EXR daily reference rate,1.0907666941467435,239.42096821368506,371.3941558677673
2015-05-29,2015-05-29,216.799157,2015-05-29,39.58000183105469,2015-05-29,9.3272,8.536,ECB EXR daily reference rate,1.0926897844423618,236.89422412961576,369.17059307861325
2015-06-01,2015-06-01,221.685523,2015-06-01,39.790000915527344,2015-06-01,9.3734,8.7065,ECB EXR daily reference rate,1.0765979440647793,238.66617829072533,372.96759458160403
2015-06-02,2015-06-02,218.355493,2015-06-02,39.150001525878906,2015-06-02,9.381,8.6755,ECB EXR daily reference rate,1.0813209613278774,236.1123716019826,367.26616431427004
2015-06-03,2015-06-03,216.423591,2015-06-03,38.93000030517578,2015-06-03,9.389,8.7145,ECB EXR daily reference rate,1.0773997360720637,233.17471982316826,365.5137728652954
2015-06-04,2015-06-04,214.645214,2015-06-04,38.540000915527344,2015-06-04,9.3396,8.737,ECB EXR daily reference rate,1.0689710426919996,229.44951821842741,359.9481925506592
2015-06-05,2015-06-05,219.014376,2015-06-05,38.75,2015-06-05,9.3417,8.8085,ECB EXR daily reference rate,1.0605324402565703,232.27185063055003,361.99087499999996
2015-06-08,2015-06-08,216.436445,2015-06-08,38.27000045776367,2015-06-08,9.3678,8.827,ECB EXR daily reference rate,1.0612665684830633,229.69676327982327,358.50571028823856
2015-06-09,2015-06-09,213.37743,2015-06-09,38.029998779296875,2015-06-09,9.3535,8.778,ECB EXR daily reference rate,1.065561631351105,227.3668024043062,355.71359358215335
2015-06-10,2015-06-10,214.684248,2015-06-10,38.45000076293945,2015-06-10,9.3616,8.699,ECB EXR daily reference rate,1.07616967467525,231.0366773280607,359.95352714233394
2015-06-11,2015-06-11,218.528125,2015-06-11,38.70000076293945,2015-06-11,9.2558,8.786,ECB EXR daily reference rate,1.0534714318233556,230.2131367374232,358.199467061615
2015-06-12,2015-06-12,214.207047,2015-06-12,38.40999984741211,2015-06-12,9.204,8.695,ECB EXR daily reference rate,1.0585393904542841,226.74659696239218,353.5256385955811
2015-06-15,2015-06-15,213.630152,2015-06-15,38.13999938964844,2015-06-15,9.178,8.712,ECB EXR daily reference rate,1.0534894398530763,225.05710916620757,350.0489143981934
2015-06-16,2015-06-16,214.769325,2015-06-16,38.33000183105469,2015-06-16,9.1944,8.723,ECB EXR daily reference rate,1.0540410409262868,226.375682882036,352.42136883544924
2015-06-17,2015-06-17,213.236175,2015-06-17,38.279998779296875,2015-06-17,9.2185,8.7245,ECB EXR daily reference rate,1.0566221559974784,225.3100669651556,352.88416874694826
2015-06-18,2015-06-18,216.019298,2015-06-18,38.22999954223633,2015-06-18,9.216,8.831,ECB EXR daily reference rate,1.0435964216962972,225.43696641014608,352.32767578125
2015-06-19,2015-06-19,216.441419,2015-06-19,38.38999938964844,2015-06-19,9.2177,8.8255,ECB EXR daily reference rate,1.0444394085320945,226.05994764220725,353.8674973739624
2015-06-22,2015-06-22,216.762905,2015-06-22,38.709999084472656,2015-06-22,9.2253,8.742,ECB EXR daily reference rate,1.0552848318462593,228.74660575343168,357.1113545539856
2015-06-23,2015-06-23,219.421171,2015-06-23,39.290000915527344,2015-06-23,9.2071,8.7255,ECB EXR daily reference rate,1.0551945447252307,231.53202263642197,361.7469674293518
2015-06-24,2015-06-24,219.481925,2015-06-24,39.209999084472656,2015-06-24,9.2118,8.769,ECB EXR daily reference rate,1.050496065685939,230.56489870167633,361.1946695663452
2015-06-25,2015-06-25,218.025935,2015-06-25,39.08000183105469,2015-06-25,9.2276,8.7595,ECB EXR daily reference rate,1.053439123237628,229.67704980946405,360.6146248962403
2015-06-26,2015-06-26,218.402912,2015-06-26,39.060001373291016,2015-06-26,9.2641,8.773,ECB EXR daily reference rate,1.055978570614385,230.6287948317793,361.85575872230527
2015-06-29,2015-06-29,214.848236,2015-06-29,38.279998779296875,2015-06-29,9.2447,8.8065,ECB EXR daily reference rate,1.0497587009595186,225.5388051268041,353.8871047149658
2015-06-30,2015-06-30,213.668908,2015-06-30,38.13999938964844,2015-06-30,9.215,8.791,ECB EXR daily reference rate,1.0482311454897053,223.97440418837445,351.46009437561037
2015-07-01,2015-07-01,215.85286,2015-07-01,38.630001068115234,2015-07-01,9.246,8.7435,ECB EXR daily reference rate,1.0574712643678161,228.2581967816092,357.17298987579346
2015-07-02,2015-07-02,217.547301,2015-07-02,38.52000045776367,2015-07-02,9.348,8.795,ECB EXR daily reference rate,1.062876634451393,231.22594312086414,360.0849642791748
2015-07-03,2015-07-02,217.547301,2015-07-03,38.47999954223633,2015-07-03,9.3726,8.85,ECB EXR daily reference rate,1.0590508474576272,230.3936534861695,360.65764370956424
2015-07-06,2015-07-06,218.011729,2015-07-06,38.34000015258789,2015-07-06,9.3699,8.9095,ECB EXR daily reference rate,1.0516751781805938,229.27752394153433,359.2419674297333
2015-07-07,2015-07-07,222.924888,2015-07-07,38.060001373291016,2015-07-07,9.3288,8.983,ECB EXR daily reference rate,1.0384949348769896,231.50636704602022,355.0541408111572
2015-07-08,2015-07-08,219.47133,2015-07-08,37.810001373291016,2015-07-08,9.3927,9.07,ECB EXR daily reference rate,1.0355788313120176,227.27986342789413,355.1379998989105
2015-07-09,2015-07-09,218.204105,2015-07-09,38.22999954223633,2015-07-09,9.3627,9.0185,ECB EXR daily reference rate,1.0381659921272939,226.53208115357322,357.93601671409607
2015-07-10,2015-07-10,218.084755,2015-07-10,38.290000915527344,2015-07-10,9.4101,8.9005,ECB EXR daily reference rate,1.0572552103814394,230.57124352850968,360.31273761520384
2015-07-13,2015-07-13,222.320771,2015-07-13,39.13999938964844,2015-07-13,9.3884,8.9035,ECB EXR daily reference rate,1.0544617285337228,234.42874447760997,367.4619702697754
2015-07-14,2015-07-14,225.078289,2015-07-14,39.380001068115234,2015-07-14,9.408,8.9925,ECB EXR daily reference rate,1.0462051709758131,235.4780698261885,370.4870500488281
2015-07-15,2015-07-15,225.185336,2015-07-15,39.58000183105469,2015-07-15,9.357,8.9405,ECB EXR daily reference rate,1.0465857614227392,235.67576633879537,370.3500771331787
2015-07-16,2015-07-16,226.85545,2015-07-16,40.04999923706055,2015-07-16,9.2787,8.858,ECB EXR daily reference rate,1.047493790923459,237.62967531214719,371.61192792091373
2015-07-17,2015-07-17,227.473313,2015-07-17,40.16999816894531,2015-07-17,9.3435,8.8805,ECB EXR daily reference rate,1.0521367040144136,239.33302179105905,375.3283778915405
2015-07-20,2015-07-20,229.11981,2015-07-20,40.25,2015-07-20,9.3443,8.8955,ECB EXR daily reference rate,1.0504524759709966,240.6794717085043,376.10807500000004
2015-07-21,2015-07-21,225.380404,2015-07-21,39.83000183105469,2015-07-21,9.3683,8.9165,ECB EXR daily reference rate,1.0506701059832895,236.8004529572366,373.13940615386963
2015-07-22,2015-07-22,225.905512,2015-07-22,39.70000076293945,2015-07-22,9.3836,8.899,ECB EXR daily reference rate,1.0544555568041354,238.20732244108328,372.5289271591186
2015-07-23,2015-07-23,225.768003,2015-07-23,39.41999816894531,2015-07-23,9.4322,8.963,ECB EXR daily reference rate,1.052348544014281,237.58662924206183,371.81730672912596
2015-07-24,2015-07-24,223.428263,2015-07-24,39.119998931884766,2015-07-24,9.4263,8.9955,ECB EXR daily reference rate,1.047890611972653,234.12837924705684,368.7568459316253
2015-07-27,2015-07-27,220.823449,2015-07-27,38.189998626708984,2015-07-27,9.453,9.042,ECB EXR daily reference rate,1.0454545454545454,230.8608785,361.01005701828
2015-07-28,2015-07-28,223.752571,2015-07-28,38.619998931884766,2015-07-28,9.4537,9.0215,ECB EXR daily reference rate,1.047907775868758,234.47205902152635,365.10188390235896
2015-07-29,2015-07-29,223.847154,2015-07-29,39.04999923706055,2015-07-29,9.4766,8.9975,ECB EXR daily reference rate,1.053248124479022,235.76659512046677,370.06122276992795
2015-07-30,2015-07-30,224.713604,2015-07-30,39.41999816894531,2015-07-30,9.4714,8.943,ECB EXR daily reference rate,1.0590853181259086,237.99087877955944,373.3625706573486
2015-07-31,2015-07-31,224.379736,2015-07-31,39.279998779296875,2015-07-31,9.4622,9.0015,ECB EXR daily reference rate,1.051180358829084,235.86357140245514,371.67520444946285
2015-08-03,2015-08-03,226.350188,2015-08-03,39.41999816894531,2015-08-03,9.4865,9.0005,ECB EXR daily reference rate,1.0539970001666572,238.57241913915888,373.9578126296997
2015-08-04,2015-08-04,226.638346,2015-08-04,39.36000061035156,2015-08-04,9.445,9.0015,ECB EXR daily reference rate,1.049269566183414,237.80471898794647,371.7552057647705
2015-08-05,2015-08-05,227.672462,2015-08-05,39.900001525878906,2015-08-05,9.4776,8.9955,ECB EXR daily reference rate,1.053593463398366,239.87421775901285,378.15625446166996
2015-08-06,2015-08-06,227.147567,2015-08-06,39.34000015258789,2015-08-06,9.5365,9.026,ECB EXR daily reference rate,1.0565588300465323,239.99476763743633,375.1659114551544
2015-08-07,2015-08-07,225.905939,2015-08-07,39.0099983215332,2015-08-07,9.5744,9.041,ECB EXR daily reference rate,1.0589978984625594,239.23391465121114,373.4973279296875
2015-08-10,2015-08-10,227.075015,2015-08-10,39.400001525878906,2015-08-10,9.5958,9.026,ECB EXR daily reference rate,1.063128739197873,241.4099744002881,378.0745346420288
2015-08-11,2015-08-11,226.052165,2015-08-11,38.7400016784668,2015-08-11,9.5853,9.0835,ECB EXR daily reference rate,1.055243023063797,238.53996996471625,371.3345380886078
2015-08-12,2015-08-12,221.972179,2015-08-12,37.81999969482422,2015-08-12,9.5815,9.076,ECB EXR daily reference rate,1.0556963420008814,234.33521739626488,362.37232707595825
2015-08-13,2015-08-13,223.93761,2015-08-13,38.369998931884766,2015-08-13,9.452,9.0745,ECB EXR daily reference rate,1.0416000881591272,233.25343431814426,362.6732299041748
2015-08-14,2015-08-14,224.470983,2015-08-14,38.400001525878906,2015-08-14,9.4308,9.1375,ECB EXR daily reference rate,1.0320984952120384,231.67616377306706,362.1427343902588
2015-08-17,2015-08-17,224.746265,2015-08-17,38.689998626708984,2015-08-17,9.445,9.1585,ECB EXR daily reference rate,1.0312824152426707,231.7768709859693,365.4270370292664
2015-08-18,2015-08-18,226.35306,2015-08-18,38.810001373291016,2015-08-18,9.4282,9.1555,ECB EXR daily reference rate,1.0297853749112555,233.09507075440993,365.9084549476624
2015-08-19,2015-08-19,225.331589,2015-08-19,38.16999816894531,2015-08-19,9.4604,9.168,ECB EXR daily reference rate,1.0318935427574172,232.51821166836825,361.10345067749023
2015-08-20,2015-08-20,219.193634,2015-08-20,37.349998474121094,2015-08-20,9.5014,9.2325,ECB EXR daily reference rate,1.0291253723260223,225.57773020174386,354.8772755020142
2015-08-21,2015-08-21,212.378695,2015-08-21,35.88999938964844,2015-08-21,9.5314,9.2745,ECB EXR daily reference rate,1.027699606447787,218.26150126939459,342.0819401824951
2015-08-24,2015-08-24,204.307886,2015-08-24,33.650001525878906,2015-08-24,9.5035,9.369,ECB EXR daily reference rate,1.0143558544134914,207.2409002669442,319.7927895011902
2015-08-25,2015-08-25,205.049048,2015-08-25,34.88999938964844,2015-08-25,9.5653,9.3885,ECB EXR daily reference rate,1.0188315492357671,208.91043924315917,333.73331116180424
2015-08-26,2015-08-26,211.118497,2015-08-26,34.13999938964844,2015-08-26,9.6557,9.502,ECB EXR daily reference rate,1.0161755419911596,214.533453113334,329.6455921066284
2015-08-27,2015-08-27,214.812929,2015-08-27,35.9900016784668,2015-08-27,9.5701,9.4025,ECB EXR daily reference rate,1.0178250465301781,218.64197945470886,344.4279150630951
2015-08-28,2015-08-28,214.727219,2015-08-28,36.33000183105469,2015-08-28,9.4953,9.34,ECB EXR daily reference rate,1.016627408993576,218.29757629236616,344.9642663864136
2015-08-31,2015-08-31,216.15052,2015-08-31,36.08000183105469,2015-08-31,9.5032,9.3585,ECB EXR daily reference rate,1.0154618795747181,219.4926133102527,342.8754734008789
2015-09-01,2015-09-01,207.985036,2015-09-01,35.08000183105469,2015-09-01,9.4954,9.356,ECB EXR daily reference rate,1.0148995297135528,211.08391522385637,333.09864938659666
2015-09-02,2015-09-02,209.47277,2015-09-02,35.04999923706055,2015-09-02,9.4968,9.3015,ECB EXR daily reference rate,1.0209966134494437,213.8709887798742,332.8628327545166
2015-09-03,2015-09-03,210.402743,2015-09-03,36.15999984741211,2015-09-03,9.3907,9.273,ECB EXR daily reference rate,1.0126927639383156,213.0733353488731,339.56771056709294
2015-09-04,2015-09-04,208.189385,2015-09-04,35.16999816894531,2015-09-04,9.4147,9.2165,ECB EXR daily reference rate,1.0215049096728692,212.6664789192752,331.1149817611694
2015-09-07,2015-09-04,208.189385,2015-09-07,35.310001373291016,2015-09-07,9.4197,9.2645,ECB EXR daily reference rate,1.0167521183010417,211.6769982065411,332.60961993598943
2015-09-08,2015-09-08,210.391873,2015-09-08,35.599998474121094,2015-09-08,9.4188,9.2245,ECB EXR daily reference rate,1.02106347227492,214.82345638380397,335.3092656280517
2015-09-09,2015-09-09,209.658536,2015-09-09,36.11000061035156,2015-09-09,9.4024,9.2,ECB EXR daily reference rate,1.022,214.271023792,339.5206697387695
2015-09-10,2015-09-10,208.617467,2015-09-10,35.40999984741211,2015-09-10,9.4001,9.176,ECB EXR daily reference rate,1.024422406277245,213.71240753560375,332.85753956565856
2015-09-11,2015-09-11,209.154267,2015-09-11,35.11000061035156,2015-09-11,9.3709,9.271,ECB EXR daily reference rate,1.0107755366195663,211.40801646319704,329.01230471954347
2015-09-14,2015-09-14,208.472863,2015-09-14,35.16999816894531,2015-09-14,9.335,9.257,ECB EXR daily reference rate,1.0084260559576539,210.2294670092903,328.3119329071045
2015-09-15,2015-09-15,210.144052,2015-09-15,35.540000915527344,2015-09-15,9.3277,9.2565,ECB EXR daily reference rate,1.0076918921838707,211.7604573910657,331.5064665397644
2015-09-16,2015-09-16,210.864983,2015-09-16,35.91999816894531,2015-09-16,9.3251,9.2385,ECB EXR daily reference rate,1.0093738160956867,212.8415925716621,334.95757492523194
2015-09-17,2015-09-17,211.230152,2015-09-17,35.959999084472656,2015-09-17,9.3317,9.2165,ECB EXR daily reference rate,1.0124993218683882,213.87038565815658,335.56792345657345
2015-09-18,2015-09-18,207.445101,2015-09-18,35.27000045776367,2015-09-18,9.3248,9.237,ECB EXR daily reference rate,1.0095052506224964,209.41691867541408,328.8857002685547
2015-09-21,2015-09-21,209.797611,2015-09-21,35.81999969482422,2015-09-21,9.33,9.2205,ECB EXR daily reference rate,1.011875711729299,212.28910694973158,334.20059715271
2015-09-22,2015-09-22,208.197055,2015-09-22,35.060001373291016,2015-09-22,9.3412,9.2145,ECB EXR daily reference rate,1.0137500678278801,211.0597786278149,327.5024848281861
2015-09-23,2015-09-23,207.792336,2015-09-23,35.09000015258789,2015-09-23,9.3798,9.237,ECB EXR daily reference rate,1.015459564793764,211.0047150820396,329.1371834312439
2015-09-24,2015-09-24,209.930649,2015-09-24,34.290000915527344,2015-09-24,9.4292,9.463,ECB EXR daily reference rate,0.9964281940188102,209.18081745226672,323.3272766326904
2015-09-25,2015-09-25,213.737733,2015-09-25,35.22999954223633,2015-09-25,9.3917,9.513,ECB EXR daily reference rate,0.9872490276463787,211.0123690755913,330.86958670082095
2015-09-28,2015-09-28,209.110635,2015-09-28,34.25,2015-09-28,9.4527,9.582,ECB EXR daily reference rate,0.9865059486537257,206.28888535425796,323.754975
2015-09-29,2015-09-29,206.397341,2015-09-29,33.959999084472656,2015-09-29,9.4462,9.522,ECB EXR daily reference rate,0.9920394875026254,204.75431238754462,320.7929433517456
2015-09-30,2015-09-30,211.65106,2015-09-30,34.779998779296875,2015-09-30,9.4083,9.5245,ECB EXR daily reference rate,0.9877998845083732,209.06889262407478,327.2206625152588
2015-10-01,2015-10-01,209.880773,2015-10-01,34.72999954223633,2015-10-01,9.3754,9.4565,ECB EXR daily reference rate,0.9914238883307779,208.08081205352934,325.6076377082825
2015-10-02,2015-10-02,210.101542,2015-10-02,34.72999954223633,2015-10-02,9.3412,9.4125,ECB EXR daily reference rate,0.9924249667994689,208.51001584386722,324.419871723938
2015-10-05,2015-10-05,215.728693,2015-10-05,35.900001525878906,2015-10-05,9.3513,9.387,ECB EXR daily reference rate,0.9961968680089485,214.90824830626397,335.71168426895144
2015-10-06,2015-10-06,213.544084,2015-10-06,35.880001068115234,2015-10-06,9.3121,9.3765,ECB EXR daily reference rate,0.9931317655841732,212.07741317297499,334.11815794639585
2015-10-07,2015-10-07,213.02168,2015-10-07,36.0,2015-10-07,9.2924,9.258,ECB EXR daily reference rate,1.0037157053359258,213.8132057930439,334.5264
2015-10-08,2015-10-08,212.444807,2015-10-08,36.13999938964844,2015-10-08,9.279,9.2185,ECB EXR daily reference rate,1.0065628898410803,213.83905886565057,335.3430543365478
2015-10-09,2015-10-09,212.245163,2015-10-09,36.25,2015-10-09,9.2683,9.1895,ECB EXR daily reference rate,1.0085750040807442,214.0651661388432,335.975875
2015-10-12,2015-10-12,211.840643,2015-10-12,36.189998626708984,2015-10-12,9.3017,9.158,ECB EXR daily reference rate,1.0156911989517363,215.16467667537674,336.62851022605895
2015-10-13,2015-10-13,211.88262,2015-10-13,36.06999969482422,2015-10-13,9.256,9.269,ECB EXR daily reference rate,0.9985974754558204,211.58544942496493,333.86391717529295
2015-10-14,2015-10-14,210.414933,2015-10-14,35.5099983215332,2015-10-14,9.2716,9.24,ECB EXR daily reference rate,1.0034199134199133,211.13453385311686,329.23450043792724
2015-10-15,2015-10-15,213.186956,2015-10-15,35.93000030517578,2015-10-15,9.3274,9.217,ECB EXR daily reference rate,1.011977866984919,215.74048100188782,335.13348484649663
2015-10-16,2015-10-16,213.809124,2015-10-16,36.40999984741211,2015-10-16,9.3557,9.2005,ECB EXR daily reference rate,1.0168686484430194,217.41579494666593,340.6410355724335
2015-10-19,2015-10-19,214.263185,2015-10-19,36.5,2015-10-19,9.394,9.185,ECB EXR daily reference rate,1.022754491017964,219.13863471856286,342.88100000000003
2015-10-20,2015-10-20,213.855993,2015-10-20,36.369998931884766,2015-10-20,9.4235,9.2355,ECB EXR daily reference rate,1.020356234096692,218.20929565648856,342.7326849346161
2015-10-21,2015-10-21,214.649873,2015-10-21,36.439998626708984,2015-10-21,9.4219,9.2625,ECB EXR daily reference rate,1.0172091767881244,218.34382061200546,343.3340230609894
2015-10-22,2015-10-22,219.324243,2015-10-22,37.27000045776367,2015-10-22,9.4207,9.274,ECB EXR daily reference rate,1.0158184170800086,222.79360535153117,351.1094933124542
2015-10-23,2015-10-23,224.305439,2015-10-23,38.08000183105469,2015-10-23,9.4079,9.2525,ECB EXR daily reference rate,1.016795460686301,228.072752182448,358.2528492263794
2015-10-26,2015-10-26,223.024752,2015-10-26,37.9900016784668,2015-10-26,9.3814,9.226,ECB EXR daily reference rate,1.016843702579666,226.78131459059176,356.39940174636837
2015-10-27,2015-10-27,224.796007,2015-10-27,37.72999954223633,2015-10-27,9.4065,9.363,ECB EXR daily reference rate,1.0046459468119193,225.84039729205384,354.907240694046
2015-10-28,2015-10-28,227.360365,2015-10-28,38.029998779296875,2015-10-28,9.3358,9.42,ECB EXR daily reference rate,0.9910615711252655,225.32812054851382,355.0404626037598
2015-10-29,2015-10-29,229.623763,2015-10-29,38.34000015258789,2015-10-29,9.3574,9.367,ECB EXR daily reference rate,0.9989751254403757,229.38842744701608,358.7627174278259
2015-10-30,2015-10-30,226.489253,2015-10-30,38.16999816894531,2015-10-30,9.3866,9.393,ECB EXR daily reference rate,0.9993186415415733,226.3349326317257,358.28650481262207
2015-11-02,2015-11-02,228.209616,2015-11-02,38.209999084472656,2015-11-02,9.3843,9.337,ECB EXR daily reference rate,1.005065866980829,229.36569555840208,358.5740944084167
2015-11-03,2015-11-03,229.770606,2015-11-03,38.630001068115234,2015-11-03,9.3935,9.341,ECB EXR daily reference rate,1.0056203832566106,231.06200486682366,362.87091503334045
2015-11-04,2015-11-04,231.889253,2015-11-04,38.869998931884766,2015-11-04,9.3663,9.3275,ECB EXR daily reference rate,1.004159742696328,232.85385262652372,364.06807099571233
2015-11-05,2015-11-05,229.954657,2015-11-05,38.72999954223633,2015-11-05,9.3916,9.3065,ECB EXR daily reference rate,1.0091441465642295,232.0573960867351,363.7366637008667
2015-11-06,2015-11-06,231.95644,2015-11-06,39.029998779296875,2015-11-06,9.3839,9.2715,ECB EXR daily reference rate,1.012123173165076,234.76848808887453,366.25360554504397
2015-11-09,2015-11-09,230.166313,2015-11-09,38.59000015258789,2015-11-09,9.3378,9.2875,ECB EXR daily reference rate,1.0054158815612382,231.41286649059487,360.34570342483516
2015-11-10,2015-11-10,229.840927,2015-11-10,38.869998931884766,2015-11-10,9.3102,9.2765,ECB EXR daily reference rate,1.003632835660001,230.67590131573328,361.88746405563353
2015-11-11,2015-11-11,228.907895,2015-11-11,38.90999984741211,2015-11-11,9.329,9.223,ECB EXR daily reference rate,1.0114930066139,231.53873495120894,362.9913885765076
2015-11-12,2015-11-12,227.662902,2015-11-12,38.41999816894531,2015-11-12,9.3009,9.324,ECB EXR daily reference rate,0.9975225225225226,227.09887228783785,357.34056096954345
2015-11-13,2015-11-13,226.417559,2015-11-13,38.09000015258789,2015-11-13,9.3388,9.332,ECB EXR daily reference rate,1.000728675525075,226.58254393369054,355.71489342498785
2015-11-16,2015-11-16,227.780599,2015-11-16,38.119998931884766,2015-11-16,9.3206,9.305,ECB EXR daily reference rate,1.0016765180010747,228.16247727451906,355.3012620445252
2015-11-17,2015-11-17,228.328039,2015-11-17,39.040000915527344,2015-11-17,9.3243,9.237,ECB EXR daily reference rate,1.0094511204936667,230.48599480867162,364.0206805366516
2015-11-18,2015-11-18,231.105121,2015-11-18,39.09000015258789,2015-11-18,9.3019,9.2335,ECB EXR daily reference rate,1.0074078085233118,232.8171034851248,363.6112724193573
2015-11-19,2015-11-19,229.776431,2015-11-19,39.060001373291016,2015-11-19,9.3089,9.2556,ECB EXR daily reference rate,1.0057586758286876,231.0996389792018,363.6056467838287
2015-11-20,2015-11-20,230.556716,2015-11-20,39.5099983215332,2015-11-20,9.2796,9.2035,ECB EXR daily reference rate,1.0082685934698756,232.46309575635357,366.63698042449954
2015-11-23,2015-11-23,230.91622,2015-11-23,39.56999969482422,2015-11-23,9.2496,9.1755,ECB EXR daily reference rate,1.008075854176884,232.78106571979725,366.00666917724607
2015-11-24,2015-11-24,230.641103,2015-11-24,39.25,2015-11-24,9.2622,9.209,ECB EXR daily reference rate,1.0057769573243567,231.97350680927354,363.54135
2015-11-25,2015-11-25,231.328079,2015-11-25,39.52000045776367,2015-11-25,9.2717,9.181,ECB EXR daily reference rate,1.0098790981374577,233.61339179439057,366.4175882442474
2015-11-26,2015-11-25,231.328079,2015-11-26,39.75,2015-11-26,9.2756,9.193,ECB EXR daily reference rate,1.0089850973566845,233.4065843111498,368.7051
2015-11-27,2015-11-27,232.368888,2015-11-27,39.619998931884766,2015-11-27,9.242,9.1885,ECB EXR daily reference rate,1.005822495510693,233.7218548072047,366.168030128479
2015-11-30,2015-11-30,231.4055,2015-11-30,39.65999984741211,2015-11-30,9.207,9.1935,ECB EXR daily reference rate,1.0014684287812041,231.74530249632892,365.14961859512334
2015-12-01,2015-12-01,232.968942,2015-12-01,39.619998931884766,2015-12-01,9.2118,9.2015,ECB EXR daily reference rate,1.001119382709341,233.22972340548827,364.9715061607361
2015-12-02,2015-12-02,230.694461,2015-12-02,39.790000915527344,2015-12-02,9.2132,9.1405,ECB EXR daily reference rate,1.0079536130408622,232.52931547346427,366.59323643493656
2015-12-03,2015-12-03,225.009954,2015-12-03,38.2400016784668,2015-12-03,9.225,9.174,ECB EXR daily reference rate,1.0055591890124265,226.2608268639634,352.7640154838562
2015-12-04,2015-12-04,227.264884,2015-12-04,38.290000915527344,2015-12-04,9.2724,9.2495,ECB EXR daily reference rate,1.0024758095032165,227.82754855955457,355.0402044891357
2015-12-07,2015-12-07,229.649328,2015-12-07,38.310001373291016,2015-12-07,9.2188,9.3265,ECB EXR daily reference rate,0.9884522596901303,226.9973971979199,353.1722406600952
2015-12-08,2015-12-08,230.756242,2015-12-08,37.86000061035156,2015-12-08,9.2236,9.5675,ECB EXR daily reference rate,0.9640553958714396,222.46180023111572,349.20550162963866
2015-12-09,2015-12-09,227.238386,2015-12-09,37.59000015258789,2015-12-09,9.2587,9.537,ECB EXR daily reference rate,0.9708189158016146,220.6073235250288,348.0345344127655
2015-12-10,2015-12-10,226.043097,2015-12-10,37.59000015258789,2015-12-10,9.2761,9.437,ECB EXR daily reference rate,0.9829500900709972,222.18908255607715,348.6886004154205
2015-12-11,2015-12-11,224.097905,2015-12-11,36.779998779296875,2015-12-11,9.3007,9.5385,ECB EXR daily reference rate,0.9750694553650994,218.51102217680977,342.0797346466065
2015-12-14,2015-12-14,222.810837,2015-12-14,36.16999816894531,2015-12-14,9.363,9.5695,ECB EXR daily reference rate,0.9784210251319295,218.00280754804325,338.6596928558349
2015-12-15,2015-12-15,225.24804,2015-12-15,37.290000915527344,2015-12-15,9.2883,9.4945,ECB EXR daily reference rate,0.9782821633577333,220.35613986328926,346.36071550369263
2015-12-16,2015-12-16,229.013794,2015-12-16,37.400001525878906,2015-12-16,9.2991,9.5555,ECB EXR daily reference rate,0.973167285856313,222.86873233063676,347.7863541893005
2015-12-17,2015-12-17,227.82977,2015-12-17,37.880001068115234,2015-12-17,9.3022,9.511,ECB EXR daily reference rate,0.9780464725055199,222.82810288024393,352.3673459358215
2015-12-18,2015-12-18,225.214056,2015-12-18,37.349998474121094,2015-12-18,9.266,9.5,ECB EXR daily reference rate,0.9753684210526316,219.66667819957894,346.08508586120604
2015-12-21,2015-12-21,225.905529,2015-12-21,36.849998474121094,2015-12-21,9.293,9.5585,ECB EXR daily reference rate,0.9722236752628549,219.63070366657945,342.4470358200073
2015-12-22,2015-12-22,226.059499,2015-12-22,37.040000915527344,2015-12-22,9.262,9.543,ECB EXR daily reference rate,0.9705543330189669,219.4030262745468,343.0644884796143
2015-12-23,2015-12-23,229.516844,2015-12-23,37.91999816894531,2015-12-23,9.209,9.527,ECB EXR daily reference rate,0.9666211819040622,221.85584301417026,349.2052631378174
2015-12-24,2015-12-23,229.516844,2015-12-23,37.91999816894531,2015-12-24,9.19,9.512,ECB EXR daily reference rate,0.9661480235492009,221.74724520185026,348.4847831726074
2015-12-25,2015-12-23,229.516844,2015-12-25,37.91999816894531,2015-12-24,9.19,9.512,ECB EXR daily reference rate,0.9661480235492009,221.74724520185026,348.4847831726074
2015-12-28,2015-12-28,228.257365,2015-12-28,37.41999816894531,2015-12-28,9.1863,9.538,ECB EXR daily reference rate,0.9631264416020129,219.84070372190183,343.7513291793823
2015-12-29,2015-12-29,231.636255,2015-12-29,38.209999084472656,2015-12-29,9.1567,9.5115,ECB EXR daily reference rate,0.9626977868895549,222.9957100518846,349.8774986167908
2015-12-30,2015-12-30,232.812014,2015-12-30,38.029998779296875,2015-12-30,9.1878,9.616,ECB EXR daily reference rate,0.9554700499168053,222.44490663781198,349.4120227844238
2015-12-31,2015-12-31,231.636344,2015-12-30,38.029998779296875,2015-12-31,9.1895,9.603,ECB EXR daily reference rate,0.9569405394147663,221.66220797542437,349.47667378234866
2016-01-01,2015-12-31,231.636344,2015-12-30,38.029998779296875,2015-12-31,9.1895,9.603,ECB EXR daily reference rate,0.9569405394147663,221.66220797542437,349.47667378234866
2016-01-04,2016-01-04,228.593033,2016-01-04,37.029998779296875,2016-01-04,9.1696,9.6475,ECB EXR daily reference rate,0.9504638507385333,217.2694143971806,339.5502768066407
2016-01-05,2016-01-05,229.537676,2016-01-05,37.56999969482422,2016-01-05,9.2235,9.588,ECB EXR daily reference rate,0.9619837296620777,220.8115096564456,346.5268921852112
2016-01-06,2016-01-06,227.340807,2016-01-06,37.09000015258789,2016-01-06,9.233,9.6225,ECB EXR daily reference rate,0.9595219537542219,218.1384953007015,342.45197140884403
2016-01-07,2016-01-07,221.356606,2016-01-07,36.119998931884766,2016-01-07,9.278,9.6975,ECB EXR daily reference rate,0.9567414282031452,211.7810353666409,335.12135009002685
2016-01-08,2016-01-08,218.659654,2016-01-08,35.380001068115234,2016-01-08,9.264,9.681,ECB EXR daily reference rate,0.9569259374031609,209.2410943762008,327.7603298950195
2016-01-11,2016-01-11,219.360682,2016-01-11,35.2400016784668,2016-01-11,9.272,9.677,ECB EXR daily reference rate,0.9581481864214116,210.180039630464,326.74529556274416
2016-01-12,2016-01-12,218.721959,2016-01-12,35.40999984741211,2016-01-12,9.2483,9.6388,ECB EXR daily reference rate,0.9594866580902187,209.86080149185582,327.48230158882143
2016-01-13,2016-01-13,213.916949,2016-01-13,35.720001220703125,2016-01-13,9.246,9.5588,ECB EXR daily reference rate,0.9672762271414823,206.91677935033687,330.2671312866211
2016-01-14,2016-01-14,214.598794,2016-01-14,35.040000915527344,2016-01-14,9.285,9.6071,ECB EXR daily reference rate,0.9664727128894255,207.40387861997897,325.3464085006714
2016-01-15,2016-01-15,210.783258,2016-01-15,34.18000030517578,2016-01-15,9.3474,9.6085,ECB EXR daily reference rate,0.9728261435187595,205.05546399845971,319.4941348526001
2016-01-18,2016-01-15,210.783258,2016-01-18,34.33000183105469,2016-01-18,9.3411,9.6878,ECB EXR daily reference rate,0.9642127211544418,203.23989876997874,320.67998010406495
2016-01-19,2016-01-19,210.898427,2016-01-19,34.619998931884766,2016-01-19,9.3231,9.6209,ECB EXR daily reference rate,0.9690465548961116,204.37039411735907,322.76571204185484
2016-01-20,2016-01-20,209.2512,2016-01-20,33.4900016784668,2016-01-20,9.3431,9.665,ECB EXR daily reference rate,0.966694257630626,202.28193344231767,312.90043468208313
2016-01-21,2016-01-21,209.236066,2016-01-21,34.38999938964844,2016-01-21,9.3527,9.7033,ECB EXR daily reference rate,0.9638679624457659,201.67594060558778,321.63934729156495
2016-01-22,2016-01-22,211.524106,2016-01-22,34.9900016784668,2016-01-22,9.2738,9.4685,ECB EXR daily reference rate,0.979437080847019,207.1745529094154,324.4902775657654
2016-01-25,2016-01-25,209.305342,2016-01-25,34.849998474121094,2016-01-25,9.2758,9.4585,ECB EXR daily reference rate,0.9806840408098535,205.26240855564834,323.2616158462524
2016-01-26,2016-01-26,210.503598,2016-01-26,34.939998626708984,2016-01-26,9.2644,9.4858,ECB EXR daily reference rate,0.9766598494591917,205.59041233329822,323.6981232772827
2016-01-27,2016-01-27,209.086625,2016-01-27,35.060001373291016,2016-01-27,9.2591,9.4508,ECB EXR daily reference rate,0.9797160028780634,204.84551250026456,324.6240587154388
2016-01-28,2016-01-28,208.466966,2016-01-28,34.4900016784668,2016-01-28,9.3046,9.4465,ECB EXR daily reference rate,0.9849785634891229,205.33549270561585,320.9156696174622
2016-01-29,2016-01-29,214.477903,2016-01-29,35.45000076293945,2016-01-29,9.3483,9.4845,ECB EXR daily reference rate,0.985639727977226,211.39794197004585,331.3972421321869
2016-02-01,2016-02-01,214.305452,2016-02-01,35.5099983215332,2016-02-01,9.2835,9.416,ECB EXR daily reference rate,0.9859282073067119,211.2897901064146,329.6570694179535
2016-02-02,2016-02-02,211.281871,2016-02-02,35.02000045776367,2016-02-02,9.3437,9.5223,ECB EXR daily reference rate,0.9812440271783078,207.31907396980773,327.21637827720645
2016-02-03,2016-02-03,209.251838,2016-02-03,34.130001068115234,2016-02-03,9.358,9.5138,ECB EXR daily reference rate,0.9836237886018205,205.8250856654544,319.3885499954224
2016-02-04,2016-02-04,206.932949,2016-02-04,34.16999816894531,2016-02-04,9.4036,9.5375,ECB EXR daily reference rate,0.9859606815203147,204.02775142504854,321.32099478149416
2016-02-05,2016-02-05,205.581299,2016-02-05,33.84000015258789,2016-02-05,9.4325,9.5665,ECB EXR daily reference rate,0.9859927873307897,202.7016780240945,319.1958014392853
2016-02-08,2016-02-08,203.151796,2016-02-08,32.869998931884766,2016-02-08,9.4307,9.5885,ECB EXR daily reference rate,0.9835427856286176,199.80848334329664,309.9870989269257
2016-02-09,2016-02-09,200.683724,2016-02-09,32.459999084472656,2016-02-09,9.5142,9.6705,ECB EXR daily reference rate,0.9838374437722972,197.4401620268652,308.83092328948976
2016-02-10,2016-02-10,200.588797,2016-02-10,32.939998626708984,2016-02-10,9.5162,9.6195,ECB EXR daily reference rate,0.9892613961224594,198.43475336674462,313.463614931488
2016-02-11,2016-02-11,198.191882,2016-02-11,31.700000762939453,2016-02-11,9.5188,9.7085,ECB EXR daily reference rate,0.9804604212803214,194.31929612005973,301.7459672622681
2016-02-12,2016-02-12,201.952481,2016-02-12,32.7599983215332,2016-02-12,9.455,9.6773,ECB EXR daily reference rate,0.9770287166875058,197.3133733432879,309.7457841300964
2016-02-15,2016-02-12,201.952481,2016-02-15,33.650001525878906,2016-02-15,9.4862,9.6313,ECB EXR daily reference rate,0.9849345363554246,198.9099732395627,319.2106444747925
2016-02-16,2016-02-16,206.478652,2016-02-16,33.58000183105469,2016-02-16,9.4742,9.6049,ECB EXR daily reference rate,0.9863923622317774,203.6689652967131,318.1436533477783
2016-02-17,2016-02-17,208.873564,2016-02-17,34.400001525878906,2016-02-17,9.4723,9.5955,ECB EXR daily reference rate,0.9871606482205202,206.1917628343703,325.8471344535828
2016-02-18,2016-02-18,208.514238,2016-02-18,34.4900016784668,2016-02-18,9.4014,9.5235,ECB EXR daily reference rate,0.987179083320208,205.8408943280517,324.25430177993775
2016-02-19,2016-02-19,208.118009,2016-02-19,34.27000045776367,2016-02-19,9.3838,9.5358,ECB EXR daily reference rate,0.9840600683739174,204.80062216638353,321.58283029556276
2016-02-22,2016-02-22,211.006188,2016-02-22,35.02000045776367,2016-02-22,9.3572,9.493,ECB EXR daily reference rate,0.9856947224270516,207.98768591105028,327.68914828338626
2016-02-23,2016-02-23,208.737076,2016-02-23,34.630001068115234,2016-02-23,9.351,9.459,ECB EXR daily reference rate,0.988582302568982,206.3537792235966,323.8251399879456
2016-02-24,2016-02-24,209.779958,2016-02-24,34.0099983215332,2016-02-24,9.3636,9.5858,ECB EXR daily reference rate,0.9768198794049531,204.9172332751361,318.4560202835083
2016-02-25,2016-02-25,212.252988,2016-02-25,34.65999984741211,2016-02-25,9.3808,9.5413,ECB EXR daily reference rate,0.9831783928814732,208.68255162613062,325.13852656860354
2016-02-26,2016-02-26,212.845802,2016-02-26,35.36000061035156,2016-02-26,9.371,9.5245,ECB EXR daily reference rate,0.9838836684340386,209.41550848254502,331.3585657196045
2016-02-29,2016-02-29,212.608126,2016-02-29,35.59000015258789,2016-02-29,9.3219,9.5043,ECB EXR daily reference rate,0.9808086865944887,208.52789682137558,331.76642242240905
2016-03-01,2016-03-01,215.396901,2016-03-01,35.91999816894531,2016-03-01,9.365,9.407,ECB EXR daily reference rate,0.9955352397151058,214.43520547092592,336.39078285217283
2016-03-02,2016-03-02,217.778501,2016-03-02,36.22999954223633,2016-03-02,9.3385,9.422,ECB EXR daily reference rate,0.9911377626830821,215.84849624161535,338.33385072517393
2016-03-03,2016-03-03,216.970319,2016-03-03,36.02000045776367,2016-03-03,9.362,9.4245,ECB EXR daily reference rate,0.9933683484534989,215.5314474484588,337.2192442855835
2016-03-04,2016-03-04,216.328592,2016-03-04,36.279998779296875,2016-03-04,9.3345,9.383,ECB EXR daily reference rate,0.99483107748055,215.21040626921027,338.6556486053467
2016-03-07,2016-03-07,215.791753,2016-03-07,36.25,2016-03-07,9.3309,9.3583,ECB EXR daily reference rate,0.9970721177991729,215.15994016730602,338.245125
2016-03-08,2016-03-08,214.590991,2016-03-08,35.81999969482422,2016-03-08,9.3728,9.4285,ECB EXR daily reference rate,0.9940923794877234,213.32326885981865,335.73369313964844
2016-03-09,2016-03-09,214.77746,2016-03-09,35.97999954223633,2016-03-09,9.292,9.3964,ECB EXR daily reference rate,0.9888893618832745,212.3911453663105,334.32615574645996
2016-03-10,2016-03-10,214.912699,2016-03-10,35.22999954223633,2016-03-10,9.2361,9.2926,ECB EXR daily reference rate,0.9939198932483913,213.60600684780366,325.38779877204894
2016-03-11,2016-03-11,216.474249,2016-03-11,36.08000183105469,2016-03-11,9.309,9.436,ECB EXR daily reference rate,0.9865409071640525,213.56070198611698,335.86873704528807
2016-03-14,2016-03-14,217.60147,2016-03-14,36.33000183105469,2016-03-14,9.281,9.414,ECB EXR daily reference rate,0.9858721053749735,214.52721936158915,337.1787469940186
2016-03-15,2016-03-15,218.499291,2016-03-15,36.02000045776367,2016-03-15,9.2421,9.48,ECB EXR daily reference rate,0.9749050632911392,213.01606512142405,332.90044623069764
2016-03-16,2016-03-16,219.622901,2016-03-16,36.18000030517578,2016-03-16,9.2235,9.502,ECB EXR daily reference rate,0.9706903809724268,213.1858374419596,333.7062328147888
2016-03-17,2016-03-17,216.329617,2016-03-17,35.9900016784668,2016-03-17,9.2935,9.4768,ECB EXR daily reference rate,0.980658028026338,212.14537561091296,334.4730805988312
2016-03-18,2016-03-18,216.633488,2016-03-18,36.20000076293945,2016-03-18,9.2773,9.4111,ECB EXR daily reference rate,0.9857827459064298,213.5535546559276,335.8382670780182
2016-03-21,2016-03-21,217.88161,2016-03-21,36.25,2016-03-21,9.2538,9.4428,ECB EXR daily reference rate,0.9799847502859321,213.52065516774684,335.45025
2016-03-22,2016-03-22,218.08022,2016-03-22,36.41999816894531,2016-03-22,9.2315,9.447,ECB EXR daily reference rate,0.9771885254578174,213.10548861331642,336.2112130966187
2016-03-23,2016-03-23,218.651068,2016-03-23,36.29999923706055,2016-03-23,9.2315,9.4863,ECB EXR daily reference rate,0.9731402127278286,212.77814682668694,335.1034429569245
2016-03-24,2016-03-23,218.651068,2016-03-24,35.869998931884766,2016-03-24,9.2688,9.494,ECB EXR daily reference rate,0.976279755635138,213.46461123640196,332.47184609985356
2016-03-25,2016-03-23,218.651068,2016-03-24,35.869998931884766,2016-03-24,9.2688,9.494,ECB EXR daily reference rate,0.976279755635138,213.46461123640196,332.47184609985356
2016-03-28,2016-03-23,218.651068,2016-03-24,35.869998931884766,2016-03-24,9.2688,9.494,ECB EXR daily reference rate,0.976279755635138,213.46461123640196,332.47184609985356
2016-03-29,2016-03-29,219.323289,2016-03-29,36.029998779296875,2016-03-29,9.269,9.4839,ECB EXR daily reference rate,0.977340545556153,214.3535429244298,333.96205868530274
2016-03-30,2016-03-30,216.916223,2016-03-30,36.27000045776367,2016-03-30,9.242,9.43,ECB EXR daily reference rate,0.9800636267232239,212.5917002084836,335.20734423065187
2016-03-31,2016-03-31,215.499913,2016-03-31,35.9900016784668,2016-03-31,9.2253,9.4145,ECB EXR daily reference rate,0.9799033405916406,211.16908464590793,332.0185624843598
2016-04-01,2016-04-01,216.312498,2016-04-01,35.77000045776367,2016-04-01,9.2413,9.4401,ECB EXR daily reference rate,0.9789409010497772,211.75715170044813,330.56130523033147
2016-04-04,2016-04-04,215.363999,2016-04-04,35.84000015258789,2016-04-04,9.2493,9.4359,ECB EXR daily reference rate,0.9802244618955266,211.10506003144374,331.4949134113312
2016-04-05,2016-04-05,213.710086,2016-04-05,35.310001373291016,2016-04-05,9.256,9.4995,ECB EXR daily reference rate,0.9743670719511555,208.23207074224962,326.82937271118163
2016-04-06,2016-04-06,215.146316,2016-04-06,35.52000045776367,2016-04-06,9.2628,9.476,ECB EXR daily reference rate,0.9775010552975939,210.30575093338962,329.0146602401733
2016-04-07,2016-04-07,213.574909,2016-04-07,35.400001525878906,2016-04-07,9.2575,9.4546,ECB EXR daily reference rate,0.9791530048865104,209.122513915713,327.715514125824
2016-04-08,2016-04-08,211.940289,2016-04-08,35.599998474121094,2016-04-08,9.2928,9.4183,ECB EXR daily reference rate,0.9866748776318444,209.11615871433273,330.8236658203125
2016-04-11,2016-04-11,211.359727,2016-04-11,35.61000061035156,2016-04-11,9.2815,9.3809,ECB EXR daily reference rate,0.989404001748233,209.12015970221404,330.514220664978
2016-04-12,2016-04-12,212.969365,2016-04-12,35.88999938964844,2016-04-12,9.2138,9.3515,ECB EXR daily reference rate,0.9852750895578251,209.83341017344813,330.6832763763428
2016-04-13,2016-04-13,216.734136,2016-04-13,36.7400016784668,2016-04-13,9.176,9.3113,ECB EXR daily reference rate,0.9854692685231924,213.5848304679261,337.12625540161133
2016-04-14,2016-04-14,217.474154,2016-04-14,36.97999954223633,2016-04-14,9.158,9.264,ECB EXR daily reference rate,0.9885578583765112,214.9857839304836,338.66283580780026
2016-04-15,2016-04-15,217.886551,2016-04-15,36.77000045776367,2016-04-15,9.1902,9.3044,ECB EXR daily reference rate,0.9877262370491382,215.21226312284514,337.9236582069397
2016-04-18,2016-04-18,217.479802,2016-04-18,36.83000183105469,2016-04-18,9.1948,9.3325,ECB EXR daily reference rate,0.9852451111706404,214.27091169885887,338.6445008361817
2016-04-19,2016-04-19,217.14807,2016-04-19,37.08000183105469,2016-04-19,9.1773,9.2578,ECB EXR daily reference rate,0.9913046296096266,215.25988710179527,340.29430080413823
2016-04-20,2016-04-20,218.115027,2016-04-20,37.33000183105469,2016-04-20,9.1643,9.2336,ECB EXR daily reference rate,0.9924948015941779,216.47803044707376,342.1033357803345
2016-04-21,2016-04-21,218.673608,2016-04-21,37.29999923706055,2016-04-21,9.1845,9.2015,ECB EXR daily reference rate,0.9981524751399229,218.26960307297725,342.5818429927826
2016-04-22,2016-04-22,219.080861,2016-04-22,37.290000915527344,2016-04-22,9.1381,9.2443,ECB EXR daily reference rate,0.9885118397282648,216.56402495636226,340.7597573661804
2016-04-25,2016-04-25,217.888654,2016-04-25,37.08000183105469,2016-04-25,9.157,9.2735,ECB EXR daily reference rate,0.9874373213996872,215.15138886914323,339.54157676696775
2016-04-26,2016-04-26,217.204377,2016-04-26,37.09000015258789,2016-04-26,9.1545,9.2278,ECB EXR daily reference rate,0.9920566115433799,215.47903825901082,339.5404063968659
2016-04-27,2016-04-27,218.211869,2016-04-27,37.11000061035156,2016-04-27,9.1613,9.2013,ECB EXR daily reference rate,0.9956527881929729,217.26325578664975,339.9758485916138
2016-04-28,2016-04-28,216.54373,2016-04-28,37.13999938964844,2016-04-28,9.1763,9.246,ECB EXR daily reference rate,0.9924616050183862,214.9113378324681,340.80777639923093
2016-04-29,2016-04-29,212.94447,2016-04-29,36.04999923706055,2016-04-29,9.1689,9.215,ECB EXR daily reference rate,0.9949972870320131,211.8791699384699,330.53883800468446
2016-05-02,2016-05-02,213.138289,2016-05-02,36.16999816894531,2016-05-02,9.1803,9.233,ECB EXR daily reference rate,0.9942922127152605,211.92174098415464,332.0514341903687
2016-05-03,2016-05-03,212.505294,2016-05-03,35.7599983215332,2016-05-03,9.2305,9.309,ECB EXR daily reference rate,0.9915673004619185,210.71330070544633,330.0826645069122
2016-05-04,2016-05-04,211.580466,2016-05-04,35.58000183105469,2016-05-04,9.263,9.341,ECB EXR daily reference rate,0.9916497163044643,209.81370908446635,329.57755696105954
2016-05-05,2016-05-04,211.580466,2016-05-05,35.95000076293945,2016-05-05,9.2575,9.2985,ECB EXR daily reference rate,0.9955906866698929,210.64754143087595,332.807132062912
2016-05-06,2016-05-06,213.569691,2016-05-06,35.70000076293945,2016-05-06,9.2753,9.3513,ECB EXR daily reference rate,0.9918727877407418,211.83396478909881,331.1282170764923
2016-05-09,2016-05-09,213.700144,2016-05-09,35.869998931884766,2016-05-09,9.273,9.333,ECB EXR daily reference rate,0.9935711989713918,212.32630829443906,332.6225000953674
2016-05-10,2016-05-10,216.128468,2016-05-10,36.34000015258789,2016-05-10,9.2778,9.352,ECB EXR daily reference rate,0.992065868263473,214.41367626287425,337.1552534156799
2016-05-11,2016-05-11,213.967063,2016-05-11,36.20000076293945,2016-05-11,9.292,9.3475,ECB EXR daily reference rate,0.9940625835784969,212.696651446483,336.37040708923337
2016-05-12,2016-05-12,212.654338,2016-05-12,36.04999923706055,2016-05-12,9.2945,9.232,ECB EXR daily reference rate,1.00676993067591,214.09399312619152,335.06671790885923
2016-05-13,2016-05-13,212.905926,2016-05-13,36.36000061035156,2016-05-13,9.3285,9.2678,ECB EXR daily reference rate,1.0065495586870672,214.30036585716138,339.18426569366454
2016-05-16,2016-05-13,212.905926,2016-05-13,36.36000061035156,2016-05-16,9.337,9.237,ECB EXR daily reference rate,1.0108260257659414,215.2108510405976,339.4933256988525
2016-05-17,2016-05-13,212.905926,2016-05-17,36.290000915527344,2016-05-17,9.3513,9.2558,ECB EXR daily reference rate,1.0103178547505347,215.1026584199961,339.35868556137086
2016-05-18,2016-05-18,214.337902,2016-05-18,36.43000030517578,2016-05-18,9.3525,9.2785,ECB EXR daily reference rate,1.007975427062564,216.047338304144,340.7115778541565
2016-05-19,2016-05-19,216.336573,2016-05-19,36.09000015258789,2016-05-19,9.3709,9.3593,ECB EXR daily reference rate,1.0012394089301553,216.60470248049538,338.19578242988587
2016-05-20,2016-05-20,216.984332,2016-05-20,36.630001068115234,2016-05-20,9.3588,9.3355,ECB EXR daily reference rate,1.0024958491778695,217.52589216663276,342.8128539962769
2016-05-23,2016-05-23,216.972989,2016-05-23,36.459999084472656,2016-05-23,9.344,9.3658,ECB EXR daily reference rate,0.9976723824980247,216.46795887334773,340.6822314453125
2016-05-24,2016-05-24,218.908767,2016-05-24,37.099998474121094,2016-05-24,9.306,9.3355,ECB EXR daily reference rate,0.9968400192812382,218.2170195171121,345.2525858001709
2016-05-25,2016-05-25,220.62795,2016-05-25,37.41999816894531,2016-05-25,9.2651,9.2945,ECB EXR daily reference rate,0.9968368389908011,219.9300682710205,346.7000250350952
2016-05-26,2016-05-26,219.930418,2016-05-26,37.380001068115234,2016-05-26,9.287,9.247,ECB EXR daily reference rate,1.0043257272628963,220.88177700508277,347.1480699195862
2016-05-27,2016-05-27,221.819988,2016-05-27,37.599998474121094,2016-05-27,9.2673,9.282,ECB EXR daily reference rate,0.9984162895927602,221.4686893764706,348.45046585922245
2016-05-30,2016-05-27,221.819988,2016-05-30,37.689998626708984,2016-05-30,9.283,9.3025,ECB EXR daily reference rate,0.9979037893039505,221.35500656855683,349.8762572517395
2016-05-31,2016-05-31,222.384278,2016-05-31,37.560001373291016,2016-05-31,9.291,9.32,ECB EXR daily reference rate,0.9968884120171674,221.69230975300428,348.96997275924684
2016-06-01,2016-06-01,221.029461,2016-06-01,37.33000183105469,2016-06-01,9.2796,9.3083,ECB EXR daily reference rate,0.9969167302300099,220.3479675446215,346.4074849914551
2016-06-02,2016-06-02,221.876975,2016-06-02,37.380001068115234,2016-06-02,9.2945,9.336,ECB EXR daily reference rate,0.9955548414738645,220.89069667282558,347.428419927597
2016-06-03,2016-06-03,218.87307,2016-06-03,36.86000061035156,2016-06-03,9.2605,9.2853,ECB EXR daily reference rate,0.9973291116065179,218.28848445769123,341.34203565216063
2016-06-06,2016-06-06,218.962312,2016-06-06,37.099998474121094,2016-06-06,9.246,9.2935,ECB EXR daily reference rate,0.9948889008446764,217.8431739120891,343.02658589172364
2016-06-07,2016-06-07,218.626626,2016-06-07,37.38999938964844,2016-06-07,9.2238,9.2225,ECB EXR daily reference rate,1.0001409596096504,218.65744352386014,344.8778763702393
2016-06-08,2016-06-08,218.915033,2016-06-08,37.22999954223633,2016-06-08,9.2283,9.2055,ECB EXR daily reference rate,1.0024767801857586,219.45723741609908,343.56960477561955
2016-06-09,2016-06-09,218.611289,2016-06-09,37.20000076293945,2016-06-09,9.2433,9.2489,ECB EXR daily reference rate,0.9993945225918757,218.47892480334957,343.85076705207825
2016-06-10,2016-06-10,217.202273,2016-06-10,36.90999984741211,2016-06-10,9.3233,9.2725,ECB EXR daily reference rate,1.0054785656511187,218.3922299122027,344.1230015773773
2016-06-13,2016-06-13,215.532681,2016-06-13,36.5099983215332,2016-06-13,9.3265,9.3265,ECB EXR daily reference rate,1.0,215.532681,340.5104993457794
2016-06-14,2016-06-14,216.355835,2016-06-14,36.2400016784668,2016-06-14,9.3184,9.3655,ECB EXR daily reference rate,0.9949709038492338,215.2677607030057,337.69883164062503
2016-06-15,2016-06-15,215.827224,2016-06-15,36.36000061035156,2016-06-15,9.354,9.3415,ECB EXR daily reference rate,1.0013381148637799,216.11602561644276,340.11144570922846
2016-06-16,2016-06-16,218.841777,2016-06-16,36.31999969482422,2016-06-16,9.3915,9.3798,ECB EXR daily reference rate,1.0012473613509885,219.11475177461145,341.09927713394165
2016-06-17,2016-06-17,218.241336,2016-06-17,36.220001220703125,2016-06-17,9.3815,9.431,ECB EXR daily reference rate,0.9947513519245045,217.09586403181,339.7979414520264
2016-06-20,2016-06-20,218.259623,2016-06-20,36.91999816894531,2016-06-20,9.3338,9.3575,ECB EXR daily reference rate,0.9974672722415175,217.70683079427198,344.6038789093018
2016-06-21,2016-06-21,220.34816,2016-06-21,37.02000045776367,2016-06-21,9.324,9.3718,ECB EXR daily reference rate,0.9948995923942038,219.2242945688128,345.17448426818845
2016-06-22,2016-06-22,219.980166,2016-06-22,37.09000015258789,2016-06-22,9.3468,9.3555,ECB EXR daily reference rate,0.9990700657367325,219.77559890639733,346.6728134262085
2016-06-23,2016-06-23,219.987719,2016-06-23,37.20000076293945,2016-06-23,9.303,9.2993,ECB EXR daily reference rate,1.0003978794102781,220.07524758390414,346.07160709762576
2016-06-24,2016-06-24,215.470258,2016-06-24,36.45000076293945,2016-06-24,9.461,9.42,ECB EXR daily reference rate,1.004352441613588,216.40807971740975,344.85345721817015
2016-06-27,2016-06-27,214.723929,2016-06-27,35.68000030517578,2016-06-27,9.405,9.4045,ECB EXR daily reference rate,1.0000531660375351,214.7353450204689,335.5704028701782
2016-06-28,2016-06-28,216.182713,2016-06-28,36.09000015258789,2016-06-28,9.4425,9.3785,ECB EXR daily reference rate,1.006824118995575,217.65796955829822,340.7798264408112
2016-06-29,2016-06-29,217.969526,2016-06-29,36.790000915527344,2016-06-29,9.4311,9.3065,ECB EXR daily reference rate,1.0133884919142535,220.88780923640468,346.97017763442994
2016-06-30,2016-06-30,219.868704,2016-06-30,37.13999938964844,2016-06-30,9.4242,9.3008,ECB EXR daily reference rate,1.0132676758988475,222.78585070497164,350.0147822479248
2016-07-01,2016-07-01,219.924725,2016-07-01,37.310001373291016,2016-07-01,9.39,9.2975,ECB EXR daily reference rate,1.00994891099758,222.11273651519227,350.3409128952027
2016-07-04,2016-07-01,219.924725,2016-07-04,37.31999969482422,2016-07-04,9.391,9.2538,ECB EXR daily reference rate,1.014826341611014,223.18540410155828,350.4721171340942
2016-07-05,2016-07-05,219.436511,2016-07-05,37.029998779296875,2016-07-05,9.4329,9.3197,ECB EXR daily reference rate,1.0121463137225448,222.10185570478666,349.3002754852295
2016-07-06,2016-07-06,221.388711,2016-07-06,36.95000076293945,2016-07-06,9.4671,9.3517,ECB EXR daily reference rate,1.0123400023525135,224.12064821455994,349.8093522228241
2016-07-07,2016-07-07,221.167246,2016-07-07,37.25,2016-07-07,9.4792,9.3782,ECB EXR daily reference rate,1.0107696572903118,223.54914144326207,353.10020000000003
2016-07-08,2016-07-08,225.815697,2016-07-08,37.709999084472656,2016-07-08,9.4685,9.393,ECB EXR daily reference rate,1.00803790056425,227.63078111833278,357.05712633132936
2016-07-11,2016-07-11,226.474861,2016-07-11,38.13999938964844,2016-07-11,9.476,9.4061,ECB EXR daily reference rate,1.0074313477424226,228.15787444700783,361.4146342163086
2016-07-12,2016-07-12,226.622473,2016-07-12,38.380001068115234,2016-07-12,9.447,9.3499,ECB EXR daily reference rate,1.0103851378089606,228.97597861271245,362.5758700904846
2016-07-13,2016-07-13,226.809514,2016-07-13,38.18000030517578,2016-07-13,9.4368,9.3145,ECB EXR daily reference rate,1.0131300660260882,229.78753789416498,360.2970268798828
2016-07-14,2016-07-14,226.739552,2016-07-14,38.47999954223633,2016-07-14,9.4413,9.3247,ECB EXR daily reference rate,1.0125044237348118,229.5747994356494,363.30121967811584
2016-07-15,2016-07-15,228.663558,2016-07-15,38.52000045776367,2016-07-15,9.4556,9.3183,ECB EXR daily reference rate,1.014734447270425,232.03278913801876,364.2297163284302
2016-07-18,2016-07-18,229.337259,2016-07-18,38.5099983215332,2016-07-18,9.4679,9.3627,ECB EXR daily reference rate,1.011236075063817,231.914109657054,364.6088131084442
2016-07-19,2016-07-19,229.798382,2016-07-19,38.599998474121094,2016-07-19,9.4922,9.3489,ECB EXR daily reference rate,1.015328006503439,233.32073309377574,366.39890551605225
2016-07-20,2016-07-20,230.673003,2016-07-20,38.91999816894531,2016-07-20,9.4684,9.3552,ECB EXR daily reference rate,1.012100222336241,233.46419762326838,368.51011066284184
2016-07-21,2016-07-21,229.854036,2016-07-21,38.83000183105469,2016-07-21,9.4736,9.3541,ECB EXR daily reference rate,1.0127751467271036,232.79045503571695,367.8599053466797
2016-07-22,2016-07-22,232.010874,2016-07-22,38.88999938964844,2016-07-22,9.4979,9.3847,ECB EXR daily reference rate,1.0120621863245494,234.80943239150955,369.3733252029419
2016-07-25,2016-07-25,232.611341,2016-07-25,38.83000183105469,2016-07-25,9.507,9.4102,ECB EXR daily reference rate,1.010286710165565,235.00414644609043,369.1568274078369
2016-07-26,2016-07-26,232.892118,2016-07-26,38.849998474121094,2016-07-26,9.5124,9.437,ECB EXR daily reference rate,1.0079898272756174,234.7528857966727,369.5567254852295
2016-07-27,2016-07-27,233.380083,2016-07-27,38.900001525878906,2016-07-27,9.537,9.4387,ECB EXR daily reference rate,1.010414569803045,235.81063616504392,370.9893145523072
2016-07-28,2016-07-28,232.380667,2016-07-28,38.459999084472656,2016-07-28,9.5497,9.4405,ECB EXR daily reference rate,1.0115671839415286,235.06865691964407,367.2814532569885
2016-07-29,2016-07-29,230.751395,2016-07-29,38.56999969482422,2016-07-29,9.5673,9.5092,ECB EXR daily reference rate,1.0061098725444833,232.1612566129117,369.01075808029174
2016-08-01,2016-08-01,231.179499,2016-08-01,38.52000045776367,2016-08-01,9.5833,9.4455,ECB EXR daily reference rate,1.0145889577047271,234.552166933111,369.14872038688657
2016-08-02,2016-08-02,228.769513,2016-08-02,37.939998626708984,2016-08-02,9.5537,9.4363,ECB EXR daily reference rate,1.012441317041637,231.6157070406939,362.4673648799896
2016-08-03,2016-08-03,228.481032,2016-08-03,38.130001068115234,2016-08-03,9.5146,9.4236,ECB EXR daily reference rate,1.0096566068169277,230.6873834911499,362.7917081626892
2016-08-04,2016-08-04,229.413093,2016-08-04,38.439998626708984,2016-08-04,9.5105,9.4118,ECB EXR daily reference rate,1.0104868356743664,231.81891040783913,365.5836069393158
2016-08-05,2016-08-05,232.424239,2016-08-05,38.88999938964844,2016-08-05,9.5043,9.4022,ECB EXR daily reference rate,1.0108591606219821,234.94817114374297,369.62222119903566
2016-08-08,2016-08-08,232.43257,2016-08-08,38.95000076293945,2016-08-08,9.525,9.4065,ECB EXR daily reference rate,1.012597671822676,235.36067923776113,370.9987572669983
2016-08-09,2016-08-09,231.377446,2016-08-09,39.040000915527344,2016-08-09,9.4875,9.357,ECB EXR daily reference rate,1.013946777813402,234.6044158303944,370.3920086860657
2016-08-10,2016-08-10,227.341977,2016-08-10,38.72999954223633,2016-08-10,9.4811,9.2571,ECB EXR daily reference rate,1.0241976428903221,232.84311697342585,367.2029986598968
2016-08-11,2016-08-11,227.65607,2016-08-11,39.0099983215332,2016-08-11,9.431,9.2293,ECB EXR daily reference rate,1.0218543118112966,232.63133673951435,367.9032941703796
2016-08-12,2016-08-12,227.143806,2016-08-12,38.95000076293945,2016-08-12,9.4299,9.1635,ECB EXR daily reference rate,1.0290718611884104,233.74729919783925,367.2946121944427
2016-08-15,2016-08-15,227.537007,2016-08-15,39.0,2016-08-15,9.4601,9.1752,ECB EXR daily reference rate,1.0310510942540763,234.6022800506474,368.94390000000004
2016-08-16,2016-08-16,226.745875,2016-08-16,38.540000915527344,2016-08-16,9.4532,9.2101,ECB EXR daily reference rate,1.0263949359941804,232.73081785756943,364.3263366546631
2016-08-17,2016-08-17,227.026833,2016-08-17,38.369998931884766,2016-08-17,9.4951,9.2812,ECB EXR daily reference rate,1.0230465888031721,232.25902706743744,364.32697685813906
2016-08-18,2016-08-18,226.01664,2016-08-18,38.470001220703125,2016-08-18,9.4759,9.2389,ECB EXR daily reference rate,1.02565240450703,231.8145102745998,364.53788456726073
2016-08-19,2016-08-19,226.68681,2016-08-19,38.36000061035156,2016-08-19,9.4936,9.3048,ECB EXR daily reference rate,1.0202906026996819,231.28642199896828,364.17450179443364
2016-08-22,2016-08-22,226.977999,2016-08-22,38.34000015258789,2016-08-22,9.4825,9.3281,ECB EXR daily reference rate,1.0165521381631843,230.73497019945114,363.5590514469147
2016-08-23,2016-08-23,226.938366,2016-08-23,38.58000183105469,2016-08-23,9.4673,9.2875,ECB EXR daily reference rate,1.0193593539703902,231.33174615685598,365.248451335144
2016-08-24,2016-08-24,227.413117,2016-08-24,38.72999954223633,2016-08-24,9.4545,9.246,ECB EXR daily reference rate,1.02255029201817,232.54134919711225,366.1727806720733
2016-08-25,2016-08-25,226.351836,2016-08-25,38.529998779296875,2016-08-25,9.4956,9.2771,ECB EXR daily reference rate,1.023552618814069,231.68301451117262,365.8654564086914
2016-08-26,2016-08-26,225.471077,2016-08-26,38.689998626708984,2016-08-26,9.4903,9.2501,ECB EXR daily reference rate,1.0259672868401422,231.3259491306148,367.17969396705627
2016-08-29,2016-08-29,228.728503,2016-08-29,38.790000915527344,2016-08-29,9.494,9.2731,ECB EXR daily reference rate,1.0238215914850481,234.1771799594526,368.2722686920166
2016-08-30,2016-08-30,229.555751,2016-08-30,38.83000183105469,2016-08-30,9.5008,9.2873,ECB EXR daily reference rate,1.0229883819839996,234.83286629061186,368.91608139648434
2016-08-31,2016-08-31,228.833149,2016-08-31,38.66999816894531,2016-08-31,9.5159,9.2765,ECB EXR daily reference rate,1.0258071470921144,234.73867973579473,367.97983557586673
2016-09-01,2016-09-01,229.106781,2016-09-01,38.540000915527344,2016-09-01,9.549,9.305,ECB EXR daily reference rate,1.0262224610424502,235.11452463933367,368.0184687423706
2016-09-02,2016-09-02,230.491346,2016-09-02,39.06999969482422,2016-09-02,9.5985,9.317,ECB EXR daily reference rate,1.0302135880648278,237.45531658055168,375.01339207077024
2016-09-05,2016-09-02,230.491346,2016-09-05,39.130001068115234,2016-09-05,9.5478,9.2458,ECB EXR daily reference rate,1.0326634796339962,238.01999538588336,373.6054241981507
2016-09-06,2016-09-06,228.051806,2016-09-06,38.93000030517578,2016-09-06,9.536,9.2113,ECB EXR daily reference rate,1.0352501818418682,236.09067363086646,371.2364829101562
2016-09-07,2016-09-07,227.900857,2016-09-07,38.9900016784668,2016-09-07,9.5063,9.1943,ECB EXR daily reference rate,1.033934067846383,235.63446014368685,370.6506529560089
2016-09-08,2016-09-08,227.452903,2016-09-08,38.869998931884766,2016-09-08,9.4945,9.195,ECB EXR daily reference rate,1.0325720500271887,234.8615103353453,369.0512048587799
2016-09-09,2016-09-09,224.958817,2016-09-09,38.529998779296875,2016-09-09,9.502,9.247,ECB EXR daily reference rate,1.0275765113009625,231.16239635925166,366.1120484008789
2016-09-12,2016-09-12,225.528684,2016-09-12,38.15999984741211,2016-09-12,9.5587,9.2713,ECB EXR daily reference rate,1.0309988890446862,232.5198226517101,364.75999054145814
2016-09-13,2016-09-13,222.836047,2016-09-13,37.779998779296875,2016-09-13,9.538,9.2315,ECB EXR daily reference rate,1.0332015382115582,230.2345465293831,360.3456283569336
2016-09-14,2016-09-14,222.836744,2016-09-14,37.79999923706055,2016-09-14,9.5343,9.2748,ECB EXR daily reference rate,1.0279790399792987,229.07150216923276,360.39653272590635
2016-09-15,2016-09-15,224.1221,2016-09-15,38.099998474121094,2016-09-15,9.55,9.2648,ECB EXR daily reference rate,1.0307831793454798,231.02129079958556,363.8549854278565
2016-09-16,2016-09-16,224.652609,2016-09-16,38.09000015258789,2016-09-16,9.557,9.2625,ECB EXR daily reference rate,1.031794871794872,231.7954099015385,364.02613145828246
2016-09-19,2016-09-19,224.936224,2016-09-19,38.380001068115234,2016-09-19,9.5688,9.2505,ECB EXR daily reference rate,1.0344089508675205,232.6760434799416,367.250554220581
2016-09-20,2016-09-20,225.246481,2016-09-20,38.34000015258789,2016-09-20,9.5763,9.2648,ECB EXR daily reference rate,1.033621880666609,232.81969130475562,367.1553434612274
2016-09-21,2016-09-21,228.396292,2016-09-21,38.56999969482422,2016-09-21,9.5698,9.2318,ECB EXR daily reference rate,1.036612578262094,236.7584691156221,369.10718307952885
2016-09-22,2016-09-22,224.987805,2016-09-22,38.90999984741211,2016-09-22,9.5833,9.1073,ECB EXR daily reference rate,1.0522657648260185,236.74696470485213,372.88620153770444
2016-09-23,2016-09-23,224.018217,2016-09-23,38.81999969482422,2016-09-23,9.582,9.1028,ECB EXR daily reference rate,1.052643142769258,235.8112399804456,371.9732370758057
2016-09-26,2016-09-26,221.673375,2016-09-26,38.25,2016-09-26,9.6075,9.1318,ECB EXR daily reference rate,1.0520926870934537,233.22093676082483,367.486875
2016-09-27,2016-09-27,223.790964,2016-09-27,38.54999923706055,2016-09-27,9.6213,9.1108,ECB EXR daily reference rate,1.0560324011063793,236.3305090588313,370.9011076595306
2016-09-28,2016-09-28,223.183572,2016-09-28,38.59000015258789,2016-09-28,9.6165,9.0888,ECB EXR daily reference rate,1.0580604700290466,236.14171509308156,371.10073646736146
2016-09-29,2016-09-29,220.624003,2016-09-29,38.65999984741211,2016-09-29,9.6218,9.0403,ECB EXR daily reference rate,1.0643230866232316,234.8152198561331,371.9787865318298
2016-09-30,2016-09-30,220.332242,2016-09-30,38.709999084472656,2016-09-30,9.621,8.9865,ECB EXR daily reference rate,1.070605908863295,235.88900019829748,372.4289011917114
2016-10-03,2016-10-03,219.656103,2016-09-30,38.709999084472656,2016-10-03,9.593,8.9625,ECB EXR daily reference rate,1.0703486750348674,235.10861880937236,371.3450212173462
2016-10-04,2016-10-04,219.622667,2016-10-04,38.900001525878906,2016-10-04,9.6005,8.9175,ECB EXR daily reference rate,1.0765909728062797,236.44378071583964,373.45946464920047
2016-10-05,2016-10-05,220.826874,2016-10-05,38.709999084472656,2016-10-05,9.626,8.9872,ECB EXR daily reference rate,1.0710788677229839,236.52299816672604,372.6224511871338
2016-10-06,2016-10-06,221.228522,2016-10-06,38.63999938964844,2016-10-06,9.632,8.9938,ECB EXR daily reference rate,1.07095999466299,236.92689674042114,372.1804741210937
2016-10-07,2016-10-07,221.330955,2016-10-07,38.54999923706055,2016-10-07,9.6335,9.001,ECB EXR daily reference rate,1.070269970003333,236.88387456865902,371.3714176502228
2016-10-10,2016-10-10,221.812302,2016-10-10,38.86000061035156,2016-10-10,9.6618,9.0448,ECB EXR daily reference rate,1.0682159915089333,236.94344810980894,375.4575538970947
2016-10-11,2016-10-11,222.297452,2016-10-11,38.689998626708984,2016-10-11,9.7318,9.0395,ECB EXR daily reference rate,1.0765860943636263,239.32234563566567,376.5233286354065
2016-10-12,2016-10-12,223.301774,2016-10-12,38.790000915527344,2016-10-12,9.7318,9.029,ECB EXR daily reference rate,1.0778380773064569,240.68315474728095,377.496530909729
2016-10-13,2016-10-13,222.011422,2016-10-13,38.439998626708984,2016-10-13,9.7365,9.0768,ECB EXR daily reference rate,1.0726797990481225,238.14716753734794,374.271046628952
2016-10-14,2016-10-14,222.13974,2016-10-14,38.86000061035156,2016-10-14,9.7068,9.0248,ECB EXR daily reference rate,1.0755695417072952,238.9267383467777,377.20625392456054
2016-10-17,2016-10-17,221.120502,2016-10-17,38.68000030517578,2016-10-17,9.7028,9.0315,ECB EXR daily reference rate,1.0743287383048221,237.55610992698888,375.3043069610596
2016-10-18,2016-10-18,222.102445,2016-10-18,39.0099983215332,2016-10-18,9.7025,8.9565,ECB EXR daily reference rate,1.0832914642996707,240.60168286858706,378.49450871467593
2016-10-19,2016-10-19,222.123747,2016-10-19,39.189998626708984,2016-10-19,9.698,8.9585,ECB EXR daily reference rate,1.0825473014455544,240.45946290182508,380.06460668182376
2016-10-20,2016-10-20,223.429843,2016-10-20,39.189998626708984,2016-10-20,9.704,8.9625,ECB EXR daily reference rate,1.0827336122733613,241.91500100106,380.299746673584
2016-10-21,2016-10-21,224.710845,2016-10-21,39.349998474121094,2016-10-21,9.6913,8.9538,ECB EXR daily reference rate,1.0823672630614936,243.2196622828855,381.35264021224975
2016-10-24,2016-10-24,224.736472,2016-10-24,39.47999954223633,2016-10-24,9.705,8.9855,ECB EXR daily reference rate,1.0800734516721384,242.73189702965888,383.15339555740354
2016-10-25,2016-10-25,225.017876,2016-10-25,39.380001068115234,2016-10-25,9.718,8.9868,ECB EXR daily reference rate,1.0813637779854897,243.32618050563045,382.69485037994383
2016-10-26,2016-10-26,224.276162,2016-10-26,39.27000045776367,2016-10-26,9.7368,9.0425,ECB EXR daily reference rate,1.076781863422726,241.49650363965716,382.3641404571533
2016-10-27,2016-10-27,223.315059,2016-10-27,39.20000076293945,2016-10-27,9.815,8.9858,ECB EXR daily reference rate,1.0922789289768302,243.92233346891763,384.7480074882507
2016-10-28,2016-10-28,223.282102,2016-10-28,39.11000061035156,2016-10-28,9.862,9.0445,ECB EXR daily reference rate,1.0903864226878215,243.4637724499973,385.7028260192871
2016-10-31,2016-10-31,222.790362,2016-10-31,38.90999984741211,2016-10-31,9.865,9.0345,ECB EXR daily reference rate,1.0919253970889369,243.27045449443798,383.84714849472044
2016-11-01,2016-11-01,220.642016,2016-11-01,38.36000061035156,2016-11-01,9.88,9.0213,ECB EXR daily reference rate,1.0951858379612696,241.64401118242387,378.9968060302735
2016-11-02,2016-11-02,218.710491,2016-11-02,37.90999984741211,2016-11-02,9.891,9.0735,ECB EXR daily reference rate,1.0900975367829395,238.41576750768726,374.96780849075316
2016-11-03,2016-11-03,217.429224,2016-11-03,37.869998931884766,2016-11-03,9.9068,9.0575,ECB EXR daily reference rate,1.0937675959149877,237.81703961614136,375.17050541839603
2016-11-04,2016-11-04,216.832217,2016-11-04,37.720001220703125,2016-11-04,9.963,9.1098,ECB EXR daily reference rate,1.0936573799644338,237.14015433609958,375.8043721618652
2016-11-07,2016-11-07,222.25652,2016-11-07,38.439998626708984,2016-11-07,9.9833,9.1035,ECB EXR daily reference rate,1.0966441478552205,243.73631198066676,383.7580382900238
2016-11-08,2016-11-08,222.179082,2016-11-08,38.58000183105469,2016-11-08,9.9185,9.0753,ECB EXR daily reference rate,1.0929115290954567,242.82208024164487,382.6557481613159
2016-11-09,2016-11-09,225.463423,2016-11-09,39.20000076293945,2016-11-09,10.0025,9.1193,ECB EXR daily reference rate,1.0968495388900463,247.29945155412148,392.09800763130187
2016-11-10,2016-11-10,228.028486,2016-11-10,39.36000061035156,2016-11-10,9.909,9.0733,ECB EXR daily reference rate,1.0921054081756363,249.03114277870236,390.01824604797366
2016-11-11,2016-11-11,228.40961,2016-11-11,39.380001068115234,2016-11-11,9.861,9.1148,ECB EXR daily reference rate,1.08186685390793,247.10878617303723,388.32619053268434
2016-11-14,2016-11-14,230.244984,2016-11-14,39.79999923706055,2016-11-14,9.8095,9.135,ECB EXR daily reference rate,1.0738368910782703,247.24555780492608,390.41809251594543
2016-11-15,2016-11-15,229.857659,2016-11-15,39.91999816894531,2016-11-15,9.851,9.0848,ECB EXR daily reference rate,1.0843386755899966,249.2435495342771,393.25190196228033
2016-11-16,2016-11-16,230.955509,2016-11-16,40.13999938964844,2016-11-16,9.8328,9.072,ECB EXR daily reference rate,1.083862433862434,250.32400009867732,394.6885859985352
2016-11-17,2016-11-17,232.05199,2016-11-17,40.36000061035156,2016-11-17,9.8368,9.0878,ECB EXR daily reference rate,1.082418187019961,251.1772943101741,397.01325400390624
2016-11-18,2016-11-18,233.496119,2016-11-18,40.40999984741211,2016-11-18,9.8243,9.1038,ECB EXR daily reference rate,1.0791427755442782,251.97564993647705,396.99996150093074
2016-11-21,2016-11-21,233.677682,2016-11-21,40.599998474121094,2016-11-21,9.8145,9.0843,ECB EXR daily reference rate,1.0803804365773917,252.4607960975529,398.4686850242615
2016-11-22,2016-11-22,233.752614,2016-11-22,40.650001525878906,2016-11-22,9.7973,9.0563,ECB EXR daily reference rate,1.0818214944292923,252.87860220423352,398.2602599494934
2016-11-23,2016-11-23,235.608084,2016-11-23,40.84000015258789,2016-11-23,9.7863,9.068,ECB EXR daily reference rate,1.0792126157917954,254.27121663533305,399.6724934932709
2016-11-24,2016-11-23,235.608084,2016-11-24,40.97999954223633,2016-11-24,9.7658,9.0858,ECB EXR daily reference rate,1.074842061238416,253.24147865099386,400.2024795295716
2016-11-25,2016-11-25,235.802817,2016-11-25,40.90999984741211,2016-11-25,9.784,9.069,ECB EXR daily reference rate,1.0788400044106297,254.3935121323189,400.2634385070801
2016-11-28,2016-11-28,234.719507,2016-11-28,40.880001068115234,2016-11-28,9.7798,9.0848,ECB EXR daily reference rate,1.0765014089468123,252.67587999280119,399.79823444595337
2016-11-29,2016-11-29,234.492921,2016-11-29,40.849998474121094,2016-11-29,9.7668,9.0765,ECB EXR daily reference rate,1.0760535448686168,252.3269388886465,398.9737650970459
2016-11-30,2016-11-30,233.046263,2016-11-30,41.0,2016-11-30,9.7538,9.019,ECB EXR daily reference rate,1.0814724470562147,252.03311232391619,399.9058
2016-12-01,2016-12-01,231.052571,2016-12-01,40.66999816894531,2016-12-01,9.7935,8.9628,ECB EXR daily reference rate,1.0926830901057705,252.46723725716294,398.3016270675659
2016-12-02,2016-12-02,230.197732,2016-12-02,40.459999084472656,2016-12-02,9.7983,8.986,ECB EXR daily reference rate,1.0903961718228354,251.00672573509902,396.4392090293884
2016-12-05,2016-12-05,230.28367,2016-12-05,40.5099983215332,2016-12-05,9.8015,8.984,ECB EXR daily reference rate,1.0909951024042743,251.23835613368212,397.0587485485077
2016-12-06,2016-12-06,231.52082,2016-12-06,40.54999923706055,2016-12-06,9.803,8.9803,ECB EXR daily reference rate,1.091611638809394,252.7308217386947,397.51164252090456
2016-12-07,2016-12-07,233.815978,2016-12-07,40.79999923706055,2016-12-07,9.7735,8.9908,ECB EXR daily reference rate,1.0870556568937135,254.17098155703607,398.7587925434113
2016-12-08,2016-12-08,237.089877,2016-12-08,41.689998626708984,2016-12-08,9.7228,9.0145,ECB EXR daily reference rate,1.0785734095069055,255.71883699546285,405.3435186477661
2016-12-09,2016-12-09,240.14609,2016-12-09,42.119998931884766,2016-12-09,9.691,8.9805,ECB EXR daily reference rate,1.0791158621457604,259.14545495128334,408.1849096488953
2016-12-12,2016-12-12,237.684553,2016-12-12,41.959999084472656,2016-12-12,9.7445,8.9498,ECB EXR daily reference rate,1.0887952803414602,258.78981951646966,408.87921107864383
2016-12-13,2016-12-13,238.903009,2016-12-13,42.04999923706055,2016-12-13,9.718,8.9495,ECB EXR daily reference rate,1.0858707190345829,259.4177821623554,408.6418925857544
2016-12-14,2016-12-14,238.931744,2016-12-14,41.91999816894531,2016-12-14,9.7553,9.0223,ECB EXR daily reference rate,1.0812431419926183,258.34330960433596,408.9421581375122
2016-12-15,2016-12-15,243.323773,2016-12-15,42.7599983215332,2016-12-15,9.7688,8.9993,ECB EXR daily reference rate,1.0855066505172626,264.1295738204527,417.71387160339356
2016-12-16,2016-12-16,244.314792,2016-12-16,42.529998779296875,2016-12-16,9.789,9.0623,ECB EXR daily reference rate,1.0801893559030267,263.906237808062,416.3261580505371
2016-12-19,2016-12-19,243.733036,2016-12-19,42.54999923706055,2016-12-19,9.78,9.0485,ECB EXR daily reference rate,1.0808421285295904,263.4369334232193,416.1389925384521
2016-12-20,2016-12-20,245.13142,2016-12-20,42.79999923706055,2016-12-20,9.7265,9.0343,ECB EXR daily reference rate,1.0766191071804123,263.91317054226664,416.2941925792694
2016-12-21,2016-12-21,243.919545,2016-12-21,42.65999984741211,2016-12-21,9.6385,9.026,ECB EXR daily reference rate,1.0678595169510305,260.47180749861514,411.1784085292816
2016-12-22,2016-12-22,244.876915,2016-12-22,42.40999984741211,2016-12-22,9.6008,9.0975,ECB EXR daily reference rate,1.0553228909040944,258.4242138534762,407.16992653503416
2016-12-23,2016-12-23,244.677506,2016-12-23,42.45000076293945,2016-12-23,9.646,9.0928,ECB EXR daily reference rate,1.0608393454161535,259.563525303097,409.472707359314
2016-12-26,2016-12-23,244.677506,2016-12-23,42.45000076293945,2016-12-23,9.646,9.0928,ECB EXR daily reference rate,1.0608393454161535,259.563525303097,409.472707359314
2016-12-27,2016-12-27,245.486267,2016-12-27,42.56999969482422,2016-12-27,9.6588,9.1078,ECB EXR daily reference rate,1.0604975954676212,260.33759587382247,411.17511305236815
2016-12-28,2016-12-28,244.817404,2016-12-28,42.70000076293945,2016-12-28,9.5783,9.0777,ECB EXR daily reference rate,1.0551461273230003,258.3181357318704,408.993417307663
2016-12-29,2016-12-29,242.860141,2016-12-29,42.220001220703125,2016-12-29,9.5585,9.0758,ECB EXR daily reference rate,1.053185394125036,255.7767533163468,403.55988166809084
2016-12-30,2016-12-30,241.283116,2016-12-30,42.18000030517578,2016-12-30,9.5525,9.0863,ECB EXR daily reference rate,1.0513080131626735,253.66287329165888,402.92445291519164
2017-01-02,2016-12-31,241.281111,2017-01-02,42.5099983215332,2017-01-02,9.5438,9.0543,ECB EXR daily reference rate,1.0540627105353257,254.32542186163482,405.70692198104854
2017-01-03,2017-01-03,243.751105,2017-01-03,42.619998931884766,2017-01-03,9.5348,9.0013,ECB EXR daily reference rate,1.0592692166687034,258.19804205548087,406.37316581573486
2017-01-04,2017-01-04,244.366317,2017-01-04,42.7400016784668,2017-01-04,9.5238,8.9905,ECB EXR daily reference rate,1.0593181691785774,258.8616795333519,407.04722798538205
2017-01-05,2017-01-05,242.506009,2017-01-05,42.439998626708984,2017-01-05,9.5341,9.0215,ECB EXR daily reference rate,1.0568198193205123,256.28515661551853,404.62719090690615
2017-01-06,2017-01-06,243.149618,2017-01-06,42.650001525878906,2017-01-06,9.5515,8.9868,ECB EXR daily reference rate,1.0628366047981483,258.4283144530867,407.3714895744324
2017-01-09,2017-01-09,243.415097,2017-01-09,42.56999969482422,2017-01-09,9.5533,9.0193,ECB EXR daily reference rate,1.059206368565188,257.82682094731297,406.6839780845642
2017-01-10,2017-01-10,244.430063,2017-01-10,42.59000015258789,2017-01-10,9.5595,9.075,ECB EXR daily reference rate,1.0533884297520661,257.4798002477686,407.13910645866395
2017-01-11,2017-01-11,246.161816,2017-01-11,42.66999816894531,2017-01-11,9.5695,9.0633,ECB EXR daily reference rate,1.0558516213741131,259.9103525439961,408.3305474777222
2017-01-12,2017-01-12,242.810522,2017-01-12,42.13999938964844,2017-01-12,9.509,9.0625,ECB EXR daily reference rate,1.0492689655172414,254.77354523564136,400.709254196167
2017-01-13,2017-01-13,243.401415,2017-01-13,42.61000061035156,2017-01-13,9.4875,9.058,ECB EXR daily reference rate,1.0474166482667255,254.94269428267827,404.2623807907105
2017-01-16,2017-01-13,243.401415,2017-01-16,42.4900016784668,2017-01-16,9.483,9.0558,ECB EXR daily reference rate,1.0471741867090705,254.88367879646194,402.93268591690065
2017-01-17,2017-01-17,241.724737,2017-01-17,42.09000015258789,2017-01-17,9.5033,9.036,ECB EXR daily reference rate,1.0517153607791059,254.2256189831895,399.99389845008847
2017-01-18,2017-01-18,241.504347,2017-01-18,42.20000076293945,2017-01-18,9.5328,9.033,ECB EXR daily reference rate,1.0553304549983396,254.8668924035869,402.2841672729492
2017-01-19,2017-01-19,241.269882,2017-01-19,42.31999969482422,2017-01-19,9.5478,9.0193,ECB EXR daily reference rate,1.0585965651436366,255.40746835781053,404.0628930862427
2017-01-20,2017-01-20,240.295353,2017-01-20,42.25,2017-01-20,9.5073,8.999,ECB EXR daily reference rate,1.0564840537837539,253.86820864283814,401.68342500000006
2017-01-23,2017-01-23,238.358604,2017-01-23,41.86000061035156,2017-01-23,9.5113,8.994,ECB EXR daily reference rate,1.0575161218590172,252.06806651380924,398.14302380523685
2017-01-24,2017-01-24,238.361984,2017-01-24,42.029998779296875,2017-01-24,9.4985,8.9578,ECB EXR daily reference rate,1.060360802875706,252.7497047292862,399.22194340515136
2017-01-25,2017-01-25,240.268412,2017-01-25,42.470001220703125,2017-01-25,9.4833,8.9453,ECB EXR daily reference rate,1.060143315484109,254.71895090378186,402.75576257629393
2017-01-26,2017-01-26,241.093934,2017-01-26,42.81999969482422,2017-01-26,9.466,8.9215,ECB EXR daily reference rate,1.0610323376113882,255.8084603759457,405.334117111206
2017-01-27,2017-01-27,240.240274,2017-01-27,42.619998931884766,2017-01-27,9.4528,8.919,ECB EXR daily reference rate,1.0598497589415854,254.61859648696043,402.87832590332033
2017-01-30,2017-01-30,238.384017,2017-01-30,42.220001220703125,2017-01-30,9.439,8.8758,ECB EXR daily reference rate,1.0634534351833074,253.51030177144594,398.5145915222168
2017-01-31,2017-01-31,235.943389,2017-01-31,41.77000045776367,2017-01-31,9.4505,8.888,ECB EXR daily reference rate,1.0632875787578757,250.8756748137376,394.7473893260956
2017-02-01,2017-02-01,236.820709,2017-02-01,42.119998931884766,2017-02-01,9.4253,8.883,ECB EXR daily reference rate,1.0610491950917484,251.27842266550718,396.9936259326935
2017-02-02,2017-02-02,235.889187,2017-02-02,42.029998779296875,2017-02-02,9.4183,8.8575,ECB EXR daily reference rate,1.0633135760654813,250.82417498414904,395.85113750305175
2017-02-03,2017-02-03,236.894076,2017-02-03,42.33000183105469,2017-02-03,9.442,8.8568,ECB EXR daily reference rate,1.0660735254267908,252.54650275404214,399.6798772888184
2017-02-06,2017-02-06,237.490731,2017-02-06,42.349998474121094,2017-02-06,9.4605,8.846,ECB EXR daily reference rate,1.0694664255030522,253.9883631726769,400.6521605644226
2017-02-07,2017-02-07,238.928774,2017-02-07,42.529998779296875,2017-02-07,9.481,8.8838,ECB EXR daily reference rate,1.0672234854454175,254.99039896148045,403.2269184265137
2017-02-08,2017-02-08,239.34128,2017-02-08,42.540000915527344,2017-02-08,9.4523,8.8835,ECB EXR daily reference rate,1.0640288174705914,254.6660191302977,402.1008506538391
2017-02-09,2017-02-09,240.974717,2017-02-09,42.900001525878906,2017-02-09,9.4835,8.886,ECB EXR daily reference rate,1.0672406031960386,257.1780023260747,406.84216447067257
2017-02-10,2017-02-10,243.667903,2017-02-10,43.119998931884766,2017-02-10,9.4873,8.9065,ECB EXR daily reference rate,1.06521080110032,259.5576821570651,409.0923658664703
2017-02-13,2017-02-13,244.476358,2017-02-13,43.4900016784668,2017-02-13,9.478,8.9018,ECB EXR daily reference rate,1.0647284818800693,260.30094150890835,412.1982359085083
2017-02-14,2017-02-14,245.437594,2017-02-14,43.54999923706055,2017-02-14,9.4653,8.879,ECB EXR daily reference rate,1.0660322108345535,261.6443809537335,412.21380777854915
2017-02-15,2017-02-15,245.240844,2017-02-15,43.72999954223633,2017-02-15,9.4508,8.8523,ECB EXR daily reference rate,1.0676095478011365,261.82146656520905,413.28347967376703
2017-02-16,2017-02-16,244.093678,2017-02-16,43.459999084472656,2017-02-16,9.4748,8.869,ECB EXR daily reference rate,1.068305333182997,260.7665780036532,411.7747993255615
2017-02-17,2017-02-17,245.005577,2017-02-17,43.619998931884766,2017-02-17,9.4478,8.8645,ECB EXR daily reference rate,1.065801793671386,261.1273834260929,412.1130259086609
2017-02-20,2017-02-17,245.005577,2017-02-20,43.79999923706055,2017-02-20,9.4785,8.8568,ECB EXR daily reference rate,1.0701946526962334,262.20365838615527,415.1582927684784
2017-02-21,2017-02-21,246.42783,2017-02-21,44.15999984741211,2017-02-21,9.469,8.8138,ECB EXR daily reference rate,1.0743379700015883,264.7467746340965,418.15103855514525
2017-02-22,2017-02-22,246.728789,2017-02-22,44.189998626708984,2017-02-22,9.47,8.8153,ECB EXR daily reference rate,1.0742686011820357,265.05299103036765,418.4792869949341
2017-02-23,2017-02-23,245.853242,2017-02-23,44.06999969482422,2017-02-23,9.4975,8.807,ECB EXR daily reference rate,1.078403542636539,265.1290071414783,418.55482210159306
2017-02-24,2017-02-24,245.778138,2017-02-24,43.91999816894531,2017-02-24,9.5188,8.8365,ECB EXR daily reference rate,1.0772138290046966,264.75560912062474,418.06567857055666
2017-02-27,2017-02-27,246.019311,2017-02-27,43.84000015258789,2017-02-27,9.5548,8.8383,ECB EXR daily reference rate,1.0810676261271963,265.9635125242184,418.8824334579468
2017-02-28,2017-02-28,245.917131,2017-02-28,43.86000061035156,2017-02-28,9.5675,8.8693,ECB EXR daily reference rate,1.078720981362678,265.27596888621423,419.6305558395386
2017-03-01,2017-03-01,249.718778,2017-03-01,44.5099983215332,2017-03-01,9.5268,8.8618,ECB EXR daily reference rate,1.0750411880204924,268.4579717721456,424.0378520095825
2017-03-02,2017-03-02,250.570459,2017-03-02,44.52000045776367,2017-03-02,9.5195,8.883,ECB EXR daily reference rate,1.071653720589891,268.52476465726676,423.80814435768133
2017-03-03,2017-03-03,250.613659,2017-03-03,44.29999923706055,2017-03-03,9.5375,8.9303,ECB EXR daily reference rate,1.0679932365094116,267.653692788876,422.51124272346493
2017-03-06,2017-03-06,250.526449,2017-03-06,44.08000183105469,2017-03-06,9.5335,8.9673,ECB EXR daily reference rate,1.0631405216731904,266.3448196827919,420.2366974563599
2017-03-07,2017-03-07,249.308203,2017-03-07,44.04999923706055,2017-03-07,9.5218,8.9443,ECB EXR daily reference rate,1.0645662600762498,265.4051012740405,419.43528273544314
2017-03-08,2017-03-08,249.53113,2017-03-08,44.13999938964844,2017-03-08,9.5223,8.9513,ECB EXR daily reference rate,1.0637896171505814,265.44862524985194,420.3143161880493
2017-03-09,2017-03-09,252.440683,2017-03-09,44.0099983215332,2017-03-09,9.5525,9.0458,ECB EXR daily reference rate,1.05601494616286,266.5811342675606,420.40550896644595
2017-03-10,2017-03-10,254.457768,2017-03-10,43.810001373291016,2017-03-10,9.5778,9.1405,ECB EXR daily reference rate,1.0478420217712379,266.63154207651655,419.60343115310667
2017-03-13,2017-03-13,253.19,2017-03-13,43.900001525878906,2017-03-13,9.5645,9.1298,ECB EXR daily reference rate,1.0476133102587133,265.2452140244036,419.8815645942688
2017-03-14,2017-03-14,253.755647,2017-03-14,43.81999969482422,2017-03-14,9.4968,9.151,ECB EXR daily reference rate,1.0377882198666812,263.344621181248,416.14977310180666
2017-03-15,2017-03-15,255.416546,2017-03-15,44.099998474121094,2017-03-15,9.5603,9.1353,ECB EXR daily reference rate,1.0465228290258666,267.2992462999354,421.60921541213986
2017-03-16,2017-03-16,254.312838,2017-03-16,43.970001220703125,2017-03-16,9.4838,9.1588,ECB EXR daily reference rate,1.0354849980346772,263.33712855662316,417.0026975769043
2017-03-17,2017-03-17,252.621597,2017-03-17,43.970001220703125,2017-03-17,9.461,9.1023,ECB EXR daily reference rate,1.0394076222493216,262.5768134665964,416.0001815490723
2017-03-20,2017-03-20,252.507436,2017-03-20,43.880001068115234,2017-03-20,9.5078,9.1278,ECB EXR daily reference rate,1.0416310611538375,263.01958850991474,417.202274155426
2017-03-21,2017-03-21,250.275294,2017-03-21,43.29999923706055,2017-03-21,9.4923,9.1253,ECB EXR daily reference rate,1.0402178558513147,260.3408296972374,411.01658275794983
2017-03-22,2017-03-22,249.958328,2017-03-22,43.189998626708984,2017-03-22,9.5105,9.1463,ECB EXR daily reference rate,1.039819380514525,259.91151377540643,410.7584819393158
2017-03-23,2017-03-23,250.701136,2017-03-23,43.529998779296875,2017-03-23,9.5095,9.1478,ECB EXR daily reference rate,1.0395395614246048,260.6137489660902,413.9485233917236
2017-03-24,2017-03-24,251.198939,2017-03-24,43.380001068115234,2017-03-24,9.5373,9.1793,ECB EXR daily reference rate,1.039000795267613,260.9958973913806,413.7280841869354
2017-03-27,2017-03-27,250.541969,2017-03-27,42.91999816894531,2017-03-27,9.5503,9.2188,ECB EXR daily reference rate,1.035959127001345,259.55123948243806,409.8988585128784
2017-03-28,2017-03-28,253.072795,2017-03-28,43.279998779296875,2017-03-28,9.5318,9.238,ECB EXR daily reference rate,1.0318034206538214,261.1213755554233,412.53629236450195
2017-03-29,2017-03-29,253.986342,2017-03-29,43.7599983215332,2017-03-29,9.5505,9.1908,ECB EXR daily reference rate,1.0391369630500065,263.9265960820603,417.92986396980285
2017-03-30,2017-03-30,254.681468,2017-03-30,44.02000045776367,2017-03-30,9.5623,9.1695,ECB EXR daily reference rate,1.0428376683570535,265.59142826287155,420.9324503772736
2017-03-31,2017-03-31,255.352575,2017-03-31,44.06999969482422,2017-03-31,9.5322,9.1683,ECB EXR daily reference rate,1.0396911095841104,265.4878020369098,420.0840510910034
2017-04-03,2017-04-03,254.978097,2017-04-03,43.900001525878906,2017-04-03,9.5145,9.1468,ECB EXR daily reference rate,1.0401998513141206,265.22817858775744,417.68656451797483
2017-04-04,2017-04-04,255.264161,2017-04-04,44.0,2017-04-04,9.61,9.179,ECB EXR daily reference rate,1.0469550059919381,267.25009120928206,422.84
2017-04-05,2017-04-05,254.54522,2017-04-05,44.16999816894531,2017-04-05,9.5748,9.1665,ECB EXR daily reference rate,1.0445426280477828,265.883333055801,422.9188984680176
2017-04-06,2017-04-06,254.912953,2017-04-06,44.08000183105469,2017-04-06,9.5895,9.1688,ECB EXR daily reference rate,1.04588386702731,266.6093450389909,422.70517755889887
2017-04-07,2017-04-07,255.516311,2017-04-07,44.16999816894531,2017-04-07,9.5963,9.1583,ECB EXR daily reference rate,1.0478254697924285,267.73649861320325,423.8685534286499
2017-04-10,2017-04-10,255.701976,2017-04-10,44.220001220703125,2017-04-10,9.6098,9.1443,ECB EXR daily reference rate,1.0509060288923155,268.71874817807816,424.94536773071286
2017-04-11,2017-04-11,254.729107,2017-04-11,43.959999084472656,2017-04-11,9.5915,9.1245,ECB EXR daily reference rate,1.0511808866239247,267.76636854518057,421.6423312187195
2017-04-12,2017-04-12,253.681405,2017-04-12,44.040000915527344,2017-04-12,9.5553,9.1035,ECB EXR daily reference rate,1.0496292634700939,266.2714262862086,420.8154207481385
2017-04-13,2017-04-12,253.681405,2017-04-13,43.97999954223633,2017-04-13,9.582,9.1033,ECB EXR daily reference rate,1.0525853262003888,267.021324432898,421.4163556137085
2017-04-14,2017-04-12,253.681405,2017-04-13,43.97999954223633,2017-04-13,9.582,9.1033,ECB EXR daily reference rate,1.0525853262003888,267.021324432898,421.4163556137085
2017-04-17,2017-04-12,253.681405,2017-04-13,43.97999954223633,2017-04-13,9.582,9.1033,ECB EXR daily reference rate,1.0525853262003888,267.021324432898,421.4163556137085
2017-04-18,2017-04-18,251.250155,2017-04-18,43.5099983215332,2017-04-18,9.5908,9.1093,ECB EXR daily reference rate,1.0528580681281767,264.53075281020494,417.2956919021606
2017-04-19,2017-04-19,252.229952,2017-04-19,43.63999938964844,2017-04-19,9.6195,9.1528,ECB EXR daily reference rate,1.0509898610261341,265.0911221991085,419.79497412872314
2017-04-20,2017-04-20,254.827067,2017-04-20,43.470001220703125,2017-04-20,9.6203,9.212,ECB EXR daily reference rate,1.0443226226660878,266.12167093574686,418.1944527435303
2017-04-21,2017-04-21,256.672905,2017-04-21,43.7599983215332,2017-04-21,9.639,9.2478,ECB EXR daily reference rate,1.042301952896905,267.5306701372218,421.8026238212585
2017-04-24,2017-04-24,257.203348,2017-04-24,43.7400016784668,2017-04-24,9.5825,9.245,ECB EXR daily reference rate,1.0365062195781505,266.59286989832344,419.1385660839081
2017-04-25,2017-04-25,258.44378,2017-04-25,43.720001220703125,2017-04-25,9.601,9.3158,ECB EXR daily reference rate,1.0306146546727066,266.355947077009,419.75573171997075
2017-04-26,2017-04-26,259.671535,2017-04-26,44.09000015258789,2017-04-26,9.5605,9.3485,ECB EXR daily reference rate,1.0226774348826015,265.5602193258277,421.5224464588165
2017-04-27,2017-04-27,259.804728,2017-04-27,43.939998626708984,2017-04-27,9.6244,9.3367,ECB EXR daily reference rate,1.0308138849914852,267.8103210088361,422.8961227828979
2017-04-28,2017-04-28,258.415366,2017-04-28,43.79999923706055,2017-04-28,9.6318,9.3243,ECB EXR daily reference rate,1.0329783469000355,266.93747758424763,421.8728326515198
2017-05-01,2017-04-28,258.415366,2017-04-28,43.79999923706055,2017-04-28,9.6318,9.3243,ECB EXR daily reference rate,1.0329783469000355,266.93747758424763,421.8728326515198
2017-05-02,2017-05-02,260.613708,2017-05-02,43.91999816894531,2017-05-02,9.629,9.378,ECB EXR daily reference rate,1.0267647686073789,267.588973590531,422.9056623687744
2017-05-03,2017-05-03,260.87093,2017-05-03,43.81999969482422,2017-05-03,9.6273,9.3878,ECB EXR daily reference rate,1.0255118345086176,267.52622599426917,421.8682830619812
2017-05-04,2017-05-04,262.719391,2017-05-04,43.86000061035156,2017-05-04,9.6438,9.4803,ECB EXR daily reference rate,1.0172462896743775,267.250325720262,422.9770738861084
2017-05-05,2017-05-05,262.117489,2017-05-05,43.83000183105469,2017-05-05,9.6865,9.5023,ECB EXR daily reference rate,1.01938478052682,267.1985789965061,424.55931273651123
2017-05-08,2017-05-08,263.407612,2017-05-08,44.09000015258789,2017-05-08,9.659,9.4465,ECB EXR daily reference rate,1.0224951040067751,269.33299362811624,425.8653114738465
2017-05-09,2017-05-09,263.80411,2017-05-09,44.279998779296875,2017-05-09,9.6698,9.4138,ECB EXR daily reference rate,1.0271941192717076,270.97803043170666,428.17873219604496
2017-05-10,2017-05-10,262.465972,2017-05-10,44.349998474121094,2017-05-10,9.699,9.4435,ECB EXR daily reference rate,1.0270556467411447,269.56715862000317,430.15063520050046
2017-05-11,2017-05-11,261.434406,2017-05-11,44.16999816894531,2017-05-11,9.6478,9.333,ECB EXR daily reference rate,1.0337297760634307,270.25252996965605,426.1433083343506
2017-05-12,2017-05-12,261.375695,2017-05-12,44.119998931884766,2017-05-12,9.6673,9.3665,ECB EXR daily reference rate,1.032114450435061,269.76963180200715,426.52126567420953
2017-05-15,2017-05-15,261.399646,2017-05-15,44.119998931884766,2017-05-15,9.6733,9.3325,ECB EXR daily reference rate,1.0365175462094829,270.9453196519475,426.7859856678009
2017-05-16,2017-05-16,260.15775,2017-05-16,43.83000183105469,2017-05-16,9.7215,9.3918,ECB EXR daily reference rate,1.0351050916757172,269.29061166389835,426.0933628005982
2017-05-17,2017-05-16,260.15775,2017-05-17,43.119998931884766,2017-05-17,9.7573,9.3708,ECB EXR daily reference rate,1.041245144491399,270.8879939893073,420.73476557807925
2017-05-18,2017-05-18,255.459562,2017-05-18,43.11000061035156,2017-05-18,9.7655,9.4113,ECB EXR daily reference rate,1.0376356082581577,265.07393800123253,420.9907109603882
2017-05-19,2017-05-19,255.368737,2017-05-19,43.20000076293945,2017-05-19,9.7893,9.3923,ECB EXR daily reference rate,1.0422686668867052,266.1628330775316,422.8977674686432
2017-05-22,2017-05-22,255.78185,2017-05-22,43.20000076293945,2017-05-22,9.7895,9.3723,ECB EXR daily reference rate,1.0445141534095155,267.16776251026965,422.9064074687958
2017-05-23,2017-05-23,256.277558,2017-05-23,43.29999923706055,2017-05-23,9.7403,9.376,ECB EXR daily reference rate,1.0388545221843004,266.23510006264934,421.75498256874084
2017-05-24,2017-05-24,257.572236,2017-05-24,43.470001220703125,2017-05-24,9.7418,9.3843,ECB EXR daily reference rate,1.0380955425551186,267.384590077555,423.4760578918457
2017-05-25,2017-05-24,257.572236,2017-05-25,43.47999954223633,2017-05-25,9.7275,9.333,ECB EXR daily reference rate,1.0422693667630987,268.4596513114754,422.95169554710384
2017-05-26,2017-05-26,258.240789,2017-05-26,43.59000015258789,2017-05-26,9.7275,9.4018,ECB EXR daily reference rate,1.0346423025378118,267.18684454014124,424.02172648429865
2017-05-29,2017-05-26,258.240789,2017-05-29,43.630001068115234,2017-05-29,9.7248,9.4065,ECB EXR daily reference rate,1.033838303300909,266.9792191428481,424.29303438720706
2017-05-30,2017-05-30,259.735559,2017-05-30,43.560001373291016,2017-05-30,9.7688,9.4398,ECB EXR daily reference rate,1.0348524333142652,268.7879752493909,425.5289414154053
2017-05-31,2017-05-31,259.302257,2017-05-31,43.310001373291016,2017-05-31,9.7558,9.4388,ECB EXR daily reference rate,1.0335847777259821,268.01086566519047,422.5237113975525
2017-06-01,2017-06-01,261.553786,2017-06-01,43.619998931884766,2017-06-01,9.776,9.4895,ECB EXR daily reference rate,1.0301912640286632,269.4504254108225,426.42910955810544
2017-06-02,2017-06-02,262.990381,2017-06-02,43.70000076293945,2017-06-02,9.7433,9.4918,ECB EXR daily reference rate,1.0264965549210898,269.9587200738849,425.78221743354794
2017-06-05,2017-06-02,262.990381,2017-06-05,43.70000076293945,2017-06-05,9.7448,9.489,ECB EXR daily reference rate,1.026957529771314,270.0799520253767,425.84776743469234
2017-06-06,2017-06-06,262.955956,2017-06-06,43.630001068115234,2017-06-06,9.7503,9.5158,ECB EXR daily reference rate,1.0246432249521846,269.4360387762248,425.40559941444394
2017-06-07,2017-06-07,263.656692,2017-06-07,43.650001525878906,2017-06-07,9.7953,9.5023,ECB EXR daily reference rate,1.0308346400345179,271.78645119051174,427.56485994644163
2017-06-08,2017-06-08,263.092057,2017-06-08,43.790000915527344,2017-06-08,9.7885,9.5233,ECB EXR daily reference rate,1.0278474898407064,270.41851038447805,428.63842396163943
2017-06-09,2017-06-09,263.295943,2017-06-09,44.040000915527344,2017-06-09,9.7615,9.5218,ECB EXR daily reference rate,1.0251738116742632,269.92410548367957,429.89646893692014
2017-06-12,2017-06-12,261.999411,2017-06-12,43.66999816894531,2017-06-12,9.7803,9.4985,ECB EXR daily reference rate,1.029667842290888,269.7723682058536,427.10568309173584
2017-06-13,2017-06-13,262.091558,2017-06-13,43.88999938964844,2017-06-13,9.7443,9.454,ECB EXR daily reference rate,1.0307065792257246,270.1394931901206,427.6773210525513
2017-06-14,2017-06-14,260.409898,2017-06-14,43.650001525878906,2017-06-14,9.7448,9.414,ECB EXR daily reference rate,1.035139154450818,269.56048162634374,425.36053486938476
2017-06-15,2017-06-15,262.47146,2017-06-15,43.84000015258789,2017-06-15,9.7278,9.4718,ECB EXR daily reference rate,1.0270275977111003,269.5654330315251,426.4667534843445
2017-06-16,2017-06-16,262.22603,2017-06-16,43.790000915527344,2017-06-16,9.737,9.4615,ECB EXR daily reference rate,1.0291180045447341,269.86152873328757,426.38323891448977
2017-06-19,2017-06-19,263.993711,2017-06-19,44.2400016784668,2017-06-19,9.7443,9.4518,ECB EXR daily reference rate,1.030946486383546,272.1633887828033,431.087848355484
2017-06-20,2017-06-20,265.187271,2017-06-20,44.20000076293945,2017-06-20,9.7575,9.493,ECB EXR daily reference rate,1.027862635626251,272.5760873045929,431.2815074443817
2017-06-21,2017-06-21,264.116419,2017-06-21,44.0,2017-06-21,9.7808,9.5158,ECB EXR daily reference rate,1.0278484205216585,271.47164410298655,430.35519999999997
2017-06-22,2017-06-22,262.676633,2017-06-22,44.029998779296875,2017-06-22,9.7683,9.4855,ECB EXR daily reference rate,1.0298139265194244,270.50805483463176,430.0982370758057
2017-06-23,2017-06-23,261.807634,2017-06-23,43.880001068115234,2017-06-23,9.77,9.4613,ECB EXR daily reference rate,1.032627651591219,270.34980226607337,428.70761043548583
2017-06-26,2017-06-26,263.352155,2017-06-26,43.90999984741211,2017-06-26,9.7618,9.4788,ECB EXR daily reference rate,1.0298560999282609,271.21482325600283,428.6406365104675
2017-06-27,2017-06-27,260.591436,2017-06-27,43.560001373291016,2017-06-27,9.7678,9.52,ECB EXR daily reference rate,1.026029411764706,267.37447779,425.48538141403196
2017-06-28,2017-06-28,263.272898,2017-06-28,43.400001525878906,2017-06-28,9.778,9.602,ECB EXR daily reference rate,1.0183295146844407,268.09856244990624,424.36521492004397
2017-06-29,2017-06-29,259.634313,2017-06-29,42.900001525878906,2017-06-29,9.7215,9.57,ECB EXR daily reference rate,1.0158307210031348,263.7445113719436,417.0523648338318
2017-06-30,2017-06-30,258.795974,2017-06-30,42.900001525878906,2017-06-30,9.6398,9.5713,ECB EXR daily reference rate,1.0071568125541983,260.6481282756992,413.5474347091675
2017-07-03,2017-07-03,258.892308,2017-07-03,43.31999969482422,2017-07-03,9.6358,9.5065,ECB EXR daily reference rate,1.0136012202177456,262.4135592937884,417.4228530593872
2017-07-04,2017-07-03,258.892308,2017-07-04,43.25,2017-07-04,9.6735,9.485,ECB EXR daily reference rate,1.0198734844491304,264.0374002570375,418.37887500000005
2017-07-05,2017-07-05,260.099314,2017-07-05,43.25,2017-07-05,9.6243,9.4965,ECB EXR daily reference rate,1.0134575896382878,263.5996238330122,416.250975
2017-07-06,2017-07-06,257.151023,2017-07-06,42.83000183105469,2017-07-06,9.631,9.5298,ECB EXR daily reference rate,1.0106193204474385,259.8817921166236,412.4957476348877
2017-07-07,2017-07-07,257.888368,2017-07-07,42.90999984741211,2017-07-07,9.6155,9.5613,ECB EXR daily reference rate,1.0056686852206291,259.3502559802538,412.60110353279117
2017-07-10,2017-07-10,257.837511,2017-07-10,43.02000045776367,2017-07-10,9.6175,9.5165,ECB EXR daily reference rate,1.0106131455892395,260.5739780426102,413.7448544025421
2017-07-11,2017-07-11,257.317938,2017-07-11,42.77000045776367,2017-07-11,9.639,9.512,ECB EXR daily reference rate,1.0133515559293522,260.75353284083263,412.260034412384
2017-07-12,2017-07-12,258.175834,2017-07-12,43.279998779296875,2017-07-12,9.635,9.4688,ECB EXR daily reference rate,1.0175523825616761,262.7074350065478,417.0027882385254
2017-07-13,2017-07-13,257.879648,2017-07-13,43.459999084472656,2017-07-13,9.543,9.4518,ECB EXR daily reference rate,1.0096489557544595,260.3679173135275,414.73877126312254
2017-07-14,2017-07-14,257.622994,2017-07-14,43.349998474121094,2017-07-14,9.5333,9.3843,ECB EXR daily reference rate,1.0158775827712243,261.71342441100563,413.26854045333863
2017-07-17,2017-07-17,255.764851,2017-07-17,43.43000030517578,2017-07-17,9.54,9.3558,ECB EXR daily reference rate,1.0196883216828063,260.800431661643,414.3222029113769
2017-07-18,2017-07-18,253.444182,2017-07-18,42.9900016784668,2017-07-18,9.5658,9.3065,ECB EXR daily reference rate,1.0278622468167409,260.505706353151,411.2337580558777
2017-07-19,2017-07-19,254.493083,2017-07-19,43.400001525878906,2017-07-19,9.5598,9.3018,ECB EXR daily reference rate,1.0277365671160419,261.55184747719795,414.8953345870971
2017-07-20,2017-07-20,254.143944,2017-07-20,43.040000915527344,2017-07-20,9.5678,9.3,ECB EXR daily reference rate,1.028795698924731,261.4621964949677,411.7981207595825
2017-07-21,2017-07-21,252.947871,2017-07-21,42.900001525878906,2017-07-21,9.6193,9.3315,ECB EXR daily reference rate,1.030841772491025,260.7492316894711,412.667984677887
2017-07-24,2017-07-24,252.360873,2017-07-24,42.869998931884766,2017-07-24,9.5883,9.3525,ECB EXR daily reference rate,1.0252125100240579,258.7235240401925,411.0504107585907
2017-07-25,2017-07-25,252.179841,2017-07-25,43.040000915527344,2017-07-25,9.5545,9.3035,ECB EXR daily reference rate,1.0269790938893966,258.9834246073521,411.225688747406
2017-07-26,2017-07-26,252.517794,2017-07-26,43.130001068115234,2017-07-26,9.5705,9.2893,ECB EXR daily reference rate,1.0302713875103613,260.1618579954356,412.7756752223968
2017-07-27,2017-07-27,251.405456,2017-07-27,43.08000183105469,2017-07-27,9.582,9.2978,ECB EXR daily reference rate,1.0305663705392674,259.09000832368946,412.79257754516607
2017-07-28,2017-07-28,250.295343,2017-07-28,42.61000061035156,2017-07-28,9.5355,9.3195,ECB EXR daily reference rate,1.0231772090777402,256.0964904958957,406.30766082000736
2017-07-31,2017-07-31,249.889023,2017-07-31,42.54999923706055,2017-07-31,9.5423,9.305,ECB EXR daily reference rate,1.0255024180548091,256.2617973318538,406.0248577198028
2017-08-01,2017-08-01,250.8899,2017-08-01,42.630001068115234,2017-08-01,9.5563,9.3343,ECB EXR daily reference rate,1.0237832510204299,256.85687747019057,407.38507920722964
2017-08-02,2017-08-02,250.469274,2017-08-02,42.36000061035156,2017-08-02,9.5918,9.3505,ECB EXR daily reference rate,1.0258061066253141,256.93291079120905,406.3086538543701
2017-08-03,2017-08-03,250.637166,2017-08-03,42.33000183105469,2017-08-03,9.6093,9.3768,ECB EXR daily reference rate,1.0247952393140516,256.8517745119657,406.7616865951538
2017-08-04,2017-08-04,252.651686,2017-08-04,42.83000183105469,2017-08-04,9.6053,9.3618,ECB EXR daily reference rate,1.0260099553504667,259.2231450720801,411.39501658782956
2017-08-07,2017-08-07,252.798738,2017-08-07,42.70000076293945,2017-08-07,9.6175,9.38,ECB EXR daily reference rate,1.0253198294243069,259.19955892484,410.66725733757016
2017-08-08,2017-08-08,252.059846,2017-08-08,42.97999954223633,2017-08-08,9.598,9.3225,ECB EXR daily reference rate,1.0295521587556986,259.50875858492896,412.5220356063843
2017-08-09,2017-08-09,252.154096,2017-08-09,42.65999984741211,2017-08-09,9.621,9.3398,ECB EXR daily reference rate,1.0301077110858905,259.7458786714919,410.43185853195195
2017-08-10,2017-08-10,248.717985,2017-08-10,42.349998474121094,2017-08-10,9.568,9.3355,ECB EXR daily reference rate,1.024904932783461,254.91228969846284,405.2047854003906
2017-08-11,2017-08-11,248.824234,2017-08-11,42.0,2017-08-11,9.6083,9.3975,ECB EXR daily reference rate,1.0224314977387603,254.40573424231977,403.54859999999996
2017-08-14,2017-08-14,249.729034,2017-08-14,42.43000030517578,2017-08-14,9.5665,9.3478,ECB EXR daily reference rate,1.023395879244314,255.5716643232632,405.9065979194641
2017-08-15,2017-08-15,250.549555,2017-08-15,42.56999969482422,2017-08-15,9.4835,9.3538,ECB EXR daily reference rate,1.0138660223652418,254.02368073323137,403.71259210586544
2017-08-16,2017-08-16,251.118128,2017-08-16,42.77000045776367,2017-08-16,9.482,9.3115,ECB EXR daily reference rate,1.0183106910809212,255.71627446662725,405.5451443405151
2017-08-17,2017-08-17,248.043938,2017-08-17,42.439998626708984,2017-08-17,9.5088,9.3243,ECB EXR daily reference rate,1.0197870081400213,252.95198542028893,403.55345894165043
2017-08-18,2017-08-18,247.384801,2017-08-18,42.13999938964844,2017-08-18,9.537,9.3183,ECB EXR daily reference rate,1.0234699462348282,253.19090897878368,401.8891741790772
2017-08-21,2017-08-21,246.230315,2017-08-21,41.810001373291016,2017-08-21,9.5173,9.2903,ECB EXR daily reference rate,1.0244340871661841,252.24672797966696,397.9183260700226
2017-08-22,2017-08-22,248.281409,2017-08-22,42.290000915527344,2017-08-22,9.539,9.3023,ECB EXR daily reference rate,1.0254453199746298,254.59900889575692,403.4043187332153
2017-08-23,2017-08-23,246.807732,2017-08-23,42.119998931884766,2017-08-23,9.5455,9.313,ECB EXR daily reference rate,1.0249651025448299,252.96931233823688,402.05644980430606
2017-08-24,2017-08-24,245.424016,2017-08-24,42.029998779296875,2017-08-24,9.5118,9.2585,ECB EXR daily reference rate,1.0273586434087594,252.13848413768966,399.780942388916
2017-08-25,2017-08-25,244.0238,2017-08-25,41.95000076293945,2017-08-25,9.5053,9.2278,ECB EXR daily reference rate,1.0300721732157176,251.36212598235764,398.7473422519684
2017-08-28,2017-08-28,243.879765,2017-08-28,41.61000061035156,2017-08-28,9.5155,9.262,ECB EXR daily reference rate,1.027369898510041,250.55472941670266,395.9399608078003
2017-08-29,2017-08-29,242.586571,2017-08-29,41.31999969482422,2017-08-29,9.5363,9.2915,ECB EXR daily reference rate,1.0263466609266536,248.97791713149658,394.03991308975225
2017-08-30,2017-08-30,244.952262,2017-08-30,41.810001373291016,2017-08-30,9.5095,9.2845,ECB EXR daily reference rate,1.0242339382842371,250.88841999989228,397.5922080593109
2017-08-31,2017-08-31,246.193985,2017-08-31,42.20000076293945,2017-08-31,9.4818,9.279,ECB EXR daily reference rate,1.0218558034270935,251.5747523410928,400.1319672340393
2017-09-01,2017-09-01,247.296987,2017-09-01,42.400001525878906,2017-09-01,9.4778,9.2555,ECB EXR daily reference rate,1.0240181513694562,253.23660346697645,401.85873446197513
2017-09-04,2017-09-01,247.296987,2017-09-04,42.09000015258789,2017-09-04,9.4733,9.2933,ECB EXR daily reference rate,1.019368792570992,252.0868310446343,398.73119844551087
2017-09-05,2017-09-05,245.069646,2017-09-05,42.08000183105469,2017-09-05,9.469,9.2788,ECB EXR daily reference rate,1.0204983403026253,250.09316700155193,398.4555373382568
2017-09-06,2017-09-06,245.883248,2017-09-06,42.0,2017-09-06,9.501,9.2765,ECB EXR daily reference rate,1.0242009378537162,251.8338532041179,399.042
2017-09-07,2017-09-07,245.724919,2017-09-07,41.849998474121094,2017-09-07,9.5263,9.2938,ECB EXR daily reference rate,1.0250166777851903,251.872140122415,398.6756404640198
2017-09-08,2017-09-08,245.811763,2017-09-08,41.90999984741211,2017-09-08,9.5388,9.3093,ECB EXR daily reference rate,1.0246527665882503,251.87170301788532,399.7711065444946
2017-09-11,2017-09-11,251.220631,2017-09-11,42.369998931884766,2017-09-11,9.5705,9.371,ECB EXR daily reference rate,1.021289083342226,256.5688879506456,405.5020747776031
2017-09-12,2017-09-12,251.613348,2017-09-12,42.58000183105469,2017-09-12,9.5355,9.3593,ECB EXR daily reference rate,1.0188261942666654,256.3502697695341,406.021607460022
2017-09-13,2017-09-13,252.939265,2017-09-13,42.7599983215332,2017-09-13,9.5475,9.3983,ECB EXR daily reference rate,1.0158752114744154,256.9547293220582,408.25108397483825
2017-09-14,2017-09-14,253.588513,2017-09-14,42.83000183105469,2017-09-14,9.5345,9.395,ECB EXR daily reference rate,1.0148483235763703,257.3538772962746,408.3626524581909
2017-09-15,2017-09-15,251.848356,2017-09-15,42.56999969482422,2017-09-15,9.5058,9.3348,ECB EXR daily reference rate,1.018318549942152,256.4618526872349,404.6619030990601
2017-09-18,2017-09-18,251.427945,2017-09-18,42.7400016784668,2017-09-18,9.5145,9.341,ECB EXR daily reference rate,1.0185740284766085,256.09797481024515,406.6497459697723
2017-09-19,2017-09-19,252.043467,2017-09-19,42.72999954223633,2017-09-19,9.5261,9.342,ECB EXR daily reference rate,1.0197067009205736,257.0104122231534,407.0502486392975
2017-09-20,2017-09-20,251.915763,2017-09-20,42.65999984741211,2017-09-20,9.5335,9.344,ECB EXR daily reference rate,1.0202803938356164,257.0247138870398,406.6991085453034
2017-09-21,2017-09-21,251.272417,2017-09-21,42.77000045776367,2017-09-21,9.5135,9.3025,ECB EXR daily reference rate,1.0226820747110992,256.97179673523243,406.8923993549347
2017-09-22,2017-09-22,250.785595,2017-09-22,42.689998626708984,2017-09-22,9.5358,9.3193,ECB EXR daily reference rate,1.023231358578434,256.61168508375096,407.08328890457153
2017-09-25,2017-09-25,250.999318,2017-09-25,42.95000076293945,2017-09-25,9.5325,9.2725,ECB EXR daily reference rate,1.0280399029387974,258.03731451442434,409.42088227272035
2017-09-26,2017-09-26,253.360286,2017-09-26,43.2400016784668,2017-09-26,9.5473,9.2843,ECB EXR daily reference rate,1.0283273914026905,260.5373219874196,412.8252680248261
2017-09-27,2017-09-27,255.754647,2017-09-27,43.36000061035156,2017-09-27,9.5885,9.3355,ECB EXR daily reference rate,1.0271008515880242,262.68581573129455,415.757365852356
2017-09-28,2017-09-28,255.812693,2017-09-28,43.369998931884766,2017-09-28,9.58,9.3575,ECB EXR daily reference rate,1.0237777184076944,261.895335179268,415.48458976745604
2017-09-29,2017-09-29,257.470912,2017-09-29,43.40999984741211,2017-09-29,9.649,9.4125,ECB EXR daily reference rate,1.0251261620185923,263.9401678499867,418.8630885276794
2017-10-02,2017-10-02,259.018158,2017-10-02,43.810001373291016,2017-10-02,9.6055,9.377,ECB EXR daily reference rate,1.0243681347979097,265.3299473892503,420.8169681911468
2017-10-03,2017-10-03,259.193049,2017-10-03,43.810001373291016,2017-10-03,9.5675,9.3885,ECB EXR daily reference rate,1.0190658784683388,264.1347921720722,419.15218813896183
2017-10-04,2017-10-04,258.375859,2017-10-04,43.880001068115234,2017-10-04,9.5425,9.3533,ECB EXR daily reference rate,1.020228154768905,263.60232586440077,418.72491019248963
2017-10-05,2017-10-05,260.421324,2017-10-05,44.130001068115234,2017-10-05,9.5195,9.35,ECB EXR daily reference rate,1.0181283422459895,265.1423308896257,420.095545167923
2017-10-06,2017-10-06,260.978105,2017-10-06,44.029998779296875,2017-10-06,9.5418,9.372,ECB EXR daily reference rate,1.0181177976952624,265.706453509283,420.12544235229495
2017-10-09,2017-10-09,259.628954,2017-10-09,44.060001373291016,2017-10-09,9.5348,9.3788,ECB EXR daily reference rate,1.0166332579860964,263.9474293725424,420.1033010940552
2017-10-10,2017-10-10,259.30516,2017-10-10,43.91999816894531,2017-10-10,9.5265,9.3745,ECB EXR daily reference rate,1.016214198090565,263.50958523014566,418.4038625564575
2017-10-11,2017-10-11,258.978112,2017-10-11,43.849998474121094,2017-10-11,9.5313,9.379,ECB EXR daily reference rate,1.0162384049472226,263.1835034551232,417.94749045639037
2017-10-12,2017-10-12,257.894021,2017-10-12,43.88999938964844,2017-10-12,9.5883,9.3601,ECB EXR daily reference rate,1.0243800814093869,264.18149822697416,420.83048114776614
2017-10-13,2017-10-13,258.303277,2017-10-13,44.040000915527344,2017-10-13,9.605,9.339,ECB EXR daily reference rate,1.0284827069279365,265.6604535373166,423.00420879364015
2017-10-16,2017-10-16,258.610687,2017-10-16,44.13999938964844,2017-10-16,9.5885,9.3133,ECB EXR daily reference rate,1.0295491394027896,266.2524102412142,423.23638414764406
2017-10-17,2017-10-17,260.557916,2017-10-17,44.25,2017-10-17,9.5813,9.326,ECB EXR daily reference rate,1.0273750804203303,267.69070990465366,423.972525
2017-10-18,2017-10-18,261.372432,2017-10-18,44.29999923706055,2017-10-18,9.5945,9.3575,ECB EXR daily reference rate,1.025327277584825,267.9922841382848,425.0363426799774
2017-10-19,2017-10-19,261.081966,2017-10-19,43.97999954223633,2017-10-19,9.6445,9.419,ECB EXR daily reference rate,1.0239409703790212,267.33252161450264,424.1651055850983
2017-10-20,2017-10-20,262.659561,2017-10-20,44.349998474121094,2017-10-20,9.6445,9.4145,ECB EXR daily reference rate,1.0244303999150248,269.07643911673483,427.73356028366095
2017-10-23,2017-10-23,262.486954,2017-10-23,44.5099983215332,2017-10-23,9.644,9.3883,ECB EXR daily reference rate,1.0272360278218635,269.63605598202025,429.2544238128662
2017-10-24,2017-10-24,262.559858,2017-10-24,44.380001068115234,2017-10-24,9.6475,9.3883,ECB EXR daily reference rate,1.0276088322699533,269.80882908034476,428.15606030464176
2017-10-25,2017-10-25,262.412924,2017-10-25,43.939998626708984,2017-10-25,9.6858,9.4383,ECB EXR daily reference rate,1.0262229426909508,269.29416306741683,425.5940386985779
2017-10-26,2017-10-26,266.616286,2017-10-26,44.5099983215332,2017-10-26,9.7218,9.4865,ECB EXR daily reference rate,1.0248036683708428,273.2293479402098,432.7173016822815
2017-10-27,2017-10-27,269.416979,2017-10-27,45.09000015258789,2017-10-27,9.739,9.5348,ECB EXR daily reference rate,1.0214162856064102,275.18688996948026,439.1315114860535
2017-10-30,2017-10-30,268.589195,2017-10-30,44.88999938964844,2017-10-30,9.709,9.484,ECB EXR daily reference rate,1.0237241670181358,274.96124992144667,435.8370040740967
2017-10-31,2017-10-31,269.525744,2017-10-31,44.88999938964844,2017-10-31,9.7415,9.5238,ECB EXR daily reference rate,1.022858522858523,275.6867043801844,437.2959290542603
2017-11-01,2017-11-01,269.33266,2017-11-01,45.130001068115234,2017-11-01,9.7535,9.461,ECB EXR daily reference rate,1.030916393615897,277.6594545301765,440.175465417862
2017-11-02,2017-11-02,269.009144,2017-11-02,44.959999084472656,2017-11-02,9.7615,9.4838,ECB EXR daily reference rate,1.029281511630359,276.88613837870895,438.8770310630798
2017-11-03,2017-11-03,270.701021,2017-11-03,45.2400016784668,2017-11-03,9.7912,9.4843,ECB EXR daily reference rate,1.0323587402338603,279.4605650195798,442.9539044342041
2017-11-06,2017-11-06,270.70946,2017-11-06,45.310001373291016,2017-11-06,9.7683,9.438,ECB EXR daily reference rate,1.0349968213604577,280.18343061220594,442.60168641471864
2017-11-07,2017-11-07,270.984601,2017-11-07,45.400001525878906,2017-11-07,9.7443,9.4543,ECB EXR daily reference rate,1.0306738732640175,279.2967483075743,442.39123486862184
2017-11-08,2017-11-08,271.39748,2017-11-08,45.36000061035156,2017-11-08,9.7288,9.473,ECB EXR daily reference rate,1.0270030613322072,278.72604279784645,441.2983739379883
2017-11-09,2017-11-09,268.8255,2017-11-09,44.970001220703125,2017-11-09,9.7355,9.4535,ECB EXR daily reference rate,1.0298302216110435,276.84462423969956,437.8054468841553
2017-11-10,2017-11-10,267.991921,2017-11-10,44.880001068115234,2017-11-10,9.743,9.456,ECB EXR daily reference rate,1.0303510998307954,276.12577054811766,437.26585040664673
2017-11-13,2017-11-13,269.078164,2017-11-13,44.81999969482422,2017-11-13,9.7705,9.4913,ECB EXR daily reference rate,1.0294164129255212,276.99347838146514,437.91380701828
2017-11-14,2017-11-14,270.238144,2017-11-14,44.310001373291016,2017-11-14,9.8905,9.5923,ECB EXR daily reference rate,1.0310874347132595,278.6391546586324,438.24806858253476
2017-11-15,2017-11-15,270.064217,2017-11-15,44.08000183105469,2017-11-15,9.9728,9.751,ECB EXR daily reference rate,1.0227463849861553,276.2072016508666,439.6010422607422
2017-11-16,2017-11-16,270.240146,2017-11-16,44.470001220703125,2017-11-16,9.8868,9.6553,ECB EXR daily reference rate,1.0239764688823754,276.71955045133757,439.66600806884765
2017-11-17,2017-11-17,271.750522,2017-11-17,44.33000183105469,2017-11-17,9.9443,9.7163,ECB EXR daily reference rate,1.0234657225487067,278.1273443517182,440.8308372085571
2017-11-20,2017-11-20,272.775049,2017-11-20,44.56999969482422,2017-11-20,9.9585,9.7298,ECB EXR daily reference rate,1.0235051080186646,279.18665599154156,443.85034196090703
2017-11-21,2017-11-21,272.506391,2017-11-21,44.880001068115234,2017-11-21,9.9473,9.689,ECB EXR daily reference rate,1.0266590979461245,279.7711655686139,446.4348346248627
2017-11-22,2017-11-22,271.772405,2017-11-22,44.68000030517578,2017-11-22,9.8818,9.6723,ECB EXR daily reference rate,1.0216597913629644,277.65893859051107,441.51882701568604
2017-11-23,2017-11-22,271.772405,2017-11-23,44.54999923706055,2017-11-23,9.844,9.6393,ECB EXR daily reference rate,1.021235981865903,277.5437588642328,438.550192489624
2017-11-24,2017-11-24,270.715167,2017-11-24,44.380001068115234,2017-11-24,9.8638,9.6608,ECB EXR daily reference rate,1.0210127525670751,276.40363782032546,437.755454535675
2017-11-27,2017-11-27,270.845288,2017-11-27,44.33000183105469,2017-11-27,9.926,9.7533,ECB EXR daily reference rate,1.0177068274327665,275.64109877559395,440.0195981750488
2017-11-28,2017-11-28,274.853412,2017-11-28,44.650001525878906,2017-11-28,9.906,9.745,ECB EXR daily reference rate,1.0165212929707543,279.39434574366345,442.3029151153565
2017-11-29,2017-11-29,275.184107,2017-11-29,44.81999969482422,2017-11-29,9.915,9.741,ECB EXR daily reference rate,1.0178626424391746,280.09962230828455,444.3902969741821
2017-11-30,2017-11-30,278.771915,2017-11-30,44.79999923706055,2017-11-30,9.9208,9.8398,ECB EXR daily reference rate,1.0082318746315981,281.0667304550905,444.45183243103025
2017-12-01,2017-12-01,278.156278,2017-12-01,44.31999969482422,2017-12-01,9.9487,9.8753,ECB EXR daily reference rate,1.0074326855892988,280.2237261590636,440.9263809638977
2017-12-04,2017-12-04,278.992955,2017-12-04,45.084999084472656,2017-12-04,9.9635,9.8668,ECB EXR daily reference rate,1.0098005432359023,281.72723751798964,449.2043883781433
2017-12-05,2017-12-05,277.299895,2017-12-05,45.08000183105469,2017-12-05,9.968,9.8228,ECB EXR daily reference rate,1.0147819359042227,281.3989242741377,449.3574582519531
2017-12-06,2017-12-06,275.424064,2017-12-06,44.97999954223633,2017-12-06,9.9265,9.7575,ECB EXR daily reference rate,1.017320010248527,280.19441161117095,446.49396545600894
2017-12-07,2017-12-07,277.101468,2017-12-07,45.04499816894531,2017-12-07,9.9558,9.7503,ECB EXR daily reference rate,1.021076274576167,282.941734625027,448.45899277038575
2017-12-08,2017-12-08,278.999247,2017-12-08,45.33000183105469,2017-12-08,9.977,9.7665,ECB EXR daily reference rate,1.021553268827113,285.01259277315313,452.25742826843265
2017-12-11,2017-12-11,281.938248,2017-12-11,45.32500076293945,2017-12-11,10.016,9.8825,ECB EXR daily reference rate,1.0135087275486971,285.746874977789,453.97520764160157
2017-12-12,2017-12-12,281.894447,2017-12-12,45.78499984741211,2017-12-12,9.9328,9.8245,ECB EXR daily reference rate,1.0110234617537788,285.00189965510714,454.773246484375
2017-12-13,2017-12-13,282.361366,2017-12-13,45.67499923706055,2017-12-13,9.906,9.8253,ECB EXR daily reference rate,1.0082134896644377,284.68053816127747,452.4565424423218
2017-12-14,2017-12-14,278.631209,2017-12-14,45.505001068115234,2017-12-14,9.9488,9.7783,ECB EXR daily reference rate,1.0174365687287157,283.48958122569366,452.7201546264649
2017-12-15,2017-12-15,281.383483,2017-12-15,45.630001068115234,2017-12-15,9.9583,9.7828,ECB EXR daily reference rate,1.0179396491801938,286.43140397012104,454.3972396366119
2017-12-18,2017-12-18,283.962811,2017-12-18,45.88999938964844,2017-12-18,9.9588,9.8573,ECB EXR daily reference rate,1.0102969372952024,286.8867582590364,457.0093259216309
2017-12-19,2017-12-19,283.962777,2017-12-19,45.709999084472656,2017-12-19,9.9508,9.8875,ECB EXR daily reference rate,1.006402022756005,285.78071316021243,454.85105888977046
2017-12-20,2017-12-20,284.336702,2017-12-20,45.400001525878906,2017-12-20,9.9128,9.8683,ECB EXR daily reference rate,1.0045093886485008,285.61888669635096,450.04113512573247
2017-12-21,2017-12-21,284.958058,2017-12-21,45.59000015258789,2017-12-21,9.9844,9.9738,ECB EXR daily reference rate,1.0010627844953779,285.26090700587537,455.1887975234986
2017-12-22,2017-12-22,283.06947,2017-12-22,45.599998474121094,2017-12-22,9.9327,9.8963,ECB EXR daily reference rate,1.0036781423360246,284.11063980164306,452.93110484390263
2017-12-25,2017-12-22,283.06947,2017-12-22,45.599998474121094,2017-12-22,9.9327,9.8963,ECB EXR daily reference rate,1.0036781423360246,284.11063980164306,452.93110484390263
2017-12-26,2017-12-22,283.06947,2017-12-22,45.599998474121094,2017-12-22,9.9327,9.8963,ECB EXR daily reference rate,1.0036781423360246,284.11063980164306,452.93110484390263
2017-12-27,2017-12-27,281.978004,2017-12-27,45.529998779296875,2017-12-27,9.8727,9.8605,ECB EXR daily reference rate,1.001237259773845,282.3268840414583,449.50401894836426
2017-12-28,2017-12-28,281.445479,2017-12-28,45.31999969482422,2017-12-28,9.8452,9.867,ECB EXR daily reference rate,0.9977906151819195,280.82365763158,446.1844609954834
2017-12-29,2017-12-29,278.560847,2017-12-29,45.43000030517578,2017-12-29,9.8438,9.8403,ECB EXR daily reference rate,1.0003556802130018,278.65992558139493,447.20383700408934
2018-01-01,2017-12-31,278.55518,2017-12-29,45.43000030517578,2017-12-29,9.8438,9.8403,ECB EXR daily reference rate,1.0003556802130018,278.6542565657552,447.20383700408934
2018-01-02,2018-01-02,278.845386,2018-01-02,45.14300155639648,2018-01-02,9.8283,9.7748,ECB EXR daily reference rate,1.0054732577648646,280.37157867412117,443.6789621967315
2018-01-03,2018-01-03,279.365443,2018-01-03,45.5099983215332,2018-01-03,9.825,9.744,ECB EXR daily reference rate,1.0083128078817734,281.68775425646555,447.1357335090637
2018-01-04,2018-01-04,280.710709,2018-01-04,45.74700164794922,2018-01-04,9.822,9.7655,ECB EXR daily reference rate,1.005785674056628,282.334809666479,449.3270501861572
2018-01-05,2018-01-05,281.262774,2018-01-05,46.073001861572266,2018-01-05,9.8318,9.7418,ECB EXR daily reference rate,1.0092385390790204,283.8612311290727,452.98053970260617
2018-01-08,2018-01-08,282.533551,2018-01-08,46.40999984741211,2018-01-08,9.8165,9.6783,ECB EXR daily reference rate,1.0142793672442474,286.5679513335503,455.583763502121
2018-01-09,2018-01-09,284.252052,2018-01-09,46.74700164794922,2018-01-09,9.8288,9.6715,ECB EXR daily reference rate,1.0162642816522773,288.8752074339658,459.46692979736326
2018-01-10,2018-01-10,282.21858,2018-01-10,46.46699905395508,2018-01-10,9.811,9.6448,ECB EXR daily reference rate,1.0172320836098208,287.08179416680485,455.8877277183533
2018-01-11,2018-01-11,282.049963,2018-01-11,46.31100082397461,2018-01-11,9.8203,9.6735,ECB EXR daily reference rate,1.0151754794024912,286.3302064039799,454.78792139167786
2018-01-12,2018-01-12,281.488503,2018-01-12,46.39300155639648,2018-01-12,9.835,9.659,ECB EXR daily reference rate,1.018221347965628,286.6176029614867,456.2751703071594
2018-01-15,2018-01-12,281.488503,2018-01-15,46.124000549316406,2018-01-15,9.8335,9.6708,ECB EXR daily reference rate,1.0168238408404684,286.2242207728937,453.5603594017029
2018-01-16,2018-01-16,279.032536,2018-01-16,46.29499816894531,2018-01-16,9.8228,9.6308,ECB EXR daily reference rate,1.0199360385430079,284.5953393924492,454.74650801391607
2018-01-17,2018-01-17,279.629587,2018-01-17,46.233001708984375,2018-01-17,9.8425,9.622,ECB EXR daily reference rate,1.0229162336312616,286.0376439459052,455.0483193206787
2018-01-18,2018-01-18,278.569861,2018-01-18,46.24100112915039,2018-01-18,9.8305,9.6013,ECB EXR daily reference rate,1.023871767364836,285.2198159166467,454.57216160011296
2018-01-19,2018-01-19,280.722343,2018-01-19,46.41400146484375,2018-01-19,9.8333,9.6243,ECB EXR daily reference rate,1.0217158650499256,286.81847151708695,456.402800604248
2018-01-22,2018-01-22,282.815095,2018-01-22,46.53200149536133,2018-01-22,9.834,9.6223,ECB EXR daily reference rate,1.0220009768974154,289.0373033713353,457.5957027053833
2018-01-23,2018-01-23,282.718755,2018-01-23,46.755001068115234,2018-01-23,9.8443,9.638,ECB EXR daily reference rate,1.0214048557792075,288.7703091768521,460.27025701484683
2018-01-24,2018-01-24,280.597349,2018-01-24,46.36100006103515,2018-01-24,9.8323,9.6275,ECB EXR daily reference rate,1.0212723967800572,286.5663271433602,455.8352609001159
2018-01-25,2018-01-25,277.316827,2018-01-25,46.060001373291016,2018-01-25,9.8188,9.5858,ECB EXR daily reference rate,1.0243067871226188,284.0575080794091,452.2539414840698
2018-01-26,2018-01-26,279.74975,2018-01-26,46.4370002746582,2018-01-26,9.8005,9.5655,ECB EXR daily reference rate,1.0245674559615283,286.6224896633736,455.1058211917877
2018-01-29,2018-01-29,279.332463,2018-01-29,46.637001037597656,2018-01-29,9.7823,9.5548,ECB EXR daily reference rate,1.0238100221878008,285.9833751418031,456.21713525009153
2018-01-30,2018-01-30,276.518749,2018-01-30,46.05899810791016,2018-01-30,9.7825,9.5628,ECB EXR daily reference rate,1.0229744426318652,282.87161313553565,450.5721489906312
2018-01-31,2018-01-31,275.117558,2018-01-31,45.86899948120117,2018-01-31,9.7645,9.562,ECB EXR daily reference rate,1.0211775779125707,280.94388151966115,447.8878454341888
2018-02-01,2018-02-01,274.884532,2018-02-01,45.70399856567383,2018-02-01,9.803,9.5705,ECB EXR daily reference rate,1.0242934015986627,281.5624123291364,448.0362979393006
2018-02-02,2018-02-02,271.870285,2018-02-02,45.2400016784668,2018-02-02,9.8223,9.5663,ECB EXR daily reference rate,1.0267606075494182,279.1456990012335,444.36086848640446
2018-02-05,2018-02-05,264.961555,2018-02-05,44.608001708984375,2018-02-05,9.8338,9.6108,ECB EXR daily reference rate,1.0232030632205436,271.1094747116785,438.66616720581055
2018-02-06,2018-02-06,266.465493,2018-02-06,43.07899856567383,2018-02-06,9.8685,9.7005,ECB EXR daily reference rate,1.0173186949126334,271.0803275780114,425.1250973453521
2018-02-07,2018-02-07,267.504231,2018-02-07,44.53300094604492,2018-02-07,9.8585,9.6618,ECB EXR daily reference rate,1.0203585253265437,272.9502226617711,439.0285898265838
2018-02-08,2018-02-08,262.097108,2018-02-08,43.66400146484375,2018-02-08,9.8968,9.686,ECB EXR daily reference rate,1.0217633698121,267.8012242880859,432.13388969726566
2018-02-09,2018-02-09,265.022432,2018-02-09,42.85200119018555,2018-02-09,9.9448,9.7983,ECB EXR daily reference rate,1.0149515732320915,268.984934300195,426.1545814361573
2018-02-12,2018-02-12,266.672822,2018-02-12,43.47600173950195,2018-02-12,9.9195,9.7475,ECB EXR daily reference rate,1.0176455501410617,271.37841065185944,431.2601992549896
2018-02-13,2018-02-13,265.958638,2018-02-13,43.196998596191406,2018-02-13,9.9388,9.7418,ECB EXR daily reference rate,1.0202221355396335,271.3368896255723,429.32632964782715
2018-02-14,2018-02-14,267.2719,2018-02-14,43.492000579833984,2018-02-14,9.9305,9.7148,ECB EXR daily reference rate,1.0222032362992548,273.2062011518508,431.8973117580414
2018-02-15,2018-02-15,269.349641,2018-02-15,43.74100112915039,2018-02-15,9.918,9.735,ECB EXR daily reference rate,1.018798151001541,274.41291622372887,433.8232491989135
2018-02-16,2018-02-16,268.628308,2018-02-16,44.46200180053711,2018-02-16,9.914,9.681,ECB EXR daily reference rate,1.0240677615948766,275.0935900745791,440.7962858505249
2018-02-19,2018-02-16,268.628308,2018-02-19,44.3849983215332,2018-02-19,9.9155,9.6575,ECB EXR daily reference rate,1.0267149883510225,275.80471011897487,440.0994508571625
2018-02-20,2018-02-20,270.303115,2018-02-20,44.62200164794922,2018-02-20,9.9688,9.6683,ECB EXR daily reference rate,1.0310809552868652,278.7043940312154,444.82781002807616
2018-02-21,2018-02-21,269.224612,2018-02-21,44.75600051879883,2018-02-21,9.9648,9.642,ECB EXR daily reference rate,1.0334785314250157,278.2378566332296,445.9845939697266
2018-02-22,2018-02-22,270.574036,2018-02-22,44.573001861572266,2018-02-22,9.9963,9.6893,ECB EXR daily reference rate,1.0316844354081307,279.14702156675924,445.5650985088348
2018-02-23,2018-02-23,272.415006,2018-02-23,44.69499969482422,2018-02-23,10.0583,9.677,ECB EXR daily reference rate,1.0394027074506562,283.14889478658677,449.5557154304504
2018-02-26,2018-02-26,274.539495,2018-02-26,45.13999938964844,2018-02-26,10.0435,9.6303,ECB EXR daily reference rate,1.0429062438345638,286.31895351468796,453.3635838699341
2018-02-27,2018-02-27,272.904579,2018-02-27,45.34600067138672,2018-02-27,10.08,9.629,ECB EXR daily reference rate,1.046837677848167,285.68679575449164,457.08768676757813
2018-02-28,2018-02-28,270.787123,2018-02-28,45.053001403808594,2018-02-28,10.0923,9.6153,ECB EXR daily reference rate,1.0496084365542417,284.22044881105114,454.68840606765747
2018-03-01,2018-03-01,267.926432,2018-03-01,44.52199935913086,2018-03-01,10.1185,9.66,ECB EXR daily reference rate,1.047463768115942,280.6432300405797,450.4958505153656
2018-03-02,2018-03-02,265.15857,2018-03-02,43.36600112915039,2018-03-02,10.1643,9.6178,ECB EXR daily reference rate,1.0568217263823327,280.2253377124706,440.78504527702336
2018-03-05,2018-03-05,267.484848,2018-03-05,43.98699951171875,2018-03-05,10.1683,9.6335,ECB EXR daily reference rate,1.0555146104738673,282.3341651443816,447.2730071350098
2018-03-06,2018-03-06,267.349539,2018-03-06,43.9739990234375,2018-03-06,10.1835,9.613,ECB EXR daily reference rate,1.0593467179860607,283.2158566947363,447.8092190551758
2018-03-07,2018-03-07,267.820439,2018-03-07,44.02199935913086,2018-03-07,10.2383,9.6775,ECB EXR daily reference rate,1.0579488504262464,283.3403255607027,450.7104360385895
2018-03-08,2018-03-08,270.603982,2018-03-08,44.46500015258789,2018-03-08,10.2173,9.7135,ECB EXR daily reference rate,1.0518659597467441,284.63911723772065,454.3122460590362
2018-03-09,2018-03-09,271.471184,2018-03-09,44.95500183105469,2018-03-09,10.1648,9.5948,ECB EXR daily reference rate,1.0594071788885646,287.59852119097843,456.9586026123047
2018-03-12,2018-03-12,271.259677,2018-03-12,45.141998291015625,2018-03-12,10.1563,9.5645,ECB EXR daily reference rate,1.0618746405980448,288.04377202311673,458.475677243042
2018-03-13,2018-03-13,268.916201,2018-03-13,44.729000091552734,2018-03-13,10.1568,9.5808,ECB EXR daily reference rate,1.060120240480962,285.08350767334673,454.30350812988286
2018-03-14,2018-03-14,268.198191,2018-03-14,44.59600067138672,2018-03-14,10.1255,9.5728,ECB EXR daily reference rate,1.0577365034263746,283.683016773619,451.5568047981262
2018-03-15,2018-03-15,267.040162,2018-03-15,44.81100082397461,2018-03-15,10.0943,9.5078,ECB EXR daily reference rate,1.0616861944929428,283.51285337055896,452.3356856174469
2018-03-16,2018-03-16,267.479561,2018-03-16,44.90999984741211,2018-03-16,10.0795,9.491,ECB EXR daily reference rate,1.062006111052576,284.0649283636603,452.67034346199034
2018-03-19,2018-03-19,265.210376,2018-03-19,44.141998291015625,2018-03-19,10.0838,9.5205,ECB EXR daily reference rate,1.0591670605535424,280.90209437621974,445.11908236694336
2018-03-20,2018-03-20,265.05847,2018-03-20,44.45399856567383,2018-03-20,10.0563,9.4863,ECB EXR daily reference rate,1.0600866512760507,280.9849458546536,447.04274577598574
2018-03-21,2018-03-21,265.315127,2018-03-21,44.57099914550781,2018-03-21,10.0883,9.5028,ECB EXR daily reference rate,1.0616134192027613,281.66209914068486,449.6456106796265
2018-03-22,2018-03-22,261.058048,2018-03-22,43.84600067138672,2018-03-22,10.12,9.5308,ECB EXR daily reference rate,1.0618206236622318,277.19681933940484,443.72152679443354
2018-03-23,2018-03-23,256.194989,2018-03-23,42.99700164794922,2018-03-23,10.1943,9.5715,ECB EXR daily reference rate,1.0650681711330512,272.8651283876822,438.3243338996887
2018-03-26,2018-03-26,258.349144,2018-03-26,42.49100112915039,2018-03-26,10.1868,9.5613,ECB EXR daily reference rate,1.065419974271281,275.2503383534875,432.8473303024292
2018-03-27,2018-03-27,257.307644,2018-03-27,43.32400131225586,2018-03-27,10.2156,9.5603,ECB EXR daily reference rate,1.0685438741462088,274.94450676719345,442.58066780548097
2018-03-28,2018-03-28,260.313554,2018-03-28,42.957000732421875,2018-03-28,10.28,9.6423,ECB EXR daily reference rate,1.066135673024071,277.52956609107787,441.59796752929685
2018-03-29,2018-03-28,260.313554,2018-03-29,43.40299987792969,2018-03-29,10.2843,9.677,ECB EXR daily reference rate,1.0627570528056216,276.65006545439707,446.3694716445923
2018-03-30,2018-03-28,260.313554,2018-03-29,43.40299987792969,2018-03-29,10.2843,9.677,ECB EXR daily reference rate,1.0627570528056216,276.65006545439707,446.3694716445923
2018-04-02,2018-03-28,260.313554,2018-03-29,43.40299987792969,2018-03-29,10.2843,9.677,ECB EXR daily reference rate,1.0627570528056216,276.65006545439707,446.3694716445923
2018-04-03,2018-04-03,260.702105,2018-04-03,43.03799819946289,2018-04-03,10.2968,9.6338,ECB EXR daily reference rate,1.0688201955614605,278.6436748493844,443.1536598602295
2018-04-04,2018-04-04,262.311901,2018-04-04,43.0099983215332,2018-04-04,10.3175,9.6345,ECB EXR daily reference rate,1.0708910685557114,280.90747195676994,443.75565768241887
2018-04-05,2018-04-05,265.052002,2018-04-05,44.229000091552734,2018-04-05,10.314,9.5875,ECB EXR daily reference rate,1.0757757496740548,285.1365161541591,456.1779069442749
2018-04-06,2018-04-06,261.050573,2018-04-06,43.60599899291992,2018-04-06,10.2983,9.586,ECB EXR daily reference rate,1.0743062799916543,280.44826996931977,449.0676594287872
2018-04-09,2018-04-09,260.761575,2018-04-09,43.67499923706055,2018-04-09,10.296,9.5883,ECB EXR daily reference rate,1.0738087043584368,280.0080489972153,449.67779214477537
2018-04-10,2018-04-10,265.337645,2018-04-10,43.85499954223633,2018-04-10,10.2855,9.647,ECB EXR daily reference rate,1.066186379185239,282.89938298408833,451.0705977916718
2018-04-11,2018-04-11,263.043713,2018-04-11,43.61000061035156,2018-04-11,10.2863,9.6213,ECB EXR daily reference rate,1.0691174789269642,281.22463129014795,448.5855492782593
2018-04-12,2018-04-12,265.161628,2018-04-12,44.00199890136719,2018-04-12,10.3723,9.5973,ECB EXR daily reference rate,1.0807518781323913,286.57392746964246,456.40193320465085
2018-04-13,2018-04-13,263.996488,2018-04-13,43.97800064086914,2018-04-13,10.3798,9.5643,ECB EXR daily reference rate,1.0852649958700584,286.50614745902993,456.4828510520935
2018-04-16,2018-04-16,265.974941,2018-04-16,43.90299987792969,2018-04-16,10.4045,9.595,ECB EXR daily reference rate,1.0843668577384054,288.41441100932775,456.7887622299195
2018-04-17,2018-04-17,267.733093,2018-04-17,44.417999267578125,2018-04-17,10.3913,9.598,ECB EXR daily reference rate,1.082652635965826,289.8619388717336,461.56075578918455
2018-04-18,2018-04-18,267.809582,2018-04-18,44.5,2018-04-18,10.4033,9.6095,ECB EXR daily reference rate,1.0826057547218897,289.9321946428638,462.94685
2018-04-19,2018-04-19,267.39393,2018-04-19,44.35499954223633,2018-04-19,10.3778,9.5825,ECB EXR daily reference rate,1.0829950430472217,289.5863007309158,460.3073142494202
2018-04-20,2018-04-20,267.608902,2018-04-20,44.35200119018555,2018-04-20,10.3703,9.605,ECB EXR daily reference rate,1.079677251431546,288.93124376997395,459.9435579425812
2018-04-23,2018-04-23,269.17138,2018-04-23,44.58700180053711,2018-04-23,10.3763,9.6258,ECB EXR daily reference rate,1.0779675455546553,290.15801183215945,462.6481067829132
2018-04-24,2018-04-24,268.120234,2018-04-24,44.48199844360352,2018-04-24,10.3775,9.629,ECB EXR daily reference rate,1.0777339287568803,288.9622731680341,461.6119388484955
2018-04-25,2018-04-25,269.625634,2018-04-25,44.09299850463867,2018-04-25,10.422,9.705,ECB EXR daily reference rate,1.0738794435857806,289.54542581638333,459.53723041534425
2018-04-26,2018-04-26,271.993773,2018-04-26,44.72700119018555,2018-04-26,10.4478,9.6735,ECB EXR daily reference rate,1.0800434175841216,293.76508415251976,467.2987630348206
2018-04-27,2018-04-27,271.890564,2018-04-27,44.90599822998047,2018-04-27,10.5178,9.659,ECB EXR daily reference rate,1.0889118956413706,296.0648694522414,472.31230818328856
2018-04-30,2018-04-30,272.349948,2018-04-30,45.097999572753906,2018-04-30,10.4993,9.662,ECB EXR daily reference rate,1.0866590767956943,295.9515430590353,473.49742691421505
2018-05-01,2018-04-30,272.349948,2018-04-30,45.097999572753906,2018-04-30,10.4993,9.662,ECB EXR daily reference rate,1.0866590767956943,295.9515430590353,473.49742691421505
2018-05-02,2018-05-02,274.618327,2018-05-02,45.1510009765625,2018-05-02,10.6174,9.6958,ECB EXR daily reference rate,1.095051465583036,300.7212014573114,479.3862377685547
2018-05-03,2018-05-03,272.928359,2018-05-03,44.59099960327149,2018-05-03,10.6045,9.6465,ECB EXR daily reference rate,1.0993106307987353,300.03304649515366,472.8652552928925
2018-05-04,2018-05-04,275.474732,2018-05-04,45.35200119018555,2018-05-04,10.5715,9.644,ECB EXR daily reference rate,1.0961737868104522,301.96818014703445,479.4386805820465
2018-05-07,2018-05-07,275.518395,2018-05-07,45.72600173950195,2018-05-07,10.5383,9.619,ECB EXR daily reference rate,1.0955712652042833,301.8500365972035,481.8743241313934
2018-05-08,2018-05-08,278.25882,2018-05-08,45.80500030517578,2018-05-08,10.476,9.6233,ECB EXR daily reference rate,1.0886078580112852,302.9147380129478,479.8531831970215
2018-05-09,2018-05-09,277.992147,2018-05-09,45.972999572753906,2018-05-09,10.3473,9.6045,ECB EXR daily reference rate,1.0773387474621272,299.4917114532875,475.69641847915653
2018-05-10,2018-05-09,277.992147,2018-05-10,46.35200119018555,2018-05-10,10.315,9.547,ECB EXR daily reference rate,1.0804441185712788,300.35498023515237,478.12089227676387
2018-05-11,2018-05-11,278.215817,2018-05-11,46.38399887084961,2018-05-11,10.2635,9.5425,ECB EXR daily reference rate,1.0755567199371234,299.236891567147,476.062172410965
2018-05-14,2018-05-14,279.048787,2018-05-14,46.42499923706055,2018-05-14,10.2958,9.5653,ECB EXR daily reference rate,1.0763697949881341,300.3596856548775,477.982507144928
2018-05-15,2018-05-15,280.933845,2018-05-15,46.42300033569336,2018-05-15,10.2928,9.5673,ECB EXR daily reference rate,1.075831216748717,302.23740029224547,477.8226578552246
2018-05-16,2018-05-16,281.206173,2018-05-16,46.73199844360352,2018-05-16,10.2903,9.5715,ECB EXR daily reference rate,1.075097947030246,302.32417928453214,480.88628358421334
2018-05-17,2018-05-16,281.206173,2018-05-17,46.94900131225586,2018-05-17,10.295,9.5565,ECB EXR daily reference rate,1.0772772458536075,302.9370115664731,483.33996850967407
2018-05-18,2018-05-18,281.275391,2018-05-18,46.87300109863281,2018-05-18,10.3073,9.5773,ECB EXR daily reference rate,1.0762218997003332,302.714735640974,483.134084223938
2018-05-21,2018-05-18,281.275391,2018-05-21,46.87300109863281,2018-05-21,10.2555,9.5285,ECB EXR daily reference rate,1.0762974235189169,302.73597863257595,480.7060627670288
2018-05-22,2018-05-22,280.457548,2018-05-22,47.15599822998047,2018-05-22,10.2158,9.49,ECB EXR daily reference rate,1.0764805057955742,301.9070831252265,481.7362467178345
2018-05-23,2018-05-23,281.339681,2018-05-23,46.94100189208984,2018-05-23,10.2906,9.5063,ECB EXR daily reference rate,1.0825031821002913,304.5510999335808,483.0510740707397
2018-05-24,2018-05-24,280.014844,2018-05-24,46.79100036621094,2018-05-24,10.2518,9.481,ECB EXR daily reference rate,1.0812994409872376,302.7798942853285,479.6919775543213
2018-05-25,2018-05-25,281.359759,2018-05-25,47.05799865722656,2018-05-25,10.1922,9.4888,ECB EXR daily reference rate,1.074129500042155,302.21681726665116,479.62453391418455
2018-05-28,2018-05-25,281.359759,2018-05-28,47.12200164794922,2018-05-28,10.2373,9.5113,ECB EXR daily reference rate,1.0763302597962423,302.8360225006781,482.4020674705505
2018-05-29,2018-05-29,281.525599,2018-05-29,46.89400100708008,2018-05-29,10.3173,9.5618,ECB EXR daily reference rate,1.079012319856094,303.7695896758664,483.8194765903473
2018-05-30,2018-05-30,281.480637,2018-05-30,46.93399810791016,2018-05-30,10.2783,9.5463,ECB EXR daily reference rate,1.0766789227239872,303.0642690128217,482.401712752533
2018-05-31,2018-05-31,279.959482,2018-05-31,46.74100112915039,2018-05-31,10.2683,9.5375,ECB EXR daily reference rate,1.0766238532110093,301.41105625379817,479.95062189445497
2018-06-01,2018-06-01,282.097454,2018-06-01,47.053001403808594,2018-06-01,10.2943,9.5323,ECB EXR daily reference rate,1.079938734618088,304.6479675117443,484.3777123512268
2018-06-04,2018-06-04,281.947114,2018-06-04,47.14799880981445,2018-06-04,10.2583,9.503,ECB EXR daily reference rate,1.0794801641586866,304.35631690478795,483.65831619071963
2018-06-05,2018-06-05,282.220935,2018-06-05,47.167999267578125,2018-06-05,10.2498,9.5008,ECB EXR daily reference rate,1.0788354664870328,304.4699540631315,483.4625588928223
2018-06-06,2018-06-06,282.514183,2018-06-06,47.141998291015625,2018-06-06,10.276,9.5238,ECB EXR daily reference rate,1.078981078981079,304.827458000798,484.43117443847655
2018-06-07,2018-06-07,281.005795,2018-06-07,47.069000244140625,2018-06-07,10.2515,9.5013,ECB EXR daily reference rate,1.078957616326187,303.1933427470451,482.5278560028076
2018-06-08,2018-06-08,281.822915,2018-06-08,47.15299987792969,2018-06-08,10.287,9.5085,ECB EXR daily reference rate,1.0818741126360625,304.8969160861335,485.06290974426275
2018-06-11,2018-06-11,281.72914,2018-06-11,47.29999923706055,2018-06-11,10.253,9.5013,ECB EXR daily reference rate,1.079115489459337,304.0182788060581,484.96689217758177
2018-06-12,2018-06-12,281.476912,2018-06-12,47.345001220703125,2018-06-12,10.155,9.4435,ECB EXR daily reference rate,1.0753428284004871,302.684178679515,480.7884873962402
2018-06-13,2018-06-13,280.91142,2018-06-13,47.45500183105469,2018-06-13,10.136,9.4373,ECB EXR daily reference rate,1.0740360060610554,301.7089795937397,481.0038985595703
2018-06-14,2018-06-14,283.419692,2018-06-14,47.926998138427734,2018-06-14,10.16,9.4268,ECB EXR daily reference rate,1.0777782492468282,305.46357944583525,486.9383010864258
2018-06-15,2018-06-15,284.420115,2018-06-15,47.59400177001953,2018-06-15,10.1713,9.432,ECB EXR daily reference rate,1.0783821034775234,306.7135618850191,484.0928702033997
2018-06-18,2018-06-18,283.245815,2018-06-18,47.59299850463867,2018-06-18,10.2223,9.434,ECB EXR daily reference rate,1.083559465762137,306.9136839807611,486.5099086139679
2018-06-19,2018-06-19,283.945219,2018-06-19,47.38399887084961,2018-06-19,10.3227,9.4895,ECB EXR daily reference rate,1.0878023078138996,308.87626452092314,489.1308051441192
2018-06-20,2018-06-20,283.249855,2018-06-20,47.58700180053711,2018-06-20,10.2755,9.4693,ECB EXR daily reference rate,1.0851382889970747,307.36526301336954,488.980237001419
2018-06-21,2018-06-21,280.460895,2018-06-21,47.270999908447266,2018-06-21,10.3248,9.4253,ECB EXR daily reference rate,1.095434628075499,307.2265762040466,488.0636198547363
2018-06-22,2018-06-22,280.848806,2018-06-22,47.40950012207031,2018-06-22,10.295,9.4328,ECB EXR daily reference rate,1.0914044610295988,306.5196397432364,488.08080375671386
2018-06-25,2018-06-25,277.37158,2018-06-25,46.301998138427734,2018-06-25,10.3623,9.4703,ECB EXR daily reference rate,1.0941892020316146,303.49698778644813,479.7951953098297
2018-06-26,2018-06-26,277.84709,2018-06-26,46.51499938964844,2018-06-26,10.3383,9.4718,ECB EXR daily reference rate,1.091482083658861,303.26512073175104,480.88601819000246
2018-06-27,2018-06-27,277.165956,2018-06-27,46.9739990234375,2018-06-27,10.3503,9.4785,ECB EXR daily reference rate,1.091976578572559,302.65873232967243,486.1949820922852
2018-06-28,2018-06-28,278.853002,2018-06-28,46.680999755859375,2018-06-28,10.4191,9.474,ECB EXR daily reference rate,1.099757230314545,306.6706051444163,486.37400455627443
2018-06-29,2018-06-29,278.747434,2018-06-29,46.8390007019043,2018-06-29,10.453,9.5115,ECB EXR daily reference rate,1.0989854386794933,306.3393710352731,489.6080743370056
2018-07-02,2018-07-02,279.199945,2018-07-02,46.52199935913086,2018-07-02,10.449,9.5015,ECB EXR daily reference rate,1.099721096668947,307.0420697053097,486.10837130355833
2018-07-03,2018-07-03,277.408452,2018-07-03,46.72850036621094,2018-07-03,10.3123,9.4655,ECB EXR daily reference rate,1.0894617294384872,302.2258918767736,481.8783143264771
2018-07-04,2018-07-03,277.408452,2018-07-04,46.65599822998047,2018-07-04,10.251,9.4433,ECB EXR daily reference rate,1.085531540880836,301.13562435292744,478.27063785552974
2018-07-05,2018-07-05,276.325445,2018-07-05,46.624000549316406,2018-07-05,10.2363,9.441,ECB EXR daily reference rate,1.0842389577375278,299.6028124831586,477.2572568229675
2018-07-06,2018-07-06,277.889683,2018-07-06,46.84600067138672,2018-07-06,10.291,9.4425,ECB EXR daily reference rate,1.089859676992322,302.8607601538787,482.09219290924074
2018-07-09,2018-07-09,279.445498,2018-07-09,47.21649932861328,2018-07-09,10.2548,9.4218,ECB EXR daily reference rate,1.0884119807255515,304.1518279830181,484.1957573150635
2018-07-10,2018-07-10,281.234862,2018-07-10,47.457000732421875,2018-07-10,10.2438,9.4145,ECB EXR daily reference rate,1.0880875245631738,306.0081448144458,486.14002410278323
2018-07-11,2018-07-11,278.813958,2018-07-11,47.08599853515625,2018-07-11,10.2745,9.4458,ECB EXR daily reference rate,1.0877321137436744,303.27489587658005,483.78509194946287
2018-07-12,2018-07-12,282.575709,2018-07-12,47.4379997253418,2018-07-12,10.335,9.4443,ECB EXR daily reference rate,1.094310854166005,309.2256654823545,490.2717271614075
2018-07-13,2018-07-13,284.141187,2018-07-13,47.699501037597656,2018-07-13,10.376,9.483,ECB EXR daily reference rate,1.094168512074238,310.8983397987978,494.93002276611327
2018-07-16,2018-07-16,283.129295,2018-07-16,47.47999954223633,2018-07-16,10.3333,9.479,ECB EXR daily reference rate,1.090125540668847,308.6464757910645,490.6250792697906
2018-07-17,2018-07-17,284.499434,2018-07-17,47.64400100708008,2018-07-17,10.3003,9.4875,ECB EXR daily reference rate,1.0856706192358365,308.872676683025,490.74750357322694
2018-07-18,2018-07-18,286.796324,2018-07-18,47.96599960327149,2018-07-18,10.312,9.5023,ECB EXR daily reference rate,1.0852109489281543,311.2345109171464,494.6253879089356
2018-07-19,2018-07-19,288.327557,2018-07-19,48.0,2018-07-19,10.3565,9.5763,ECB EXR daily reference rate,1.081471967252488,311.81817028189386,497.112
2018-07-20,2018-07-20,286.988329,2018-07-20,47.69200134277344,2018-07-20,10.3908,9.5905,ECB EXR daily reference rate,1.0834471612533236,310.9366903678849,495.5580475524903
2018-07-23,2018-07-23,286.500813,2018-07-23,47.61800003051758,2018-07-23,10.3488,9.5533,ECB EXR daily reference rate,1.083269655511708,310.3576370023343,492.78915871582035
2018-07-24,2018-07-24,287.567664,2018-07-24,47.96099853515625,2018-07-24,10.3278,9.5605,ECB EXR daily reference rate,1.0802573087181633,310.647070787009,495.3316006713867
2018-07-25,2018-07-25,289.687266,2018-07-25,48.042999267578125,2018-07-25,10.2925,9.5485,ECB EXR daily reference rate,1.0779179975912447,312.2591176944023,494.4825699615479
2018-07-26,2018-07-26,289.558949,2018-07-26,48.40399932861328,2018-07-26,10.2738,9.5455,ECB EXR daily reference rate,1.0762977319155622,311.65164006455393,497.2930083023071
2018-07-27,2018-07-27,289.001047,2018-07-27,48.41600036621094,2018-07-27,10.301,9.5358,ECB EXR daily reference rate,1.0802449715807798,312.19192780333066,498.7332197723389
2018-07-30,2018-07-30,286.231135,2018-07-30,47.87799835205078,2018-07-30,10.2503,9.529,ECB EXR daily reference rate,1.0756952460908804,307.89747120269703,490.76384650802606
2018-07-31,2018-07-31,287.219126,2018-07-31,47.99700164794922,2018-07-31,10.257,9.5338,ECB EXR daily reference rate,1.0758564266084878,309.00654255197304,492.30524590301513
2018-08-01,2018-08-01,287.374166,2018-08-01,48.02000045776367,2018-08-01,10.2995,9.538,ECB EXR daily reference rate,1.0798385405745439,310.3177000122667,494.58199471473694
2018-08-02,2018-08-02,289.211661,2018-08-02,48.040000915527344,2018-08-02,10.3003,9.546,ECB EXR daily reference rate,1.079017389482506,312.06441146011946,494.8264214302063
2018-08-03,2018-08-03,290.683263,2018-08-03,48.35599899291992,2018-08-03,10.3193,9.541,ECB EXR daily reference rate,1.0815742584634733,314.3955346269678,499.00006040763856
2018-08-06,2018-08-06,291.266679,2018-08-06,48.608001708984375,2018-08-06,10.304,9.5325,ECB EXR daily reference rate,1.0809336480461578,314.8399538857592,500.856849609375
2018-08-07,2018-08-07,291.13712,2018-08-07,48.76800155639648,2018-08-07,10.3245,9.5003,ECB EXR daily reference rate,1.0867551551003654,316.39476600107366,503.50523206901545
2018-08-08,2018-08-08,291.649117,2018-08-08,48.71900177001953,2018-08-08,10.3878,9.5303,ECB EXR daily reference rate,1.08997618123249,317.8905908074877,506.0832465866089
2018-08-09,2018-08-09,293.102682,2018-08-09,48.80899810791016,2018-08-09,10.3875,9.5443,ECB EXR daily reference rate,1.0883459237450623,318.9971091934453,507.00346784591676
2018-08-10,2018-08-10,292.341639,2018-08-10,48.902000427246094,2018-08-10,10.4258,9.533,ECB EXR daily reference rate,1.0936536242525963,319.7204930122941,509.84247605438236
2018-08-13,2018-08-13,291.569412,2018-08-13,48.79199981689453,2018-08-13,10.4093,9.5295,ECB EXR daily reference rate,1.0923238365076866,318.4882187241303,507.89056369400026
2018-08-14,2018-08-14,293.467811,2018-08-14,49.051998138427734,2018-08-14,10.3718,9.5275,ECB EXR daily reference rate,1.0886171608501707,319.4740952117345,508.7575142921448
2018-08-15,2018-08-15,293.966729,2018-08-15,48.64099884033203,2018-08-15,10.4033,9.5508,ECB EXR daily reference rate,1.0892595384679817,320.2060635554823,506.0269032356262
2018-08-16,2018-08-16,295.156437,2018-08-16,48.88899993896485,2018-08-16,10.4663,9.613,ECB EXR daily reference rate,1.0887652137730157,321.3560612267866,511.68694006118784
2018-08-17,2018-08-17,296.897978,2018-08-17,48.76300048828125,2018-08-17,10.4935,9.6795,ECB EXR daily reference rate,1.0840952528539696,321.8656885317423,511.6945456237793
2018-08-20,2018-08-20,298.180645,2018-08-20,48.95199966430664,2018-08-20,10.4918,9.672,ECB EXR daily reference rate,1.0847601323407774,323.4544759316584,513.5945900779724
2018-08-21,2018-08-21,297.413438,2018-08-21,48.82400131225586,2018-08-21,10.5118,9.705,ECB EXR daily reference rate,1.0831324059763008,322.13813267062335,513.2281369941711
2018-08-22,2018-08-22,295.265617,2018-08-22,48.60100173950195,2018-08-22,10.5075,9.6808,ECB EXR daily reference rate,1.0853958350549542,320.4800709267313,510.6750257778168
2018-08-23,2018-08-23,294.357509,2018-08-23,48.470001220703125,2018-08-23,10.5183,9.6483,ECB EXR daily reference rate,1.090171325518485,320.9001157628494,509.8220138397217
2018-08-24,2018-08-24,295.306818,2018-08-24,48.54999923706055,2018-08-24,10.5843,9.6938,ECB EXR daily reference rate,1.0918628401658794,322.43454102182847,513.86775692482
2018-08-27,2018-08-27,297.624407,2018-08-27,48.7760009765625,2018-08-27,10.6095,9.6988,ECB EXR daily reference rate,1.0938982142120675,325.57080732322555,517.4889823608398
2018-08-28,2018-08-28,298.305209,2018-08-28,48.63100051879883,2018-08-28,10.6633,9.7243,ECB EXR daily reference rate,1.0965622204168937,327.1102223429655,518.5669478321075
2018-08-29,2018-08-29,300.190189,2018-08-29,48.92399978637695,2018-08-29,10.6923,9.7475,ECB EXR daily reference rate,1.0969274172864836,329.28684871451134,523.1100829158783
2018-08-30,2018-08-30,298.290348,2018-08-30,48.90399932861328,2018-08-30,10.644,9.72,ECB EXR daily reference rate,1.0950617283950617,326.6463440444444,520.5341688537598
2018-08-31,2018-08-31,298.552182,2018-08-31,48.90399932861328,2018-08-31,10.6205,9.7148,ECB EXR daily reference rate,1.0932288878824061,326.38586990272574,519.3849248695374
2018-09-03,2018-08-31,298.552182,2018-09-03,48.948001861572266,2018-09-03,10.5806,9.702,ECB EXR daily reference rate,1.0905586477015048,325.5886638702536,517.8992284965516
2018-09-04,2018-09-04,298.721975,2018-09-04,48.79100036621094,2018-09-04,10.5645,9.717,ECB EXR daily reference rate,1.0872182772460637,324.77599103504167,515.4525233688355
2018-09-05,2018-09-05,296.928597,2018-09-05,48.26599884033203,2018-09-05,10.5408,9.7485,ECB EXR daily reference rate,1.0812740421603324,321.06118431118637,508.7622405761719
2018-09-06,2018-09-06,296.006489,2018-09-06,48.13999938964844,2018-09-06,10.5908,9.776,ECB EXR daily reference rate,1.0833469721767595,320.67773360282325,509.8411055358887
2018-09-07,2018-09-07,295.757229,2018-09-07,48.37900161743164,2018-09-07,10.5163,9.7745,ECB EXR daily reference rate,1.0758913499411735,318.2026443636708,508.76809470939634
2018-09-10,2018-09-10,294.709108,2018-09-10,48.32500076293945,2018-09-10,10.4683,9.703,ECB EXR daily reference rate,1.0788725136555704,317.95355614515097,505.88060548667903
2018-09-11,2018-09-11,294.451524,2018-09-11,48.39099884033203,2018-09-11,10.485,9.679,ECB EXR daily reference rate,1.0832730653993181,318.9714050149809,507.3796228408813
2018-09-12,2018-09-12,291.528512,2018-09-12,48.41400146484375,2018-09-12,10.474,9.6328,ECB EXR daily reference rate,1.0873266340004983,316.98671566813385,507.08825134277345
2018-09-13,2018-09-13,292.146049,2018-09-13,48.380001068115234,2018-09-13,10.446,9.573,ECB EXR daily reference rate,1.0911939830774051,318.78801084863676,505.3774911575317
2018-09-14,2018-09-14,293.193002,2018-09-14,48.62900161743164,2018-09-14,10.546,9.6245,ECB EXR daily reference rate,1.0957452335186244,321.2648344425165,512.841451057434
2018-09-17,2018-09-17,289.834777,2018-09-17,48.46500015258789,2018-09-17,10.4527,9.562,ECB EXR daily reference rate,1.0931499686258106,316.83287738421876,506.59010709495544
2018-09-18,2018-09-18,290.613201,2018-09-18,48.685001373291016,2018-09-18,10.4179,9.5473,ECB EXR daily reference rate,1.0911880845893602,317.11366215557274,507.1954758068085
2018-09-19,2018-09-19,291.636622,2018-09-19,48.79899978637695,2018-09-19,10.3878,9.547,ECB EXR daily reference rate,1.0880695506441813,317.32092825092695,506.9142499809265
2018-09-20,2018-09-20,294.239383,2018-09-20,48.87699890136719,2018-09-20,10.335,9.5885,ECB EXR daily reference rate,1.077853678886166,317.14700143974557,505.1437836456299
2018-09-21,2018-09-21,294.015346,2018-09-21,49.05400085449219,2018-09-21,10.3315,9.5793,ECB EXR daily reference rate,1.0785234829267274,317.10245500182685,506.801409828186
2018-09-24,2018-09-24,292.610927,2018-09-24,48.66400146484375,2018-09-24,10.3563,9.5693,ECB EXR daily reference rate,1.0822421702736875,316.6758846822756,503.9789983703613
2018-09-25,2018-09-25,292.091929,2018-09-25,48.85100173950195,2018-09-25,10.3515,9.5713,ECB EXR daily reference rate,1.08151452780709,315.90166466869704,505.6811445064545
2018-09-26,2018-09-26,291.749554,2018-09-26,48.970001220703125,2018-09-26,10.3763,9.5465,ECB EXR daily reference rate,1.0869219085528727,317.1089820531294,508.12742366638184
2018-09-27,2018-09-27,292.498916,2018-09-27,49.242000579833984,2018-09-27,10.3208,9.5015,ECB EXR daily reference rate,1.0862284902383834,317.72065592304375,508.2168395843506
2018-09-28,2018-09-28,292.064055,2018-09-28,49.2599983215332,2018-09-28,10.309,9.4665,ECB EXR daily reference rate,1.088998045740242,318.05718512597053,507.82132269668574
2018-10-01,2018-10-01,293.241814,2018-10-01,49.63800048828125,2018-10-01,10.33,9.4465,ECB EXR daily reference rate,1.0935267030116975,320.6677540485894,512.7605450439453
2018-10-02,2018-10-02,292.725916,2018-10-02,49.45000076293945,2018-10-02,10.3815,9.4393,ECB EXR daily reference rate,1.099816723697732,321.9448578765375,513.3651829204559
2018-10-03,2018-10-03,293.429202,2018-10-02,49.45000076293945,2018-10-03,10.3795,9.4443,ECB EXR daily reference rate,1.0990226909352732,322.4853511810298,513.2662829189301
2018-10-04,2018-10-04,292.445595,2018-10-04,49.194000244140625,2018-10-04,10.4015,9.4643,ECB EXR daily reference rate,1.0990247561890474,321.4049487434359,511.69139353942876
2018-10-05,2018-10-05,291.723597,2018-10-05,48.91299819946289,2018-10-05,10.4438,9.5133,ECB EXR daily reference rate,1.0978104338137136,320.2572085762669,510.8375705955505
2018-10-08,2018-10-08,291.781759,2018-10-08,48.73600006103515,2018-10-08,10.4463,9.5083,ECB EXR daily reference rate,1.098650652587739,320.56621993854844,509.1108774375915
2018-10-09,2018-10-09,290.973803,2018-10-09,48.900001525878906,2018-10-09,10.4445,9.4915,ECB EXR daily reference rate,1.1004056260864983,320.1892098649844,510.7360659370422
2018-10-10,2018-10-10,281.146199,2018-10-10,47.882999420166016,2018-10-10,10.48,9.4468,ECB EXR daily reference rate,1.1093703688021341,311.89526247194823,501.81383392333987
2018-10-11,2018-10-11,276.044417,2018-10-11,46.45600128173828,2018-10-11,10.412,9.5063,ECB EXR daily reference rate,1.0952736606250593,302.34417910270037,483.699885345459
2018-10-12,2018-10-12,276.983887,2018-10-12,46.573001861572266,2018-10-12,10.3593,9.4675,ECB EXR daily reference rate,1.0941959334565619,303.0746427883918,482.46369818458555
2018-10-15,2018-10-15,275.433103,2018-10-15,46.62900161743164,2018-10-15,10.392,9.4598,ECB EXR daily reference rate,1.098543309583712,302.57519253853144,484.5685848083496
2018-10-16,2018-10-16,279.801555,2018-10-16,47.0890007019043,2018-10-16,10.3165,9.4198,ECB EXR daily reference rate,1.095193103887556,306.43673349301474,485.79367574119567
2018-10-17,2018-10-17,281.50021,2018-10-17,47.25,2018-10-17,10.3148,9.4293,ECB EXR daily reference rate,1.0939094100304372,307.93572864454416,487.3743
2018-10-18,2018-10-18,278.763581,2018-10-18,46.97999954223633,2018-10-18,10.333,9.4598,ECB EXR daily reference rate,1.0923063912556292,304.4952411756063,485.444335269928
2018-10-19,2018-10-19,278.428009,2018-10-19,47.124000549316406,2018-10-19,10.3358,9.4518,ECB EXR daily reference rate,1.0935271588480502,304.4685896254893,487.06424487762456
2018-10-22,2018-10-22,278.499756,2018-10-22,46.93399810791016,2018-10-22,10.331,9.4688,ECB EXR daily reference rate,1.091056944913822,303.8590929406049,484.87513445281985
2018-10-23,2018-10-23,277.000694,2018-10-23,46.00600051879883,2018-10-23,10.3606,9.5053,ECB EXR daily reference rate,1.0899813788097166,301.9255983773684,476.6497689750671
2018-10-24,2018-10-24,271.691397,2018-10-24,46.167999267578125,2018-10-24,10.359,9.4868,ECB EXR daily reference rate,1.0919382721254796,296.6702345915377,478.2543044128418
2018-10-25,2018-10-25,274.164549,2018-10-25,46.2140007019043,2018-10-25,10.393,9.4898,ECB EXR daily reference rate,1.0951758730426353,300.2583993084154,480.3021092948914
2018-10-26,2018-10-26,271.87105,2018-10-26,45.55799865722656,2018-10-26,10.4025,9.516,ECB EXR daily reference rate,1.0931588902900378,297.1982553199874,473.9170810317993
2018-10-29,2018-10-29,271.541539,2018-10-29,45.891998291015625,2018-10-29,10.391,9.513,ECB EXR daily reference rate,1.0922947545464101,296.60339869115944,476.86375424194335
2018-10-30,2018-10-30,275.263072,2018-10-30,45.74300003051758,2018-10-30,10.42,9.5435,ECB EXR daily reference rate,1.0918426153926757,300.5439524535024,476.6420603179932
2018-10-31,2018-10-31,278.984675,2018-10-31,46.84099960327149,2018-10-31,10.4015,9.5528,ECB EXR daily reference rate,1.0888430617201241,303.77052769999375,487.21665737342846
2018-11-01,2018-11-01,280.179362,2018-11-01,46.7869987487793,2018-11-01,10.3158,9.515,ECB EXR daily reference rate,1.0841618497109826,303.75977535676304,482.64532169265743
2018-11-02,2018-11-02,280.05789,2018-11-02,46.73199844360352,2018-11-02,10.3123,9.5143,ECB EXR daily reference rate,1.0838737479373155,303.5473948737164,481.9143875499726
2018-11-05,2018-11-05,279.609217,2018-11-05,46.7859992980957,2018-11-05,10.3268,9.524,ECB EXR daily reference rate,1.084292314153717,303.17812495963886,483.1496575515747
2018-11-06,2018-11-06,281.525907,2018-11-06,46.95000076293945,2018-11-06,10.347,9.5448,ECB EXR daily reference rate,1.0840457631380436,305.1869666969449,485.7916578941345
2018-11-07,2018-11-07,284.767566,2018-11-07,47.45500183105469,2018-11-07,10.3313,9.5328,ECB EXR daily reference rate,1.0837634273246057,308.62067331904586,490.27186041717533
2018-11-08,2018-11-08,285.075104,2018-11-08,47.84000015258789,2018-11-08,10.2528,9.5078,ECB EXR daily reference rate,1.078356717642357,307.41265343099354,490.49395356445314
2018-11-09,2018-11-09,285.169731,2018-11-09,47.67900085449219,2018-11-09,10.2648,9.5418,ECB EXR daily reference rate,1.0757718669433438,306.77757391360115,489.41540797119137
2018-11-12,2018-11-12,282.223341,2018-11-12,47.32400131225586,2018-11-12,10.2705,9.5378,ECB EXR daily reference rate,1.0768206504644677,303.9039216318753,486.04115547752383
2018-11-13,2018-11-13,282.662331,2018-11-13,47.3650016784668,2018-11-13,10.2284,9.5563,ECB EXR daily reference rate,1.0703305672697592,302.54213308502244,484.46818316802984
2018-11-14,2018-11-14,281.394246,2018-11-14,46.80500030517578,2018-11-14,10.2685,9.599,ECB EXR daily reference rate,1.0697468486300656,301.02060788113346,480.6171456336975
2018-11-15,2018-11-15,283.086767,2018-11-15,46.62099838256836,2018-11-15,10.2553,9.6028,ECB EXR daily reference rate,1.0679489315616277,302.3222103568855,478.1123247127533
2018-11-16,2018-11-16,282.413383,2018-11-16,46.58000183105469,2018-11-16,10.262,9.6118,ECB EXR daily reference rate,1.0676460184356729,301.51752391289875,478.0039787902832
2018-11-19,2018-11-19,280.592263,2018-11-19,46.150001525878906,2018-11-19,10.2815,9.6493,ECB EXR daily reference rate,1.0655177059475816,298.9760243784005,474.49124068832396
2018-11-20,2018-11-20,277.972479,2018-11-20,45.540000915527344,2018-11-20,10.3133,9.7135,ECB EXR daily reference rate,1.0617491120605342,295.1370327555155,469.66769144210815
2018-11-21,2018-11-21,279.155095,2018-11-21,45.84700012207031,2018-11-21,10.3143,9.729,ECB EXR daily reference rate,1.0601603453592352,295.9491619239901,472.8797133590698
2018-11-22,2018-11-21,279.155095,2018-11-22,45.334999084472656,2018-11-22,10.3035,9.7398,ECB EXR daily reference rate,1.0578759317439783,295.3114562242038,467.10916306686397
2018-11-23,2018-11-23,279.329487,2018-11-23,45.762001037597656,2018-11-23,10.3043,9.7365,ECB EXR daily reference rate,1.0583166435577467,295.6190451285472,471.54538729171753
2018-11-26,2018-11-26,282.712126,2018-11-26,46.06399917602539,2018-11-26,10.293,9.729,ECB EXR daily reference rate,1.0579710144927537,299.1012347536232,474.1367435188293
2018-11-27,2018-11-27,283.677679,2018-11-27,46.375999450683594,2018-11-27,10.2823,9.7325,ECB EXR daily reference rate,1.056491137939892,299.70295389485744,476.8519391517639
2018-11-28,2018-11-28,288.250927,2018-11-28,46.59000015258789,2018-11-28,10.2544,9.7085,ECB EXR daily reference rate,1.0562290776124015,304.45901074612965,477.7524975646973
2018-11-29,2018-11-29,286.170114,2018-11-29,46.847999572753906,2018-11-29,10.317,9.7318,ECB EXR daily reference rate,1.060132760640375,303.37831296759083,483.33081159210207
2018-11-30,2018-11-30,289.303051,2018-11-30,47.0369987487793,2018-11-30,10.3195,9.74,ECB EXR daily reference rate,1.0594969199178643,306.5156914573408,485.39830858802793
2018-12-03,2018-12-03,290.638647,2018-12-03,47.63999938964844,2018-12-03,10.2355,9.6893,ECB EXR daily reference rate,1.0563714613026742,307.0223722424221,487.6192137527466
2018-12-04,2018-12-04,282.163628,2018-12-04,47.34400177001953,2018-12-04,10.2293,9.6473,ECB EXR daily reference rate,1.0603277600986805,299.1859276585573,484.2959973060608
2018-12-05,2018-12-04,282.163628,2018-12-05,46.53799819946289,2018-12-05,10.1753,9.648,ECB EXR daily reference rate,1.0546538142620232,297.5849465162106,473.53809307899473
2018-12-06,2018-12-06,279.729158,2018-12-06,45.16400146484375,2018-12-06,10.2355,9.7028,ECB EXR daily reference rate,1.054901677866183,295.0867581222946,462.2761369934082
2018-12-07,2018-12-07,274.673833,2018-12-07,45.49100112915039,2018-12-07,10.2665,9.697,ECB EXR daily reference rate,1.0587295039703002,290.8052909657111,467.0333630924225
2018-12-10,2018-12-10,274.579955,2018-12-10,44.52000045776367,2018-12-10,10.333,9.6885,ECB EXR daily reference rate,1.0665221654538888,292.84560819683134,460.02516473007205
2018-12-11,2018-12-11,275.95712,2018-12-11,45.529998779296875,2018-12-11,10.297,9.7038,ECB EXR daily reference rate,1.061130691069478,292.82656945114286,468.8223974304199
2018-12-12,2018-12-12,278.712607,2018-12-12,45.854000091552734,2018-12-12,10.3595,9.7265,ECB EXR daily reference rate,1.0650799362566186,296.85120569747596,475.0245139484406
2018-12-13,2018-12-13,278.824182,2018-12-13,45.61100006103515,2018-12-13,10.302,9.7388,ECB EXR daily reference rate,1.0578305335359592,294.9487332077874,469.8845226287841
2018-12-14,2018-12-14,275.919769,2018-12-14,45.37900161743164,2018-12-14,10.261,9.7235,ECB EXR daily reference rate,1.055278449118116,291.1721859113488,465.633935596466
2018-12-17,2018-12-17,271.999431,2018-12-17,44.76499938964844,2018-12-17,10.2725,9.7838,ECB EXR daily reference rate,1.0499499172100821,285.5857800596395,459.8484562301636
2018-12-18,2018-12-18,274.033195,2018-12-18,44.20899963378906,2018-12-18,10.276,9.8835,ECB EXR daily reference rate,1.0397126524004654,284.9157800192239,454.2916802368164
2018-12-19,2018-12-19,270.650467,2018-12-19,44.1510009765625,2018-12-19,10.3393,9.9375,ECB EXR daily reference rate,1.0404327044025157,281.59359732861384,456.49044439697263
2018-12-20,2018-12-20,266.503582,2018-12-20,42.95800018310547,2018-12-20,10.253,9.897,ECB EXR daily reference rate,1.0359704961099323,276.08984805961404,440.4483758773804
2018-12-21,2018-12-21,264.194258,2018-12-21,42.86800003051758,2018-12-21,10.2733,9.9428,ECB EXR daily reference rate,1.033240133563986,272.97611042275815,440.3958247135163
2018-12-24,2018-12-21,264.194258,2018-12-21,42.86800003051758,2018-12-24,10.3428,10.0025,ECB EXR daily reference rate,1.0340214946263435,273.1825415288578,443.37515071563723
2018-12-25,2018-12-21,264.194258,2018-12-21,42.86800003051758,2018-12-24,10.3428,10.0025,ECB EXR daily reference rate,1.0340214946263435,273.1825415288578,443.37515071563723
2018-12-26,2018-12-21,264.194258,2018-12-21,42.86800003051758,2018-12-24,10.3428,10.0025,ECB EXR daily reference rate,1.0340214946263435,273.1825415288578,443.37515071563723
2018-12-27,2018-12-27,270.169561,2018-12-27,42.141998291015625,2018-12-27,10.2725,9.9698,ECB EXR daily reference rate,1.0303616923107788,278.3723660828202,432.903677444458
2018-12-28,2018-12-28,269.4466,2018-12-28,43.0989990234375,2018-12-28,10.2773,9.9738,ECB EXR daily reference rate,1.0304297258818103,277.64578617778574,442.94134266357423
2018-12-31,2018-12-31,269.01372,2018-12-28,43.0989990234375,2018-12-31,10.2548,9.9483,ECB EXR daily reference rate,1.030809283998271,277.3018400989113,441.97161518554685
2019-01-01,2018-12-31,269.01372,2018-12-28,43.0989990234375,2018-12-31,10.2548,9.9483,ECB EXR daily reference rate,1.030809283998271,277.3018400989113,441.97161518554685
2019-01-02,2019-01-02,269.793217,2019-01-02,43.4010009765625,2019-01-02,10.2145,9.9108,ECB EXR daily reference rate,1.0306433385801348,278.0605818951548,443.31952447509764
2019-01-03,2019-01-03,266.740258,2019-01-03,42.84199905395508,2019-01-03,10.2808,9.9113,ECB EXR daily reference rate,1.037280679628303,276.6845161024689,440.45002387390133
2019-01-04,2019-01-04,270.228844,2019-01-04,43.75600051879883,2019-01-04,10.246,9.8648,ECB EXR daily reference rate,1.0386424458681371,280.67114747627926,448.3239813156128
2019-01-07,2019-01-07,270.250812,2019-01-07,44.0629997253418,2019-01-07,10.2235,9.8018,ECB EXR daily reference rate,1.0430227101144687,281.8777343428758,450.47807769203183
2019-01-08,2019-01-08,273.100628,2019-01-08,44.2140007019043,2019-01-08,10.1855,9.775,ECB EXR daily reference rate,1.0419948849104859,284.5694574418414,450.3417041492462
2019-01-09,2019-01-09,273.359176,2019-01-09,44.40399932861328,2019-01-09,10.2268,9.7668,ECB EXR daily reference rate,1.0470983331285582,286.23393753499613,454.11082033386236
2019-01-10,2019-01-10,273.31551,2019-01-10,44.582000732421875,2019-01-10,10.2303,9.7493,ECB EXR daily reference rate,1.0493368754679824,286.8000432803381,456.0872420928955
2019-01-11,2019-01-11,274.811797,2019-01-11,44.707000732421875,2019-01-11,10.2338,9.7578,ECB EXR daily reference rate,1.0487814876304087,288.2175252760459,457.522504095459
2019-01-14,2019-01-14,274.436761,2019-01-14,44.58300018310547,2019-01-14,10.2493,9.7868,ECB EXR daily reference rate,1.047257530551355,287.4059646173724,456.94454377670286
2019-01-15,2019-01-15,275.915863,2019-01-15,45.09199905395508,2019-01-15,10.2403,9.7615,ECB EXR daily reference rate,1.0490498386518465,289.449491561635,461.75559791221616
2019-01-16,2019-01-16,276.878075,2019-01-16,45.40399932861328,2019-01-16,10.2488,9.7358,ECB EXR daily reference rate,1.0526921259680766,291.4673694056986,465.33650831909176
2019-01-17,2019-01-17,279.087183,2019-01-17,45.459999084472656,2019-01-17,10.2858,9.758,ECB EXR daily reference rate,1.0540889526542325,294.1827164276901,467.59245858306883
2019-01-18,2019-01-18,281.818918,2019-01-18,46.30899810791016,2019-01-18,10.2515,9.7218,ECB EXR daily reference rate,1.0544857948116604,297.1740457401921,474.73669410324106
2019-01-21,2019-01-18,281.818918,2019-01-21,46.141998291015625,2019-01-21,10.2515,9.7438,ECB EXR daily reference rate,1.0521049282620742,296.5030725052854,473.0246954803467
2019-01-22,2019-01-22,280.489263,2019-01-22,45.92599868774414,2019-01-22,10.2538,9.7628,ECB EXR daily reference rate,1.0502929487442128,294.595895127361,470.9160053443909
2019-01-23,2019-01-23,280.342109,2019-01-23,45.59099960327149,2019-01-23,10.245,9.7563,ECB EXR daily reference rate,1.0500907106177546,294.38464445589,467.07979093551637
2019-01-24,2019-01-24,280.013644,2019-01-24,45.874000549316406,2019-01-24,10.2843,9.7278,ECB EXR daily reference rate,1.057207179423919,296.0324347734534,471.7819838493347
2019-01-25,2019-01-25,281.088083,2019-01-25,46.17300033569336,2019-01-25,10.298,9.7045,ECB EXR daily reference rate,1.061157195115668,298.27864173672003,475.4895574569702
2019-01-28,2019-01-28,279.073021,2019-01-28,45.56399917602539,2019-01-28,10.3503,9.732,ECB EXR daily reference rate,1.0635326757090013,296.80327674232433,471.60106067161564
2019-01-29,2019-01-29,278.976186,2019-01-29,45.733001708984375,2019-01-29,10.3508,9.7035,ECB EXR daily reference rate,1.0667078889060648,297.58609842312563,473.37315408935547
2019-01-30,2019-01-30,280.748579,2019-01-30,46.08399963378906,2019-01-30,10.3843,9.6938,ECB EXR daily reference rate,1.0712310961645588,300.74660802881226,478.55007739715575
2019-01-31,2019-01-31,281.667231,2019-01-31,46.49700164794922,2019-01-31,10.373,9.6623,ECB EXR daily reference rate,1.0735539157343488,302.3849587741014,482.3133980941772
2019-02-01,2019-02-01,282.191006,2019-02-01,46.56399917602539,2019-02-01,10.3878,9.6685,ECB EXR daily reference rate,1.074396235196773,303.18495445279,483.6975106407166
2019-02-04,2019-02-04,284.639538,2019-02-04,46.73899841308594,2019-02-04,10.4113,9.703,ECB EXR daily reference rate,1.0729980418427292,305.41766690501913,486.6137341781617
2019-02-05,2019-02-05,286.636072,2019-02-05,47.250999450683594,2019-02-05,10.3998,9.6783,ECB EXR daily reference rate,1.0745482161123339,308.0042798410465,491.4009440872193
2019-02-06,2019-02-06,287.415277,2019-02-06,47.25199890136719,2019-02-06,10.4258,9.6918,ECB EXR daily reference rate,1.0757341257557935,309.18242173245426,492.63989014587406
2019-02-07,2019-02-07,286.209216,2019-02-07,46.66999816894531,2019-02-07,10.473,9.7253,ECB EXR daily reference rate,1.0768819470864652,308.21353780017074,488.7748908233643
2019-02-08,2019-02-08,287.126729,2019-02-08,46.62799835205078,2019-02-08,10.4973,9.7693,ECB EXR daily reference rate,1.0745191569508563,308.523170783137,489.46808710098264
2019-02-11,2019-02-11,290.462072,2019-02-11,47.14500045776367,2019-02-11,10.4858,9.819,ECB EXR daily reference rate,1.0679091557185048,310.1871060777675,494.35304580001826
2019-02-12,2019-02-12,292.397442,2019-02-12,47.49599838256836,2019-02-12,10.4725,9.795,ECB EXR daily reference rate,1.0691679428279734,312.62197155130167,497.40184306144715
2019-02-13,2019-02-13,292.366155,2019-02-13,47.79100036621094,2019-02-13,10.4083,9.761,ECB EXR daily reference rate,1.0663149267493086,311.754395152802,497.4230691116333
2019-02-14,2019-02-14,292.559536,2019-02-14,47.66899871826172,2019-02-14,10.4775,9.7585,ECB EXR daily reference rate,1.0736793564584721,314.1151343382692,499.45193407058713
2019-02-15,2019-02-15,294.94187,2019-02-15,48.23400115966797,2019-02-15,10.4813,9.769,ECB EXR daily reference rate,1.0729143208107277,316.44735612969595,505.55503635482785
2019-02-18,2019-02-15,294.94187,2019-02-18,48.2140007019043,2019-02-18,10.4685,9.7508,ECB EXR daily reference rate,1.0736042170898799,316.6508354283751,504.72826634788515
2019-02-19,2019-02-19,293.901882,2019-02-19,48.1510009765625,2019-02-19,10.6,9.746,ECB EXR daily reference rate,1.0876256925918324,319.655237964293,510.4006103515625
2019-02-20,2019-02-20,295.150216,2019-02-20,48.25699996948242,2019-02-20,10.5703,9.7335,ECB EXR daily reference rate,1.0859711306313249,320.52461377559973,510.09096677742
2019-02-21,2019-02-21,295.238441,2019-02-21,48.22999954223633,2019-02-21,10.6188,9.7808,ECB EXR daily reference rate,1.0856780631441192,320.5338987905693,512.1447191390992
2019-02-22,2019-02-22,296.1154,2019-02-22,48.45399856567383,2019-02-22,10.5998,9.7643,ECB EXR daily reference rate,1.0855668097047406,321.45305008244316,513.6026939964295
2019-02-25,2019-02-25,296.4502,2019-02-25,48.68600082397461,2019-02-25,10.5793,9.762,ECB EXR daily reference rate,1.0837225978283138,321.2697808707232,515.0638085170746
2019-02-26,2019-02-26,296.5786,2019-02-26,48.540000915527344,2019-02-26,10.5858,9.7725,ECB EXR daily reference rate,1.0832233307751342,321.2608589286262,513.8347416915894
2019-02-27,2019-02-27,294.226342,2019-02-27,48.39300155639648,2019-02-27,10.5443,9.7123,ECB EXR daily reference rate,1.0856645696693883,319.43111497282825,510.2703263111114
2019-02-28,2019-02-28,293.9357,2019-02-28,48.34600067138672,2019-02-28,10.4844,9.7268,ECB EXR daily reference rate,1.0778878973557593,316.82973363079327,506.878809439087
2019-03-01,2019-03-01,295.843475,2019-03-01,48.39400100708008,2019-03-01,10.5003,9.7268,ECB EXR daily reference rate,1.0795225562363777,319.36970437785294,508.1515287746429
2019-03-04,2019-03-04,298.427028,2019-03-04,48.63100051879883,2019-03-04,10.5543,9.7633,ECB EXR daily reference rate,1.0810176886913236,322.6048960515809,513.2661687755584
2019-03-05,2019-03-05,298.675268,2019-03-05,48.73600006103515,2019-03-05,10.5523,9.8023,ECB EXR daily reference rate,1.076512655193169,321.5277057952114,514.2768934440612
2019-03-06,2019-03-06,297.005235,2019-03-06,48.51800155639648,2019-03-06,10.5375,9.804,ECB EXR daily reference rate,1.0748164014687882,319.2260979000918,511.2584414005279
2019-03-07,2019-03-07,297.325779,2019-03-07,48.487998962402344,2019-03-07,10.5625,9.786,ECB EXR daily reference rate,1.0793480482321685,320.91799925275905,512.1544890403748
2019-03-08,2019-03-08,296.951437,2019-03-08,47.97700119018555,2019-03-08,10.6316,9.8733,ECB EXR daily reference rate,1.0768030952163916,319.75822649055533,510.0722858535767
2019-03-11,2019-03-11,297.635428,2019-03-11,48.63999938964844,2019-03-11,10.5802,9.77,ECB EXR daily reference rate,1.0829273285568066,322.31753892790175,514.6209215423584
2019-03-12,2019-03-12,297.118161,2019-03-12,48.67499923706055,2019-03-12,10.5715,9.7365,ECB EXR daily reference rate,1.0857597699378627,322.5989461317208,514.5677544345856
2019-03-13,2019-03-13,296.970339,2019-03-13,48.948001861572266,2019-03-13,10.554,9.7245,ECB EXR daily reference rate,1.0853000154249575,322.30191349745485,516.5972116470338
2019-03-14,2019-03-14,297.1862,2019-03-14,48.9630012512207,2019-03-14,10.5373,9.7155,ECB EXR daily reference rate,1.0845864855128402,322.32413620091603,515.9378330844879
2019-03-15,2019-03-15,297.5282,2019-03-15,49.2140007019043,2019-03-15,10.4964,9.688,ECB EXR daily reference rate,1.083443435177539,322.3549750701899,516.5698369674683
2019-03-18,2019-03-18,299.4613,2019-03-18,49.207000732421875,2019-03-18,10.4643,9.672,ECB EXR daily reference rate,1.0819168734491313,323.9922334150123,514.9168177642822
2019-03-19,2019-03-19,298.585386,2019-03-19,49.47700119018555,2019-03-19,10.4485,9.6745,ECB EXR daily reference rate,1.0800041345805984,322.47345140534395,516.9604469356536
2019-03-20,2019-03-20,297.996189,2019-03-20,48.946998596191406,2019-03-20,10.431,9.6915,ECB EXR daily reference rate,1.0763039777124284,320.7344835638446,510.5661423568725
2019-03-21,2019-03-21,297.982464,2019-03-21,49.29499816894531,2019-03-21,10.4288,9.6178,ECB EXR daily reference rate,1.0843228181080913,323.10918511127284,514.0876769042969
2019-03-22,2019-03-22,297.087051,2019-03-22,48.92499923706055,2019-03-22,10.4723,9.6423,ECB EXR daily reference rate,1.0860790475301536,322.66002138362217,512.3572695102692
2019-03-25,2019-03-25,294.077865,2019-03-25,48.62799835205078,2019-03-25,10.445,9.659,ECB EXR daily reference rate,1.0813748835283155,318.0084170126307,507.9194427871704
2019-03-26,2019-03-26,296.665241,2019-03-26,49.1150016784668,2019-03-26,10.4263,9.6398,ECB EXR daily reference rate,1.0815888296437686,320.8698108091765,512.0877420001983
2019-03-27,2019-03-27,299.147635,2019-03-27,49.01800155639648,2019-03-27,10.4298,9.695,ECB EXR daily reference rate,1.0757916451779268,321.82052640773594,511.247952632904
2019-03-28,2019-03-28,299.571844,2019-03-28,49.180999755859375,2019-03-28,10.476,9.738,ECB EXR daily reference rate,1.0757855822550833,322.27507062476894,515.2201534423829
2019-03-29,2019-03-29,300.363637,2019-03-29,49.555999755859375,2019-03-29,10.398,9.659,ECB EXR daily reference rate,1.0765089553784035,323.34414510052795,515.2832854614257
2019-04-01,2019-04-01,302.674261,2019-04-01,50.108001708984375,2019-04-01,10.42,9.638,ECB EXR daily reference rate,1.0811371653870097,327.23239257314793,522.1253778076172
2019-04-02,2019-04-02,304.152583,2019-04-02,50.27799987792969,2019-04-02,10.4418,9.6445,ECB EXR daily reference rate,1.0826688786354917,329.2965359706983,524.9928191253663
2019-04-03,2019-04-03,303.884937,2019-04-03,50.52199935913086,2019-04-03,10.43,9.6218,ECB EXR daily reference rate,1.083996757363487,329.4102863196075,526.9444533157349
2019-04-04,2019-04-04,304.59225,2019-04-04,50.422000885009766,2019-04-04,10.4075,9.6308,ECB EXR daily reference rate,1.0806475059185114,329.1568552846077,524.7669742107391
2019-04-05,2019-04-05,306.704314,2019-04-05,50.630001068115234,2019-04-05,10.426,9.661,ECB EXR daily reference rate,1.0791843494462272,330.9904955764414,527.8683911361694
2019-04-08,2019-04-08,305.0993,2019-04-08,50.45600128173828,2019-04-08,10.4325,9.6305,ECB EXR daily reference rate,1.0832770884170084,330.5070813820674,526.3822333717346
2019-04-09,2019-04-09,303.500263,2019-04-09,50.2599983215332,2019-04-09,10.425,9.619,ECB EXR daily reference rate,1.0837924940222476,328.9313069731781,523.9604825019837
2019-04-10,2019-04-10,303.057,2019-04-10,50.358001708984375,2019-04-10,10.44,9.5895,ECB EXR daily reference rate,1.0886907555138432,329.9353542937588,525.7375378417969
2019-04-11,2019-04-11,303.3469,2019-04-11,50.402000427246094,2019-04-11,10.437,9.5885,ECB EXR daily reference rate,1.0884914220159565,330.1904985451322,526.0456784591674
2019-04-12,2019-04-12,303.921908,2019-04-12,50.428001403808594,2019-04-12,10.4788,9.602,ECB EXR daily reference rate,1.0913143095188502,331.6743271766715,528.4249411102295
2019-04-15,2019-04-15,304.218856,2019-04-15,50.4900016784668,2019-04-15,10.4608,9.6018,ECB EXR daily reference rate,1.0894623924680789,331.43500269166196,528.1658095581055
2019-04-16,2019-04-16,304.100355,2019-04-16,50.70399856567383,2019-04-16,10.4638,9.5869,ECB EXR daily reference rate,1.0914685664813444,331.9159785383179,530.5565001914979
2019-04-17,2019-04-17,303.908847,2019-04-17,50.54999923706055,2019-04-17,10.4408,9.5778,ECB EXR daily reference rate,1.090104199294201,331.29231031735884,527.7824320343017
2019-04-18,2019-04-17,303.908847,2019-04-18,50.79199981689453,2019-04-18,10.476,9.5978,ECB EXR daily reference rate,1.091500135447707,331.71654766425644,532.0969900817871
2019-04-19,2019-04-17,303.908847,2019-04-18,50.79199981689453,2019-04-18,10.476,9.5978,ECB EXR daily reference rate,1.091500135447707,331.71654766425644,532.0969900817871
2019-04-22,2019-04-17,303.908847,2019-04-18,50.79199981689453,2019-04-18,10.476,9.5978,ECB EXR daily reference rate,1.091500135447707,331.71654766425644,532.0969900817871
2019-04-23,2019-04-23,308.492869,2019-04-23,51.27799987792969,2019-04-23,10.507,9.5845,ECB EXR daily reference rate,1.096249152277114,338.1850461247848,538.7779447174072
2019-04-24,2019-04-24,309.076753,2019-04-24,51.33599853515625,2019-04-24,10.501,9.607,ECB EXR daily reference rate,1.0930571458311649,337.8385534769439,539.0793206176758
2019-04-25,2019-04-25,311.001161,2019-04-25,51.459999084472656,2019-04-25,10.6295,9.6638,ECB EXR daily reference rate,1.0999296343053457,342.079393287268,546.9940602684021
2019-04-26,2019-04-26,312.490175,2019-04-26,51.45000076293945,2019-04-26,10.5738,9.6653,ECB EXR daily reference rate,1.0939960477170911,341.86301640042217,544.0220180671693
2019-04-29,2019-04-29,313.067755,2019-04-29,51.619998931884766,2019-04-29,10.6113,9.6883,ECB EXR daily reference rate,1.0952695519337758,342.8935797437631,547.7552946659088
2019-04-30,2019-04-30,312.525124,2019-04-30,51.36199951171875,2019-04-30,10.635,9.6678,ECB EXR daily reference rate,1.1000434431825235,343.7912134860051,546.2348648071289
2019-05-01,2019-04-30,312.525124,2019-04-30,51.36199951171875,2019-04-30,10.635,9.6678,ECB EXR daily reference rate,1.1000434431825235,343.7912134860051,546.2348648071289
2019-05-02,2019-05-02,313.790109,2019-05-02,51.13399887084961,2019-05-02,10.685,9.745,ECB EXR daily reference rate,1.0964597229348385,344.0582159738328,546.3667779350282
2019-05-03,2019-05-03,314.882279,2019-05-03,51.50400161743164,2019-05-03,10.7043,9.7783,ECB EXR daily reference rate,1.094699487641001,344.70146948853073,551.3142845134735
2019-05-06,2019-05-06,313.9718,2019-05-06,51.06999969482422,2019-05-06,10.7258,9.7905,ECB EXR daily reference rate,1.0955313824625912,343.9659601082682,547.7666027267455
2019-05-07,2019-05-07,309.942712,2019-05-07,50.56800079345703,2019-05-07,10.7145,9.7605,ECB EXR daily reference rate,1.0977408944213922,340.23678989027195,541.8108445014954
2019-05-08,2019-05-08,310.087783,2019-05-08,50.400001525878906,2019-05-08,10.7494,9.8285,ECB EXR daily reference rate,1.0936969018670193,339.1420475739126,541.7697764022827
2019-05-09,2019-05-09,308.973934,2019-05-09,49.573001861572266,2019-05-09,10.7973,9.8068,ECB EXR daily reference rate,1.101001346004813,340.1807172144022,535.2545729999542
2019-05-10,2019-05-10,308.6515,2019-05-10,49.47600173950195,2019-05-10,10.8108,9.8193,ECB EXR daily reference rate,1.1009746112248326,339.8174652164614,534.8751596054077
2019-05-13,2019-05-13,303.132561,2019-05-13,49.07500076293945,2019-05-13,10.8323,9.8148,ECB EXR daily reference rate,1.103669967803725,334.5583038391307,531.5951307643891
2019-05-14,2019-05-14,304.775956,2019-05-14,49.7760009765625,2019-05-14,10.779,9.799,ECB EXR daily reference rate,1.1000102051229719,335.25666187610983,536.5355145263671
2019-05-15,2019-05-15,306.090418,2019-05-15,49.90700149536133,2019-05-15,10.7688,9.8003,ECB EXR daily reference rate,1.0988235054028959,336.33934607699763,537.438517703247
2019-05-16,2019-05-16,308.556338,2019-05-16,50.624000549316406,2019-05-16,10.759,9.7513,ECB EXR daily reference rate,1.1033400674781824,340.44257078974084,544.6636219100952
2019-05-17,2019-05-16,308.556338,2019-05-17,50.47200012207031,2019-05-17,10.766,9.7953,ECB EXR daily reference rate,1.0990985472624626,339.13382284442537,543.381553314209
2019-05-20,2019-05-20,307.123014,2019-05-20,49.92599868774414,2019-05-20,10.7668,9.7978,ECB EXR daily reference rate,1.0988997530057767,337.4974042269897,537.5432426712036
2019-05-21,2019-05-21,308.322453,2019-05-21,50.27399826049805,2019-05-21,10.7743,9.7913,ECB EXR daily reference rate,1.100395248843361,339.2765623929305,541.6671394580841
2019-05-22,2019-05-22,307.490298,2019-05-22,50.2239990234375,2019-05-22,10.76,9.7598,ECB EXR daily reference rate,1.102481608229677,339.0023982540626,540.4102294921875
2019-05-23,2019-05-23,304.38841,2019-05-23,49.51900100708008,2019-05-23,10.7373,9.7543,ECB EXR daily reference rate,1.1007760679905272,335.0634771016885,531.7003695133209
2019-05-24,2019-05-24,303.447402,2019-05-24,49.595001220703125,2019-05-24,10.7098,9.7558,ECB EXR daily reference rate,1.097787982533467,333.12091124660196,531.1525440734863
2019-05-27,2019-05-24,303.447402,2019-05-27,49.74599838256836,2019-05-27,10.7148,9.7523,ECB EXR daily reference rate,1.0986946668990905,333.39604226178443,533.0184234695434
2019-05-28,2019-05-28,301.6837,2019-05-28,49.70500183105469,2019-05-28,10.6865,9.7165,ECB EXR daily reference rate,1.0998301857664798,331.80083981371894,531.1725020675659
2019-05-29,2019-05-29,301.193536,2019-05-29,49.07600021362305,2019-05-29,10.7063,9.773,ECB EXR daily reference rate,1.0954978000613937,329.9568560807122,525.4223810871125
2019-05-30,2019-05-29,301.193536,2019-05-30,49.26399993896485,2019-05-30,10.6323,9.7638,ECB EXR daily reference rate,1.0889510231672095,327.98500919854973,523.789626551056
2019-05-31,2019-05-31,298.051513,2019-05-31,48.90399932861328,2019-05-31,10.639,9.7915,ECB EXR daily reference rate,1.0865546647602513,323.8492617890007,520.2896488571166
2019-06-03,2019-06-03,296.815998,2019-06-03,48.62200164794922,2019-06-03,10.618,9.7778,ECB EXR daily reference rate,1.085929350160568,322.32120382540046,516.2684134979248
2019-06-04,2019-06-04,301.498085,2019-06-04,48.952999114990234,2019-06-04,10.626,9.786,ECB EXR daily reference rate,1.0858369098712446,327.37774894849787,520.1745685958862
2019-06-05,2019-06-05,303.981099,2019-06-05,49.31700134277344,2019-06-05,10.6255,9.7738,ECB EXR daily reference rate,1.0871411324152327,330.47035619968693,524.0177977676392
2019-06-06,2019-06-06,305.09276,2019-06-06,49.422000885009766,2019-06-06,10.6175,9.8083,ECB EXR daily reference rate,1.0825015548056238,330.263387059939,524.7380943965911
2019-06-07,2019-06-07,305.224171,2019-06-07,49.87300109863281,2019-06-07,10.6562,9.7963,ECB EXR daily reference rate,1.0877780386472444,332.01615007811114,531.456674307251
2019-06-10,2019-06-07,305.224171,2019-06-07,49.87300109863281,2019-06-10,10.6455,9.7808,ECB EXR daily reference rate,1.0884079011941765,332.20839935184244,530.9230331954956
2019-06-11,2019-06-11,307.690955,2019-06-11,50.28799819946289,2019-06-11,10.6828,9.77,ECB EXR daily reference rate,1.0934288638689869,336.4381713484135,537.2166271652222
2019-06-12,2019-06-12,306.886507,2019-06-12,50.08000183105469,2019-06-12,10.68,9.782,ECB EXR daily reference rate,1.0918012676344306,335.0590773625026,534.8544195556641
2019-06-13,2019-06-13,308.880812,2019-06-13,50.279998779296875,2019-06-13,10.6968,9.772,ECB EXR daily reference rate,1.0946377404830125,338.11259412623815,537.8350909423827
2019-06-14,2019-06-14,309.294937,2019-06-14,50.39799880981445,2019-06-14,10.639,9.7728,ECB EXR daily reference rate,1.088633759004584,336.708909907396,536.1843093376159
2019-06-17,2019-06-17,309.482,2019-06-17,50.40800094604492,2019-06-17,10.6495,9.7938,ECB EXR daily reference rate,1.0873716024423616,336.521938267067,536.8200060749053
2019-06-18,2019-06-18,313.2747,2019-06-18,51.189998626708984,2019-06-18,10.6413,9.7795,ECB EXR daily reference rate,1.0881231146786645,340.88144231402424,544.7281323863983
2019-06-19,2019-06-19,314.400442,2019-06-19,51.09000015258789,2019-06-19,10.6868,9.7815,ECB EXR daily reference rate,1.0925522670347085,343.4989156638144,545.9886136306762
2019-06-20,2019-06-20,312.047688,2019-06-20,51.28799819946289,2019-06-20,10.6348,9.6678,ECB EXR daily reference rate,1.1000227559527505,343.25955774244403,545.4376032516479
2019-06-21,2019-06-21,310.2662,2019-06-21,51.2400016784668,2019-06-21,10.6308,9.686,ECB EXR daily reference rate,1.0975428453437952,340.5304479620071,544.7222098434448
2019-06-24,2019-06-24,308.2605,2019-06-24,50.854000091552734,2019-06-24,10.6078,9.6643,ECB EXR daily reference rate,1.0976273501443454,338.35515576917095,539.4490621711731
2019-06-25,2019-06-25,307.1183,2019-06-25,50.68199920654297,2019-06-25,10.532,9.6855,ECB EXR daily reference rate,1.0873986887615508,333.96003671467656,533.7828156433105
2019-06-26,2019-06-26,305.3901,2019-06-26,50.49399948120117,2019-06-26,10.5435,9.6733,ECB EXR daily reference rate,1.089958959196965,332.8626755450571,532.3834835300446
2019-06-27,2019-06-27,307.4438,2019-06-27,50.56600189208984,2019-06-27,10.5488,9.6843,ECB EXR daily reference rate,1.0892681969786149,334.8887536982539,533.4106407592773
2019-06-28,2019-06-28,309.6947,2019-06-28,50.810001373291016,2019-06-28,10.5633,9.6938,ECB EXR daily reference rate,1.0896965070457407,337.4732328405786,536.7212875064849
2019-07-01,2019-07-01,312.767552,2019-07-01,51.529998779296875,2019-07-01,10.545,9.6848,ECB EXR daily reference rate,1.0888195935899554,340.54743885676527,543.3838371276855
2019-07-02,2019-07-02,313.9324,2019-07-02,51.59199905395508,2019-07-02,10.5565,9.6715,ECB EXR daily reference rate,1.091505971152355,342.65908913818953,544.6309380130767
2019-07-03,2019-07-03,315.4529,2019-07-03,52.124000549316406,2019-07-03,10.5155,9.6593,ECB EXR daily reference rate,1.0886399635584358,343.41463356040293,548.1099277763367
2019-07-04,2019-07-03,315.4529,2019-07-04,52.25,2019-07-04,10.5208,9.6298,ECB EXR daily reference rate,1.0925252860910923,344.64026982076473,549.7117999999999
2019-07-05,2019-07-05,317.2247,2019-07-05,52.150001525878906,2019-07-05,10.5575,9.6325,ECB EXR daily reference rate,1.0960290682584997,347.68749236958206,550.5736411094665
2019-07-08,2019-07-08,316.0435,2019-07-08,52.03799819946289,2019-07-08,10.5973,9.684,ECB EXR daily reference rate,1.0943102023957043,345.84962645084676,551.4622783191681
2019-07-09,2019-07-09,316.4179,2019-07-09,51.95399856567383,2019-07-09,10.6338,9.6983,ECB EXR daily reference rate,1.0964602043657137,346.9396352989699,552.4684299476623
2019-07-10,2019-07-10,315.1055,2019-07-10,51.99800109863281,2019-07-10,10.6093,9.693,ECB EXR daily reference rate,1.094532136593418,344.89309616733726,551.662393055725
2019-07-11,2019-07-11,314.3396,2019-07-11,52.10599899291992,2019-07-11,10.5808,9.6323,ECB EXR daily reference rate,1.098470770221027,345.2928625229696,551.3231541442871
2019-07-12,2019-07-12,315.3414,2019-07-12,52.1879997253418,2019-07-12,10.5515,9.6208,ECB EXR daily reference rate,1.096738316979877,345.8469963100782,550.6616791019441
2019-07-15,2019-07-15,315.1997,2019-07-15,52.279998779296875,2019-07-15,10.5563,9.6223,ECB EXR daily reference rate,1.097066189996155,345.794933966931,551.8833511138916
2019-07-16,2019-07-16,314.4861,2019-07-16,52.44599914550781,2019-07-16,10.5405,9.5933,ECB EXR daily reference rate,1.0987355758706598,345.5370661868179,552.807053993225
2019-07-17,2019-07-17,314.1248,2019-07-17,52.15999984741211,2019-07-17,10.5168,9.622,ECB EXR daily reference rate,1.092995219289129,343.3369046601538,548.5562863952637
2019-07-18,2019-07-18,314.977151,2019-07-18,51.849998474121094,2019-07-18,10.504,9.6438,ECB EXR daily reference rate,1.0891972044214935,343.0722323258466,544.632383972168
2019-07-19,2019-07-19,313.400437,2019-07-19,52.22200012207031,2019-07-19,10.5195,9.6138,ECB EXR daily reference rate,1.0942083255320478,342.92536739078207,549.3493302841187
2019-07-22,2019-07-22,314.8566,2019-07-22,52.04600143432617,2019-07-22,10.544,9.6275,ECB EXR daily reference rate,1.0951960529732538,344.82970557257863,548.7730391235352
2019-07-23,2019-07-23,320.1027,2019-07-23,52.551998138427734,2019-07-23,10.5695,9.681,ECB EXR daily reference rate,1.0917777089143683,349.4809924233034,555.4483443241119
2019-07-24,2019-07-24,319.2055,2019-07-24,52.77399826049805,2019-07-24,10.5293,9.6355,ECB EXR daily reference rate,1.0927611436874058,348.8153672513102,555.673259884262
2019-07-25,2019-07-25,318.676551,2019-07-25,52.63399887084961,2019-07-25,10.4947,9.6058,ECB EXR daily reference rate,1.092537841720627,348.1661912365134,552.3780279499053
2019-07-26,2019-07-26,322.1987,2019-07-26,52.9739990234375,2019-07-26,10.5585,9.6913,ECB EXR daily reference rate,1.0894823191935035,351.02978691713184,559.3259686889648
2019-07-29,2019-07-29,321.093,2019-07-29,52.85599899291992,2019-07-29,10.5773,9.6935,ECB EXR daily reference rate,1.0911744983751999,350.36849320678806,559.0737581478119
2019-07-30,2019-07-30,321.9622,2019-07-30,52.54999923706055,2019-07-30,10.6453,9.7368,ECB EXR daily reference rate,1.0933058088899843,352.0031435029989,559.4105068782807
2019-07-31,2019-07-31,320.3981,2019-07-31,52.64400100708008,2019-07-31,10.6645,9.7778,ECB EXR daily reference rate,1.0906850211704067,349.4534084814581,561.4219487400055
2019-08-01,2019-08-01,321.6044,2019-08-01,52.96200180053711,2019-08-01,10.6868,9.812,ECB EXR daily reference rate,1.0891561353444763,350.2774054137791,565.99432084198
2019-08-02,2019-08-02,319.903105,2019-08-02,51.25199890136719,2019-08-02,10.7223,9.9105,ECB EXR daily reference rate,1.0819131224458907,346.1073672106856,549.5393078201295
2019-08-05,2019-08-05,312.317,2019-08-05,50.0,2019-08-05,10.7603,9.972,ECB EXR daily reference rate,1.0790513437625353,337.0060785298837,538.0150000000001
2019-08-06,2019-08-06,313.1445,2019-08-06,49.64099884033203,2019-08-06,10.7267,9.9545,ECB EXR daily reference rate,1.0775729569541412,337.43604481892606,532.4841022605896
2019-08-07,2019-08-07,316.0786,2019-08-07,49.724998474121094,2019-08-07,10.7673,9.996,ECB EXR daily reference rate,1.0771608643457382,340.4674979771908,535.403976070404
2019-08-08,2019-08-08,320.2975,2019-08-08,50.80799865722656,2019-08-08,10.753,10.018,ECB EXR daily reference rate,1.0733679377121181,343.79706702934715,546.3384095611573
2019-08-09,2019-08-09,316.2461,2019-08-09,50.49399948120117,2019-08-09,10.6972,9.9588,ECB EXR daily reference rate,1.0741454793750251,339.69431868498214,540.1444112503052
2019-08-12,2019-08-12,314.5076,2019-08-12,50.20000076293945,2019-08-12,10.7315,10.0003,ECB EXR daily reference rate,1.0731178064658062,337.5037058288252,538.7213081874847
2019-08-13,2019-08-13,317.1933,2019-08-13,50.79999923706055,2019-08-13,10.7088,10.0078,ECB EXR daily reference rate,1.0700453646155998,339.4112203521254,544.007031829834
2019-08-14,2019-08-14,311.9089,2019-08-14,50.012001037597656,2019-08-14,10.7313,10.0035,ECB EXR daily reference rate,1.0727545359124304,334.6016872664567,536.6937867347717
2019-08-15,2019-08-15,312.8485,2019-08-15,49.9119987487793,2019-08-15,10.7305,10.0145,ECB EXR daily reference rate,1.0714963303210345,335.2160196964402,535.5807025737762
2019-08-16,2019-08-16,316.3432,2019-08-16,50.645999908447266,2019-08-16,10.712,9.9653,ECB EXR daily reference rate,1.0749300071247228,340.04679822985764,542.5199510192871
2019-08-19,2019-08-19,319.025,2019-08-19,51.24599838256836,2019-08-19,10.7268,9.9658,ECB EXR daily reference rate,1.0763611551506151,343.386117521925,549.7055754501343
2019-08-20,2019-08-20,318.3844,2019-08-20,51.08599853515625,2019-08-20,10.7653,9.9638,ECB EXR daily reference rate,1.0804411971336236,343.9956222846705,549.9561000305175
2019-08-21,2019-08-21,319.1497,2019-08-21,51.33000183105469,2019-08-21,10.6983,9.9263,ECB EXR daily reference rate,1.077773188398497,343.97098974542376,549.1437585891723
2019-08-22,2019-08-22,319.2934,2019-08-22,51.1619987487793,2019-08-22,10.7188,9.939,ECB EXR daily reference rate,1.078458597444411,344.3447123372573,548.3952321884155
2019-08-23,2019-08-23,312.378,2019-08-23,50.358001708984375,2019-08-23,10.7165,9.9593,ECB EXR daily reference rate,1.0760294398200676,336.12792435211304,539.661525314331
2019-08-26,2019-08-26,315.549611,2019-08-26,50.4640007019043,2019-08-26,10.7515,9.9873,ECB EXR daily reference rate,1.0765171768145545,339.69457637865094,542.563703546524
2019-08-27,2019-08-27,316.8538,2019-08-27,50.70800018310547,2019-08-27,10.705,9.992,ECB EXR daily reference rate,1.0713570856685348,339.4635637510008,542.829141960144
2019-08-28,2019-08-28,318.7226,2019-08-28,50.7400016784668,2019-08-28,10.7545,10.011,ECB EXR daily reference rate,1.074268304864649,342.3935872240536,545.6833480510712
2019-08-29,2019-08-29,323.5205,2019-08-29,51.45600128173828,2019-08-29,10.779,10.0365,ECB EXR daily reference rate,1.0739799730981916,347.4545378867135,554.644237815857
2019-08-30,2019-08-30,325.171,2019-08-30,51.7760009765625,2019-08-30,10.8395,10.038,ECB EXR daily reference rate,1.0798465829846582,351.13479323570425,561.2259625854492
2019-09-02,2019-08-30,325.171,2019-09-02,51.81600189208984,2019-09-02,10.747,9.9788,ECB EXR daily reference rate,1.0769832043933139,350.20370555577824,556.8665723342895
2019-09-03,2019-09-03,323.7911,2019-09-03,51.69599914550781,2019-09-03,10.8128,10.019,ECB EXR daily reference rate,1.079229464018365,349.4448953069168,558.9784995605469
2019-09-04,2019-09-04,324.4236,2019-09-04,51.948001861572266,2019-09-04,10.753,9.9838,ECB EXR daily reference rate,1.077044812596406,349.4187554638514,558.5968640174866
2019-09-05,2019-09-05,326.9404,2019-09-05,52.58399963378906,2019-09-05,10.6825,9.9332,ECB EXR daily reference rate,1.0754338984415899,351.6027889300528,561.7285760879516
2019-09-06,2019-09-06,326.5725,2019-09-06,52.68000030517578,2019-09-06,10.635,9.923,ECB EXR daily reference rate,1.0717524942053813,350.00489141388687,560.2518032455445
2019-09-09,2019-09-09,325.0458,2019-09-09,52.650001525878906,2019-09-09,10.6598,9.8663,ECB EXR daily reference rate,1.0804252860748202,351.18770145241876,561.238486265564
2019-09-10,2019-09-10,326.521254,2019-09-10,52.400001525878906,2019-09-10,10.7445,9.9125,ECB EXR daily reference rate,1.0839344262295083,353.9276281062295,563.0118163948059
2019-09-11,2019-09-11,328.9783,2019-09-11,53.11199951171875,2019-09-11,10.6563,9.8745,ECB EXR daily reference rate,1.0791736290445086,355.02470588789305,565.9774003967285
2019-09-12,2019-09-12,330.4104,2019-09-12,53.2239990234375,2019-09-12,10.6315,9.8543,ECB EXR daily reference rate,1.0788691231239156,356.46957851902215,565.8509456176758
2019-09-13,2019-09-13,330.5635,2019-09-13,53.25400161743164,2019-09-13,10.6485,9.9213,ECB EXR daily reference rate,1.073296846179432,354.7927620120347,567.0752362232208
2019-09-16,2019-09-16,329.411395,2019-09-16,53.25600051879883,2019-09-16,10.6703,9.9043,ECB EXR daily reference rate,1.077340145189463,354.8881201163636,568.2575023357391
2019-09-17,2019-09-17,329.6796,2019-09-17,53.0880012512207,2019-09-17,10.699,9.8715,ECB EXR daily reference rate,1.0838271792534064,357.31571092539133,567.9885253868102
2019-09-18,2019-09-18,328.515346,2019-09-18,53.0,2019-09-18,10.7298,9.8905,ECB EXR daily reference rate,1.084859208331227,356.39289818621916,568.6794
2019-09-19,2019-09-19,330.4922,2019-09-19,53.46599960327149,2019-09-19,10.7223,9.8905,ECB EXR daily reference rate,1.0841009049087509,358.2868930852839,573.278487546158
2019-09-20,2019-09-20,332.1137,2019-09-20,53.50600051879883,2019-09-20,10.7113,9.9423,ECB EXR daily reference rate,1.0773462880822344,357.80146191625676,573.1188233570099
2019-09-23,2019-09-23,332.6653,2019-09-23,53.262001037597656,2019-09-23,10.7143,9.9723,ECB EXR daily reference rate,1.0744061049106022,357.41762921191696,570.6650577171325
2019-09-24,2019-09-24,328.3166,2019-09-24,53.19200134277344,2019-09-24,10.6763,9.9225,ECB EXR daily reference rate,1.0759687578735198,353.25840429125725,567.893763935852
2019-09-25,2019-09-25,330.1907,2019-09-25,53.071998596191406,2019-09-25,10.6825,9.931,ECB EXR daily reference rate,1.0756721377504783,355.17693613432687,566.9416250038147
2019-09-26,2019-09-26,330.8912,2019-09-26,53.22600173950195,2019-09-26,10.6598,9.9235,ECB EXR daily reference rate,1.0741976117297325,355.4425367823853,567.3785333427429
2019-09-27,2019-09-27,329.9074,2019-09-27,53.35200119018555,2019-09-27,10.701,9.9155,ECB EXR daily reference rate,1.0792194039634915,356.04246759114517,570.9197647361756
2019-09-30,2019-09-30,331.2978,2019-09-30,53.448001861572266,2019-09-30,10.6958,9.8953,ECB EXR daily reference rate,1.0808969915010156,358.09879531090513,571.6691383110046
2019-10-01,2019-10-01,329.5547,2019-10-01,52.97600173950195,2019-10-01,10.8043,9.9463,ECB EXR daily reference rate,1.08626323356424,357.98315405829305,572.3686155941009
2019-10-02,2019-10-02,324.332,2019-10-02,51.54199981689453,2019-10-02,10.8118,9.993,ECB EXR daily reference rate,1.0819373561493044,350.9069065946162,557.2617936203003
2019-10-03,2019-10-03,324.8122,2019-10-02,51.54199981689453,2019-10-03,10.833,10.0165,ECB EXR daily reference rate,1.081515499425947,351.28942870264063,558.3544840164185
2019-10-04,2019-10-04,327.8679,2019-10-04,52.2760009765625,2019-10-04,10.8105,9.9915,ECB EXR daily reference rate,1.0819696742230895,354.74312495120853,565.1297085571289
2019-10-07,2019-10-07,328.138843,2019-10-07,52.51399993896485,2019-10-07,10.891,10.0388,ECB EXR daily reference rate,1.0848906243774157,355.99475426475277,571.9299733352661
2019-10-08,2019-10-08,325.3866,2019-10-08,51.83599853515625,2019-10-08,10.8703,10.045,ECB EXR daily reference rate,1.0821602787456446,352.12045375609756,563.472854876709
2019-10-09,2019-10-09,327.7185,2019-10-09,51.97200012207031,2019-10-09,10.9173,10.0528,ECB EXR daily reference rate,1.0859959414292535,355.90096093128284,567.3939169326782
2019-10-10,2019-10-10,328.1958,2019-10-10,52.349998474121094,2019-10-10,10.8415,10.0535,ECB EXR daily reference rate,1.0783806634505397,353.9200045456807,567.5525084571839
2019-10-11,2019-10-11,330.862959,2019-10-11,53.11399841308594,2019-10-11,10.8448,10.0375,ECB EXR daily reference rate,1.080428393524284,357.473735269061,576.0106899902344
2019-10-14,2019-10-14,331.5438,2019-10-14,52.84600067138672,2019-10-14,10.8523,10.0463,ECB EXR daily reference rate,1.0802285418512287,358.1430756338154,573.5006530860901
2019-10-15,2019-10-15,335.6504,2019-10-15,53.27000045776367,2019-10-15,10.8225,10.0653,ECB EXR daily reference rate,1.0752287562218712,360.9009621173735,576.5145799541473
2019-10-16,2019-10-16,337.407,2019-10-16,53.06800079345703,2019-10-16,10.8358,10.1465,ECB EXR daily reference rate,1.0679347558271326,360.3286621593653,575.0342429977418
2019-10-17,2019-10-17,337.9917,2019-10-17,52.900001525878906,2019-10-17,10.8105,10.1925,ECB EXR daily reference rate,1.0606328182487121,358.48508931567324,571.8754664955139
2019-10-18,2019-10-18,337.1984,2019-10-18,52.69200134277344,2019-10-18,10.7742,10.2198,ECB EXR daily reference rate,1.0542476369400577,355.49061637996834,567.7141608673096
2019-10-21,2019-10-21,337.5291,2019-10-21,52.97800064086914,2019-10-21,10.7311,10.1638,ECB EXR daily reference rate,1.0558157382081503,356.36853588323265,568.5122226772309
2019-10-22,2019-10-22,337.654566,2019-10-22,53.099998474121094,2019-10-22,10.7303,10.1833,ECB EXR daily reference rate,1.0537153967770763,355.79181498628145,569.7789136268616
2019-10-23,2019-10-23,338.697253,2019-10-23,53.10200119018555,2019-10-23,10.7385,10.1775,ECB EXR daily reference rate,1.0551215917464996,357.36678470552687,570.2358397808075
2019-10-24,2019-10-24,338.8074,2019-10-24,53.40800094604492,2019-10-24,10.6963,10.1368,ECB EXR daily reference rate,1.055194933312288,357.50785184870966,571.2680005191803
2019-10-25,2019-10-25,341.8934,2019-10-25,53.625999450683594,2019-10-25,10.7445,10.1865,ECB EXR daily reference rate,1.0547783831541746,360.62176766308346,576.1845510978699
2019-10-28,2019-10-28,344.057572,2019-10-28,53.79999923706055,2019-10-28,10.7503,10.2105,ECB EXR daily reference rate,1.0528671465648107,362.2469140856569,578.366131798172
2019-10-29,2019-10-29,345.0042,2019-10-29,53.79800033569336,2019-10-29,10.7923,10.2748,ECB EXR daily reference rate,1.050365943862654,362.38066216957986,580.6041590229034
2019-10-30,2019-10-30,345.090016,2019-10-30,53.64400100708008,2019-10-30,10.801,10.2488,ECB EXR daily reference rate,1.0538794785731014,363.6832861228632,579.408854877472
2019-10-31,2019-10-31,343.4334,2019-10-31,53.400001525878906,2019-10-31,10.7498,10.252,ECB EXR daily reference rate,1.0485563792430745,360.1092824151385,574.0393364028931
2019-11-01,2019-11-01,342.9529,2019-11-01,53.86800003051758,2019-11-01,10.6993,10.1638,ECB EXR daily reference rate,1.0526869871504752,361.0220550355182,576.3498927265167
2019-11-04,2019-11-04,345.5172,2019-11-04,54.37799835205078,2019-11-04,10.7035,10.1668,ECB EXR daily reference rate,1.052789471613487,363.7568704213715,582.0349053611756
2019-11-05,2019-11-05,347.7898,2019-11-05,54.645999908447266,2019-11-05,10.6943,10.1525,ECB EXR daily reference rate,1.0533661659689733,366.350008189116,584.4007168209076
2019-11-06,2019-11-06,346.7757,2019-11-06,54.63399887084961,2019-11-06,10.644,10.126,ECB EXR daily reference rate,1.0511554414378828,364.51516401343076,581.5242839813233
2019-11-07,2019-11-07,346.1688,2019-11-07,55.08399963378906,2019-11-07,10.6253,10.0715,ECB EXR daily reference rate,1.0549868440649357,365.2035298257459,585.2840213088989
2019-11-08,2019-11-08,348.0237,2019-11-08,54.97999954223633,2019-11-08,10.7025,10.0893,ECB EXR daily reference rate,1.0607772590764475,369.17562657964385,588.4234451007843
2019-11-11,2019-11-11,347.2204,2019-11-11,54.88199996948242,2019-11-11,10.7085,10.091,ECB EXR daily reference rate,1.0611931424041225,368.46790738281635,587.7038966732025
2019-11-12,2019-11-12,347.9581,2019-11-12,55.25400161743164,2019-11-12,10.7003,10.0798,ECB EXR daily reference rate,1.0615587610865296,369.37796954602277,591.2343935070038
2019-11-13,2019-11-13,349.2625,2019-11-13,55.11800003051758,2019-11-13,10.7353,10.139,ECB EXR daily reference rate,1.058812506164316,369.80350293421446,591.7082657276154
2019-11-14,2019-11-14,348.643444,2019-11-14,54.99399948120117,2019-11-14,10.694,10.1198,ECB EXR daily reference rate,1.0567402517836322,368.42556079527265,588.1058304519654
2019-11-15,2019-11-15,347.2739,2019-11-15,55.25199890136719,2019-11-15,10.6518,10.0345,ECB EXR daily reference rate,1.0615177637151827,368.63741372465,588.533241897583
2019-11-18,2019-11-18,348.9208,2019-11-18,55.20000076293945,2019-11-18,10.6603,10.086,ECB EXR daily reference rate,1.056940313305572,368.7884596708308,588.4485681331635
2019-11-19,2019-11-19,349.4889,2019-11-19,55.16999816894531,2019-11-19,10.6475,10.0853,ECB EXR daily reference rate,1.0557444994199479,368.9709837833282,587.4225555038453
2019-11-20,2019-11-20,348.3878,2019-11-20,55.11399841308594,2019-11-20,10.6935,10.1455,ECB EXR daily reference rate,1.0540140949189296,367.20565169779707,589.3615420303345
2019-11-21,2019-11-21,347.5591,2019-11-21,54.854000091552734,2019-11-21,10.6568,10.1018,ECB EXR daily reference rate,1.0549407036369756,366.654241509434,584.5681081756592
2019-11-22,2019-11-22,349.2089,2019-11-22,55.11800003051758,2019-11-22,10.6265,10.1083,ECB EXR daily reference rate,1.051264802192258,367.111025182276,585.7114273242951
2019-11-25,2019-11-25,352.8643,2019-11-25,55.68600082397461,2019-11-25,10.6158,10.1065,ECB EXR daily reference rate,1.0503933112353436,370.6463004937417,591.1514475471497
2019-11-26,2019-11-26,352.7316,2019-11-26,55.7599983215332,2019-11-26,10.5808,10.0968,ECB EXR daily reference rate,1.0479359797163457,369.64013482291415,589.9853902404785
2019-11-27,2019-11-27,354.2604,2019-11-27,56.007999420166016,2019-11-27,10.558,10.102,ECB EXR daily reference rate,1.0451395763215205,370.2515643634924,591.3324578781128
2019-11-28,2019-11-27,354.2604,2019-11-28,55.98400115966797,2019-11-28,10.5463,10.113,ECB EXR daily reference rate,1.0428458419855633,369.43898512014243,590.4240714302064
2019-11-29,2019-11-29,353.8174,2019-11-29,55.75,2019-11-29,10.4995,10.1045,ECB EXR daily reference rate,1.0390914938888614,367.6486507298728,585.347125
2019-12-02,2019-12-02,349.7249,2019-12-02,54.84000015258789,2019-12-02,10.5385,10.1353,ECB EXR daily reference rate,1.0397817528834865,363.637569549002,577.9313416080475
2019-12-03,2019-12-03,348.6174,2019-12-03,54.38600158691406,2019-12-03,10.5653,10.1668,ECB EXR daily reference rate,1.0391962072628556,362.28187986583777,574.6044225662232
2019-12-04,2019-12-04,349.6168,2019-12-04,55.0359992980957,2019-12-04,10.5523,10.1723,ECB EXR daily reference rate,1.037356350087984,362.67720757744075,580.7563753932953
2019-12-05,2019-12-05,349.5987,2019-12-05,54.86600112915039,2019-12-05,10.5418,10.1613,ECB EXR daily reference rate,1.0374459960831783,362.68977155088425,578.3864107032776
2019-12-06,2019-12-06,352.3323,2019-12-06,55.79399871826172,2019-12-06,10.5183,10.1235,ECB EXR daily reference rate,1.038998370128908,366.07268544376944,586.8580167182922
2019-12-09,2019-12-09,351.7071,2019-12-09,55.57600021362305,2019-12-09,10.5435,10.1238,ECB EXR daily reference rate,1.0414567652462514,366.2877386801399,585.9655582523346
2019-12-10,2019-12-10,352.2482,2019-12-10,55.34400177001953,2019-12-10,10.5565,10.1823,ECB EXR daily reference rate,1.0367500466495783,365.19333778222995,584.2389546852112
2019-12-11,2019-12-11,352.6048,2019-12-11,55.38800048828125,2019-12-11,10.4595,10.1495,ECB EXR daily reference rate,1.030543376521011,363.3745411695158,579.3307911071778
2019-12-12,2019-12-12,352.8421,2019-12-12,55.650001525878906,2019-12-12,10.4495,10.135,ECB EXR daily reference rate,1.0310310804144056,363.79117157868774,581.5146909446717
2019-12-13,2019-12-13,352.3178,2019-12-13,55.762001037597656,2019-12-13,10.449,10.063,ECB EXR daily reference rate,1.0383583424426115,365.8321268210275,582.6571488418579
2019-12-16,2019-12-16,353.5852,2019-12-16,56.30799865722656,2019-12-16,10.4213,10.028,ECB EXR daily reference rate,1.0392201834862385,367.45287642201833,586.8025464065552
2019-12-17,2019-12-17,353.7286,2019-12-17,56.13999938964844,2019-12-17,10.4718,10.0648,ECB EXR daily reference rate,1.0404379620061999,368.03266368730624,587.8868456085205
2019-12-18,2019-12-18,353.4165,2019-12-18,56.28799819946289,2019-12-18,10.4483,10.0353,ECB EXR daily reference rate,1.0411547238248982,367.9612584526621,588.113891587448
2019-12-19,2019-12-19,352.6828,2019-12-19,56.35599899291992,2019-12-19,10.478,9.9785,ECB EXR daily reference rate,1.0500576238913664,370.337262955354,590.498157447815
2019-12-20,2019-12-20,353.6661,2019-12-20,56.900001525878906,2019-12-20,10.434,9.9463,ECB EXR daily reference rate,1.0490333088686243,371.00751911766173,593.6946159210205
2019-12-23,2019-12-23,353.3079,2019-12-23,56.84000015258789,2019-12-23,10.4473,9.913,ECB EXR daily reference rate,1.053898920609301,372.35081445273886,593.8245335941315
2019-12-24,2019-12-23,353.3079,2019-12-23,56.84000015258789,2019-12-24,10.4553,9.9118,ECB EXR daily reference rate,1.0548336326398837,372.6810555973688,594.2792535953521
2019-12-25,2019-12-23,353.3079,2019-12-23,56.84000015258789,2019-12-24,10.4553,9.9118,ECB EXR daily reference rate,1.0548336326398837,372.6810555973688,594.2792535953521
2019-12-26,2019-12-23,353.3079,2019-12-23,56.84000015258789,2019-12-24,10.4553,9.9118,ECB EXR daily reference rate,1.0548336326398837,372.6810555973688,594.2792535953521
2019-12-27,2019-12-27,350.5255,2019-12-27,56.76399993896485,2019-12-27,10.4363,9.8578,ECB EXR daily reference rate,1.058684493497535,371.09591142547026,592.4061325630188
2019-12-30,2019-12-30,347.172432,2019-12-30,56.608001708984375,2019-12-30,10.44,9.846,ECB EXR daily reference rate,1.0603290676416819,368.11702113345524,590.9875378417969
2019-12-31,2019-12-31,348.276512,2019-12-30,56.608001708984375,2019-12-31,10.4468,9.8638,ECB EXR daily reference rate,1.0591050102394615,368.86139880792393,591.372472253418
2020-01-01,2019-12-31,348.276512,2019-12-30,56.608001708984375,2019-12-31,10.4468,9.8638,ECB EXR daily reference rate,1.0591050102394615,368.86139880792393,591.372472253418
2020-01-02,2020-01-02,350.71842,2020-01-02,56.70000076293945,2020-01-02,10.4728,9.8408,ECB EXR daily reference rate,1.0642224209413869,373.2424060011381,593.8077679901123
2020-01-03,2020-01-03,350.0145,2020-01-03,56.68000030517578,2020-01-03,10.4858,9.8315,ECB EXR daily reference rate,1.0665513909372932,373.3084518232212,594.3351472000122
2020-01-06,2020-01-06,349.6942,2020-01-06,56.54999923706055,2020-01-06,10.5308,9.8488,ECB EXR daily reference rate,1.069247014864755,373.90947946551864,595.5167319656372
2020-01-07,2020-01-07,351.356451,2020-01-07,56.902000427246094,2020-01-07,10.5423,9.8548,ECB EXR daily reference rate,1.0697629581523724,375.8681163876791,599.8779591041564
2020-01-08,2020-01-08,352.3948,2020-01-08,57.13600158691406,2020-01-08,10.5108,9.8508,ECB EXR daily reference rate,1.066999634547448,376.00512281642096,600.5450854797363
2020-01-09,2020-01-09,355.0876,2020-01-09,57.49599838256836,2020-01-09,10.533,9.8665,ECB EXR daily reference rate,1.0675518167536613,379.0744124866974,605.6053509635925
2020-01-10,2020-01-10,354.8561,2020-01-10,57.4379997253418,2020-01-10,10.551,9.8745,ECB EXR daily reference rate,1.068509797964454,379.1672197174541,606.0283351020813
2020-01-13,2020-01-13,356.960088,2020-01-13,57.369998931884766,2020-01-13,10.5598,9.8955,ECB EXR daily reference rate,1.0671315244302966,380.9233628682128,605.8157147209167
2020-01-14,2020-01-14,356.083,2020-01-14,57.61600112915039,2020-01-14,10.5248,9.892,ECB EXR daily reference rate,1.0639708855640924,378.8619448443187,606.3968886840821
2020-01-15,2020-01-15,356.1454,2020-01-15,57.59400177001953,2020-01-15,10.559,9.882,ECB EXR daily reference rate,1.068508399109492,380.54435120420965,608.1350646896362
2020-01-16,2020-01-16,359.2137,2020-01-16,57.84600067138672,2020-01-16,10.5678,9.9058,ECB EXR daily reference rate,1.0668295342122798,383.2197842536696,611.3049658950806
2020-01-17,2020-01-17,361.5205,2020-01-17,58.305999755859375,2020-01-17,10.545,9.889,ECB EXR daily reference rate,1.0663363332996258,385.5024443826474,614.8367674255371
2020-01-20,2020-01-17,361.5205,2020-01-20,58.38399887084961,2020-01-20,10.5548,9.8815,ECB EXR daily reference rate,1.0681374285280574,386.1535772301776,616.2314312820434
2020-01-21,2020-01-21,362.7601,2020-01-21,58.290000915527344,2020-01-21,10.5523,9.936,ECB EXR daily reference rate,1.0620269726247988,385.2610107920693,615.0935766609192
2020-01-22,2020-01-22,363.9679,2020-01-22,58.395999908447266,2020-01-22,10.5528,9.959,ECB EXR daily reference rate,1.0596244602871774,385.66928959935734,616.2413078338623
2020-01-23,2020-01-23,364.7148,2020-01-23,58.20600128173828,2020-01-23,10.5473,9.9678,ECB EXR daily reference rate,1.058137201789763,385.9182979233131,613.9161573188782
2020-01-24,2020-01-24,363.889753,2020-01-24,58.470001220703125,2020-01-24,10.5363,9.9375,ECB EXR daily reference rate,1.060256603773585,385.81651366378867,616.0574738616943
2020-01-27,2020-01-27,361.8386,2020-01-27,57.321998596191406,2020-01-27,10.5795,10.0363,ECB EXR daily reference rate,1.0541235315803632,381.4225828940944,606.4380841484069
2020-01-28,2020-01-28,364.5046,2020-01-28,57.8120002746582,2020-01-28,10.5993,10.0758,ECB EXR daily reference rate,1.0519561722146133,383.4428637706187,612.7667345111846
2020-01-29,2020-01-29,365.6705,2020-01-29,58.007999420166016,2020-01-29,10.5753,10.0563,ECB EXR daily reference rate,1.0516094388592225,384.54254931237136,613.4519962680816
2020-01-30,2020-01-30,367.4356,2020-01-30,57.347999572753906,2020-01-30,10.6398,10.1738,ECB EXR daily reference rate,1.0458039277359492,384.26559367001516,610.171245854187
2020-01-31,2020-01-31,362.6842,2020-01-31,56.75199890136719,2020-01-31,10.6768,10.1893,ECB EXR daily reference rate,1.047844307263502,380.0365743044174,605.9297418701171
2020-02-03,2020-02-03,366.3143,2020-02-03,57.02799987792969,2020-02-03,10.6808,10.259,ECB EXR daily reference rate,1.0411151184325957,381.3753558280534,609.1046610961914
2020-02-04,2020-02-04,369.4703,2020-02-04,58.0880012512207,2020-02-04,10.6278,10.1948,ECB EXR daily reference rate,1.0424726331070742,385.16267649586064,617.3476596977234
2020-02-05,2020-02-05,372.4069,2020-02-05,58.577999114990234,2020-02-05,10.545,10.1173,ECB EXR daily reference rate,1.0422741245193876,388.15007566247914,617.705000667572
2020-02-06,2020-02-06,375.1867,2020-02-06,59.00600051879883,2020-02-06,10.555,10.1288,ECB EXR daily reference rate,1.0420780349103547,390.9738190605007,622.8083354759216
2020-02-07,2020-02-07,374.945214,2020-02-07,58.99800109863281,2020-02-07,10.5455,10.1673,ECB EXR daily reference rate,1.037197682767303,388.89230712549056,622.1634205856324
2020-02-10,2020-02-10,376.2506,2020-02-10,59.18000030517578,2020-02-10,10.5728,10.1188,ECB EXR daily reference rate,1.0448669802743409,393.13182824840897,625.6983072265625
2020-02-11,2020-02-11,376.126546,2020-02-11,59.59600067138672,2020-02-11,10.5373,10.0953,ECB EXR daily reference rate,1.0437827503887949,392.5944006781176,627.9809378746032
2020-02-12,2020-02-12,376.9368,2020-02-12,59.939998626708984,2020-02-12,10.4965,10.0445,ECB EXR daily reference rate,1.0449997511075713,393.8988621832844,629.1601955852508
2020-02-13,2020-02-13,378.137193,2020-02-13,60.16999816894531,2020-02-13,10.4823,10.0415,ECB EXR daily reference rate,1.0438978240302745,394.736592957616,630.7199718063355
2020-02-14,2020-02-14,378.126137,2020-02-14,60.15999984741211,2020-02-14,10.5085,10.0258,ECB EXR daily reference rate,1.0481457838775958,396.3313162704722,632.1913583965302
2020-02-17,2020-02-14,378.126137,2020-02-17,60.310001373291016,2020-02-17,10.5323,10.0373,ECB EXR daily reference rate,1.0493160511292876,396.77382490561206,635.2030274639129
2020-02-18,2020-02-18,378.834175,2020-02-18,59.97800064086914,2020-02-18,10.5498,10.0883,ECB EXR daily reference rate,1.0457460622701544,396.1643467596126,632.7559111610412
2020-02-19,2020-02-19,379.341846,2020-02-19,60.551998138427734,2020-02-19,10.5743,10.0178,ECB EXR daily reference rate,1.0555511190081655,400.41471003192316,640.2949939151763
2020-02-20,2020-02-20,378.764611,2020-02-20,59.895999908447266,2020-02-20,10.5985,10.0455,ECB EXR daily reference rate,1.0550495246627842,399.61542279463436,634.8077550296783
2020-02-21,2020-02-21,375.378606,2020-02-21,59.51399993896485,2020-02-21,10.569,10.0873,ECB EXR daily reference rate,1.0477531153034012,393.304103854748,629.0034653549195
2020-02-24,2020-02-24,365.632111,2020-02-24,57.50400161743164,2020-02-24,10.5833,10.1328,ECB EXR daily reference rate,1.0444595768198326,381.88795992680207,608.5821003177642
2020-02-25,2020-02-25,358.005991,2020-02-25,56.52399826049805,2020-02-25,10.5688,10.16,ECB EXR daily reference rate,1.040236220472441,372.4107989843307,597.3908328155517
2020-02-26,2020-02-26,356.869175,2020-02-26,56.33399963378906,2020-02-26,10.5813,10.2113,ECB EXR daily reference rate,1.0362343678082127,369.8001039463634,596.0869503250123
2020-02-27,2020-02-27,344.28306,2020-02-27,53.928001403808594,2020-02-27,10.5753,10.2918,ECB EXR daily reference rate,1.0275462018305836,353.76675065761094,570.304793245697
2020-02-28,2020-02-28,341.334349,2020-02-28,51.71200180053711,2020-02-28,10.6738,10.3888,ECB EXR daily reference rate,1.0274333898044048,350.69830724974975,551.963564818573
2020-03-02,2020-03-02,348.249115,2020-03-02,52.4379997253418,2020-03-02,10.6063,10.4043,ECB EXR daily reference rate,1.019415049546822,355.0103888223619,556.1731564868927
2020-03-03,2020-03-03,338.178165,2020-03-03,52.86600112915039,2020-03-03,10.559,10.3328,ECB EXR daily reference rate,1.0218914524620624,345.581376222805,558.2121059226989
2020-03-04,2020-03-04,349.546819,2020-03-04,53.36199951171875,2020-03-04,10.5555,10.3051,ECB EXR daily reference rate,1.0242986482421326,358.04033419903743,563.2625858459472
2020-03-05,2020-03-05,342.648729,2020-03-05,53.02199935913086,2020-03-05,10.5915,10.371,ECB EXR daily reference rate,1.0212612091408735,349.93385528912347,561.5825062122345
2020-03-06,2020-03-06,335.076105,2020-03-06,50.73199844360352,2020-03-06,10.6145,10.4983,ECB EXR daily reference rate,1.0110684587028376,338.7848810305002,538.4947974796296
2020-03-09,2020-03-09,317.914038,2020-03-09,47.20000076293945,2020-03-09,10.7203,10.89,ECB EXR daily reference rate,0.984416896235078,312.95995055752064,505.9981681789398
2020-03-10,2020-03-10,331.626252,2020-03-10,47.06399917602539,2020-03-10,10.8015,10.8433,ECB EXR daily reference rate,0.996145084983354,330.3478609812512,508.3617870998383
2020-03-11,2020-03-11,319.718366,2020-03-11,47.27399826049805,2020-03-11,10.7238,10.8558,ECB EXR daily reference rate,0.9878406013375339,315.83078292809375,506.956902545929
2020-03-12,2020-03-12,305.497095,2020-03-12,42.7140007019043,2020-03-12,10.8945,11.3682,ECB EXR daily reference rate,0.9583311342164987,292.76737755119547,465.3476806468964
2020-03-13,2020-03-13,319.876361,2020-03-13,43.69300079345703,2020-03-13,10.8453,11.0966,ECB EXR daily reference rate,0.9773534235711839,312.6322565428419,473.86370150527955
2020-03-16,2020-03-16,295.089863,2020-03-16,42.422000885009766,2020-03-16,10.8998,11.4765,ECB EXR daily reference rate,0.9497494880843463,280.26144632312986,462.39132524642946
2020-03-17,2020-03-17,311.970929,2020-03-17,43.029998779296875,2020-03-17,10.9593,11.5063,ECB EXR daily reference rate,0.9524608258084702,297.1400886635756,471.5786656219483
2020-03-18,2020-03-18,314.435659,2020-03-18,41.37799835205078,2020-03-18,11.0223,11.701,ECB EXR daily reference rate,0.9419964105631996,296.19726213107424,456.0807112358093
2020-03-19,2020-03-19,321.725734,2020-03-19,42.5359992980957,2020-03-19,11.1523,12.3165,ECB EXR daily reference rate,0.9054763934559331,291.31505730428285,474.3742249721527
2020-03-20,2020-03-20,325.915767,2020-03-20,42.540000915527344,2020-03-20,11.0598,12.1215,ECB EXR daily reference rate,0.9124118302190323,297.3694014657097,470.48390212554926
2020-03-23,2020-03-23,305.862494,2020-03-23,40.1870002746582,2020-03-23,11.0715,12.2568,ECB EXR daily reference rate,0.9032944977481888,276.28390789773846,444.9303735408783
2020-03-24,2020-03-24,327.060449,2020-03-24,43.4900016784668,2020-03-24,11.0888,11.9745,ECB EXR daily reference rate,0.9260344899578271,302.86925607509295,482.25193061218266
2020-03-25,2020-03-25,329.250585,2020-03-25,44.70500183105469,2020-03-25,10.9638,11.7745,ECB EXR daily reference rate,0.931147819440316,306.5809642721984,490.13669907531744
2020-03-26,2020-03-26,330.054728,2020-03-26,45.560001373291016,2020-03-26,11.007,11.5273,ECB EXR daily reference rate,0.9548636714581905,315.15726936021446,501.4789351158142
2020-03-27,2020-03-27,324.591405,2020-03-27,44.457000732421875,2020-03-27,11.0158,11.6558,ECB EXR daily reference rate,0.9450917139964654,306.7686472999709,489.7294286682129
2020-03-30,2020-03-30,335.690817,2020-03-30,45.310001373291016,2020-03-30,11.0375,11.6888,ECB EXR daily reference rate,0.9442799945246731,316.98612283874303,500.1091401576996
2020-03-31,2020-03-31,329.469498,2020-03-31,46.10900115966797,2020-03-31,11.0613,11.51,ECB EXR daily reference rate,0.9610165073848826,316.62562625781055,510.0254945274353
2020-04-01,2020-04-01,313.003971,2020-04-01,44.24800109863281,2020-04-01,10.9368,11.2685,ECB EXR daily reference rate,0.9705639614855571,303.7903740544704,483.9315384155273
2020-04-02,2020-04-02,317.616533,2020-04-02,44.55899810791016,2020-04-02,10.9265,11.2345,ECB EXR daily reference rate,0.9725844496862344,308.9089009590547,486.8738928260804
2020-04-03,2020-04-03,317.036845,2020-04-03,44.354000091552734,2020-04-03,10.952,11.2628,ECB EXR daily reference rate,0.9724047306176083,308.28812785808145,485.76500900268553
2020-04-06,2020-04-06,333.675203,2020-04-06,46.2859992980957,2020-04-06,10.9788,11.3875,ECB EXR daily reference rate,0.9641097694840834,321.69952304688474,508.1647290939331
2020-04-07,2020-04-07,328.821807,2020-04-07,47.7859992980957,2020-04-07,10.8788,11.0945,ECB EXR daily reference rate,0.9805579341114967,322.42883176272926,519.8543291641236
2020-04-08,2020-04-08,337.956601,2020-04-08,47.68899917602539,2020-04-08,10.9385,11.194,ECB EXR daily reference rate,0.9771752724673931,330.24283366432905,521.6461174869537
2020-04-09,2020-04-08,337.956601,2020-04-09,48.6510009765625,2020-04-09,10.9455,11.2143,ECB EXR daily reference rate,0.9760306037826703,329.85598532636897,532.5095311889648
2020-04-10,2020-04-08,337.956601,2020-04-09,48.6510009765625,2020-04-09,10.9455,11.2143,ECB EXR daily reference rate,0.9760306037826703,329.85598532636897,532.5095311889648
2020-04-13,2020-04-08,337.956601,2020-04-09,48.6510009765625,2020-04-09,10.9455,11.2143,ECB EXR daily reference rate,0.9760306037826703,329.85598532636897,532.5095311889648
2020-04-14,2020-04-14,350.833712,2020-04-14,49.00600051879883,2020-04-14,10.9158,11.3118,ECB EXR daily reference rate,0.9649923089163529,338.55183378857475,534.9397004631043
2020-04-15,2020-04-15,348.007298,2020-04-15,48.19499969482422,2020-04-15,10.9323,11.4503,ECB EXR daily reference rate,0.9547610106285425,332.2637995445883,526.8821951637268
2020-04-16,2020-04-16,348.648163,2020-04-16,48.72999954223633,2020-04-16,10.8895,11.4145,ECB EXR daily reference rate,0.9540058697271014,332.61239397157124,530.6453300151825
2020-04-17,2020-04-17,353.749453,2020-04-17,49.41600036621094,2020-04-17,10.8548,11.2845,ECB EXR daily reference rate,0.9619212193717045,340.2791051818335,536.4008007751464
2020-04-20,2020-04-20,350.300401,2020-04-20,49.904998779296875,2020-04-20,10.8623,11.2698,ECB EXR daily reference rate,0.9638414168840618,337.63403483489503,542.0830682403564
2020-04-21,2020-04-21,344.494478,2020-04-21,47.80799865722656,2020-04-21,10.9543,11.4843,ECB EXR daily reference rate,0.9538500387485525,328.59607118896236,523.703159690857
2020-04-22,2020-04-22,359.466274,2020-04-22,48.88999938964844,2020-04-22,10.9423,11.6775,ECB EXR daily reference rate,0.9370413187754227,336.83475144424744,534.9690403213501
2020-04-23,2020-04-23,353.241134,2020-04-23,49.54899978637695,2020-04-23,10.8883,11.5165,ECB EXR daily reference rate,0.9454521773108148,333.9725992560413,539.5043743740082
2020-04-24,2020-04-24,359.335015,2020-04-24,49.14799880981445,2020-04-24,10.8723,11.4785,ECB EXR daily reference rate,0.9471882214575074,340.35789376525673,534.3517874599456
2020-04-27,2020-04-27,362.379094,2020-04-27,50.23400115966797,2020-04-27,10.8748,11.4513,ECB EXR daily reference rate,0.9496563708923879,344.1356152953115,546.2847158111573
2020-04-28,2020-04-28,356.801674,2020-04-28,50.61000061035156,2020-04-28,10.748,11.2783,ECB EXR daily reference rate,0.9529805023806779,340.0250385387869,543.9562865600585
2020-04-29,2020-04-29,363.281801,2020-04-29,51.41999816894531,2020-04-29,10.7338,11.2728,ECB EXR daily reference rate,0.9521857923497268,345.91176953142076,551.9319763458252
2020-04-30,2020-04-30,355.814234,2020-04-30,50.555999755859375,2020-04-30,10.6639,11.184,ECB EXR daily reference rate,0.9534960658082976,339.267472277593,539.1241257965088
2020-05-01,2020-04-30,355.814234,2020-04-30,50.555999755859375,2020-04-30,10.6639,11.184,ECB EXR daily reference rate,0.9534960658082976,339.267472277593,539.1241257965088
2020-05-04,2020-05-04,351.411335,2020-05-04,49.01599884033203,2020-05-04,10.8113,11.328,ECB EXR daily reference rate,0.9543873587570622,335.3825358479432,529.9266682624816
2020-05-05,2020-05-05,351.741491,2020-05-05,50.49599838256836,2020-05-05,10.698,11.173,ECB EXR daily reference rate,0.9574867985321758,336.78783412852414,540.2061906967164
2020-05-06,2020-05-06,350.738888,2020-05-06,50.290000915527344,2020-05-06,10.6278,11.09,ECB EXR daily reference rate,0.9583228133453563,336.1210778977818,534.4720717300415
2020-05-07,2020-05-07,353.701281,2020-05-07,50.85200119018555,2020-05-07,10.62,11.0405,ECB EXR daily reference rate,0.9619129568407228,340.2298450450613,540.0482526397705
2020-05-08,2020-05-08,356.755197,2020-05-08,51.108001708984375,2020-05-08,10.5875,11.0695,ECB EXR daily reference rate,0.9564569312073716,341.2209809149013,541.1059680938721
2020-05-11,2020-05-11,358.882835,2020-05-11,51.28799819946289,2020-05-11,10.5998,11.046,ECB EXR daily reference rate,0.9596052869817129,344.38586587298573,543.6425233146667
2020-05-12,2020-05-12,350.671937,2020-05-12,51.17599868774414,2020-05-12,10.5968,11.0518,ECB EXR daily reference rate,0.9588302357986934,336.23485604169457,542.301822894287
2020-05-13,2020-05-13,344.208271,2020-05-13,49.98199844360352,2020-05-13,10.5843,10.938,ECB EXR daily reference rate,0.9676631925397696,333.07767441445424,529.0244661266328
2020-05-14,2020-05-14,347.783025,2020-05-14,49.43000030517578,2020-05-14,10.6418,11.0598,ECB EXR daily reference rate,0.9622054648366155,334.6387272324093,526.0241772476196
2020-05-15,2020-05-15,350.336062,2020-05-15,49.71900177001953,2020-05-15,10.6695,11.0568,ECB EXR daily reference rate,0.9649717820707617,338.0644140717929,530.4768893852233
2020-05-18,2020-05-18,355.121536,2020-05-18,51.52199935913086,2020-05-18,10.6103,10.9663,ECB EXR daily reference rate,0.9675369085288567,343.5931930934591,546.6638698001861
2020-05-19,2020-05-19,348.73133,2020-05-19,51.3380012512207,2020-05-19,10.5685,10.9153,ECB EXR daily reference rate,0.9682280835157989,337.65146730781566,542.565666223526
2020-05-20,2020-05-20,352.545092,2020-05-20,51.540000915527344,2020-05-20,10.5568,10.8765,ECB EXR daily reference rate,0.9706063531466925,342.1825060658852,544.0974816650391
2020-05-21,2020-05-20,352.545092,2020-05-21,51.077999114990234,2020-05-21,10.53,10.903,ECB EXR daily reference rate,0.9657892323213794,340.4842537613501,537.8513306808471
2020-05-22,2020-05-22,353.141562,2020-05-22,51.13999938964844,2020-05-22,10.5373,10.9078,ECB EXR daily reference rate,0.9660334806285411,341.14657229345977,538.8775155685424
2020-05-25,2020-05-22,353.141562,2020-05-25,52.152000427246094,2020-05-25,10.549,10.9358,ECB EXR daily reference rate,0.9646299310521406,340.65092060370523,550.151452507019
2020-05-26,2020-05-26,355.261749,2020-05-26,52.18199920654297,2020-05-26,10.5563,10.8943,ECB EXR daily reference rate,0.9689746013970609,344.2396116288977,550.8488382240296
2020-05-27,2020-05-27,361.1786,2020-05-27,52.03200149536133,2020-05-27,10.5608,10.8283,ECB EXR daily reference rate,0.9752962145489135,352.2561213560762,549.499561392212
2020-05-28,2020-05-28,357.751155,2020-05-28,52.81399917602539,2020-05-28,10.548,10.8553,ECB EXR daily reference rate,0.9716912475933416,347.6236661299089,557.0820633087159
2020-05-29,2020-05-29,355.228773,2020-05-29,51.81600189208984,2020-05-29,10.487,10.788,ECB EXR daily reference rate,0.9720986281053021,345.3174028968298,543.3944118423461
2020-06-01,2020-05-29,355.228773,2020-05-29,51.81600189208984,2020-06-01,10.4635,10.789,ECB EXR daily reference rate,0.9698303827972935,344.5116568992029,542.176735797882
2020-06-02,2020-06-02,354.64897,2020-06-02,52.68600082397461,2020-06-02,10.452,10.6798,ECB EXR daily reference rate,0.9786700125470514,347.0843119196989,550.6740806121826
2020-06-03,2020-06-03,358.433411,2020-06-03,53.51399993896485,2020-06-03,10.4588,10.6777,ECB EXR daily reference rate,0.979499330380138,351.0852860603688,559.6922225616456
2020-06-04,2020-06-04,351.827966,2020-06-04,52.9900016784668,2020-06-04,10.4172,10.6048,ECB EXR daily reference rate,0.9823098974049487,345.6040931856518,552.0074454849242
2020-06-05,2020-06-05,358.189661,2020-06-05,54.45600128173828,2020-06-05,10.425,10.5403,ECB EXR daily reference rate,0.9890610324184321,354.2714359102682,567.7038133621217
2020-06-08,2020-06-08,361.130468,2020-06-08,54.5,2020-06-08,10.3978,10.4603,ECB EXR daily reference rate,0.9940250279628692,358.97272355194406,566.6801
2020-06-09,2020-06-09,358.774902,2020-06-09,54.09600067138672,2020-06-09,10.4188,10.5418,ECB EXR daily reference rate,0.9883321633876566,354.5887750628545,563.6154117950439
2020-06-10,2020-06-10,361.492101,2020-06-10,53.9739990234375,2020-06-10,10.4605,10.5383,ECB EXR daily reference rate,0.9926174050843115,358.82335125309584,564.5950167846679
2020-06-11,2020-06-11,348.399843,2020-06-11,51.93000030517578,2020-06-11,10.5018,10.72,ECB EXR daily reference rate,0.9796455223880596,341.3083461956529,545.3584772048949
2020-06-12,2020-06-12,355.679187,2020-06-12,52.01599884033203,2020-06-12,10.5103,10.8475,ECB EXR daily reference rate,0.9689144964277484,344.622720361936,546.7037526115417
2020-06-15,2020-06-15,355.012992,2020-06-15,51.560001373291016,2020-06-15,10.5393,10.8894,ECB EXR daily reference rate,0.967849468290264,343.5991355433357,543.4063224735261
2020-06-16,2020-06-16,362.659491,2020-06-16,53.25,2020-06-16,10.5136,10.7389,ECB EXR daily reference rate,0.9790201975993817,355.05096654011123,559.8492
2020-06-17,2020-06-17,359.763641,2020-06-17,53.5880012512207,2020-06-17,10.5123,10.705,ECB EXR daily reference rate,0.9819990658570761,353.2875593913405,563.3331455532074
2020-06-18,2020-06-18,359.049089,2020-06-18,53.34199905395508,2020-06-18,10.5525,10.7083,ECB EXR daily reference rate,0.9854505383674347,353.82511805538695,562.891445016861
2020-06-19,2020-06-19,361.333144,2020-06-19,53.77000045776367,2020-06-19,10.567,10.7135,ECB EXR daily reference rate,0.986325663882018,356.39215313837684,568.1875948371887
2020-06-22,2020-06-22,363.607022,2020-06-22,53.09400177001953,2020-06-22,10.5525,10.7985,ECB EXR daily reference rate,0.9772190582025281,355.3237115946659,560.2744536781311
2020-06-23,2020-06-23,360.599009,2020-06-23,53.58000183105469,2020-06-23,10.5175,10.7345,ECB EXR daily reference rate,0.9797848059993478,353.3094300766221,563.5276692581177
2020-06-24,2020-06-24,356.1775,2020-06-24,52.19200134277344,2020-06-24,10.5145,10.7958,ECB EXR daily reference rate,0.9739435706478445,346.89678613442265,548.7727981185913
2020-06-25,2020-06-25,362.766769,2020-06-25,52.4119987487793,2020-06-25,10.4865,10.8748,ECB EXR daily reference rate,0.9642935962040681,349.81367226234045,549.618424879074
2020-06-26,2020-06-26,358.406078,2020-06-26,52.23400115966797,2020-06-26,10.4773,10.885,ECB EXR daily reference rate,0.9625447864033073,344.98190179415707,547.2713003501892
2020-06-29,2020-06-29,359.636076,2020-06-29,52.30400085449219,2020-06-29,10.478,10.9013,ECB EXR daily reference rate,0.9611697687431773,345.6713240006237,548.0413209533691
2020-06-30,2020-06-30,362.124724,2020-06-30,52.698001861572266,2020-06-30,10.4948,10.912,ECB EXR daily reference rate,0.9617668621700879,348.27955951568913,553.0549899368286
2020-07-01,2020-07-01,359.099125,2020-07-01,53.02199935913086,2020-07-01,10.4965,10.7736,ECB EXR daily reference rate,0.9742797207989901,349.86299524416165,556.545416273117
2020-07-02,2020-07-02,362.571869,2020-07-02,53.847999572753906,2020-07-02,10.4635,10.6873,ECB EXR daily reference rate,0.9790592572492584,354.97934476261537,563.4385435295105
2020-07-03,2020-07-02,362.571869,2020-07-03,53.48600006103515,2020-07-03,10.4715,10.6775,ECB EXR daily reference rate,0.9807070943572934,355.5768041426832,560.0786496391296
2020-07-06,2020-07-06,362.376607,2020-07-06,54.2239990234375,2020-07-06,10.4848,10.6218,ECB EXR daily reference rate,0.9871019977781543,357.7026727177691,568.5277849609375
2020-07-07,2020-07-07,361.697032,2020-07-07,54.13999938964844,2020-07-07,10.4555,10.6428,ECB EXR daily reference rate,0.9824012477919346,355.3316155594393,566.0607636184693
2020-07-08,2020-07-08,361.557591,2020-07-08,53.53400039672851,2020-07-08,10.431,10.6885,ECB EXR daily reference rate,0.9759086869064882,352.84719387388316,558.413158138275
2020-07-09,2020-07-09,361.172714,2020-07-09,53.34400177001953,2020-07-09,10.397,10.6173,ECB EXR daily reference rate,0.9792508453184896,353.6786854904731,554.617586402893
2020-07-10,2020-07-10,363.45242,2020-07-10,53.84199905395508,2020-07-10,10.398,10.7163,ECB EXR daily reference rate,0.9702975840541977,352.6570050446516,559.8491061630249
2020-07-13,2020-07-13,360.606986,2020-07-13,54.67399978637695,2020-07-13,10.3833,10.665,ECB EXR daily reference rate,0.9735864978902955,351.0820926145148,567.6965419818878
2020-07-14,2020-07-14,364.599489,2020-07-14,53.672000885009766,2020-07-14,10.3855,10.711,ECB EXR daily reference rate,0.96961068060872,353.51955867888154,557.4105651912689
2020-07-15,2020-07-15,364.93086,2020-07-15,54.36600112915039,2020-07-15,10.3468,10.6275,ECB EXR daily reference rate,0.9735873912020702,355.2920839565279,562.5141404830932
2020-07-16,2020-07-16,362.060667,2020-07-16,54.12200164794922,2020-07-16,10.35,10.6148,ECB EXR daily reference rate,0.9750536986094885,353.0285924793684,560.1627170562743
2020-07-17,2020-07-17,364.072155,2020-07-17,54.262001037597656,2020-07-17,10.333,10.5995,ECB EXR daily reference rate,0.9748573045898391,354.9183996995141,560.6892567214966
2020-07-20,2020-07-20,365.476913,2020-07-20,54.54600143432617,2020-07-20,10.301,10.606,ECB EXR daily reference rate,0.9712426928153876,354.96678114397514,561.8783607749939
2020-07-21,2020-07-21,362.310222,2020-07-21,54.9119987487793,2020-07-21,10.239,10.4933,ECB EXR daily reference rate,0.9757654884545378,353.52981074190205,562.2439551887512
2020-07-22,2020-07-22,362.868049,2020-07-22,54.26399993896485,2020-07-22,10.2415,10.5343,ECB EXR daily reference rate,0.9722050824449655,352.78216149468875,555.7447553749086
2020-07-23,2020-07-23,361.668455,2020-07-23,54.391998291015625,2020-07-23,10.264,10.6073,ECB EXR daily reference rate,0.9676354963091455,349.9632349532868,558.2794704589843
2020-07-24,2020-07-24,359.553424,2020-07-24,53.38600158691406,2020-07-24,10.269,10.6953,ECB EXR daily reference rate,0.9601413705085412,345.2221172903986,548.2208502960206
2020-07-27,2020-07-27,358.9818,2020-07-27,52.96799850463867,2020-07-27,10.2678,10.6683,ECB EXR daily reference rate,0.9624588734849975,345.5052188296167,543.8648150459289
2020-07-28,2020-07-28,357.855984,2020-07-28,53.374000549316406,2020-07-28,10.282,10.694,ECB EXR daily reference rate,0.9614737235833177,344.06912544305214,548.7914736480712
2020-07-29,2020-07-29,359.584448,2020-07-29,53.27000045776367,2020-07-29,10.287,10.6573,ECB EXR daily reference rate,0.9652538635489291,347.090277704109,547.988494709015
2020-07-30,2020-07-30,360.366381,2020-07-30,52.77199935913086,2020-07-30,10.3068,10.7213,ECB EXR daily reference rate,0.961338643634634,346.4341279220617,543.91044299469
2020-07-31,2020-07-31,357.878797,2020-07-31,52.53200149536133,2020-07-31,10.2835,10.7323,ECB EXR daily reference rate,0.9581823094769993,342.91313222231025,540.2128373775482
2020-08-03,2020-08-03,363.365178,2020-08-03,53.73199844360352,2020-08-03,10.2958,10.7188,ECB EXR daily reference rate,0.9605366272343919,349.0255625305445,553.2139095756531
2020-08-04,2020-08-04,364.485496,2020-08-04,53.73600006103515,2020-08-04,10.3025,10.7568,ECB EXR daily reference rate,0.9577662501859289,349.0919067510784,553.6151406288146
2020-08-05,2020-08-05,360.738365,2020-08-05,53.6619987487793,2020-08-05,10.2865,10.6585,ECB EXR daily reference rate,0.9650982783693766,348.14797500328376,551.9941501293182
2020-08-06,2020-08-06,362.621222,2020-08-06,53.66600036621094,2020-08-06,10.3165,10.6538,ECB EXR daily reference rate,0.96833993504665,351.1406105580168,553.6452927780151
2020-08-07,2020-08-07,364.812612,2020-08-07,54.15599822998047,2020-08-07,10.3163,10.6433,ECB EXR daily reference rate,0.9692764462149898,353.6042720937679,558.6895245399475
2020-08-10,2020-08-10,364.243415,2020-08-10,54.31800079345703,2020-08-10,10.2805,10.629,ECB EXR daily reference rate,0.9672123435882962,352.3007270587544,558.416207157135
2020-08-11,2020-08-11,362.569484,2020-08-11,54.8380012512207,2020-08-11,10.2835,10.5658,ECB EXR daily reference rate,0.9732817202672776,352.88225110393915,563.9265858669281
2020-08-12,2020-08-12,364.862987,2020-08-12,55.01599884033203,2020-08-12,10.2513,10.5463,ECB EXR daily reference rate,0.9720281046433347,354.65707770811565,563.9855089118957
2020-08-13,2020-08-13,362.712302,2020-08-13,54.86199951171875,2020-08-13,10.2748,10.5148,ECB EXR daily reference rate,0.9771750294822538,354.4334044004261,563.6960725830079
2020-08-14,2020-08-14,363.139261,2020-08-14,54.66400146484375,2020-08-14,10.2933,10.5403,ECB EXR daily reference rate,0.9765661318937792,354.62950345353545,562.6729662780762
2020-08-17,2020-08-17,363.431176,2020-08-17,54.709999084472656,2020-08-17,10.3108,10.512,ECB EXR daily reference rate,0.9808599695585997,356.4750922280061,564.1038585601807
2020-08-18,2020-08-18,363.310345,2020-08-18,54.560001373291016,2020-08-18,10.32,10.501,ECB EXR daily reference rate,0.9827635463289212,357.0481630701838,563.0592141723633
2020-08-19,2020-08-19,362.602129,2020-08-19,54.83599853515625,2020-08-19,10.314,10.5455,ECB EXR daily reference rate,0.9780475084159119,354.6421088147551,565.5784888916015
2020-08-20,2020-08-20,366.394012,2020-08-20,54.608001708984375,2020-08-20,10.3555,10.6068,ECB EXR daily reference rate,0.9763076516951389,357.7132774508805,565.4931616973877
2020-08-21,2020-08-21,370.555539,2020-08-21,54.97600173950195,2020-08-21,10.363,10.5913,ECB EXR daily reference rate,0.9784445724320904,362.5680559191978,569.7163060264587
2020-08-24,2020-08-24,371.597392,2020-08-24,55.43399810791016,2020-08-24,10.369,10.6188,ECB EXR daily reference rate,0.9764756846347986,362.8558177617056,574.7951263809205
2020-08-25,2020-08-25,372.5572,2020-08-25,55.444000244140625,2020-08-25,10.3525,10.5688,ECB EXR daily reference rate,0.979534100370903,364.9324817387026,573.9840125274658
2020-08-26,2020-08-26,373.83029,2020-08-26,55.89799880981445,2020-08-26,10.3348,10.5603,ECB EXR daily reference rate,0.9786464399685615,365.84768246091494,577.6946380996703
2020-08-27,2020-08-27,373.419688,2020-08-27,56.29800033569336,2020-08-27,10.3138,10.5178,ECB EXR daily reference rate,0.9806043088858888,366.1769550756242,580.6463158622742
2020-08-28,2020-08-28,370.829614,2020-08-28,55.849998474121094,2020-08-28,10.2603,10.47,ECB EXR daily reference rate,0.9799713467048711,363.4023962296275,573.0377393440247
2020-08-31,2020-08-31,365.087423,2020-08-31,55.66400146484375,2020-08-31,10.2888,10.455,ECB EXR daily reference rate,0.984103299856528,359.28373771041606,572.7157782714844
2020-09-01,2020-09-01,369.194377,2020-09-01,55.847999572753906,2020-09-01,10.3605,10.4378,ECB EXR daily reference rate,0.9925942248366515,366.46020645236547,578.6131995735168
2020-09-02,2020-09-02,377.02103,2020-09-02,56.77000045776367,2020-09-02,10.3065,10.406,ECB EXR daily reference rate,0.9904382087257351,373.41603360513164,585.1000097179412
2020-09-03,2020-09-03,370.718632,2020-09-03,55.72999954223633,2020-09-03,10.3393,10.5315,ECB EXR daily reference rate,0.9817499881308456,363.95301256588334,576.2091842670441
2020-09-04,2020-09-04,368.752363,2020-09-04,54.577999114990234,2020-09-04,10.3688,10.5768,ECB EXR daily reference rate,0.9803343166175025,361.50059578269423,565.9083572235107
2020-09-07,2020-09-04,368.752363,2020-09-07,55.375999450683594,2020-09-07,10.369,10.5453,ECB EXR daily reference rate,0.9832816515414451,362.58743250045046,574.1937383041382
2020-09-08,2020-09-08,366.202015,2020-09-08,54.43199920654297,2020-09-08,10.3735,10.6713,ECB EXR daily reference rate,0.9720933719415629,355.9825515731448,564.6503437690735
2020-09-09,2020-09-09,369.936021,2020-09-09,55.051998138427734,2020-09-09,10.362,10.715,ECB EXR daily reference rate,0.9670555296313579,357.7486747178721,570.4488047103882
2020-09-10,2020-09-10,365.22958,2020-09-10,54.79999923706055,2020-09-10,10.3703,10.687,ECB EXR daily reference rate,0.9703658650697109,354.4063173457472,568.292432088089
2020-09-11,2020-09-11,366.797333,2020-09-11,54.375999450683594,2020-09-11,10.3713,10.7028,ECB EXR daily reference rate,0.9690267967260904,355.4364446446631,563.9498031028747
2020-09-14,2020-09-14,369.833331,2020-09-14,54.87200164794922,2020-09-14,10.4178,10.6933,ECB EXR daily reference rate,0.9742362039781919,360.30502049805017,571.6455387680054
2020-09-15,2020-09-15,372.969745,2020-09-15,55.35200119018555,2020-09-15,10.404,10.6963,ECB EXR daily reference rate,0.9726727933958471,362.7775237212868,575.8822203826904
2020-09-16,2020-09-16,371.121781,2020-09-16,55.55400085449219,2020-09-16,10.4118,10.6608,ECB EXR daily reference rate,0.9766434038721297,362.45363944692707,578.4171460968017
2020-09-17,2020-09-17,370.844146,2020-09-17,54.77199935913086,2020-09-17,10.408,10.7238,ECB EXR daily reference rate,0.9705514836158823,359.9233360905649,570.0669693298339
2020-09-18,2020-09-18,367.805679,2020-09-18,54.33000183105469,2020-09-18,10.399,10.7538,ECB EXR daily reference rate,0.9670070114750134,355.6706704533281,564.9776890411376
2020-09-21,2020-09-21,372.074759,2020-09-21,53.22200012207031,2020-09-21,10.4055,10.884,ECB EXR daily reference rate,0.9560363836824697,355.7170070538864,553.8015222702027
2020-09-22,2020-09-22,375.28688,2020-09-22,53.81999969482422,2020-09-22,10.407,10.9528,ECB EXR daily reference rate,0.9501679935724199,356.5855817836535,560.1047368240356
2020-09-23,2020-09-23,372.436744,2020-09-23,54.242000579833984,2020-09-23,10.4388,10.9938,ECB EXR daily reference rate,0.9495170004911859,353.63502003558364,566.221395652771
2020-09-24,2020-09-24,377.550199,2020-09-24,53.5880012512207,2020-09-24,10.5793,11.1023,ECB EXR daily reference rate,0.9528926438665862,359.7648073174658,566.9235416370392
2020-09-25,2020-09-25,381.815428,2020-09-25,54.0,2020-09-25,10.6285,11.1445,ECB EXR daily reference rate,0.9536991341020234,364.1370430703935,573.9390000000001
2020-09-28,2020-09-28,385.287737,2020-09-28,55.08000183105469,2020-09-28,10.5863,11.058,ECB EXR daily reference rate,0.9573431000180864,368.8525565385332,583.0934233840942
2020-09-29,2020-09-29,381.463162,2020-09-29,54.652000427246094,2020-09-29,10.5343,11.0543,ECB EXR daily reference rate,0.9529594818305999,363.51893719698217,575.7205681007385
2020-09-30,2020-09-30,379.758059,2020-09-30,54.96799850463867,2020-09-30,10.5713,11.1008,ECB EXR daily reference rate,0.9523007350821564,361.64387873907293,581.0832025920869
2020-10-01,2020-10-01,380.107326,2020-10-01,55.06999969482422,2020-10-01,10.4853,10.9073,ECB EXR daily reference rate,0.961310315110064,365.40109333270385,577.4254678001404
2020-10-02,2020-10-02,376.659896,2020-10-02,54.88199996948242,2020-10-02,10.425,10.904,ECB EXR daily reference rate,0.9560711665443875,360.1136661592077,572.1448496818543
2020-10-05,2020-10-05,379.151626,2020-10-05,55.2400016784668,2020-10-05,10.4645,10.8855,ECB EXR daily reference rate,0.9613246979927426,364.4878223579073,578.0589975643157
2020-10-06,2020-10-06,378.363633,2020-10-06,55.39799880981445,2020-10-06,10.5138,10.8603,ECB EXR daily reference rate,0.9680948040109388,366.2918671340018,582.4434798866272
2020-10-07,2020-10-07,384.7116,2020-10-07,55.50600051879883,2020-10-07,10.483,10.9313,ECB EXR daily reference rate,0.9589893242340801,368.9343173090117,581.8694034385682
2020-10-08,2020-10-08,386.55933,2020-10-08,56.0,2020-10-08,10.4468,10.9038,ECB EXR daily reference rate,0.9580880060162511,370.35785768667796,585.0208
2020-10-09,2020-10-09,384.513329,2020-10-09,56.189998626708984,2020-10-09,10.42,10.8623,ECB EXR daily reference rate,0.9592811835430802,368.8564013312098,585.4997856903076
2020-10-12,2020-10-12,388.711059,2020-10-12,56.939998626708984,2020-10-12,10.3933,10.7925,ECB EXR daily reference rate,0.9630113504748667,374.33316187210556,591.7944877269745
2020-10-13,2020-10-13,389.618682,2020-10-13,57.141998291015625,2020-10-13,10.343,10.7923,ECB EXR daily reference rate,0.9583684664066048,373.3982587517026,591.0196883239746
2020-10-14,2020-10-14,387.182408,2020-10-14,56.91400146484375,2020-10-14,10.3653,10.8218,ECB EXR daily reference rate,0.9578166293962187,370.84974899207157,589.930699383545
2020-10-15,2020-10-15,392.585718,2020-10-15,56.290000915527344,2020-10-15,10.378,10.9678,ECB EXR daily reference rate,0.9462244023413994,371.47418638231915,584.1776295013428
2020-10-16,2020-10-16,391.752009,2020-10-16,56.83000183105469,2020-10-16,10.3593,10.957,ECB EXR daily reference rate,0.9454503970064797,370.382092437136,588.7190379684448
2020-10-19,2020-10-19,385.439618,2020-10-19,56.30400085449219,2020-10-19,10.3578,10.947,ECB EXR daily reference rate,0.9461770348040559,364.694114855248,583.1855800506592
2020-10-20,2020-10-20,385.147757,2020-10-20,55.678001403808594,2020-10-20,10.3805,10.9698,ECB EXR daily reference rate,0.9462797863224489,364.4575371965305,577.9654935722351
2020-10-21,2020-10-21,381.838668,2020-10-21,55.43000030517578,2020-10-21,10.3645,10.9315,ECB EXR daily reference rate,0.9481315464483373,362.0332867846132,574.5042381629944
2020-10-22,2020-10-22,382.875646,2020-10-22,55.417999267578125,2020-10-22,10.374,10.9325,ECB EXR daily reference rate,0.9489137891607593,363.3159800232335,574.9063244018555
2020-10-23,2020-10-23,386.351531,2020-10-23,55.61800003051758,2020-10-23,10.3618,10.9178,ECB EXR daily reference rate,0.9490739892652367,366.6761887849018,576.3025927162171
2020-10-26,2020-10-26,379.301295,2020-10-26,54.75,2020-10-26,10.3475,10.9465,ECB EXR daily reference rate,0.9452793130224273,358.545667566117,566.525625
2020-10-27,2020-10-27,373.384505,2020-10-27,54.75,2020-10-27,10.306,10.8398,ECB EXR daily reference rate,0.9507555489953688,354.99739003763904,564.2534999999999
2020-10-28,2020-10-28,369.98336,2020-10-28,53.54600143432617,2020-10-28,10.371,10.9693,ECB EXR daily reference rate,0.9454568659805093,349.8033080105385,555.3255808753968
2020-10-29,2020-10-29,381.501447,2020-10-29,53.93600082397461,2020-10-29,10.4225,11.1495,ECB EXR daily reference rate,0.9347952822996547,356.62575284609176,562.1479685878753
2020-10-30,2020-10-30,376.210138,2020-10-30,53.459999084472656,2020-10-30,10.365,11.094,ECB EXR daily reference rate,0.9342888047593294,351.48892017036235,554.112890510559
2020-11-02,2020-11-02,381.761908,2020-11-02,54.27199935913086,2020-11-02,10.3625,11.1128,ECB EXR daily reference rate,0.9324832625440933,355.986589486898,562.3935933589936
2020-11-03,2020-11-03,380.442852,2020-11-03,55.19200134277344,2020-11-03,10.3835,11.0103,ECB EXR daily reference rate,0.9430714876070587,358.78480638511206,573.086145942688
2020-11-04,2020-11-04,386.682932,2020-11-04,56.400001525878906,2020-11-04,10.352,10.9583,ECB EXR daily reference rate,0.9446720750481371,365.2885677581377,583.8528157958984
2020-11-05,2020-11-05,387.807389,2020-11-05,56.79399871826172,2020-11-05,10.277,10.85,ECB EXR daily reference rate,0.9471889400921658,367.32686974682025,583.6719248275756
2020-11-06,2020-11-06,389.489164,2020-11-06,56.487998962402344,2020-11-06,10.2805,10.9203,ECB EXR daily reference rate,0.9414118659743781,366.6697206580406,580.7248733329773
2020-11-09,2020-11-09,387.592489,2020-11-09,58.49599838256836,2020-11-09,10.197,10.7101,ECB EXR daily reference rate,0.9520919505886966,369.0236888855379,596.4836955070496
2020-11-10,2020-11-10,388.370113,2020-11-10,57.689998626708984,2020-11-10,10.2,10.6618,ECB EXR daily reference rate,0.9566864882102459,371.54843953178636,588.4379859924315
2020-11-11,2020-11-11,394.079309,2020-11-11,58.4900016784668,2020-11-11,10.1748,10.6773,ECB EXR daily reference rate,0.9529375403894241,375.53296743682387,595.1240690780639
2020-11-12,2020-11-12,391.974525,2020-11-12,58.0,2020-11-12,10.1825,10.7658,ECB EXR daily reference rate,0.945819168106411,370.73701915440563,590.5849999999999
2020-11-13,2020-11-13,397.674458,2020-11-13,57.97200012207031,2020-11-13,10.2537,10.8123,ECB EXR daily reference rate,0.9483366166310591,377.1292500203102,594.4274976516724
2020-11-16,2020-11-16,397.886564,2020-11-16,58.858001708984375,2020-11-16,10.2538,10.731,ECB EXR daily reference rate,0.9555307054328581,380.1928291811761,603.518177923584
2020-11-17,2020-11-17,397.804507,2020-11-17,58.65800094604492,2020-11-17,10.2375,10.7683,ECB EXR daily reference rate,0.9507071682623999,378.19559637199,600.5112846851349
2020-11-18,2020-11-18,392.784852,2020-11-18,58.8120002746582,2020-11-18,10.2135,10.7115,ECB EXR daily reference rate,0.9535079120571349,374.52346411819076,600.6763648052215
2020-11-19,2020-11-19,395.138075,2020-11-19,58.25600051879883,2020-11-19,10.206,10.69,ECB EXR daily reference rate,0.9547240411599626,377.2478197801684,594.5607412948608
2020-11-20,2020-11-20,392.318431,2020-11-20,58.53400039672851,2020-11-20,10.2168,10.6613,ECB EXR daily reference rate,0.9583071482839802,375.96155683085544,598.0301752532957
2020-11-23,2020-11-23,395.43284,2020-11-23,58.48600006103515,2020-11-23,10.2145,10.6903,ECB EXR daily reference rate,0.9554923622349232,377.83305839686443,597.4052476234435
2020-11-24,2020-11-24,396.760564,2020-11-24,59.29999923706055,2020-11-24,10.204,10.6768,ECB EXR daily reference rate,0.9557170687846547,379.19084323542637,605.0971922149658
2020-11-25,2020-11-25,393.430506,2020-11-25,59.145999908447266,2020-11-25,10.1358,10.5488,ECB EXR daily reference rate,0.9608486273320188,378.02716164064157,599.4920258720398
2020-11-26,2020-11-25,393.430506,2020-11-26,59.20600128173828,2020-11-26,10.1568,10.5705,ECB EXR daily reference rate,0.9608627784872997,378.03272913682423,601.3435138183594
2020-11-27,2020-11-27,394.215509,2020-11-27,59.22600173950195,2020-11-27,10.1723,10.563,ECB EXR daily reference rate,0.9630124017797973,379.6344241409353,602.4646574947357
2020-11-30,2020-11-30,392.64089,2020-11-30,58.5880012512207,2020-11-30,10.1778,10.561,ECB EXR daily reference rate,0.9637155572388978,378.3941341011268,596.296959134674
2020-12-01,2020-12-01,395.659606,2020-12-01,59.152000427246094,2020-12-01,10.2135,10.6028,ECB EXR daily reference rate,0.9632832836609198,381.13228447966577,604.1489563636779
2020-12-02,2020-12-02,396.488846,2020-12-02,58.832000732421875,2020-12-02,10.2813,10.7003,ECB EXR daily reference rate,0.9608422193770267,380.9632227488762,604.869449130249
2020-12-03,2020-12-03,393.628209,2020-12-03,58.8380012512207,2020-12-03,10.3025,10.707,ECB EXR daily reference rate,0.9622209769309796,378.75731981157185,606.1785078907013
2020-12-04,2020-12-04,398.218925,2020-12-04,59.194000244140625,2020-12-04,10.2578,10.6598,ECB EXR daily reference rate,0.9622882230435842,383.20138172057636,607.2002157043456
2020-12-07,2020-12-07,394.595121,2020-12-07,59.16600036621094,2020-12-07,10.2018,10.6328,ECB EXR daily reference rate,0.9594650515386353,378.600228107159,603.5997025360108
2020-12-08,2020-12-08,397.260865,2020-12-08,59.36000061035156,2020-12-08,10.2358,10.6283,ECB EXR daily reference rate,0.9630702934617954,382.5901378364367,607.5970942474365
2020-12-09,2020-12-09,397.677807,2020-12-09,59.50199890136719,2020-12-09,10.2745,10.5763,ECB EXR daily reference rate,0.9714645008178664,386.3298722635988,611.3532877120972
2020-12-10,2020-12-10,394.82555,2020-12-10,59.13399887084961,2020-12-10,10.2395,10.7,ECB EXR daily reference rate,0.9569626168224299,377.83329151635513,605.5025814380646
2020-12-11,2020-12-11,396.889181,2020-12-11,58.73199844360352,2020-12-11,10.256,10.6968,ECB EXR daily reference rate,0.9587914142547305,380.5339391533917,602.3553760375977
2020-12-14,2020-12-14,392.91736,2020-12-14,59.07600021362305,2020-12-14,10.193,10.5833,ECB EXR daily reference rate,0.9631211436886415,378.4270171383217,602.1616701774597
2020-12-15,2020-12-15,396.387933,2020-12-15,58.9900016784668,2020-12-15,10.1928,10.614,ECB EXR daily reference rate,0.9603165630299604,380.65789744511017,601.2732891082763
2020-12-16,2020-12-16,396.088281,2020-12-16,59.4119987487793,2020-12-16,10.1785,10.5788,ECB EXR daily reference rate,0.9621601693953946,381.10036754249063,604.7250292644501
2020-12-17,2020-12-17,394.033826,2020-12-17,59.41600036621094,2020-12-17,10.1335,10.5015,ECB EXR daily reference rate,0.9649573870399466,380.22585114231293,602.0920397109985
2020-12-18,2020-12-18,393.896682,2020-12-18,59.25,2020-12-18,10.1333,10.5163,ECB EXR daily reference rate,0.963580346699885,379.55110140549436,600.398025
2020-12-21,2020-12-21,394.297234,2020-12-21,58.54600143432617,2020-12-21,10.1313,10.6518,ECB EXR daily reference rate,0.9511350194333352,375.0299073231003,593.1471043315887
2020-12-22,2020-12-22,396.962957,2020-12-22,59.11800003051758,2020-12-22,10.1143,10.5938,ECB EXR daily reference rate,0.954737676754328,378.9954913237082,597.9371877086639
2020-12-23,2020-12-23,393.842359,2020-12-23,59.40999984741211,2020-12-23,10.1213,10.6238,ECB EXR daily reference rate,0.9527005402963159,375.2138282108756,601.3064314556121
2020-12-24,2020-12-23,393.842359,2020-12-23,59.40999984741211,2020-12-24,10.0763,10.5108,ECB EXR daily reference rate,0.9586615671499791,377.5615330889847,598.6329814624786
2020-12-25,2020-12-23,393.842359,2020-12-23,59.40999984741211,2020-12-24,10.0763,10.5108,ECB EXR daily reference rate,0.9586615671499791,377.5615330889847,598.6329814624786
2020-12-28,2020-12-28,398.354381,2020-12-28,59.76399993896485,2020-12-28,10.107,10.5713,ECB EXR daily reference rate,0.9560791955577836,380.85833613339884,604.0347473831177
2020-12-29,2020-12-29,397.251852,2020-12-29,59.81999969482422,2020-12-29,10.084,10.55,ECB EXR daily reference rate,0.9558293838862558,379.7049929448341,603.2248769226075
2020-12-30,2020-12-30,394.017459,2020-12-30,59.71200180053711,2020-12-30,10.0568,10.547,ECB EXR daily reference rate,0.9535223286242533,375.70444502429126,600.5116597076417
2020-12-31,2020-12-31,395.78738,2020-12-30,59.71200180053711,2020-12-31,10.0343,10.4703,ECB EXR daily reference rate,0.9583584042482068,379.3061619183786,599.1681396671295
2021-01-01,2020-12-31,395.78738,2020-12-30,59.71200180053711,2020-12-31,10.0343,10.4703,ECB EXR daily reference rate,0.9583584042482068,379.3061619183786,599.1681396671295
2021-01-04,2021-01-04,391.579184,2021-01-04,59.27399826049805,2021-01-04,10.0895,10.444,ECB EXR daily reference rate,0.9660570662581385,378.2878377027958,598.045005449295
2021-01-05,2021-01-05,392.752828,2021-01-05,59.4119987487793,2021-01-05,10.057,10.4713,ECB EXR daily reference rate,0.9604347120223851,377.21344925615733,597.5064714164735
2021-01-06,2021-01-06,391.768666,2021-01-06,60.237998962402344,2021-01-06,10.0653,10.381,ECB EXR daily reference rate,0.9695886716115981,379.85446044598785,606.3135309562683
2021-01-07,2021-01-07,397.181342,2021-01-07,60.77000045776367,2021-01-07,10.0575,10.3435,ECB EXR daily reference rate,0.9723497848890607,386.1991924556484,611.1942796039581
2021-01-08,2021-01-08,398.110248,2021-01-08,61.108001708984375,2021-01-08,10.051,10.2863,ECB EXR daily reference rate,0.9771249137201908,389.0034417281238,614.196525177002
2021-01-11,2021-01-11,401.525216,2021-01-11,61.33399963378906,2021-01-11,10.076,10.368,ECB EXR daily reference rate,0.9718364197530864,390.2168283580247,618.0013803100586
2021-01-12,2021-01-12,401.035192,2021-01-12,61.28200149536133,2021-01-12,10.0878,10.3765,ECB EXR daily reference rate,0.972177516503638,389.87739698911963,618.200574684906
2021-01-13,2021-01-13,399.812299,2021-01-13,61.439998626708984,2021-01-13,10.1383,10.339,ECB EXR daily reference rate,0.98058806460973,392.0511684835767,622.8971380771636
2021-01-14,2021-01-14,399.152426,2021-01-14,61.76399993896485,2021-01-14,10.1059,10.3108,ECB EXR daily reference rate,0.9801276331613453,391.220322565989,624.1808069831849
2021-01-15,2021-01-15,399.373526,2021-01-15,61.22200012207031,2021-01-15,10.1305,10.3135,ECB EXR daily reference rate,0.9822562660590488,392.2871484115965,620.2094722366332
2021-01-18,2021-01-15,399.373526,2021-01-18,61.354000091552734,2021-01-18,10.154,10.3858,ECB EXR daily reference rate,0.9776810645304166,390.459934044946,622.9885169296265
2021-01-19,2021-01-19,401.147877,2021-01-19,61.28799819946289,2021-01-19,10.0953,10.3423,ECB EXR daily reference rate,0.9761174980420216,391.5674620421086,618.7207282230377
2021-01-20,2021-01-20,403.778717,2021-01-20,62.082000732421875,2021-01-20,10.1383,10.323,ECB EXR daily reference rate,0.9821079143659788,396.55427361824076,629.4059480255127
2021-01-21,2021-01-21,400.101768,2021-01-21,62.04999923706055,2021-01-21,10.0825,10.2513,ECB EXR daily reference rate,0.9835337957137142,393.5136105528079,625.6191173076629
2021-01-22,2021-01-22,402.923999,2021-01-22,61.624000549316406,2021-01-22,10.0815,10.3308,ECB EXR daily reference rate,0.9758682773841328,393.20074882085606,621.2623615379333
2021-01-25,2021-01-25,406.550068,2021-01-25,61.54800033569336,2021-01-25,10.0625,10.3478,ECB EXR daily reference rate,0.9724289220897196,395.34104440074225,619.3267533779144
2021-01-26,2021-01-26,404.306535,2021-01-26,61.832000732421875,2021-01-26,10.0715,10.3873,ECB EXR daily reference rate,0.9695974892416702,392.01460121999946,622.740995376587
2021-01-27,2021-01-27,400.078867,2021-01-27,61.08000183105469,2021-01-27,10.1139,10.4555,ECB EXR daily reference rate,0.9673282004686528,387.00757046064746,617.757030519104
2021-01-28,2021-01-28,401.912787,2021-01-28,61.2140007019043,2021-01-28,10.1353,10.5205,ECB EXR daily reference rate,0.9633857706382777,387.1970600333729,620.4222613140107
2021-01-29,2021-01-29,391.682948,2021-01-29,59.96599960327149,2021-01-29,10.111,10.343,ECB EXR daily reference rate,0.9775693705888041,382.8972529467273,606.3162219886781
2021-02-01,2021-02-01,399.664721,2021-02-01,60.75,2021-02-01,10.1627,10.389,ECB EXR daily reference rate,0.9782173452690346,390.95896237430935,617.384025
2021-02-02,2021-02-02,405.743162,2021-02-02,62.055999755859375,2021-02-02,10.1593,10.3463,ECB EXR daily reference rate,0.9819259058793965,398.40972190122073,630.4455183197022
2021-02-03,2021-02-03,405.095678,2021-02-03,62.077999114990234,2021-02-03,10.1303,10.354,ECB EXR daily reference rate,0.9783948232567125,396.3435142788681,628.8687544345855
2021-02-04,2021-02-04,409.94861,2021-02-04,62.68399810791016,2021-02-04,10.1358,10.338,ECB EXR daily reference rate,0.9804410911201393,401.9304624915844,635.3524680221558
2021-02-05,2021-02-05,407.494595,2021-02-05,62.880001068115234,2021-02-05,10.1228,10.3068,ECB EXR daily reference rate,0.9821477083090774,400.2198826275856,636.5216748123169
2021-02-08,2021-02-08,408.931369,2021-02-08,63.11800003051758,2021-02-08,10.1148,10.2725,ECB EXR daily reference rate,0.9846483329277196,402.65359076770017,638.4259467086792
2021-02-09,2021-02-09,408.065232,2021-02-09,63.097999572753906,2021-02-09,10.1058,10.2588,ECB EXR daily reference rate,0.9850859749678325,401.9793369151947,637.6557640823364
2021-02-10,2021-02-10,406.551915,2021-02-10,62.869998931884766,2021-02-10,10.08,10.228,ECB EXR daily reference rate,0.9855299178725069,400.6690754008604,633.7295892333984
2021-02-11,2021-02-11,408.416636,2021-02-11,63.15599822998047,2021-02-11,10.0868,10.2595,ECB EXR daily reference rate,0.9831668209951753,401.54168565766366,637.041922946167
2021-02-12,2021-02-12,410.801875,2021-02-12,63.374000549316406,2021-02-12,10.0818,10.285,ECB EXR daily reference rate,0.9802430724355857,402.6856921122994,638.9239987380981
2021-02-15,2021-02-12,410.801875,2021-02-15,63.9119987487793,2021-02-15,10.0435,10.1963,ECB EXR daily reference rate,0.9850141718074202,404.64566868006034,641.9001594333648
2021-02-16,2021-02-16,409.451869,2021-02-16,63.7760009765625,2021-02-16,10.0415,10.1938,ECB EXR daily reference rate,0.9850595459985481,403.334472185397,640.4067138061523
2021-02-17,2021-02-17,413.078402,2021-02-17,63.48199844360352,2021-02-17,10.0413,10.2113,ECB EXR daily reference rate,0.9833517769529835,406.20138062759884,637.4417909717561
2021-02-18,2021-02-18,409.692522,2021-02-18,63.15800094604492,2021-02-18,10.0328,10.2178,ECB EXR daily reference rate,0.9818943412476266,402.2747690032688,633.6515918914795
2021-02-19,2021-02-19,407.769396,2021-02-19,63.395999908447266,2021-02-19,10.033,10.2095,ECB EXR daily reference rate,0.9827121798325089,400.71995201214554,636.0520670814514
2021-02-22,2021-02-22,407.334485,2021-02-22,62.78200149536133,2021-02-22,10.0315,10.3185,ECB EXR daily reference rate,0.9721858797305809,396.00483464432807,629.7976480007171
2021-02-23,2021-02-23,406.816886,2021-02-23,62.31800079345703,2021-02-23,10.0747,10.319,ECB EXR daily reference rate,0.9763252253125302,397.1855878848919,627.8351625938416
2021-02-24,2021-02-24,407.039891,2021-02-24,62.854000091552734,2021-02-24,10.0893,10.2483,ECB EXR daily reference rate,0.9844852316969643,400.72476140104214,634.152863123703
2021-02-25,2021-02-25,398.502515,2021-02-25,62.27000045776367,2021-02-25,10.0668,10.2275,ECB EXR daily reference rate,0.9842874602786607,392.2410284040089,626.8596406082154
2021-02-26,2021-02-26,404.126894,2021-02-26,61.88800048828125,2021-02-26,10.1388,10.4012,ECB EXR daily reference rate,0.9747721416759605,393.9316379732339,627.4700593505859
2021-03-01,2021-03-01,409.650536,2021-03-01,63.051998138427734,2021-03-01,10.1833,10.36,ECB EXR daily reference rate,0.9829440154440154,402.6635427846332,642.077412643051
2021-03-02,2021-03-02,404.893426,2021-03-02,62.678001403808594,2021-03-02,10.14,10.2555,ECB EXR daily reference rate,0.9887377504753547,400.3334152054995,635.5549342346192
2021-03-03,2021-03-03,400.121729,2021-03-03,62.5,2021-03-03,10.125,10.2451,ECB EXR daily reference rate,0.9882773228177372,395.4312311373242,632.8125
2021-03-04,2021-03-04,394.682184,2021-03-04,62.099998474121094,2021-03-04,10.1595,10.2595,ECB EXR daily reference rate,0.9902529363029388,390.83519161245675,630.9049344978332
2021-03-05,2021-03-05,402.992028,2021-03-05,61.470001220703125,2021-03-05,10.1863,10.211,ECB EXR daily reference rate,0.9975810400548427,402.0172064260503,626.1518734344482
2021-03-08,2021-03-08,399.709067,2021-03-08,63.35599899291992,2021-03-08,10.1803,10.1785,ECB EXR daily reference rate,1.0001768433462692,399.7797528889424,644.9830765476228
2021-03-09,2021-03-09,403.55233,2021-03-09,63.63399887084961,2021-03-09,10.136,10.0838,ECB EXR daily reference rate,1.0051766199250283,405.64136703226956,644.9942125549316
2021-03-10,2021-03-10,404.394447,2021-03-10,63.82600021362305,2021-03-10,10.1305,10.0813,ECB EXR daily reference rate,1.0048803229742196,406.36802251034095,646.5892951641083
2021-03-11,2021-03-11,407.400263,2021-03-11,64.21600341796875,2021-03-11,10.1295,10.091,ECB EXR daily reference rate,1.003815280943415,408.9546094597662,650.4760066223145
2021-03-12,2021-03-12,408.269248,2021-03-12,63.97200012207031,2021-03-12,10.1388,10.0863,ECB EXR daily reference rate,1.0052050801582344,410.3943221619821,648.5993148376465
2021-03-15,2021-03-15,412.417699,2021-03-15,64.33000183105469,2021-03-15,10.185,10.0988,ECB EXR daily reference rate,1.0085356676040718,415.9379593927001,655.201068649292
2021-03-16,2021-03-16,412.191695,2021-03-16,64.94200134277344,2021-03-16,10.1388,10.1028,ECB EXR daily reference rate,1.0035633685710892,413.66048593122696,658.4339632141114
2021-03-17,2021-03-17,414.045237,2021-03-17,64.53199768066406,2021-03-17,10.1355,10.1213,ECB EXR daily reference rate,1.0014029818303973,414.62613494447356,654.0640624923707
2021-03-18,2021-03-18,407.740899,2021-03-18,64.73400115966797,2021-03-18,10.157,10.1058,ECB EXR daily reference rate,1.0050663975142986,409.8066764771715,657.5032497787475
2021-03-19,2021-03-19,411.131977,2021-03-19,64.25800323486328,2021-03-19,10.1743,10.2018,ECB EXR daily reference rate,0.9973043972632281,410.02372851762436,653.7802023124696
2021-03-22,2021-03-22,410.412396,2021-03-22,64.40599822998047,2021-03-22,10.158,10.1393,ECB EXR daily reference rate,1.0018443087787123,411.16932318483515,654.2361300201416
2021-03-23,2021-03-23,410.686213,2021-03-23,64.56600189208984,2021-03-23,10.1813,10.1783,ECB EXR daily reference rate,1.000294744701964,410.8072605854514,657.3658350639344
2021-03-24,2021-03-24,407.974766,2021-03-24,64.51200103759766,2021-03-24,10.1635,10.1563,ECB EXR daily reference rate,1.0007089195868575,408.26398730256096,655.6677225456239
2021-03-25,2021-03-25,413.944197,2021-03-25,64.29000091552734,2021-03-25,10.1935,10.1653,ECB EXR daily reference rate,1.002774143409442,415.09253756598423,655.340124332428
2021-03-26,2021-03-26,415.812824,2021-03-26,64.9020004272461,2021-03-26,10.1905,10.1258,ECB EXR daily reference rate,1.0063896185980368,418.46970935353255,661.3838353538513
2021-03-29,2021-03-29,414.402222,2021-03-29,65.15399932861328,2021-03-29,10.2205,10.0738,ECB EXR daily reference rate,1.0145625285393793,420.4369661846572,665.906450138092
2021-03-30,2021-03-30,413.219461,2021-03-30,65.5199966430664,2021-03-30,10.2473,10.0613,ECB EXR daily reference rate,1.0184866766720007,420.8585155700854,671.4030616004943
2021-03-31,2021-03-31,413.591227,2021-03-31,65.69400024414062,2021-03-31,10.2383,9.9955,ECB EXR daily reference rate,1.0242909309189137,423.63774292372574,672.594882699585
2021-04-01,2021-03-31,413.591227,2021-04-01,65.95999908447266,2021-04-01,10.2753,10.0408,ECB EXR daily reference rate,1.0233547127718905,423.25053131155875,677.7587785926819
2021-04-02,2021-03-31,413.591227,2021-04-01,65.95999908447266,2021-04-01,10.2753,10.0408,ECB EXR daily reference rate,1.0233547127718905,423.25053131155875,677.7587785926819
2021-04-05,2021-03-31,413.591227,2021-04-01,65.95999908447266,2021-04-01,10.2753,10.0408,ECB EXR daily reference rate,1.0233547127718905,423.25053131155875,677.7587785926819
2021-04-06,2021-04-06,421.709601,2021-04-06,66.62999725341797,2021-04-06,10.261,10.0768,ECB EXR daily reference rate,1.0182796125754205,429.4182891256152,683.6904018173217
2021-04-07,2021-04-07,419.303234,2021-04-07,66.2300033569336,2021-04-07,10.236,10.0535,ECB EXR daily reference rate,1.0181528820808674,426.9147961629283,677.9303143615723
2021-04-08,2021-04-08,423.477076,2021-04-08,66.52400207519531,2021-04-08,10.2073,10.078,ECB EXR daily reference rate,1.0128299265727327,428.91025579031555,679.0304463821411
2021-04-09,2021-04-09,427.074812,2021-04-09,66.76000213623047,2021-04-09,10.1725,10.113,ECB EXR daily reference rate,1.005883516266192,429.58751360328296,679.1161217308044
2021-04-12,2021-04-12,425.283441,2021-04-12,66.74199676513672,2021-04-12,10.1975,10.094,ECB EXR daily reference rate,1.0102536160095106,429.64413409921735,680.6015120124816
2021-04-13,2021-04-13,427.939414,2021-04-13,66.87799835205078,2021-04-13,10.211,10.1675,ECB EXR daily reference rate,1.0042783378411606,429.7702833886403,682.8912411727905
2021-04-14,2021-04-14,421.581327,2021-04-14,66.89800262451172,2021-04-14,10.1433,10.0745,ECB EXR daily reference rate,1.0068291230334012,424.4603577506675,678.5665100212098
2021-04-15,2021-04-15,425.403337,2021-04-15,67.25599670410156,2021-04-15,10.1298,10.0433,ECB EXR daily reference rate,1.0086127069787818,429.067211289377,681.289795413208
2021-04-16,2021-04-16,426.411009,2021-04-16,67.44400024414062,2021-04-16,10.1055,10.018,ECB EXR daily reference rate,1.0087342782990616,430.13540142238963,681.5553444671631
2021-04-19,2021-04-19,422.00859,2021-04-19,66.99800109863281,2021-04-19,10.0985,9.9733,ECB EXR daily reference rate,1.0125535178927736,427.30628238546916,676.5793140945434
2021-04-20,2021-04-20,418.83053,2021-04-20,66.06800079345703,2021-04-20,10.1288,9.9965,ECB EXR daily reference rate,1.0132346321212424,424.373597985695,669.1895664367676
2021-04-21,2021-04-21,422.317293,2021-04-21,66.61199951171875,2021-04-21,10.1513,10.0423,ECB EXR daily reference rate,1.0108540872110972,426.9011617289765,676.1983906433106
2021-04-22,2021-04-22,421.181253,2021-04-22,67.13999938964844,2021-04-22,10.1237,10.0475,ECB EXR daily reference rate,1.007583976113461,424.37548156218963,679.7052118209839
2021-04-23,2021-04-23,423.324429,2021-04-23,66.88600158691406,2021-04-23,10.1405,10.043,ECB EXR daily reference rate,1.0097082545056257,427.4341702951807,678.257499092102
2021-04-26,2021-04-26,422.595086,2021-04-26,67.05599975585938,2021-04-26,10.1308,10.0358,ECB EXR daily reference rate,1.0094661113214691,426.5954181279818,679.3309223266602
2021-04-27,2021-04-27,422.264549,2021-04-27,66.9219970703125,2021-04-27,10.1403,10.0073,ECB EXR daily reference rate,1.0132902980823997,427.87657072584005,678.6091268920899
2021-04-28,2021-04-28,419.246105,2021-04-28,66.94200134277344,2021-04-28,10.111,9.9795,ECB EXR daily reference rate,1.0131770128763966,424.7705163239641,676.8505755767823
2021-04-29,2021-04-29,420.248612,2021-04-29,66.80599975585938,2021-04-29,10.1123,9.9145,ECB EXR daily reference rate,1.019950577437087,428.6328144765343,675.5623113311767
2021-04-30,2021-04-30,421.372113,2021-04-30,66.97000122070312,2021-04-30,10.164,9.9533,ECB EXR daily reference rate,1.0211688585695196,430.2920796652366,680.6830924072266
2021-05-03,2021-05-03,421.476725,2021-05-03,67.13400268554688,2021-05-03,10.1803,10.016,ECB EXR daily reference rate,1.0164037539936104,428.39052551093255,683.4442875396729
2021-05-04,2021-05-04,419.941953,2021-05-04,66.33799743652344,2021-05-04,10.1673,10.0123,ECB EXR daily reference rate,1.015480958421142,426.4430569136862,674.4783213363647
2021-05-05,2021-05-05,422.943595,2021-05-05,67.24600219726562,2021-05-05,10.1945,9.9848,ECB EXR daily reference rate,1.0210019229228426,431.8262237829,685.5393694000244
2021-05-06,2021-05-06,423.929794,2021-05-06,66.85600280761719,2021-05-06,10.194,10.0558,ECB EXR daily reference rate,1.0137433123172697,429.7559935595378,681.5300926208497
2021-05-07,2021-05-07,423.263911,2021-05-07,67.30999755859375,2021-05-07,10.1263,10.0125,ECB EXR daily reference rate,1.0113657927590514,428.0746408948116,681.6012282775879
2021-05-10,2021-05-10,421.460336,2021-05-10,67.2300033569336,2021-05-10,10.1235,10.0008,ECB EXR daily reference rate,1.0122690184785217,426.63124065034793,680.6029389839173
2021-05-11,2021-05-11,418.178955,2021-05-11,65.9219970703125,2021-05-11,10.113,10.032,ECB EXR daily reference rate,1.0080741626794258,421.5553999117823,666.6691563720702
2021-05-12,2021-05-12,412.963676,2021-05-12,65.65599822998047,2021-05-12,10.106,10.0263,ECB EXR daily reference rate,1.0079490938830873,416.2463630308289,663.5195181121826
2021-05-13,2021-05-12,412.963676,2021-05-13,65.75800323486328,2021-05-13,10.172,10.127,ECB EXR daily reference rate,1.0044435667028735,414.7987076401699,668.8904089050293
2021-05-14,2021-05-14,418.42047,2021-05-14,66.3759994506836,2021-05-14,10.1265,10.0074,ECB EXR daily reference rate,1.0119011931170934,423.400172817615,672.1565584373474
2021-05-17,2021-05-14,418.42047,2021-05-17,66.13400268554688,2021-05-17,10.1552,10.0665,ECB EXR daily reference rate,1.0088114041623206,422.1073418709582,671.6040240722657
2021-05-18,2021-05-18,415.182394,2021-05-18,66.0739974975586,2021-05-18,10.1363,10.0125,ECB EXR daily reference rate,1.0123645443196005,420.3159351113308,669.7458608345032
2021-05-19,2021-05-19,417.554746,2021-05-19,64.99800109863281,2021-05-19,10.1633,10.1058,ECB EXR daily reference rate,1.0056898018959408,419.9305497854499,660.5941845657348
2021-05-20,2021-05-20,422.128587,2021-05-20,66.16400146484375,2021-05-20,10.1813,10.1775,ECB EXR daily reference rate,1.000373372635716,422.2861982631392,673.6355481140137
2021-05-21,2021-05-21,426.426125,2021-05-21,66.48600006103516,2021-05-21,10.122,10.142,ECB EXR daily reference rate,0.9980280023663972,425.5852136905936,672.9712926177979
2021-05-24,2021-05-21,426.426125,2021-05-21,66.48600006103516,2021-05-24,10.167,10.209,ECB EXR daily reference rate,0.9958859829562151,424.67180065383485,675.9631626205444
2021-05-25,2021-05-25,425.799401,2021-05-25,66.55000305175781,2021-05-25,10.1338,10.1965,ECB EXR daily reference rate,0.9938508311675576,423.18108859449814,674.4044209259034
2021-05-26,2021-05-26,428.296559,2021-05-26,66.75599670410156,2021-05-26,10.1503,10.178,ECB EXR daily reference rate,0.9972784437021025,427.1309258024857,677.5933933456421
2021-05-27,2021-05-27,428.032768,2021-05-27,66.97799682617188,2021-05-27,10.1298,10.1953,ECB EXR daily reference rate,0.9935754710503859,425.28285909060054,678.4737122497559
2021-05-28,2021-05-28,430.250748,2021-05-28,67.23400115966797,2021-05-28,10.125,10.179,ECB EXR daily reference rate,0.9946949602122016,427.96825066313,680.7442617416382
2021-05-31,2021-05-28,430.250748,2021-05-31,66.7699966430664,2021-05-31,10.121,10.2183,ECB EXR daily reference rate,0.9904778681385359,426.1538436440504,675.7791360244752
2021-06-01,2021-06-01,427.438338,2021-06-01,66.97000122070312,2021-06-01,10.0955,10.1113,ECB EXR daily reference rate,0.9984373918289438,426.7704193604185,676.0956473236083
2021-06-02,2021-06-02,428.758297,2021-06-02,67.23400115966797,2021-06-02,10.0898,10.1393,ECB EXR daily reference rate,0.9951180061739963,426.66510164119813,678.3776249008179
2021-06-03,2021-06-03,430.60018,2021-06-03,67.35800170898438,2021-06-03,10.1145,10.1501,ECB EXR daily reference rate,0.9964926453926561,429.08991247475393,681.2925082855224
2021-06-04,2021-06-04,430.638181,2021-06-04,67.56999969482422,2021-06-04,10.105,10.156,ECB EXR daily reference rate,0.9949783379283182,428.47566157985426,682.7948469161987
2021-06-07,2021-06-07,429.262325,2021-06-07,67.48600006103516,2021-06-07,10.0552,10.0483,ECB EXR daily reference rate,1.0006866833195665,429.5570922782958,678.5852278137206
2021-06-08,2021-06-08,428.280496,2021-06-08,67.5479965209961,2021-06-08,10.0755,10.048,ECB EXR daily reference rate,1.0027368630573248,429.4526410676752,680.5798389472961
2021-06-09,2021-06-09,428.564082,2021-06-09,67.66600036621094,2021-06-09,10.0595,10.0518,ECB EXR daily reference rate,1.0007660319544758,428.89237578135254,680.6861306838989
2021-06-10,2021-06-10,430.50939,2021-06-10,67.83599853515625,2021-06-10,10.0715,10.1118,ECB EXR daily reference rate,0.9960145572499456,428.79361947279415,683.2102592468262
2021-06-11,2021-06-11,434.208692,2021-06-11,68.29199981689453,2021-06-11,10.0643,10.0828,ECB EXR daily reference rate,0.9981651922085134,433.41200250878717,687.3111737571716
2021-06-14,2021-06-14,433.530637,2021-06-14,68.2239990234375,2021-06-14,10.0944,10.0828,ECB EXR daily reference rate,1.0011504740746617,434.0294027584401,688.6803357421875
2021-06-15,2021-06-15,434.694367,2021-06-15,68.2760009765625,2021-06-15,10.0858,10.0823,ECB EXR daily reference rate,1.000347143013003,434.84526811229586,688.6180906494142
2021-06-16,2021-06-16,435.983584,2021-06-16,68.44999694824219,2021-06-16,10.1283,10.1208,ECB EXR daily reference rate,1.000741048138487,436.3066688233341,693.2821040908813
2021-06-17,2021-06-17,440.006175,2021-06-17,69.11399841308594,2021-06-17,10.1905,10.1973,ECB EXR daily reference rate,0.9993331568160199,439.7127598812921,704.3062008285523
2021-06-18,2021-06-18,444.13734,2021-06-18,68.4280014038086,2021-06-18,10.233,10.2868,ECB EXR daily reference rate,0.9947699965003695,441.8145001574834,700.2237383651734
2021-06-21,2021-06-21,442.844487,2021-06-21,68.81400299072266,2021-06-21,10.2163,10.2673,ECB EXR daily reference rate,0.9950327739522562,440.64477832907386,703.0244987541199
2021-06-22,2021-06-22,445.873902,2021-06-22,69.1760025024414,2021-06-22,10.157,10.2198,ECB EXR daily reference rate,0.9938550656568622,443.13403614689133,702.6206574172974
2021-06-23,2021-06-23,440.825801,2021-06-23,68.94999694824219,2021-06-23,10.1288,10.1725,ECB EXR daily reference rate,0.9957041042025068,438.9320592940575,698.3807290893554
2021-06-24,2021-06-24,443.779417,2021-06-24,69.42400360107422,2021-06-24,10.1133,10.174,ECB EXR daily reference rate,0.9940338116768234,441.1317454242285,702.1057756187439
2021-06-25,2021-06-25,443.199623,2021-06-25,69.55999755859375,2021-06-25,10.1103,10.136,ECB EXR daily reference rate,0.9974644830307815,442.07588283513223,703.2724433166504
2021-06-28,2021-06-28,446.339332,2021-06-28,69.52200317382812,2021-06-28,10.1268,10.1763,ECB EXR daily reference rate,0.995135756610949,444.1682288550456,704.0354217407227
2021-06-29,2021-06-29,447.6426,2021-06-29,69.85199737548828,2021-06-29,10.151,10.1893,ECB EXR daily reference rate,0.9962411549370418,445.95998082302026,709.0676253585815
2021-06-30,2021-06-30,449.137983,2021-06-30,69.93399810791016,2021-06-30,10.111,10.1717,ECB EXR daily reference rate,0.9940324626168685,446.45773529626325,707.1026548690796
2021-07-01,2021-07-01,451.067488,2021-07-01,70.10199737548828,2021-07-01,10.1738,10.2105,ECB EXR daily reference rate,0.9964056608393321,449.44619846377753,713.2037008987427
2021-07-02,2021-07-02,454.509525,2021-07-02,70.5,2021-07-02,10.1583,10.2375,ECB EXR daily reference rate,0.9922637362637362,450.993319443956,716.16015
2021-07-05,2021-07-02,454.509525,2021-07-05,70.69400024414062,2021-07-05,10.1435,10.1778,ECB EXR daily reference rate,0.9966299200220087,452.97779154999114,717.0845914764404
2021-07-06,2021-07-06,457.425295,2021-07-06,70.5,2021-07-06,10.149,10.215,ECB EXR daily reference rate,0.9935389133627018,454.46983053891336,715.5044999999999
2021-07-07,2021-07-07,460.511033,2021-07-07,70.99600219726562,2021-07-07,10.1813,10.2475,ECB EXR daily reference rate,0.9935398877775067,457.5360800471237,722.8315971710206
2021-07-08,2021-07-08,460.173311,2021-07-08,69.96399688720703,2021-07-08,10.1908,10.4138,ECB EXR daily reference rate,0.9785861068966178,450.31920890921657,712.9890994781493
2021-07-09,2021-07-09,459.262417,2021-07-09,70.7760009765625,2021-07-09,10.1853,10.3355,ECB EXR daily reference rate,0.9854675632528663,452.5882149746118,720.874802746582
2021-07-12,2021-07-12,460.832916,2021-07-12,71.04399871826172,2021-07-12,10.2008,10.328,ECB EXR daily reference rate,0.9876839659178931,455.1572821003873,724.7056221252441
2021-07-13,2021-07-13,462.617627,2021-07-13,71.41600036621094,2021-07-13,10.1818,10.3085,ECB EXR daily reference rate,0.9877091720424892,456.9316733364311,727.1434325286866
2021-07-14,2021-07-14,462.299491,2021-07-14,71.13400268554688,2021-07-14,10.205,10.332,ECB EXR daily reference rate,0.9877080913666278,456.6169478953735,725.9224974060058
2021-07-15,2021-07-15,463.67864,2021-07-15,70.91400146484375,2021-07-15,10.2335,10.3803,ECB EXR daily reference rate,0.9858578268450815,457.12121638488287,725.6984339904785
2021-07-16,2021-07-16,462.495263,2021-07-16,70.64199829101562,2021-07-16,10.2428,10.3878,ECB EXR daily reference rate,0.9860413176996092,456.03943855834734,723.5718600952149
2021-07-19,2021-07-19,460.681387,2021-07-19,69.28600311279297,2021-07-19,10.2533,10.538,ECB EXR daily reference rate,0.9729834883279559,448.235382931021,710.4101757164001
2021-07-20,2021-07-20,470.646655,2021-07-20,70.1719970703125,2021-07-20,10.2535,10.617,ECB EXR daily reference rate,0.9657624564377885,454.53286964702835,719.5085719604492
2021-07-21,2021-07-21,468.439531,2021-07-21,70.7040023803711,2021-07-21,10.2448,10.5808,ECB EXR daily reference rate,0.9682443671556026,453.56393724376227,724.3483635864258
2021-07-22,2021-07-22,465.564463,2021-07-22,71.08000183105469,2021-07-22,10.2245,10.3795,ECB EXR daily reference rate,0.9850667180500025,458.6120576081218,726.7574787216187
2021-07-23,2021-07-23,472.648764,2021-07-23,71.85800170898438,2021-07-23,10.2105,10.4065,ECB EXR daily reference rate,0.9811656176428194,463.74671645817523,733.706126449585
2021-07-26,2021-07-26,470.077353,2021-07-26,71.7239990234375,2021-07-26,10.205,10.427,ECB EXR daily reference rate,0.9787091205524121,460.0689927462358,731.9434100341797
2021-07-27,2021-07-27,470.746775,2021-07-27,71.02799987792969,2021-07-27,10.165,10.4423,ECB EXR daily reference rate,0.9734445476571253,458.24588145092554,721.9996187591552
2021-07-28,2021-07-28,469.846836,2021-07-28,71.53600311279297,2021-07-28,10.1963,10.4828,ECB EXR daily reference rate,0.9726695157782274,457.0056944620522,729.402548538971
2021-07-29,2021-07-29,467.535745,2021-07-29,71.55999755859375,2021-07-29,10.1675,10.3993,ECB EXR daily reference rate,0.9777100381756465,457.11439109242934,727.586275177002
2021-07-30,2021-07-30,469.288947,2021-07-30,71.21600341796875,2021-07-30,10.1868,10.4405,ECB EXR daily reference rate,0.9757003974905416,457.8854121258177,725.4631836181641
2021-08-02,2021-08-02,468.541607,2021-08-02,71.48600006103516,2021-08-02,10.191,10.4515,ECB EXR daily reference rate,0.9750753480361671,456.86337051495,728.5138266220093
2021-08-03,2021-08-03,472.79504,2021-08-03,71.37200164794922,2021-08-03,10.2045,10.4343,ECB EXR daily reference rate,0.9779764814122652,462.38242964837116,728.3155908164978
2021-08-04,2021-08-04,471.969872,2021-08-04,71.68599700927734,2021-08-04,10.197,10.455,ECB EXR daily reference rate,0.9753228120516498,460.3229827626972,730.982111503601
2021-08-05,2021-08-05,472.979634,2021-08-05,71.98400115966797,2021-08-05,10.1983,10.441,ECB EXR daily reference rate,0.9767551000861986,461.98526974640356,734.1144390266418
2021-08-06,2021-08-06,476.458288,2021-08-06,72.41200256347656,2021-08-06,10.1683,10.423,ECB EXR daily reference rate,0.9755636572963639,464.8153899904442,736.3069656661987
2021-08-09,2021-08-09,480.034379,2021-08-09,72.51200103759766,2021-08-09,10.2175,10.4885,ECB EXR daily reference rate,0.974162177623111,467.6313359805978,740.891370601654
2021-08-10,2021-08-10,479.16899,2021-08-10,72.7699966430664,2021-08-10,10.2145,10.468,ECB EXR daily reference rate,0.9757833397019487,467.5651173438097,743.3091307106017
2021-08-11,2021-08-11,477.502428,2021-08-11,72.81800079345703,2021-08-11,10.2305,10.4548,ECB EXR daily reference rate,0.9785457397559014,467.25796664249907,744.964557117462
2021-08-12,2021-08-12,477.700094,2021-08-12,72.95800018310547,2021-08-12,10.1883,10.3755,ECB EXR daily reference rate,0.981957496024288,469.08118815480697,743.3179932655335
2021-08-13,2021-08-13,476.173793,2021-08-13,72.8740005493164,2021-08-13,10.1993,10.3753,ECB EXR daily reference rate,0.9830366350852505,468.0962831865006,743.2637938026428
2021-08-16,2021-08-16,477.941999,2021-08-16,72.6520004272461,2021-08-16,10.2008,10.4048,ECB EXR daily reference rate,0.9803936644625557,468.57130780016917,741.1085259582519
2021-08-17,2021-08-17,477.266562,2021-08-17,72.85600280761719,2021-08-17,10.1948,10.3983,ECB EXR daily reference rate,0.9804294932825558,467.9262135423675,742.7523774230957
2021-08-18,2021-08-18,474.702959,2021-08-18,72.86000061035156,2021-08-18,10.2233,10.422,ECB EXR daily reference rate,0.9809345615045096,465.65253893155824,744.8696442398071
2021-08-19,2021-08-19,479.4693,2021-08-19,72.06999969482422,2021-08-19,10.2798,10.545,ECB EXR daily reference rate,0.974850640113798,467.4109540199146,740.865182862854
2021-08-20,2021-08-20,482.94382,2021-08-20,72.552001953125,2021-08-20,10.3263,10.6,ECB EXR daily reference rate,0.9741792452830189,470.4738460816981,749.1937377685547
2021-08-23,2021-08-23,480.690035,2021-08-23,73.06600189208984,2021-08-23,10.2573,10.487,ECB EXR daily reference rate,0.9780966911414133,470.16133269815015,749.4599012077332
2021-08-24,2021-08-24,477.538083,2021-08-24,73.16200256347656,2021-08-24,10.209,10.4003,ECB EXR daily reference rate,0.9816062998182745,468.75439067594203,746.9108841705322
2021-08-25,2021-08-25,478.801247,2021-08-25,73.22000122070312,2021-08-25,10.2248,10.3863,ECB EXR daily reference rate,0.9844506705949183,471.3562086908331,748.6598684814453
2021-08-26,2021-08-26,475.511645,2021-08-26,72.93599700927734,2021-08-26,10.2413,10.3615,ECB EXR daily reference rate,0.9883993630265889,469.99540702972547,746.9594261711121
2021-08-27,2021-08-27,474.023978,2021-08-27,73.18399810791016,2021-08-27,10.2345,10.3575,ECB EXR daily reference rate,0.988124547429399,468.3947287319334,749.0016286354065
2021-08-30,2021-08-30,471.58827,2021-08-30,73.5260009765625,2021-08-30,10.1813,10.2395,ECB EXR daily reference rate,0.9943161287172226,468.90782297485237,748.5902737426758
2021-08-31,2021-08-31,473.983046,2021-08-31,73.43399810791016,2021-08-31,10.1625,10.26,ECB EXR daily reference rate,0.9904970760233918,469.4788211476608,746.2730057716369
2021-09-01,2021-09-01,474.501966,2021-09-01,73.33399963378906,2021-09-01,10.1961,10.2633,ECB EXR daily reference rate,0.9934523983514074,471.39511614515794,747.7207936660766
2021-09-02,2021-09-02,473.779104,2021-09-02,73.51599884033203,2021-09-02,10.1939,10.2938,ECB EXR daily reference rate,0.990295129106841,469.1811389638035,749.4147405784606
2021-09-03,2021-09-03,475.544356,2021-09-03,73.4020004272461,2021-09-03,10.1708,10.2738,ECB EXR daily reference rate,0.9899744982382371,470.7767852211256,746.5570659454346
2021-09-06,2021-09-03,475.544356,2021-09-06,73.86000061035156,2021-09-06,10.1658,10.2728,ECB EXR daily reference rate,0.9895841445370299,470.5911547216728,750.8459942047119
2021-09-07,2021-09-07,475.765916,2021-09-07,73.4739990234375,2021-09-07,10.1515,10.299,ECB EXR daily reference rate,0.985678221186523,468.95210178405677,745.8713010864258
2021-09-08,2021-09-08,476.108779,2021-09-08,73.24400329589844,2021-09-08,10.174,10.265,ECB EXR daily reference rate,0.9911349245007305,471.8880387283,745.1844895324707
2021-09-09,2021-09-09,470.98569,2021-09-09,73.36799621582031,2021-09-09,10.1863,10.2648,ECB EXR daily reference rate,0.992352505650378,467.3838295969722,747.3484198532104
2021-09-10,2021-09-10,467.646005,2021-09-10,72.98999786376953,2021-09-10,10.1843,10.2028,ECB EXR daily reference rate,0.9981867722585958,466.7980562905771,743.3520352439881
2021-09-13,2021-09-13,467.799492,2021-09-13,72.86799621582031,2021-09-13,10.1853,10.1885,ECB EXR daily reference rate,0.9996859204004516,467.65256572288365,742.1824018569946
2021-09-14,2021-09-14,466.524057,2021-09-14,72.77400207519531,2021-09-14,10.1453,10.1745,ECB EXR daily reference rate,0.9971300801022164,465.18517032602097,738.314083253479
2021-09-15,2021-09-15,465.69714,2021-09-15,72.61599731445312,2021-09-15,10.136,10.1418,ECB EXR daily reference rate,0.9994281094085862,465.43081218718567,736.0357487792968
2021-09-16,2021-09-16,468.424089,2021-09-16,72.94200134277344,2021-09-16,10.1518,10.1293,ECB EXR daily reference rate,1.0022212788642848,469.46458952841755,740.4926092315674
2021-09-17,2021-09-17,466.574843,2021-09-17,72.73400115966797,2021-09-17,10.1553,10.1208,ECB EXR daily reference rate,1.0034088214370407,468.1653133268023,738.6356019767761
2021-09-20,2021-09-20,460.755667,2021-09-20,71.41999816894531,2021-09-20,10.2173,10.243,ECB EXR daily reference rate,0.9974909694425461,459.599616951977,729.7195472915649
2021-09-21,2021-09-21,459.690037,2021-09-21,72.00199890136719,2021-09-21,10.1763,10.1828,ECB EXR daily reference rate,0.9993616686962328,459.396602459353,732.7139414199829
2021-09-22,2021-09-22,459.845207,2021-09-22,72.33399963378906,2021-09-22,10.1758,10.1268,ECB EXR daily reference rate,1.0048386459691119,462.070235157266,736.0563134735108
2021-09-23,2021-09-23,461.262561,2021-09-23,73.01599884033203,2021-09-23,10.1398,10.086,ECB EXR daily reference rate,1.0053341265119968,463.72299385562167,740.3676250411987
2021-09-24,2021-09-24,463.0216,2021-09-24,72.8219985961914,2021-09-24,10.138,10.089,ECB EXR daily reference rate,1.0048567747051242,465.27039159480614,738.2694217681885
2021-09-27,2021-09-27,461.303427,2021-09-27,72.96199798583984,2021-09-27,10.1738,10.0655,ECB EXR daily reference rate,1.0107595251105261,466.26683280637826,742.3007751083373
2021-09-28,2021-09-28,455.323895,2021-09-28,71.61599731445312,2021-09-28,10.1933,10.102,ECB EXR daily reference rate,1.0090378142941991,459.4390278067214,730.0033454254151
2021-09-29,2021-09-29,459.104347,2021-09-29,72.11000061035156,2021-09-29,10.183,10.143,ECB EXR daily reference rate,1.0039436064280784,460.91487385398796,734.2961362152099
2021-09-30,2021-09-30,455.3496,2021-09-30,72.01399993896484,2021-09-30,10.1683,10.165,ECB EXR daily reference rate,1.0003246433841615,455.4974262351206,732.2599555793762
2021-10-01,2021-10-01,452.744651,2021-10-01,71.56600189208984,2021-10-01,10.1538,10.0204,ECB EXR daily reference rate,1.0133128418027224,458.7719689157917,726.6668700119019
2021-10-04,2021-10-04,444.953176,2021-10-04,70.71399688720703,2021-10-04,10.1435,9.977,ECB EXR daily reference rate,1.0166883832815474,452.3787251434298,717.2874274253845
2021-10-05,2021-10-05,446.356433,2021-10-05,72.05999755859375,2021-10-05,10.131,9.9155,ECB EXR daily reference rate,1.021733649336897,456.0573871940901,730.0398352661133
2021-10-06,2021-10-06,450.359735,2021-10-06,71.50199890136719,2021-10-06,10.1628,9.923,ECB EXR daily reference rate,1.0241660788068125,461.2431638474252,726.6605144348146
2021-10-07,2021-10-07,452.89409,2021-10-07,73.02200317382812,2021-10-07,10.1453,9.9388,ECB EXR daily reference rate,1.0207771561959191,462.30394124813864,740.8301287994385
2021-10-08,2021-10-08,450.679878,2021-10-08,72.67400360107422,2021-10-08,10.1138,9.8855,ECB EXR daily reference rate,1.0230944312376713,461.0880734526731,735.0103376205444
2021-10-11,2021-10-11,449.530949,2021-10-11,72.88600158691406,2021-10-11,10.1163,9.888,ECB EXR daily reference rate,1.0230885922330097,459.9099857775789,737.3366578536987
2021-10-12,2021-10-12,448.183102,2021-10-12,72.39600372314453,2021-10-12,10.1078,9.8608,ECB EXR daily reference rate,1.0250486775920817,459.4094960242171,731.7643264328002
2021-10-13,2021-10-13,449.72293,2021-10-13,72.15799713134766,2021-10-13,10.1195,9.8555,ECB EXR daily reference rate,1.0267870732078537,461.7696910491605,730.2028519706727
2021-10-14,2021-10-14,452.740445,2021-10-14,73.35600280761719,2021-10-14,10.0138,9.7928,ECB EXR daily reference rate,1.0225676006862185,462.9577105772609,734.5723409149169
2021-10-15,2021-10-15,453.770902,2021-10-15,73.9280014038086,2021-10-15,10.0288,9.7625,ECB EXR daily reference rate,1.0272778489116519,466.14879610526,741.4091404785156
2021-10-18,2021-10-18,455.263527,2021-10-18,73.93599700927734,2021-10-18,10.0375,9.7643,ECB EXR daily reference rate,1.0279794762553383,468.00156204361804,742.1325699806213
2021-10-19,2021-10-19,454.551614,2021-10-19,74.31400299072266,2021-10-19,10.03,9.734,ECB EXR daily reference rate,1.0304088761043764,468.3740177131703,745.3694499969482
2021-10-20,2021-10-20,456.572644,2021-10-20,74.57599639892578,2021-10-20,10.015,9.7435,ECB EXR daily reference rate,1.0278647303330426,469.2949176025043,746.8786039352417
2021-10-21,2021-10-21,455.835117,2021-10-21,74.42400360107422,2021-10-21,10.0145,9.7065,ECB EXR daily reference rate,1.0317313140678925,470.29936426070157,745.3191840629578
2021-10-22,2021-10-22,456.742881,2021-10-22,74.64600372314453,2021-10-22,9.9748,9.7075,ECB EXR daily reference rate,1.0275354107648726,469.3194838422664,744.578957937622
2021-10-25,2021-10-25,458.169309,2021-10-25,75.05599975585938,2021-10-25,10.0,9.7098,ECB EXR daily reference rate,1.0298873303260623,471.8627664833467,750.5599975585938
2021-10-26,2021-10-26,459.860371,2021-10-26,75.5780029296875,2021-10-26,9.9848,9.6828,ECB EXR daily reference rate,1.0311893254017432,474.20310575048535,754.6312436523438
2021-10-27,2021-10-27,461.020434,2021-10-27,75.2300033569336,2021-10-27,9.9713,9.7368,ECB EXR daily reference rate,1.024083887930326,472.1235984660463,750.140932472992
2021-10-28,2021-10-28,459.898362,2021-10-28,75.04000091552734,2021-10-28,9.969,9.7468,ECB EXR daily reference rate,1.0227972257561455,470.38276878339553,748.0737691268921
2021-10-29,2021-10-29,466.901892,2021-10-29,75.70800018310547,2021-10-29,9.9368,9.7495,ECB EXR daily reference rate,1.0192112416021335,475.8716570517052,752.2952562194824
2021-11-01,2021-11-01,465.654107,2021-11-01,75.88800048828125,2021-11-01,9.9135,9.7368,ECB EXR daily reference rate,1.0181476460438748,474.1046329127126,752.3156928405763
2021-11-02,2021-11-02,473.130208,2021-11-02,76.18199920654297,2021-11-02,9.8973,9.792,ECB EXR daily reference rate,1.0107536764705882,478.2180971852941,753.9961007469177
2021-11-03,2021-11-03,476.712372,2021-11-03,76.14800262451172,2021-11-03,9.912,9.861,ECB EXR daily reference rate,1.005171889260724,479.1778755972011,754.7790020141603
2021-11-04,2021-11-04,480.14341,2021-11-04,76.94200134277344,2021-11-04,9.906,9.859,ECB EXR daily reference rate,1.004767217770565,482.4323581965717,762.1874653015137
2021-11-05,2021-11-05,481.15941,2021-11-05,77.31400299072266,2021-11-05,9.9033,9.8878,ECB EXR daily reference rate,1.001567588341188,481.91366988136895,765.6637658180236
2021-11-08,2021-11-08,478.941402,2021-11-08,77.14399719238281,2021-11-08,9.9588,9.8745,ECB EXR daily reference rate,1.0085371411210695,483.0301923375969,768.261639239502
2021-11-09,2021-11-09,478.514589,2021-11-09,76.88999938964844,2021-11-09,9.8995,9.8555,ECB EXR daily reference rate,1.004464512201309,480.65092322109484,761.1725489578247
2021-11-10,2021-11-10,478.8435,2021-11-10,77.16999816894531,2021-11-10,9.9645,9.8848,ECB EXR daily reference rate,1.0080628844286175,482.7043597998947,768.9604467544555
2021-11-11,2021-11-11,482.117712,2021-11-11,77.25399780273438,2021-11-11,9.9648,9.9695,ECB EXR daily reference rate,0.9995285621144491,481.890423445268,769.8206373046876
2021-11-12,2021-11-12,487.442866,2021-11-12,77.72200012207031,2021-11-12,10.0085,9.9508,ECB EXR daily reference rate,1.0057985287615068,490.26931747809226,777.8806382217407
2021-11-15,2021-11-15,488.029718,2021-11-15,78.08000183105469,2021-11-15,10.007,9.9173,ECB EXR daily reference rate,1.0090448005001362,492.44384943744774,781.3465783233643
2021-11-16,2021-11-16,490.083495,2021-11-16,78.76599884033203,2021-11-16,10.0293,9.8863,ECB EXR daily reference rate,1.0144644609206679,497.17228856129185,789.9678321693419
2021-11-17,2021-11-17,489.658937,2021-11-17,78.6760025024414,2021-11-17,10.0303,9.8895,ECB EXR daily reference rate,1.01423732241266,496.63036915830935,789.1439079002381
2021-11-18,2021-11-18,495.909471,2021-11-18,78.38600158691406,2021-11-18,10.0555,9.9523,ECB EXR daily reference rate,1.0103694623353396,501.0517855812727,788.2104389572144
2021-11-19,2021-11-19,497.499618,2021-11-19,78.69599914550781,2021-11-19,10.096,10.0483,ECB EXR daily reference rate,1.0047470716439597,499.86128432948857,794.5148073730469
2021-11-22,2021-11-22,496.367362,2021-11-22,79.11799621582031,2021-11-22,10.128,10.0715,ECB EXR daily reference rate,1.0056098892915653,499.1519279487663,801.3070656738281
2021-11-23,2021-11-23,496.161184,2021-11-23,78.0719985961914,2021-11-23,10.133,10.071,ECB EXR daily reference rate,1.0061562903385959,499.2156963034455,791.1035617752075
2021-11-24,2021-11-24,499.593698,2021-11-24,78.75399780273438,2021-11-24,10.1905,10.026,ECB EXR daily reference rate,1.0164073409136245,507.79070212138436,802.5426146087647
2021-11-25,2021-11-24,499.593698,2021-11-25,78.96800231933594,2021-11-25,10.176,10.0655,ECB EXR daily reference rate,1.0109780934876558,505.07828432248766,803.5783916015625
2021-11-26,2021-11-26,495.755464,2021-11-26,76.2979965209961,2021-11-26,10.26,10.1613,ECB EXR daily reference rate,1.0097133240825484,500.57089748752617,782.8174443054199
2021-11-29,2021-11-29,497.210587,2021-11-29,77.22000122070312,2021-11-29,10.2903,10.214,ECB EXR daily reference rate,1.0074701390248677,500.92481920952605,794.6169785614014
2021-11-30,2021-11-30,492.19559,2021-11-30,76.19599914550781,2021-11-30,10.286,10.2795,ECB EXR daily reference rate,1.000632326475023,492.50681830244656,783.7520472106934
2021-12-01,2021-12-01,485.931212,2021-12-01,76.9739990234375,2021-12-01,10.226,10.2195,ECB EXR daily reference rate,1.0006360389451538,486.24028317549784,787.1361140136719
2021-12-02,2021-12-02,492.830887,2021-12-02,75.70999908447266,2021-12-02,10.2658,10.2962,ECB EXR daily reference rate,0.9970474544006527,491.37578133336575,777.2237086013795
2021-12-03,2021-12-03,493.582075,2021-12-03,75.41600036621094,2021-12-03,10.3185,10.2875,ECB EXR daily reference rate,1.0030133657351155,495.06941831227215,778.1799997787476
2021-12-06,2021-12-06,495.21053,2021-12-06,76.29399871826172,2021-12-06,10.2688,10.2943,ECB EXR daily reference rate,0.9975229010228962,493.983844502686,783.447814038086
2021-12-07,2021-12-07,501.006344,2021-12-07,78.33200073242188,2021-12-07,10.2573,10.19,ECB EXR daily reference rate,1.006604514229637,504.3152475280864,803.4748311126709
2021-12-08,2021-12-08,495.433787,2021-12-08,77.71600341796875,2021-12-08,10.2513,10.096,ECB EXR daily reference rate,1.0153823296354993,503.0547128241978,796.6900658386231
2021-12-09,2021-12-09,499.320917,2021-12-09,77.95600128173828,2021-12-09,10.257,10.155,ECB EXR daily reference rate,1.0100443131462333,504.3362526508124,799.5947051467896
2021-12-10,2021-12-10,497.204801,2021-12-10,77.53199768066406,2021-12-10,10.2463,10.1335,ECB EXR daily reference rate,1.0111313958651995,502.73938446600874,794.4161078353882
2021-12-13,2021-12-13,499.842525,2021-12-13,77.4219970703125,2021-12-13,10.231,10.1598,ECB EXR daily reference rate,1.0070080119687395,503.345427397685,792.1044520263672
2021-12-14,2021-12-14,497.758801,2021-12-14,76.6760025024414,2021-12-14,10.281,10.2475,ECB EXR daily reference rate,1.0032690900219565,499.38601932969016,788.3059817276002
2021-12-15,2021-12-15,503.969356,2021-12-15,76.69599914550781,2021-12-15,10.2565,10.2278,ECB EXR daily reference rate,1.0028060775533352,505.38353309744036,786.632515235901
2021-12-16,2021-12-16,496.114759,2021-12-16,77.80799865722656,2021-12-16,10.2465,10.1458,ECB EXR daily reference rate,1.0099252892822645,501.03884150027596,797.259658241272
2021-12-17,2021-12-17,492.547938,2021-12-17,77.25399780273438,2021-12-17,10.2753,10.1783,ECB EXR daily reference rate,1.0095300786968353,497.24195861110394,793.8080036224364
2021-12-20,2021-12-20,489.774331,2021-12-20,75.46199798583984,2021-12-20,10.301,10.1915,ECB EXR daily reference rate,1.0107442476573616,495.0365877084826,777.3340412521362
2021-12-21,2021-12-21,492.783977,2021-12-21,76.79000091552734,2021-12-21,10.3315,10.1488,ECB EXR daily reference rate,1.018002128330443,501.6551373931401,793.3558944587708
2021-12-22,2021-12-22,493.165786,2021-12-22,77.57599639892578,2021-12-22,10.2906,10.0613,ECB EXR daily reference rate,1.0227902954886545,504.4051799878346,798.3035485427856
2021-12-23,2021-12-23,493.755164,2021-12-23,78.42400360107422,2021-12-23,10.3035,10.0113,ECB EXR daily reference rate,1.029187018668904,508.16640518953574,808.0417211036682
2021-12-24,2021-12-23,493.755164,2021-12-23,78.42400360107422,2021-12-24,10.33,10.0043,ECB EXR daily reference rate,1.0325560009196044,509.82985757324343,810.1199571990967
2021-12-27,2021-12-27,499.193246,2021-12-27,78.87799835205078,2021-12-27,10.325,10.0405,ECB EXR daily reference rate,1.0283352422688112,513.3380075643643,814.4153329849242
2021-12-28,2021-12-28,497.959403,2021-12-28,79.33599853515625,2021-12-28,10.2528,9.9728,ECB EXR daily reference rate,1.028076367720199,511.9402943083588,813.41612578125
2021-12-29,2021-12-29,496.336735,2021-12-29,78.95999908447266,2021-12-29,10.2608,9.9883,ECB EXR daily reference rate,1.02728191984622,509.8777540210045,810.192758605957
2021-12-30,2021-12-30,496.851939,2021-12-30,79.24600219726562,2021-12-30,10.2438,9.9703,ECB EXR daily reference rate,1.0274314714702668,510.4813187896253,811.7801973083497
2021-12-31,2021-12-31,496.703758,2021-12-30,79.24600219726562,2021-12-31,10.2503,9.9888,ECB EXR daily reference rate,1.02617932083934,509.7071250427879,812.2952963226318
2022-01-03,2022-01-03,501.790773,2022-01-03,79.08200073242188,2022-01-03,10.2958,10.0013,ECB EXR daily reference rate,1.0294461719976402,516.5665904085869,814.2124631408691
2022-01-04,2022-01-04,500.015348,2022-01-04,79.52999877929688,2022-01-04,10.2808,10.0138,ECB EXR daily reference rate,1.0266632047774071,513.3473596155706,817.6320114501953
2022-01-05,2022-01-05,490.975028,2022-01-05,79.26799774169922,2022-01-05,10.2545,9.9672,ECB EXR daily reference rate,1.0288245445059796,505.1271595459106,812.8536828422547
2022-01-06,2022-01-06,493.710583,2022-01-06,78.03199768066406,2022-01-06,10.3265,10.035,ECB EXR daily reference rate,1.0290483308420528,508.05205135520674,805.7974240493774
2022-01-07,2022-01-07,490.451864,2022-01-07,77.51799774169922,2022-01-07,10.2839,10.0288,ECB EXR daily reference rate,1.0254367421825141,502.9273616175015,797.1873369758605
2022-01-10,2022-01-10,489.756016,2022-01-10,76.47599792480469,2022-01-10,10.3038,10.0253,ECB EXR daily reference rate,1.0277797173151926,503.3612996778949,787.9933874176025
2022-01-11,2022-01-11,490.80367,2022-01-11,77.45600128173828,2022-01-11,10.3075,10.0165,ECB EXR daily reference rate,1.0290520640942444,505.0625296785304,798.3777332115172
2022-01-12,2022-01-12,486.947939,2022-01-12,77.80999755859375,2022-01-12,10.264,9.927,ECB EXR daily reference rate,1.0339478190792788,503.4787595341997,798.6418149414062
2022-01-13,2022-01-13,480.529479,2022-01-13,77.5719985961914,2022-01-13,10.238,9.9333,ECB EXR daily reference rate,1.0306745995791933,495.26952835432337,794.1821216278075
2022-01-14,2022-01-14,482.84224,2022-01-14,76.54000091552734,2022-01-14,10.2684,9.9863,ECB EXR daily reference rate,1.0282487007199863,496.4819059327278,785.943345401001
2022-01-17,2022-01-14,482.84224,2022-01-17,77.18800354003906,2022-01-17,10.305,9.9623,ECB EXR daily reference rate,1.0343996868193086,499.45186183913347,795.4223764801026
2022-01-18,2022-01-18,478.288753,2022-01-18,76.28199768066406,2022-01-18,10.3185,9.9638,ECB EXR daily reference rate,1.0355988679018044,495.31529113696575,787.1157930679321
2022-01-19,2022-01-19,473.551091,2022-01-19,75.95800018310547,2022-01-19,10.3428,9.9368,ECB EXR daily reference rate,1.0408582239755253,492.89954753993237,785.6184042938232
2022-01-20,2022-01-20,469.407073,2022-01-20,76.56999969482422,2022-01-20,10.3708,9.9578,ECB EXR daily reference rate,1.041475024603828,488.8757429018859,794.092152835083
2022-01-21,2022-01-21,468.1009,2022-01-21,74.80000305175781,2022-01-21,10.414,10.0523,ECB EXR daily reference rate,1.0359818151069904,484.94402003521583,778.9672317810058
2022-01-24,2022-01-24,471.812577,2022-01-24,71.69400024414062,2022-01-24,10.5038,10.1638,ECB EXR daily reference rate,1.033452055333635,487.59567743290893,753.0594397644043
2022-01-25,2022-01-25,464.746623,2022-01-25,72.43599700927734,2022-01-25,10.502,10.1385,ECB EXR daily reference rate,1.0358534299945752,481.40938351294574,760.7228405914307
2022-01-26,2022-01-26,460.835967,2022-01-26,73.9800033569336,2022-01-26,10.4493,10.0115,ECB EXR daily reference rate,1.0437297108325425,480.98819057814507,773.0392490776061
2022-01-27,2022-01-27,460.155753,2022-01-27,74.49800109863281,2022-01-27,10.445,9.9903,ECB EXR daily reference rate,1.0455141487242625,481.09935037836703,778.1316214752197
2022-01-28,2022-01-28,470.5519,2022-01-28,73.63999938964844,2022-01-28,10.552,10.026,ECB EXR daily reference rate,1.0524635946538998,495.23874414522237,777.0492735595703
2022-01-31,2022-01-31,474.735611,2022-01-31,74.93399810791016,2022-01-31,10.489,10.0085,ECB EXR daily reference rate,1.0480091921866415,497.52728418634166,785.9827061538697
2022-02-01,2022-02-01,475.323062,2022-02-01,75.61399841308594,2022-02-01,10.4438,9.9638,ECB EXR daily reference rate,1.0481743912964931,498.22146118103524,789.6974766265869
2022-02-02,2022-02-02,477.138254,2022-02-02,75.8280029296875,2022-02-02,10.385,9.9228,ECB EXR daily reference rate,1.046579594469303,499.36316037711134,787.4738104248047
2022-02-03,2022-02-03,465.03478,2022-02-03,74.44400024414062,2022-02-03,10.387,9.9545,ECB EXR daily reference rate,1.0434476869757396,485.239465554272,773.2498305358887
2022-02-04,2022-02-04,468.34239,2022-02-04,73.75199890136719,2022-02-04,10.4465,10.0483,ECB EXR daily reference rate,1.0396285938915042,486.9021403754865,770.4502565231323
2022-02-07,2022-02-07,467.382578,2022-02-07,74.14800262451172,2022-02-07,10.4483,10.0658,ECB EXR daily reference rate,1.0379999602614796,485.1430973909079,774.7205758216858
2022-02-08,2022-02-08,472.765206,2022-02-08,74.46600341796875,2022-02-08,10.4433,10.0758,ECB EXR daily reference rate,1.036473530637766,490.0086222255107,777.6708134948731
2022-02-09,2022-02-09,478.455028,2022-02-09,75.52400207519531,2022-02-09,10.4075,10.0585,ECB EXR daily reference rate,1.0346970224188496,495.05599283292736,786.0160515975953
2022-02-10,2022-02-10,470.728927,2022-02-10,75.09400177001953,2022-02-10,10.5275,10.0693,ECB EXR daily reference rate,1.045504652756398,492.14928336552686,790.5521036338806
2022-02-11,2022-02-11,464.916733,2022-02-11,74.54399871826172,2022-02-11,10.553,10.0732,ECB EXR daily reference rate,1.0476313386014375,487.06133933099716,786.662818473816
2022-02-14,2022-02-14,465.760141,2022-02-14,73.88200378417969,2022-02-14,10.6158,10.0693,ECB EXR daily reference rate,1.0542738819977555,491.03875193189197,784.3165757720948
2022-02-15,2022-02-15,473.441752,2022-02-15,74.48600006103516,2022-02-15,10.5739,10.0893,ECB EXR daily reference rate,1.0480310824338657,496.1816718179458,787.6075160453796
2022-02-16,2022-02-16,473.475015,2022-02-16,74.15399932861328,2022-02-16,10.5363,10.1095,ECB EXR daily reference rate,1.042217716009694,493.46404872095553,781.3087831260682
2022-02-17,2022-02-17,466.604797,2022-02-17,73.8219985961914,2022-02-17,10.593,10.1225,ECB EXR daily reference rate,1.0464806124969128,488.2928737585577,781.9964311294556
2022-02-18,2022-02-18,466.349929,2022-02-18,72.96399688720703,2022-02-18,10.5796,10.1465,ECB EXR daily reference rate,1.0426846695904992,486.25592163291776,771.9299014678954
2022-02-21,2022-02-18,466.349929,2022-02-21,72.13800048828125,2022-02-21,10.6535,10.1738,ECB EXR daily reference rate,1.0471505238947099,488.3385724706107,768.5221882019042
2022-02-22,2022-02-22,455.54,2022-02-22,72.25800323486328,2022-02-22,10.5996,10.1018,ECB EXR daily reference rate,1.0492783464333089,477.9882579342295,765.9059310882569
2022-02-23,2022-02-23,448.742826,2022-02-23,71.89399719238281,2022-02-23,10.5658,10.0335,ECB EXR daily reference rate,1.0530522748791549,472.54965375500075,759.6175955352783
2022-02-24,2022-02-24,459.086167,2022-02-24,70.89800262451172,2022-02-24,10.7338,10.0878,ECB EXR daily reference rate,1.0640377485675767,488.48501153319853,761.0049805709839
2022-02-25,2022-02-25,458.81936,2022-02-25,73.2040023803711,2022-02-25,10.5848,9.9756,ECB EXR daily reference rate,1.0610690083804482,486.8390033409519,774.8497243957519
2022-02-28,2022-02-28,455.384242,2022-02-28,73.6520004272461,2022-02-28,10.6055,9.9465,ECB EXR daily reference rate,1.0662544613683205,485.55547966933085,781.1162905311584
2022-03-01,2022-03-01,450.794007,2022-03-01,73.0739974975586,2022-03-01,10.6893,9.8598,ECB EXR daily reference rate,1.0841294955272927,488.71907939563687,781.109881450653
2022-03-02,2022-03-02,459.771695,2022-03-02,74.16400146484375,2022-03-02,10.788,9.8826,ECB EXR daily reference rate,1.0916155667536884,501.893939414729,800.0812478027344
2022-03-03,2022-03-03,456.651185,2022-03-03,73.68399810791016,2022-03-03,10.7688,9.8418,ECB EXR daily reference rate,1.0941900871791748,499.6631999256235,793.4882388244629
2022-03-04,2022-03-04,452.321111,2022-03-04,72.93399810791016,2022-03-04,10.7935,9.8358,ECB EXR daily reference rate,1.0973687956241485,496.36307281344676,787.2131085777282
2022-03-07,2022-03-07,443.5851,2022-03-07,72.5999984741211,2022-03-07,10.8573,9.8325,ECB EXR daily reference rate,1.1042257818459191,489.81810386270024,788.239963433075
2022-03-08,2022-03-08,436.759298,2022-03-08,71.1719970703125,2022-03-08,10.8803,9.7925,ECB EXR daily reference rate,1.1110850140413582,485.27671075102376,774.3726797241211
2022-03-09,2022-03-09,447.341284,2022-03-09,72.1780014038086,2022-03-09,10.734,9.798,ECB EXR daily reference rate,1.095529699938763,490.0756626307409,774.7586670684815
2022-03-10,2022-03-10,447.62374,2022-03-10,71.56999969482422,2022-03-10,10.7073,9.919,ECB EXR daily reference rate,1.0794737372719023,483.1980715094263,766.3214577323913
2022-03-11,2022-03-11,442.054982,2022-03-11,72.4540023803711,2022-03-11,10.646,9.8033,ECB EXR daily reference rate,1.0859608499178848,480.05440396315527,771.3453093414307
2022-03-14,2022-03-14,443.36617,2022-03-14,71.62200164794922,2022-03-14,10.5368,9.8588,ECB EXR daily reference rate,1.0687710471862701,473.85692579786587,754.6667069641113
2022-03-15,2022-03-15,449.71883,2022-03-15,72.3759994506836,2022-03-15,10.526,9.849,ECB EXR daily reference rate,1.0687379429383694,480.6315772748503,761.8297702178955
2022-03-16,2022-03-16,456.61171,2022-03-16,73.78600311279297,2022-03-16,10.4205,9.7988,ECB EXR daily reference rate,1.0634465444748338,485.5821451662449,768.8870454368591
2022-03-17,2022-03-17,456.446571,2022-03-17,74.01000213623047,2022-03-17,10.4503,9.78,ECB EXR daily reference rate,1.0685378323108385,487.7304295420553,773.4267253242493
2022-03-18,2022-03-18,459.367027,2022-03-18,75.21199798583984,2022-03-18,10.4303,9.694,ECB EXR daily reference rate,1.0759541984732823,494.2578813408397,784.4837025917054
2022-03-21,2022-03-21,457.68776,2022-03-21,75.58000183105469,2022-03-21,10.4088,9.6575,ECB EXR daily reference rate,1.0777944602640435,493.29333225865906,786.697123059082
2022-03-22,2022-03-22,463.918159,2022-03-22,76.54199981689453,2022-03-22,10.3822,9.6233,ECB EXR daily reference rate,1.0788606818866708,500.503061358349,794.6743504989623
2022-03-23,2022-03-23,457.323581,2022-03-23,76.29000091552734,2022-03-23,10.4005,9.6425,ECB EXR daily reference rate,1.0786103189007,493.27393354322004,793.4541545219421
2022-03-24,2022-03-24,458.802231,2022-03-24,76.30799865722656,2022-03-24,10.3555,9.4923,ECB EXR daily reference rate,1.0909368646165838,500.52426736623363,790.2074800949096
2022-03-25,2022-03-25,458.894316,2022-03-25,76.7239990234375,2022-03-25,10.3505,9.5205,ECB EXR daily reference rate,1.0871802951525655,498.9008579127147,794.1317518920898
2022-03-28,2022-03-28,466.653266,2022-03-28,76.90799713134766,2022-03-28,10.4225,9.5123,ECB EXR daily reference rate,1.0956866373011784,511.3057478091523,801.5736001014709
2022-03-29,2022-03-29,470.008475,2022-03-29,77.50199890136719,2022-03-29,10.329,9.5995,ECB EXR daily reference rate,1.0759935413302777,505.7260834704933,800.5181466522217
2022-03-30,2022-03-30,463.038184,2022-03-30,77.1780014038086,2022-03-30,10.3498,9.6398,ECB EXR daily reference rate,1.0736529803522896,497.14232626851185,798.7768789291382
2022-03-31,2022-03-31,465.61615,2022-03-31,77.0979995727539,2022-03-31,10.337,9.711,ECB EXR daily reference rate,1.0644629801256307,495.63115462362265,796.9620215835571
2022-04-01,2022-04-01,466.783238,2022-04-01,76.70600128173828,2022-04-01,10.332,9.6628,ECB EXR daily reference rate,1.0692552883222255,499.110445731672,792.52640524292
2022-04-04,2022-04-04,467.29983,2022-04-04,77.6760025024414,2022-04-04,10.3849,9.5489,ECB EXR daily reference rate,1.0875493512341736,508.2116269483396,806.6575183876038
2022-04-05,2022-04-05,463.015059,2022-04-05,77.88999938964844,2022-04-05,10.2593,9.5398,ECB EXR daily reference rate,1.07542086836202,497.936056814472,799.0968707382202
2022-04-06,2022-04-06,460.010775,2022-04-06,76.43599700927734,2022-04-06,10.2855,9.5523,ECB EXR daily reference rate,1.0767563832794196,495.31953835856285,786.1824472389221
2022-04-07,2022-04-07,462.038335,2022-04-07,76.34200286865234,2022-04-07,10.313,9.5595,ECB EXR daily reference rate,1.078822114127308,498.4571733725614,787.3150755844117
2022-04-08,2022-04-08,459.196226,2022-04-08,77.22799682617188,2022-04-08,10.2768,9.508,ECB EXR daily reference rate,1.080858224652924,496.32601760168285,793.6566777832031
2022-04-11,2022-04-11,455.799794,2022-04-11,76.22599792480469,2022-04-11,10.3128,9.5478,ECB EXR daily reference rate,1.0801231697354363,492.31991826003895,786.1034713989258
2022-04-12,2022-04-12,451.239019,2022-04-12,76.51200103759766,2022-04-12,10.332,9.5395,ECB EXR daily reference rate,1.083075632894806,488.72598609025636,790.521994720459
2022-04-13,2022-04-13,459.548355,2022-04-13,76.23999786376953,2022-04-13,10.3323,9.5693,ECB EXR daily reference rate,1.079734149833321,496.1900523932262,787.734529927826
2022-04-14,2022-04-13,459.548355,2022-04-14,76.6719970703125,2022-04-14,10.3008,9.5313,ECB EXR daily reference rate,1.080734002706871,496.6495331365081,789.782907421875
2022-04-15,2022-04-13,459.548355,2022-04-14,76.6719970703125,2022-04-14,10.3008,9.5313,ECB EXR daily reference rate,1.080734002706871,496.6495331365081,789.782907421875
2022-04-18,2022-04-13,459.548355,2022-04-14,76.6719970703125,2022-04-14,10.3008,9.5313,ECB EXR daily reference rate,1.080734002706871,496.6495331365081,789.782907421875
2022-04-19,2022-04-19,458.776508,2022-04-19,76.74400329589844,2022-04-19,10.3408,9.5228,ECB EXR daily reference rate,1.0858991053051623,498.1849995722266,793.5943892822265
2022-04-20,2022-04-20,459.515719,2022-04-20,76.91999816894531,2022-04-20,10.23,9.5443,ECB EXR daily reference rate,1.0718439277893612,492.5291331339124,786.8915812683106
2022-04-21,2022-04-21,456.586157,2022-04-21,76.86599731445312,2022-04-21,10.2553,9.5788,ECB EXR daily reference rate,1.0706247129076711,488.8324232557419,788.2838622589111
2022-04-22,2022-04-22,450.046546,2022-04-22,75.04000091552734,2022-04-22,10.278,9.6255,ECB EXR daily reference rate,1.0677886863020103,480.55461012809724,771.2611294097901
2022-04-25,2022-04-25,459.220897,2022-04-25,73.9260025024414,2022-04-25,10.3476,9.7018,ECB EXR daily reference rate,1.0665649673256508,489.788921004061,764.9567034942627
2022-04-26,2022-04-26,452.683754,2022-04-26,73.71199798583984,2022-04-26,10.3935,9.7943,ECB EXR daily reference rate,1.0611784405215279,480.378240119151,766.1256510658263
2022-04-27,2022-04-27,459.105976,2022-04-27,74.49199676513672,2022-04-27,10.4035,9.7838,ECB EXR daily reference rate,1.0633393977800036,488.1854720370408,774.9774883460998
2022-04-28,2022-04-28,469.628131,2022-04-28,74.8740005493164,2022-04-28,10.3594,9.899,ECB EXR daily reference rate,1.0465097484594406,491.47041724228717,775.6497212905884
2022-04-29,2022-04-29,454.363554,2022-04-29,75.08999633789062,2022-04-29,10.2958,9.7525,ECB EXR daily reference rate,1.0557087926172777,479.6755990026353,773.1115842956543
2022-05-02,2022-05-02,462.416688,2022-05-02,73.5,2022-05-02,10.4035,9.9248,ECB EXR daily reference rate,1.0482327099790425,484.7202980017734,764.65725
2022-05-03,2022-05-03,460.587832,2022-05-03,74.45800018310547,2022-05-03,10.3978,9.909,ECB EXR daily reference rate,1.049328892925623,483.30811984757287,774.1993943038941
2022-05-04,2022-05-04,470.480344,2022-05-04,73.5199966430664,2022-05-04,10.3968,9.9042,ECB EXR daily reference rate,1.0497364754346643,493.88037807184844,764.3727010986329
2022-05-05,2022-05-05,460.790857,2022-05-05,73.9260025024414,2022-05-05,10.3748,9.8463,ECB EXR daily reference rate,1.0536749845119489,485.52379911272266,766.9674907623291
2022-05-06,2022-05-06,454.572255,2022-05-06,72.64800262451172,2022-05-06,10.4686,9.9808,ECB EXR daily reference rate,1.0488738377685156,476.7889456449383,760.5228802749634
2022-05-09,2022-05-09,450.966364,2022-05-09,70.81999969482422,2022-05-09,10.5818,10.0583,ECB EXR daily reference rate,1.0520465685056124,474.43761575765296,749.4030727706909
2022-05-10,2022-05-10,453.300244,2022-05-10,70.30799865722656,2022-05-10,10.6075,10.2315,ECB EXR daily reference rate,1.03674925475248,469.9586901461173,745.7920957565308
2022-05-11,2022-05-11,448.481996,2022-05-11,71.2040023803711,2022-05-11,10.526,10.1793,ECB EXR daily reference rate,1.0340593164559448,463.7569862265578,749.4933290557861
2022-05-12,2022-05-12,453.870878,2022-05-12,70.58000183105469,2022-05-12,10.5648,10.2898,ECB EXR daily reference rate,1.0267254951505376,466.00080194895924,745.6636033447265
2022-05-13,2022-05-13,462.446784,2022-05-13,72.31199645996094,2022-05-13,10.4905,10.2043,ECB EXR daily reference rate,1.0280469997942046,475.41702885567855,758.5889988632202
2022-05-16,2022-05-16,462.844339,2022-05-16,71.9260025024414,2022-05-16,10.4978,10.2188,ECB EXR daily reference rate,1.0273026187027832,475.4812015064587,755.0647890701293
2022-05-17,2022-05-16,462.844339,2022-05-17,72.3759994506836,2022-05-17,10.4393,10.178,ECB EXR daily reference rate,1.0256730202397326,474.7269510829926,755.5547710655212
2022-05-18,2022-05-18,453.952983,2022-05-18,71.34200286865234,2022-05-18,10.4675,10.2125,ECB EXR daily reference rate,1.024969400244798,465.287916724847,746.7724150276183
2022-05-19,2022-05-19,449.389068,2022-05-19,70.02200317382812,2022-05-19,10.5098,10.3102,ECB EXR daily reference rate,1.0193594692634478,458.08900184927546,735.9172489562989
2022-05-20,2022-05-20,452.335148,2022-05-20,69.76399993896484,2022-05-20,10.4915,10.262,ECB EXR daily reference rate,1.0223640615864353,462.4511991075814,731.9290053596496
2022-05-23,2022-05-23,454.6819,2022-05-23,70.59400177001953,2022-05-23,10.4918,10.252,ECB EXR daily reference rate,1.023390557939914,465.3171633261802,740.6581477706909
2022-05-24,2022-05-24,449.237499,2022-05-24,68.96600341796875,2022-05-24,10.5013,10.289,ECB EXR daily reference rate,1.0206336864612695,458.50692470101086,724.2326916931153
2022-05-25,2022-05-25,453.235605,2022-05-25,70.2040023803711,2022-05-25,10.5419,10.2704,ECB EXR daily reference rate,1.0264351923975696,465.2169754196039,740.083572693634
2022-05-26,2022-05-25,453.235605,2022-05-26,71.31199645996094,2022-05-26,10.5983,10.2715,ECB EXR daily reference rate,1.0318161904298302,467.65583531825934,755.785932081604
2022-05-27,2022-05-27,465.22484,2022-05-27,72.6760025024414,2022-05-27,10.5293,10.179,ECB EXR daily reference rate,1.0344139895864033,481.2350827990961,765.2274331489563
2022-05-30,2022-05-27,465.22484,2022-05-30,73.16999816894531,2022-05-30,10.518,10.1256,ECB EXR daily reference rate,1.0387532590661295,483.2538187485186,769.6020407409668
2022-05-31,2022-05-31,458.757236,2022-05-31,72.49199676513672,2022-05-31,10.5053,10.0983,ECB EXR daily reference rate,1.0403038135131655,477.2469020875592,761.5501736167907
2022-06-01,2022-06-01,457.226389,2022-06-01,72.38200378417969,2022-06-01,10.4758,10.0438,ECB EXR daily reference rate,1.0430116091519146,476.89243173760923,758.2593952423096
2022-06-02,2022-06-02,463.71571,2022-06-02,72.51000213623047,2022-06-02,10.4705,10.0845,ECB EXR daily reference rate,1.0382765630422925,481.46515360751647,759.2159773674011
2022-06-03,2022-06-03,458.6786,2022-06-03,72.33000183105469,2022-06-03,10.4589,10.103,ECB EXR daily reference rate,1.035227160249431,474.83654454518467,756.4922561508179
2022-06-06,2022-06-03,458.6786,2022-06-06,72.99199676513672,2022-06-06,10.452,10.0853,ECB EXR daily reference rate,1.0363598504754445,475.35608531228627,762.912350189209
2022-06-07,2022-06-07,465.144624,2022-06-07,72.83000183105469,2022-06-07,10.5039,10.1843,ECB EXR daily reference rate,1.0313816364404034,479.74162348257613,764.9990562332154
2022-06-08,2022-06-08,459.949368,2022-06-08,72.87200164794922,2022-06-08,10.4938,10.1395,ECB EXR daily reference rate,1.0349425514078603,476.02117243635286,764.7042108932495
2022-06-09,2022-06-09,454.740711,2022-06-09,72.2040023803711,2022-06-09,10.5045,10.1818,ECB EXR daily reference rate,1.0316938065960832,469.15317514579937,758.4669430046082
2022-06-10,2022-06-10,446.686217,2022-06-10,69.97000122070312,2022-06-10,10.5255,10.1495,ECB EXR daily reference rate,1.037046159909355,463.23422602428684,736.4692478485107
2022-06-13,2022-06-13,441.106676,2022-06-13,68.37200164794922,2022-06-13,10.616,10.3222,ECB EXR daily reference rate,1.0284629245703434,453.6618620464629,725.8371694946289
2022-06-14,2022-06-14,441.2463,2022-06-14,67.78800201416016,2022-06-14,10.622,10.3945,ECB EXR daily reference rate,1.0218865746308143,450.9036700755207,720.0441573944091
2022-06-15,2022-06-15,447.891365,2022-06-15,68.27999877929688,2022-06-15,10.6278,10.3868,ECB EXR daily reference rate,1.0232025262833597,458.28357616850235,725.6661710266113
2022-06-16,2022-06-16,436.639973,2022-06-16,66.19000244140625,2022-06-16,10.6942,10.4588,ECB EXR daily reference rate,1.0225073622212875,446.4675870326042,707.8491241088867
2022-06-17,2022-06-17,436.755512,2022-06-17,66.2239990234375,2022-06-17,10.6748,10.4525,ECB EXR daily reference rate,1.0212676393207365,446.0442707005596,706.9279447753905
2022-06-20,2022-06-17,436.755512,2022-06-20,66.62999725341797,2022-06-20,10.6375,10.4085,ECB EXR daily reference rate,1.0220012489791996,446.36467876254983,708.7765957832336
2022-06-21,2022-06-21,436.086696,2022-06-21,67.3280029296875,2022-06-21,10.646,10.3283,ECB EXR daily reference rate,1.0307601444574617,449.5007857649372,716.7739191894532
2022-06-22,2022-06-22,438.664284,2022-06-22,67.2959976196289,2022-06-22,10.6688,10.5045,ECB EXR daily reference rate,1.0156409157979913,445.52539512963017,717.9675394042969
2022-06-23,2022-06-23,443.582711,2022-06-23,67.32599639892578,2022-06-23,10.705,10.475,ECB EXR daily reference rate,1.0219570405727925,453.3224745828163,720.7247914505004
2022-06-24,2022-06-24,452.1315,2022-06-24,69.0979995727539,2022-06-24,10.694,10.4345,ECB EXR daily reference rate,1.0248694235468878,463.3757497723897,738.9340074310303
2022-06-27,2022-06-27,449.338664,2022-06-27,69.25,2022-06-27,10.6713,10.408,ECB EXR daily reference rate,1.0252978478093775,460.705965136741,738.987525
2022-06-28,2022-06-28,443.760748,2022-06-28,69.18800354003906,2022-06-28,10.6543,10.337,ECB EXR daily reference rate,1.0306955596401277,457.38223250618165,737.1497461166381
2022-06-29,2022-06-29,444.05132,2022-06-29,68.71199798583984,2022-06-29,10.6848,10.3065,ECB EXR daily reference rate,1.0367049919953426,460.3502201461213,734.1739560791015
2022-06-30,2022-06-30,439.849709,2022-06-30,67.88600158691406,2022-06-30,10.73,10.3485,ECB EXR daily reference rate,1.0368652461709427,456.06487680050253,728.4167970275879
2022-07-01,2022-07-01,446.649028,2022-07-01,68.31999969482422,2022-07-01,10.7783,10.3651,ECB EXR daily reference rate,1.0398645454457747,464.45448847501706,736.3734527107239
2022-07-04,2022-07-01,446.649028,2022-07-04,68.64399719238281,2022-07-04,10.7658,10.2958,ECB EXR daily reference rate,1.045649682394763,467.0384142701296,739.0075449737549
2022-07-05,2022-07-05,451.304932,2022-07-05,68.46399688720703,2022-07-05,10.8031,10.285,ECB EXR daily reference rate,1.0503743315508023,474.0391162750803,739.6234047721863
2022-07-06,2022-07-06,453.681669,2022-07-06,69.91600036621094,2022-07-06,10.745,10.2803,ECB EXR daily reference rate,1.0452029610030835,474.18942379162087,751.2474239349365
2022-07-07,2022-07-07,459.10615,2022-07-07,71.30400085449219,2022-07-07,10.723,10.291,ECB EXR daily reference rate,1.0419784277524051,478.3787043484599,764.5928011627198
2022-07-08,2022-07-08,459.882022,2022-07-08,71.62999725341797,2022-07-08,10.6665,10.263,ECB EXR daily reference rate,1.0393159894767612,477.9627387375037,764.0413657035828
2022-07-11,2022-07-11,458.325822,2022-07-11,71.38400268554688,2022-07-11,10.6943,10.299,ECB EXR daily reference rate,1.0383823672201185,475.91745200646665,763.4019399200439
2022-07-12,2022-07-12,456.685367,2022-07-12,71.54399871826172,2022-07-12,10.629,10.2754,ECB EXR daily reference rate,1.0344122856531133,472.40095430280087,760.4411623764038
2022-07-13,2022-07-13,451.863184,2022-07-13,70.37000274658203,2022-07-13,10.602,10.2428,ECB EXR daily reference rate,1.0350685359472018,467.70936431132105,746.0627691192627
2022-07-14,2022-07-14,454.639009,2022-07-14,69.77200317382812,2022-07-14,10.6019,10.2536,ECB EXR daily reference rate,1.0339685573847235,470.0824402665503,739.7158004486084
2022-07-15,2022-07-15,456.942668,2022-07-15,71.10600280761719,2022-07-15,10.5943,10.2763,ECB EXR daily reference rate,1.0309449899282814,471.0827542590621,753.3183255447389
2022-07-18,2022-07-18,451.142569,2022-07-18,71.40399932861328,2022-07-18,10.5265,10.2553,ECB EXR daily reference rate,1.0264448626563827,463.0729722756526,751.6341989326477
2022-07-19,2022-07-19,455.621664,2022-07-19,71.44599914550781,2022-07-19,10.4964,10.176,ECB EXR daily reference rate,1.0314858490566037,469.9672989396226,749.9257854309081
2022-07-20,2022-07-20,460.577485,2022-07-20,72.46199798583984,2022-07-20,10.4606,10.1323,ECB EXR daily reference rate,1.0324013303988235,475.50080826574424,757.9959761306762
2022-07-21,2022-07-21,465.498649,2022-07-21,72.5999984741211,2022-07-21,10.426,10.175,ECB EXR daily reference rate,1.0246683046683047,476.98171149621623,756.9275840911865
2022-07-22,2022-07-22,459.709665,2022-07-22,72.57599639892578,2022-07-22,10.4328,10.1498,ECB EXR daily reference rate,1.02788232280439,472.527438275828,757.170855230713
2022-07-25,2022-07-25,457.89506,2022-07-25,72.58999633789062,2022-07-25,10.3973,10.0704,ECB EXR daily reference rate,1.0324614712424531,472.75900732225136,754.7399689239502
2022-07-26,2022-07-26,454.088025,2022-07-26,72.47000122070312,2022-07-26,10.4445,10.0105,ECB EXR daily reference rate,1.0433544777983117,473.77477419834173,756.9129277496338
2022-07-27,2022-07-27,461.007038,2022-07-27,73.16799926757812,2022-07-27,10.4545,9.9558,ECB EXR daily reference rate,1.0500914040057052,484.0995277899315,764.9348483428955
2022-07-28,2022-07-28,464.72378,2022-07-28,74.18199920654297,2022-07-28,10.449,9.8983,ECB EXR daily reference rate,1.0556358162512753,490.57906683167806,775.1277097091674
2022-07-29,2022-07-29,465.7859,2022-07-29,74.85199737548828,2022-07-29,10.3875,9.8773,ECB EXR daily reference rate,1.0516537920281859,489.8455080082614,777.5251227378844
2022-08-01,2022-08-01,462.323194,2022-08-01,74.98400115966797,2022-08-01,10.3668,9.8638,ECB EXR daily reference rate,1.0509945457126058,485.8991552504309,777.3441432220459
2022-08-02,2022-08-02,465.570646,2022-08-02,75.01200103759766,2022-08-02,10.3995,9.9305,ECB EXR daily reference rate,1.047228236241881,487.55872645657314,780.0873047904968
2022-08-03,2022-08-03,470.854566,2022-08-03,75.75599670410156,2022-08-03,10.3913,9.8743,ECB EXR daily reference rate,1.052358141842966,495.50763615403616,787.2032885513305
2022-08-04,2022-08-04,472.178274,2022-08-04,75.43000030517578,2022-08-04,10.374,9.9065,ECB EXR daily reference rate,1.0471912380760109,494.4609513426539,782.5108231658936
2022-08-05,2022-08-05,472.945783,2022-08-05,75.32599639892578,2022-08-05,10.3573,9.982,ECB EXR daily reference rate,1.0375976758164698,490.7274452280005,780.1739425025941
2022-08-08,2022-08-08,469.779462,2022-08-08,75.87200164794922,2022-08-08,10.365,9.9405,ECB EXR daily reference rate,1.0427040893315225,489.8409661113626,786.4132970809936
2022-08-09,2022-08-09,467.332982,2022-08-09,75.05799865722656,2022-08-09,10.3875,9.9365,ECB EXR daily reference rate,1.0453882151663059,488.5443919413274,779.6649610519408
2022-08-10,2022-08-10,467.767639,2022-08-10,75.6719970703125,2022-08-10,10.3773,9.9118,ECB EXR daily reference rate,1.0469642244597348,489.73598339299616,785.2710151977539
2022-08-11,2022-08-11,466.926265,2022-08-11,76.18399810791016,2022-08-11,10.36,9.804,ECB EXR daily reference rate,1.0567115463076295,493.406375499796,789.2662203979492
2022-08-12,2022-08-12,477.262016,2022-08-12,76.91999816894531,2022-08-12,10.4515,9.813,ECB EXR daily reference rate,1.0650667481911749,508.31590341628447,803.9293608627319
2022-08-15,2022-08-15,483.917562,2022-08-15,77.71399688720703,2022-08-15,10.498,9.871,ECB EXR daily reference rate,1.0635194002633976,514.6557153151655,815.8415393218994
2022-08-16,2022-08-16,482.832512,2022-08-16,78.12200164794922,2022-08-16,10.5365,9.8428,ECB EXR daily reference rate,1.0704779127890438,516.8615396724509,823.1324703636169
2022-08-17,2022-08-17,481.659358,2022-08-17,77.48200225830078,2022-08-17,10.5617,9.8428,ECB EXR daily reference rate,1.0730381598732068,516.8388711940302,818.3416632514953
2022-08-18,2022-08-18,480.977947,2022-08-18,78.0739974975586,2022-08-18,10.5903,9.8283,ECB EXR daily reference rate,1.0775312108909982,518.2687496427764,826.8270556983947
2022-08-19,2022-08-19,479.880915,2022-08-19,77.5999984741211,2022-08-19,10.6095,9.8418,ECB EXR daily reference rate,1.0780040236542097,517.3135572448638,823.2971838111878
2022-08-22,2022-08-22,472.174373,2022-08-22,77.18000030517578,2022-08-22,10.65,9.7719,ECB EXR daily reference rate,1.0898596997513277,514.6038203880514,821.967003250122
2022-08-23,2022-08-23,465.483405,2022-08-23,76.55999755859375,2022-08-23,10.6063,9.7438,ECB EXR daily reference rate,1.0885178267205813,506.68698438509614,812.0183021057128
2022-08-24,2022-08-24,463.744019,2022-08-24,76.8740005493164,2022-08-24,10.586,9.636,ECB EXR daily reference rate,1.0985886259858864,509.4639046423828,813.7881698150635
2022-08-25,2022-08-25,470.290297,2022-08-25,77.2040023803711,2022-08-25,10.5525,9.64,ECB EXR daily reference rate,1.0946576763485476,514.8068837232884,814.695235118866
2022-08-26,2022-08-26,458.266121,2022-08-26,76.11000061035156,2022-08-26,10.5703,9.667,ECB EXR daily reference rate,1.0934416054618805,501.08724307502837,804.5055394515991
2022-08-29,2022-08-29,457.9753,2022-08-29,74.78399658203125,2022-08-29,10.628,9.7675,ECB EXR daily reference rate,1.088098285129255,498.32213856155613,794.8043156738281
2022-08-30,2022-08-30,456.46991,2022-08-30,73.98400115966797,2022-08-30,10.65,9.7553,ECB EXR daily reference rate,1.0917142476397446,498.33470436583195,787.9296123504639
2022-08-31,2022-08-31,457.704626,2022-08-31,73.4280014038086,2022-08-31,10.6788,9.9388,ECB EXR daily reference rate,1.0744556686923974,491.78332999243366,784.1229413909913
2022-09-01,2022-09-01,460.636706,2022-09-01,72.91200256347656,2022-09-01,10.7415,10.013,ECB EXR daily reference rate,1.0727554179566563,494.15052207120743,783.1842755355835
2022-09-02,2022-09-02,455.483403,2022-09-02,73.91200256347656,2022-09-02,10.7498,10.0035,ECB EXR daily reference rate,1.0746038886389764,489.464236074314,794.5392451568604
2022-09-05,2022-09-02,455.483403,2022-09-05,73.46399688720703,2022-09-05,10.729,9.9188,ECB EXR daily reference rate,1.0816832681372748,492.6887759393274,788.1952226028442
2022-09-06,2022-09-06,454.223731,2022-09-06,73.31800079345703,2022-09-06,10.6825,9.8945,ECB EXR daily reference rate,1.0796402041538227,490.398201668351,783.2195434761047
2022-09-07,2022-09-07,461.51634,2022-09-07,73.06999969482422,2022-09-07,10.6888,9.9483,ECB EXR daily reference rate,1.0744348280610758,495.869229415277,781.0306127380371
2022-09-08,2022-09-08,467.071809,2022-09-08,74.12000274658203,2022-09-08,10.7075,10.0615,ECB EXR daily reference rate,1.064205138398847,497.06021913904476,793.6399294090271
2022-09-09,2022-09-09,467.751767,2022-09-09,74.6719970703125,2022-09-09,10.6643,9.9836,ECB EXR daily reference rate,1.0681818181818183,499.64393293181826,796.3245783569337
2022-09-12,2022-09-12,469.87185,2022-09-12,75.18000030517578,2022-09-12,10.6368,9.9718,ECB EXR daily reference rate,1.066688060330131,501.20669228023024,799.6746272460937
2022-09-13,2022-09-13,462.858503,2022-09-13,73.86199951171875,2022-09-13,10.6108,9.9988,ECB EXR daily reference rate,1.0612073448813857,491.1888430244029,783.7349044189452
2022-09-14,2022-09-14,463.988601,2022-09-14,73.31800079345703,2022-09-14,10.675,10.1125,ECB EXR daily reference rate,1.0556242274412855,489.7976084721879,782.6696584701539
2022-09-15,2022-09-15,462.314091,2022-09-15,72.86399841308594,2022-09-15,10.69,10.1203,ECB EXR daily reference rate,1.0562927976443386,488.33904457278936,778.9161430358886
2022-09-16,2022-09-16,460.473989,2022-09-16,71.5199966430664,2022-09-16,10.7541,10.1985,ECB EXR daily reference rate,1.0544785997940873,485.559967162318,769.1331958992004
2022-09-19,2022-09-19,465.244257,2022-09-19,71.66999816894531,2022-09-19,10.7993,10.2826,ECB EXR daily reference rate,1.050249936786416,488.62275150449307,773.9858112258911
2022-09-20,2022-09-20,462.639968,2022-09-20,71.59600067138672,2022-09-20,10.8338,10.273,ECB EXR daily reference rate,1.0545897011583765,487.8953455970409,775.6567520736694
2022-09-21,2022-09-21,455.227824,2022-09-21,72.52799987792969,2022-09-21,10.9214,10.2858,ECB EXR daily reference rate,1.061793929495032,483.35814006043285,792.1072978668213
2022-09-22,2022-09-22,455.827603,2022-09-22,70.93800354003906,2022-09-22,10.8724,10.235,ECB EXR daily reference rate,1.0622765021983391,484.2149517202932,771.2663496887208
2022-09-23,2022-09-23,454.650185,2022-09-23,70.1259994506836,2022-09-23,10.9328,10.2335,ECB EXR daily reference rate,1.068334391948014,485.71842894102707,766.6735267944337
2022-09-26,2022-09-26,453.917315,2022-09-26,70.38400268554688,2022-09-26,10.9275,10.3585,ECB EXR daily reference rate,1.0549307332142686,478.85132593160205,769.1211893463135
2022-09-27,2022-09-27,454.700157,2022-09-27,70.24400329589844,2022-09-27,10.8533,10.3473,ECB EXR daily reference rate,1.0489016458399776,476.9357430409962,762.3792409713745
2022-09-28,2022-09-28,463.133782,2022-09-28,70.47599792480469,2022-09-28,10.9194,10.4576,ECB EXR daily reference rate,1.0441592717258261,483.5854325247475,769.5556117401122
2022-09-29,2022-09-29,454.079853,2022-09-29,68.83999633789062,2022-09-29,10.958,10.4518,ECB EXR daily reference rate,1.0484318490594922,476.07177990145243,754.3486798706055
2022-09-30,2022-09-30,455.977993,2022-09-30,69.26000213623047,2022-09-30,10.8993,10.5838,ECB EXR daily reference rate,1.029809709178178,469.57056436297927,754.8855412834167
2022-10-03,2022-10-03,457.786683,2022-10-03,69.16200256347656,2022-10-03,10.8743,10.5655,ECB EXR daily reference rate,1.0292272017415172,471.16650673862097,752.0883644760132
2022-10-04,2022-10-04,464.893156,2022-10-04,70.6760025024414,2022-10-04,10.8166,10.4915,ECB EXR daily reference rate,1.0309869894676642,479.29879532856114,764.4740486679077
2022-10-05,2022-10-05,467.533926,2022-10-05,70.55000305175781,2022-10-05,10.8376,10.4858,ECB EXR daily reference rate,1.0335501344675657,483.21975208544893,764.5927130737305
2022-10-06,2022-10-06,465.153794,2022-10-06,71.08399963378906,2022-10-06,10.8728,10.4278,ECB EXR daily reference rate,1.0426743896123822,485.0039482348338,772.8821112182617
2022-10-07,2022-10-07,453.683085,2022-10-07,69.68000030517578,2022-10-07,10.8555,10.4498,ECB EXR daily reference rate,1.0388237095446802,471.2967453173745,756.4112433128356
2022-10-10,2022-10-10,450.263506,2022-10-10,69.27999877929688,2022-10-10,10.9502,10.3378,ECB EXR daily reference rate,1.0592389096326105,476.93662514279634,758.6298426330567
2022-10-11,2022-10-11,449.154083,2022-10-11,68.87999725341797,2022-10-11,11.0015,10.4235,ECB EXR daily reference rate,1.05545162373483,474.0604062094786,757.7832897834778
2022-10-12,2022-10-12,448.256583,2022-10-12,68.63400268554688,2022-10-12,11.02,10.4145,ECB EXR daily reference rate,1.058140093139373,474.31826248595706,756.3467095947266
2022-10-13,2022-10-13,453.947643,2022-10-13,68.76599884033203,2022-10-13,11.0098,10.3525,ECB EXR daily reference rate,1.0634919101666265,482.7696459697079,757.0998940322876
2022-10-14,2022-10-14,445.517363,2022-10-14,68.89199829101562,2022-10-14,11.0035,10.3323,ECB EXR daily reference rate,1.064961334843162,474.4587655962855,758.0531031951905
2022-10-17,2022-10-17,450.830032,2022-10-17,69.59200286865234,2022-10-17,10.9893,10.342,ECB EXR daily reference rate,1.0625894411139045,479.0472317402437,764.7673971244812
2022-10-18,2022-10-18,456.559519,2022-10-18,69.71600341796875,2022-10-18,10.906,10.3528,ECB EXR daily reference rate,1.0534348195657215,480.9556945187776,760.3227332763672
2022-10-19,2022-10-19,454.859239,2022-10-19,69.95600128173828,2022-10-19,10.9448,10.3823,ECB EXR daily reference rate,1.0541787465205206,479.5029424122979,765.6544428283692
2022-10-20,2022-10-20,450.622507,2022-10-20,70.12999725341797,2022-10-20,10.982,10.402,ECB EXR daily reference rate,1.0557585079792349,475.7485456521823,770.1676298370361
2022-10-21,2022-10-21,458.977872,2022-10-21,69.78600311279297,2022-10-21,11.0868,10.4315,ECB EXR daily reference rate,1.0628193452523607,487.8105614043618,773.7034593109131
2022-10-24,2022-10-24,461.434176,2022-10-24,70.59200286865234,2022-10-24,11.0795,10.392,ECB EXR daily reference rate,1.0661566589684373,491.9611194180138,782.1240957832337
2022-10-25,2022-10-25,463.860267,2022-10-25,71.31400299072266,2022-10-25,10.9728,10.391,ECB EXR daily reference rate,1.0559907612356847,489.832156456318,782.5142920166015
2022-10-26,2022-10-26,457.859371,2022-10-26,71.4280014038086,2022-10-26,10.953,10.3408,ECB EXR daily reference rate,1.059202382794368,484.9657367479305,782.3508993759154
2022-10-27,2022-10-27,454.747597,2022-10-27,71.25599670410156,2022-10-27,10.9583,10.342,ECB EXR daily reference rate,1.0595919551344033,481.8468953979017,780.8445886825562
2022-10-28,2022-10-28,465.705299,2022-10-28,71.78800201416016,2022-10-28,10.9403,10.2695,ECB EXR daily reference rate,1.0653196358147914,496.12499952769855,785.3822784355164
2022-10-31,2022-10-31,465.860682,2022-10-31,72.4020004272461,2022-10-31,10.901,10.3028,ECB EXR daily reference rate,1.0580618860892186,492.90943185172966,789.2542066574097
2022-11-01,2022-11-01,463.459049,2022-11-01,72.41799926757812,2022-11-01,10.874,10.1835,ECB EXR daily reference rate,1.0678057642264447,494.88424400510627,787.4733240356446
2022-11-02,2022-11-02,455.933342,2022-11-02,71.98999786376953,2022-11-02,10.9065,10.2388,ECB EXR daily reference rate,1.0652127202406532,485.665995480232,785.1589117012023
2022-11-03,2022-11-03,458.598652,2022-11-03,71.18199920654297,2022-11-03,10.932,10.3543,ECB EXR daily reference rate,1.05579324531837,484.18535909370985,778.1616153259278
2022-11-04,2022-11-04,453.838743,2022-11-04,70.52799987792969,2022-11-04,10.8538,10.2019,ECB EXR daily reference rate,1.0638998617904507,482.8389759528519,765.4968050750732
2022-11-07,2022-11-07,456.490086,2022-11-07,70.91200256347656,2022-11-07,10.832,10.2555,ECB EXR daily reference rate,1.0562137389693336,482.15110053649266,768.1188117675782
2022-11-08,2022-11-08,458.44143,2022-11-08,71.61000061035156,2022-11-08,10.8373,10.2795,ECB EXR daily reference rate,1.0542633396565981,483.31799302874657,776.059059614563
2022-11-09,2022-11-09,456.999432,2022-11-09,70.79000091552734,2022-11-09,10.845,10.322,ECB EXR daily reference rate,1.0506684751017246,480.15489634179426,767.717559928894
2022-11-10,2022-11-10,469.268379,2022-11-10,72.46600341796875,2022-11-10,10.8743,10.3615,ECB EXR daily reference rate,1.049490903826666,492.4928952139844,788.0170609680175
2022-11-11,2022-11-11,467.211741,2022-11-11,72.2020034790039,2022-11-11,10.7241,10.2635,ECB EXR daily reference rate,1.0448774784430261,488.1790258350562,774.3015055091857
2022-11-14,2022-11-14,467.850413,2022-11-14,72.5260009765625,2022-11-14,10.7713,10.3143,ECB EXR daily reference rate,1.044307417856762,488.57965674324964,781.1993143188477
2022-11-15,2022-11-15,470.582097,2022-11-15,72.87000274658203,2022-11-15,10.8081,10.357,ECB EXR daily reference rate,1.0435550835183933,491.07833953709564,787.5862766853332
2022-11-16,2022-11-16,468.1057,2022-11-16,71.90399932861328,2022-11-16,10.8754,10.3675,ECB EXR daily reference rate,1.0489896310585967,491.03802553942614,781.984754298401
2022-11-17,2022-11-17,473.463328,2022-11-17,71.55599975585938,2022-11-17,10.9871,10.498,ECB EXR daily reference rate,1.0465898266336446,495.5219023689084,786.1929249176026
2022-11-18,2022-11-18,476.418326,2022-11-18,72.08799743652344,2022-11-18,10.9805,10.486,ECB EXR daily reference rate,1.0471581155826815,498.8853164832156,791.5622558517456
2022-11-21,2022-11-21,479.025021,2022-11-21,72.34400177001953,2022-11-21,10.9873,10.4898,ECB EXR daily reference rate,1.0474270243474613,501.74375233401014,794.8652506477356
2022-11-22,2022-11-22,477.908641,2022-11-22,72.81600189208984,2022-11-22,10.9653,10.4445,ECB EXR daily reference rate,1.0498635645555077,501.7388693721384,798.4493055473328
2022-11-23,2022-11-23,473.553045,2022-11-23,73.09200286865234,2022-11-23,10.8933,10.3659,ECB EXR daily reference rate,1.050878360779093,497.64664767154807,796.2131148490906
2022-11-24,2022-11-23,473.553045,2022-11-24,73.20999908447266,2022-11-24,10.8573,10.3435,ECB EXR daily reference rate,1.0496737081258762,497.0761807394499,794.862923059845
2022-11-25,2022-11-25,470.41123,2022-11-25,73.1259994506836,2022-11-25,10.8183,10.2985,ECB EXR daily reference rate,1.0504733699082391,494.15447002077974,791.0989998573303
2022-11-28,2022-11-28,468.6365,2022-11-28,72.5780029296875,2022-11-28,10.8973,10.364,ECB EXR daily reference rate,1.0514569664222306,492.7511126447317,790.9042713256836
2022-11-29,2022-11-29,467.796402,2022-11-29,72.1259994506836,2022-11-29,10.901,10.3313,ECB EXR daily reference rate,1.055143108805281,493.59214989420497,786.2455200119018
2022-11-30,2022-11-30,478.012729,2022-11-30,72.62000274658203,2022-11-30,10.9345,10.2648,ECB EXR daily reference rate,1.0652423817317436,509.1994179380505,794.0634200325012
2022-12-01,2022-12-01,470.957989,2022-12-01,73.36799621582031,2022-12-01,10.8984,10.2495,ECB EXR daily reference rate,1.0633104053856286,500.7745302031904,799.5937699584962
2022-12-02,2022-12-02,473.703233,2022-12-02,72.99800109863281,2022-12-02,10.902,10.2615,ECB EXR daily reference rate,1.0624177751790673,503.27073489899135,795.8242079772949
2022-12-05,2022-12-05,469.264445,2022-12-05,72.36599731445312,2022-12-05,10.8931,10.3366,ECB EXR daily reference rate,1.0538378190120543,494.5286192587021,788.2900453460694
2022-12-06,2022-12-06,468.32,2022-12-06,71.39800262451172,2022-12-06,10.889,10.4408,ECB EXR daily reference rate,1.042927745000383,488.4239215385794,777.452850578308
2022-12-07,2022-12-07,468.256001,2022-12-07,71.00800323486328,2022-12-07,10.919,10.5255,ECB EXR daily reference rate,1.0373853973682963,485.76193766747434,775.3363873214722
2022-12-08,2022-12-08,469.340067,2022-12-08,71.11799621582031,2022-12-08,10.906,10.488,ECB EXR daily reference rate,1.0398550724637683,488.04564938043484,775.6128667297364
2022-12-09,2022-12-09,468.195714,2022-12-09,71.48600006103516,2022-12-09,10.9188,10.5345,ECB EXR daily reference rate,1.0364801366937206,485.27555764613413,780.5413374664306
2022-12-12,2022-12-12,472.972822,2022-12-12,71.17400360107422,2022-12-12,10.9075,10.5548,ECB EXR daily reference rate,1.0334160760980786,488.777717812275,776.3304442787171
2022-12-13,2022-12-13,467.3448,2022-12-13,72.23400115966797,2022-12-13,10.8965,10.4679,ECB EXR daily reference rate,1.0409442199486048,486.4798682830367,787.097793636322
2022-12-14,2022-12-14,465.161271,2022-12-14,72.02999877929688,2022-12-14,10.8638,10.362,ECB EXR daily reference rate,1.0484269446052885,487.6876101032426,782.5195007385254
2022-12-15,2022-12-15,456.9044,2022-12-15,69.56199645996094,2022-12-15,10.898,10.4013,ECB EXR daily reference rate,1.0477536461788428,478.7232510551565,758.0866374206543
2022-12-16,2022-12-16,454.906443,2022-12-16,68.97799682617188,2022-12-16,11.0153,10.4833,ECB EXR daily reference rate,1.0507473791649575,477.99175274750314,759.813328439331
2022-12-19,2022-12-19,453.050813,2022-12-19,68.68800354003906,2022-12-19,11.0063,10.5025,ECB EXR daily reference rate,1.0479695310640325,474.7834480477887,756.0007733627319
2022-12-20,2022-12-20,451.663105,2022-12-20,68.49800109863281,2022-12-20,11.0615,10.5098,ECB EXR daily reference rate,1.0524938628708445,475.37264609768977,757.6906391525268
2022-12-21,2022-12-21,455.361223,2022-12-21,69.7239990234375,2022-12-21,11.0623,10.4309,ECB EXR daily reference rate,1.060531689499468,482.925007160734,771.3077943969727
2022-12-22,2022-12-22,451.220363,2022-12-22,68.69599914550781,2022-12-22,11.05,10.4123,ECB EXR daily reference rate,1.0612448738511184,478.8552972109909,759.0907905578614
2022-12-23,2022-12-23,453.513882,2022-12-23,68.85399627685547,2022-12-23,11.1045,10.4448,ECB EXR daily reference rate,1.0631606158088234,482.1580980649701,764.5892016563415
2022-12-26,2022-12-23,453.513882,2022-12-23,68.85399627685547,2022-12-23,11.1045,10.4448,ECB EXR daily reference rate,1.0631606158088234,482.1580980649701,764.5892016563415
2022-12-27,2022-12-27,449.603878,2022-12-27,68.8219985961914,2022-12-27,11.1285,10.4895,ECB EXR daily reference rate,1.060918060918061,476.9928744290005,765.8856113777161
2022-12-28,2022-12-28,448.529174,2022-12-28,68.45600128173828,2022-12-28,11.1038,10.4495,ECB EXR daily reference rate,1.06261543614527,476.6140238538877,760.1217470321656
2022-12-29,2022-12-29,454.958764,2022-12-29,68.98200225830078,2022-12-29,11.158,10.55,ECB EXR daily reference rate,1.0576303317535545,481.17818850350704,769.70118119812
2022-12-30,2022-12-30,451.73704,2022-12-30,68.47799682617188,2022-12-30,11.1218,10.5138,ECB EXR daily reference rate,1.0578287583937303,477.86043214365884,761.5985851013183
2023-01-02,2022-12-31,451.734611,2023-01-02,69.85800170898438,2023-01-02,11.1663,10.5135,ECB EXR daily reference rate,1.0620915965187616,479.7835341997717,780.0554044830322
2023-01-03,2023-01-03,460.133035,2023-01-03,69.15799713134766,2023-01-03,11.143,10.528,ECB EXR daily reference rate,1.0584156534954408,487.0120069343655,770.627562034607
2023-01-04,2023-01-04,466.851385,2023-01-04,69.85399627685547,2023-01-04,11.1653,10.738,ECB EXR daily reference rate,1.0397932575898678,485.4289224194916,779.9408246299744
2023-01-05,2023-01-05,468.874795,2023-01-05,69.4020004272461,2023-01-05,11.1848,10.7248,ECB EXR daily reference rate,1.042891242727137,488.98541764098167,776.247494378662
2023-01-06,2023-01-06,468.480389,2023-01-06,70.06199645996094,2023-01-06,11.258,10.807,ECB EXR daily reference rate,1.041732210604238,488.0311112577033,788.7579561462402
2023-01-09,2023-01-09,463.534088,2023-01-09,70.48200225830078,2023-01-09,11.196,10.6108,ECB EXR daily reference rate,1.0551513552229803,489.0986211452482,789.1164972839355
2023-01-10,2023-01-10,470.880486,2023-01-10,69.6760025024414,2023-01-10,11.1963,10.6785,ECB EXR daily reference rate,1.0484899564545582,493.71346026144124,780.1134268180848
2023-01-11,2023-01-11,476.822627,2023-01-11,70.3280029296875,2023-01-11,11.2783,10.738,ECB EXR daily reference rate,1.0503166325200224,500.8147358999907,793.1803154418945
2023-01-12,2023-01-12,476.529942,2023-01-12,70.55999755859375,2023-01-12,11.273,10.7228,ECB EXR daily reference rate,1.0513112246801208,500.98127692076696,795.4228524780273
2023-01-13,2023-01-13,476.841164,2023-01-13,70.81600189208984,2023-01-13,11.2528,10.6945,ECB EXR daily reference rate,1.0522044041329657,501.73437283268976,796.8783060913087
2023-01-16,2023-01-13,476.841164,2023-01-16,71.10399627685547,2023-01-16,11.2725,10.6945,ECB EXR daily reference rate,1.0540464724858574,502.6127468502502,801.5197980308533
2023-01-17,2023-01-17,476.0797,2023-01-17,71.36799621582031,2023-01-17,11.285,10.7463,ECB EXR daily reference rate,1.05012888156854,499.945042898486,805.3878372955322
2023-01-18,2023-01-18,471.310287,2023-01-18,70.90399932861328,2023-01-18,11.1735,10.6553,ECB EXR daily reference rate,1.0486330746201422,494.23155535691166,792.2458364982606
2023-01-19,2023-01-19,470.533335,2023-01-19,69.88200378417969,2023-01-19,11.1533,10.746,ECB EXR daily reference rate,1.0379024753396613,488.3677131263261,779.4149528060913
2023-01-20,2023-01-20,475.76252,2023-01-20,70.36000061035156,2023-01-20,11.1655,10.7135,ECB EXR daily reference rate,1.0421897605824426,495.83482681289956,785.6045868148803
2023-01-23,2023-01-23,476.391462,2023-01-23,71.4280014038086,2023-01-23,11.1183,10.6835,ECB EXR daily reference rate,1.040698273037862,495.7797717933822,794.157948007965
2023-01-24,2023-01-24,479.591052,2023-01-24,71.30599975585938,2023-01-24,11.0995,10.7193,ECB EXR daily reference rate,1.0354687339658373,496.60153943578405,791.4609442901611
2023-01-25,2023-01-25,482.818313,2023-01-25,70.74400329589844,2023-01-25,11.1335,10.7896,ECB EXR daily reference rate,1.0318732853859272,498.2073188798009,787.6283606948853
2023-01-26,2023-01-26,485.465561,2023-01-26,71.56800079345703,2023-01-26,11.1763,10.762,ECB EXR daily reference rate,1.0384965619773276,504.15431605689463,799.8654472679137
2023-01-27,2023-01-27,486.228112,2023-01-27,72.20999908447266,2023-01-27,11.2108,10.76,ECB EXR daily reference rate,1.0418959107806693,506.59908159940534,809.5318577362061
2023-01-30,2023-01-30,483.571316,2023-01-30,71.86000061035156,2023-01-30,11.262,10.7925,ECB EXR daily reference rate,1.0435024322446143,504.60784440972895,809.2873268737793
2023-01-31,2023-01-31,490.707458,2023-01-31,71.81800079345703,2023-01-31,11.348,10.9083,ECB EXR daily reference rate,1.040308755718123,510.4872650535831,814.9906730041505
2023-02-01,2023-02-01,494.87592,2023-02-01,71.75399780273438,2023-02-01,11.3455,10.8569,ECB EXR daily reference rate,1.0450036382392764,517.1471368770091,814.0849820709228
2023-02-02,2023-02-02,502.805218,2023-02-02,73.45600128173828,2023-02-02,11.3587,10.9535,ECB EXR daily reference rate,1.0369927420459215,521.4053617288174,834.3646817588807
2023-02-03,2023-02-03,504.032689,2023-02-03,73.85600280761719,2023-02-03,11.3323,10.9783,ECB EXR daily reference rate,1.0322454296202508,520.2854395994552,836.9583806167602
2023-02-06,2023-02-06,509.663809,2023-02-06,73.45600128173828,2023-02-06,11.3652,11.0428,ECB EXR daily reference rate,1.0291954938964756,524.543695624914,834.842145767212
2023-02-07,2023-02-07,516.761102,2023-02-07,73.62799835205078,2023-02-07,11.3805,11.1253,ECB EXR daily reference rate,1.0229387072708152,528.614933647722,837.9234352455139
2023-02-08,2023-02-08,509.848935,2023-02-08,73.52799987792969,2023-02-08,11.3423,11.026,ECB EXR daily reference rate,1.0286867404317068,524.4748390577272,833.9766330154418
2023-02-09,2023-02-09,498.239971,2023-02-09,73.60199737548828,2023-02-09,11.139,10.9123,ECB EXR daily reference rate,1.0207747221025814,508.5907679379232,819.8526487655639
2023-02-10,2023-02-10,497.676958,2023-02-10,73.28800201416016,2023-02-10,11.163,10.871,ECB EXR daily reference rate,1.0268604544200166,511.04478724625153,818.1139664840698
2023-02-13,2023-02-13,501.043689,2023-02-13,73.74800109863281,2023-02-13,11.155,10.8213,ECB EXR daily reference rate,1.0308373300804892,516.4945386224389,822.658952255249
2023-02-14,2023-02-14,503.935884,2023-02-14,73.45800018310547,2023-02-14,11.101,10.8778,ECB EXR daily reference rate,1.020518854915516,514.2760712905183,815.4572600326538
2023-02-15,2023-02-15,508.26056,2023-02-15,74.0739974975586,2023-02-15,11.14,10.9193,ECB EXR daily reference rate,1.0202119183464142,518.5334809374227,825.1843321228027
2023-02-16,2023-02-16,505.232442,2023-02-16,73.9540023803711,2023-02-16,11.142,10.9513,ECB EXR daily reference rate,1.0174134577630052,514.0302857892669,823.9954945220946
2023-02-17,2023-02-17,506.377041,2023-02-17,73.13200378417969,2023-02-17,11.1983,11.015,ECB EXR daily reference rate,1.0166409441670448,514.8036330667544,818.9541179763794
2023-02-20,2023-02-17,506.377041,2023-02-20,73.24199676513672,2023-02-20,11.062,10.9683,ECB EXR daily reference rate,1.0085428006163215,510.7029190979459,810.2029682159423
2023-02-21,2023-02-21,496.154124,2023-02-21,72.55799865722656,2023-02-21,11.0098,10.9468,ECB EXR daily reference rate,1.005755106515146,499.00954383154897,798.849053616333
2023-02-22,2023-02-22,497.775473,2023-02-22,72.5199966430664,2023-02-22,11.0163,10.9665,ECB EXR daily reference rate,1.0045411024483655,500.0359224191766,798.9020390190124
2023-02-23,2023-02-23,498.158063,2023-02-23,72.4520034790039,2023-02-23,11.0579,10.9545,ECB EXR daily reference rate,1.0094390433155325,502.86019853463876,801.1670092704773
2023-02-24,2023-02-24,497.797716,2023-02-24,72.11000061035156,2023-02-24,11.003,10.937,ECB EXR daily reference rate,1.006034561579958,500.8017069715644,793.4263367156982
2023-02-27,2023-02-27,497.545996,2023-02-27,72.51000213623047,2023-02-27,11.0595,10.9635,ECB EXR daily reference rate,1.0087563278150227,501.90267184402796,801.9243686256409
2023-02-28,2023-02-28,496.113002,2023-02-28,72.24400329589844,2023-02-28,11.078,10.9713,ECB EXR daily reference rate,1.0097253743858978,500.93788668216166,800.3190685119629
2023-03-01,2023-03-01,497.224612,2023-03-01,71.52400207519531,2023-03-01,11.1,11.0365,ECB EXR daily reference rate,1.0057536356634802,500.0854612603633,793.9164230346679
2023-03-02,2023-03-02,501.256753,2023-03-02,71.8479995727539,2023-03-02,11.135,11.085,ECB EXR daily reference rate,1.0045105999097879,503.51772166486234,800.0274752426147
2023-03-03,2023-03-03,508.875717,2023-03-03,73.02999877929688,2023-03-03,11.143,11.061,ECB EXR daily reference rate,1.007413434590001,512.6482338424194,813.7732763977051
2023-03-06,2023-03-06,509.573874,2023-03-06,73.3479995727539,2023-03-06,11.159,11.1109,ECB EXR daily reference rate,1.0043290822525628,511.7798612143031,818.4903272323609
2023-03-07,2023-03-07,512.467153,2023-03-07,72.8759994506836,2023-03-07,11.2285,11.1935,ECB EXR daily reference rate,1.0031268146692276,514.0695428114977,818.2881598320008
2023-03-08,2023-03-08,511.652877,2023-03-08,72.75399780273438,2023-03-08,11.2835,11.2205,ECB EXR daily reference rate,1.0056147230515575,514.5256662028876,820.9197342071533
2023-03-09,2023-03-09,506.038789,2023-03-09,72.7760009765625,2023-03-09,11.3365,11.2715,ECB EXR daily reference rate,1.0057667568646587,508.9569916602493,825.0251350708007
2023-03-10,2023-03-10,496.369629,2023-03-10,71.22000122070312,2023-03-10,11.3915,11.29,ECB EXR daily reference rate,1.008990256864482,500.8321194644376,811.3026439056397
2023-03-13,2023-03-13,491.814052,2023-03-13,69.5719985961914,2023-03-13,11.439,11.3893,ECB EXR daily reference rate,1.0043637449184761,493.96020307025015,795.8340919418335
2023-03-14,2023-03-14,498.997349,2023-03-14,70.56400299072266,2023-03-14,11.288,11.335,ECB EXR daily reference rate,0.9958535509483899,496.92828191548296,796.5264657592774
2023-03-15,2023-03-15,504.554886,2023-03-15,69.9020004272461,2023-03-15,11.202,11.34,ECB EXR daily reference rate,0.9878306878306878,498.4148000857143,783.0422087860107
2023-03-16,2023-03-16,511.328441,2023-03-16,70.87000274658203,2023-03-16,11.1781,11.4487,ECB EXR daily reference rate,0.9763641286783652,499.2427477654319,792.1919777015686
2023-03-17,2023-03-17,503.044611,2023-03-17,70.3280029296875,2023-03-17,11.1995,11.4218,ECB EXR daily reference rate,0.9805372183018439,493.2539635516731,787.6384688110352
2023-03-20,2023-03-20,505.187558,2023-03-20,70.36399841308594,2023-03-20,11.1564,11.421,ECB EXR daily reference rate,0.9768321513002365,493.483449091253,785.0089118957519
2023-03-21,2023-03-21,506.496639,2023-03-21,70.91200256347656,2023-03-21,11.099,11.3125,ECB EXR daily reference rate,0.9811270718232045,496.9375643103647,787.0523164520264
2023-03-22,2023-03-22,498.408621,2023-03-22,71.0479965209961,2023-03-22,11.1535,11.332,ECB EXR daily reference rate,0.9842481468408046,490.55776158873095,792.4338291969299
2023-03-23,2023-03-23,491.170857,2023-03-23,70.45600128173828,2023-03-23,11.222,11.284,ECB EXR daily reference rate,0.9945054945054944,488.4721160274725,790.6572463836669
2023-03-24,2023-03-24,500.066664,2023-03-24,70.26599884033203,2023-03-24,11.208,11.3065,ECB EXR daily reference rate,0.9912881970547915,495.71018176376424,787.5413150024414
2023-03-27,2023-03-27,502.633238,2023-03-27,70.85399627685547,2023-03-27,11.212,11.338,ECB EXR daily reference rate,0.9888869289116247,497.04743909472575,794.4150062561035
2023-03-28,2023-03-28,497.642259,2023-03-28,70.50599670410156,2023-03-28,11.2195,11.324,ECB EXR daily reference rate,0.9907718120805369,493.0499227172819,791.0420300216675
2023-03-29,2023-03-29,505.416607,2023-03-29,71.2020034790039,2023-03-29,11.2955,11.3005,ECB EXR daily reference rate,0.9995575417016948,505.19298122813154,804.2622302970886
2023-03-30,2023-03-30,508.609814,2023-03-30,71.56199645996094,2023-03-30,11.3037,11.357,ECB EXR daily reference rate,0.9953068592057761,506.22283653357397,808.9153393844604
2023-03-31,2023-03-31,517.929927,2023-03-31,72.37799835205078,2023-03-31,11.2805,11.394,ECB EXR daily reference rate,0.990038616815868,512.7706285346235,816.4600104103089
2023-04-03,2023-04-03,511.877984,2023-04-03,72.54399871826172,2023-04-03,11.2835,11.2515,ECB EXR daily reference rate,1.0028440652357464,513.3337983792384,818.5502095375061
2023-04-04,2023-04-04,509.166879,2023-04-04,72.13800048828125,2023-04-04,11.2525,11.2345,ECB EXR daily reference rate,1.0016022074858693,509.98266998509047,811.7328504943847
2023-04-05,2023-04-05,514.543411,2023-04-05,71.99199676513672,2023-04-05,11.3265,11.399,ECB EXR daily reference rate,0.9936397929642952,511.2708083771822,815.417351360321
2023-04-06,2023-04-05,514.543411,2023-04-06,72.04199981689453,2023-04-06,11.3875,11.3855,ECB EXR daily reference rate,1.0001756620262614,514.6337967381758,820.3782729148865
2023-04-07,2023-04-05,514.543411,2023-04-06,72.04199981689453,2023-04-06,11.3875,11.3855,ECB EXR daily reference rate,1.0001756620262614,514.6337967381758,820.3782729148865
2023-04-10,2023-04-05,514.543411,2023-04-06,72.04199981689453,2023-04-06,11.3875,11.3855,ECB EXR daily reference rate,1.0001756620262614,514.6337967381758,820.3782729148865
2023-04-11,2023-04-11,524.403561,2023-04-11,72.49600219726562,2023-04-11,11.4255,11.5435,ECB EXR daily reference rate,0.9897777970286308,519.0430013605492,828.3030731048584
2023-04-12,2023-04-12,518.081147,2023-04-12,72.2020034790039,2023-04-12,11.348,11.4745,ECB EXR daily reference rate,0.9889755544903918,512.3695896253431,819.3483354797364
2023-04-13,2023-04-13,517.77682,2023-04-13,72.11399841308594,2023-04-13,11.3886,11.457,ECB EXR daily reference rate,0.9940298507462686,514.6856151044776,821.2774823272705
2023-04-14,2023-04-14,518.992329,2023-04-14,72.63400268554688,2023-04-14,11.3455,11.402,ECB EXR daily reference rate,0.9950447289949131,516.4205813602439,824.069077468872
2023-04-17,2023-04-17,524.173325,2023-04-17,72.97000122070312,2023-04-17,11.3163,11.364,ECB EXR daily reference rate,0.9958025343189018,521.9731254573653,825.7504248138428
2023-04-18,2023-04-18,525.614441,2023-04-18,73.12200164794922,2023-04-18,11.2955,11.4675,ECB EXR daily reference rate,0.9850010900370614,517.7307973242207,825.9495696144104
2023-04-19,2023-04-19,529.835782,2023-04-19,73.00199890136719,2023-04-19,11.306,11.5335,ECB EXR daily reference rate,0.9802748515194867,519.3846925297611,825.3605995788573
2023-04-20,2023-04-20,528.818635,2023-04-20,72.7760009765625,2023-04-20,11.328,11.604,ECB EXR daily reference rate,0.9762150982419855,516.2407357187176,824.4065390625
2023-04-21,2023-04-21,530.724128,2023-04-21,72.66400146484375,2023-04-21,11.3315,11.6505,ECB EXR daily reference rate,0.9726192008926656,516.1924772698168,823.392132598877
2023-04-24,2023-04-24,529.046948,2023-04-24,72.4280014038086,2023-04-24,11.309,11.647,ECB EXR daily reference rate,0.9709796514123807,513.693821149824,819.0882678756714
2023-04-25,2023-04-25,527.33667,2023-04-25,72.29199981689453,2023-04-25,11.3045,11.695,ECB EXR daily reference rate,0.9666096622488244,509.72872048011976,817.2249119300843
2023-04-26,2023-04-26,523.57469,2023-04-26,71.52999877929688,2023-04-26,11.3855,11.722,ECB EXR daily reference rate,0.9712932946596144,508.54458565048634,814.4048011016846
2023-04-27,2023-04-27,531.929043,2023-04-27,71.9020004272461,2023-04-27,11.3805,11.714,ECB EXR daily reference rate,0.9715297934095953,516.7849132543537,818.2807158622742
2023-04-28,2023-04-28,537.912777,2023-04-28,72.56600189208984,2023-04-28,11.3515,11.791,ECB EXR daily reference rate,0.9627258078195233,517.8625127737681,823.7329704780578
2023-05-01,2023-04-28,537.912777,2023-04-28,72.56600189208984,2023-04-28,11.3515,11.791,ECB EXR daily reference rate,0.9627258078195233,517.8625127737681,823.7329704780578
2023-05-02,2023-05-02,538.557568,2023-05-02,71.88200378417969,2023-05-02,11.2915,11.762,ECB EXR daily reference rate,0.9599982996089099,517.0143495215099,811.6556457290649
2023-05-03,2023-05-03,535.115772,2023-05-03,71.93800354003906,2023-05-03,11.3265,11.886,ECB EXR daily reference rate,0.9529278142352348,509.92670297476025,814.8057970962524
2023-05-04,2023-05-04,529.32042,2023-05-04,71.45800018310547,2023-05-04,11.341,11.8282,ECB EXR daily reference rate,0.958810300806547,507.5178711232478,810.4051800765991
2023-05-05,2023-05-05,530.4013,2023-05-05,72.4000015258789,2023-05-05,11.2365,11.6895,ECB EXR daily reference rate,0.9612472731938918,509.84680332349535,813.5226171455383
2023-05-08,2023-05-08,527.471349,2023-05-08,72.63800048828125,2023-05-08,11.2012,11.5505,ECB EXR daily reference rate,0.9697588848967578,511.5200272212286,813.632771069336
2023-05-09,2023-05-09,529.183,2023-05-09,72.88999938964844,2023-05-09,11.1885,11.575,ECB EXR daily reference rate,0.9666090712742981,511.5130881641469,815.5297581710815
2023-05-10,2023-05-10,526.541867,2023-05-10,72.78199768066406,2023-05-10,11.1938,11.5485,ECB EXR daily reference rate,0.9692860544659478,510.3696887755639,814.7071256378174
2023-05-11,2023-05-11,533.318091,2023-05-11,73.00800323486328,2023-05-11,11.2184,11.518,ECB EXR daily reference rate,0.9739885396770273,519.4457086364299,819.0329834899903
2023-05-12,2023-05-12,534.5493,2023-05-12,73.23600006103516,2023-05-12,11.2425,11.631,ECB EXR daily reference rate,0.9665978849625999,516.6942227882383,823.3557306861877
2023-05-15,2023-05-15,533.124492,2023-05-15,73.4540023803711,2023-05-15,11.2905,11.583,ECB EXR daily reference rate,0.9747474747474747,519.6617523030303,829.3324138755798
2023-05-16,2023-05-16,533.800573,2023-05-16,73.31800079345703,2023-05-16,11.2765,11.613,ECB EXR daily reference rate,0.9710238525790064,518.3330889033411,826.7704359474183
2023-05-17,2023-05-16,533.800573,2023-05-17,73.5199966430664,2023-05-17,11.325,11.7295,ECB EXR daily reference rate,0.9655143015473805,515.3920874056864,832.613961982727
2023-05-18,2023-05-16,533.800573,2023-05-18,74.58799743652344,2023-05-18,11.3609,11.737,ECB EXR daily reference rate,0.9679560364658772,516.6954869042942,847.3867800765992
2023-05-19,2023-05-19,550.078847,2023-05-19,74.53399658203125,2023-05-19,11.3695,11.701,ECB EXR daily reference rate,0.9716690881121272,534.4946116542603,847.4142741394044
2023-05-22,2023-05-22,551.83212,2023-05-22,74.83000183105469,2023-05-22,11.3765,11.7765,ECB EXR daily reference rate,0.9660340508640088,533.0886182804738,851.3035158309937
2023-05-23,2023-05-23,548.28532,2023-05-23,74.61799621582031,2023-05-23,11.4494,11.792,ECB EXR daily reference rate,0.9709464043419268,532.3556600074627,854.3312858734131
2023-05-24,2023-05-24,543.751474,2023-05-24,73.49400329589844,2023-05-24,11.5103,11.8175,ECB EXR daily reference rate,0.9740046541146604,529.6164663577068,845.9380261367799
2023-05-25,2023-05-25,549.636,2023-05-25,73.80999755859375,2023-05-25,11.549,11.7695,ECB EXR daily reference rate,0.9812651344577084,539.338643442797,852.4316618041992
2023-05-26,2023-05-26,557.866833,2023-05-26,74.85800170898438,2023-05-26,11.528,11.8218,ECB EXR daily reference rate,0.9751476086551965,544.0025081479979,862.963043701172
2023-05-29,2023-05-26,557.866833,2023-05-29,75.10199737548828,2023-05-29,11.5956,11.9175,ECB EXR daily reference rate,0.9729893014474511,542.798460141372,870.8527207672118
2023-05-30,2023-05-30,562.697585,2023-05-30,74.7699966430664,2023-05-30,11.634,11.8745,ECB EXR daily reference rate,0.9797465156427639,551.300998264348,869.8741409454346
2023-05-31,2023-05-31,555.71875,2023-05-31,74.33599853515625,2023-05-31,11.6278,12.0045,ECB EXR daily reference rate,0.9686201007955351,538.2803516389688,864.3641237670898
2023-06-01,2023-06-01,560.43582,2023-06-01,74.7239990234375,2023-06-01,11.6455,11.967,ECB EXR daily reference rate,0.9731344530793014,545.3794051817498,870.1983306274415
2023-06-02,2023-06-02,563.922816,2023-06-02,76.06400299072266,2023-06-02,11.5505,11.845,ECB EXR daily reference rate,0.9751371886872097,549.9021094308147,878.577266544342
2023-06-05,2023-06-05,564.878428,2023-06-05,76.28399658203125,2023-06-05,11.642,11.8275,ECB EXR daily reference rate,0.9843162122172902,556.0189946122173,888.0982882080077
2023-06-06,2023-06-06,568.320017,2023-06-06,76.4260025024414,2023-06-06,11.6215,11.8775,ECB EXR daily reference rate,0.9784466428120395,556.0708126765312,888.1847880821227
2023-06-07,2023-06-07,563.394989,2023-06-07,76.27999877929688,2023-06-07,11.6255,11.7975,ECB EXR daily reference rate,0.9854206399660946,555.1810506140708,886.7931258087159
2023-06-08,2023-06-08,559.263617,2023-06-08,75.88200378417969,2023-06-08,11.648,11.758,ECB EXR daily reference rate,0.9906446674604525,554.0315198856948,883.873580078125
2023-06-09,2023-06-09,552.38889,2023-06-09,76.25399780273438,2023-06-09,11.673,11.612,ECB EXR daily reference rate,1.0052531863589391,555.2906917817775,890.1129163513184
2023-06-12,2023-06-12,560.610913,2023-06-12,76.46600341796875,2023-06-12,11.6185,11.634,ECB EXR daily reference rate,0.9986676981261817,559.8640100301271,888.4202607116698
2023-06-13,2023-06-13,555.304637,2023-06-13,77.18399810791016,2023-06-13,11.64,11.6235,ECB EXR daily reference rate,1.001419538004904,556.0929130365209,898.4217379760743
2023-06-14,2023-06-14,551.927693,2023-06-14,77.18199920654297,2023-06-14,11.5605,11.476,ECB EXR daily reference rate,1.007363192750087,555.9916429876698,892.2625018272399
2023-06-15,2023-06-15,556.645508,2023-06-15,76.89600372314453,2023-06-15,11.6206,11.5025,ECB EXR daily reference rate,1.0102673331884373,562.3607728984829,893.5777008651733
2023-06-16,2023-06-16,558.000757,2023-06-16,77.21399688720703,2023-06-16,11.5925,11.517,ECB EXR daily reference rate,1.0065555266128332,561.6587458124945,895.1032589149474
2023-06-19,2023-06-16,558.000757,2023-06-19,76.75800323486328,2023-06-19,11.6943,11.6335,ECB EXR daily reference rate,1.0052262861563588,560.9170286315468,897.6311172294617
2023-06-20,2023-06-20,565.139889,2023-06-20,76.39399719238281,2023-06-20,11.758,11.7155,ECB EXR daily reference rate,1.00362767274124,567.1900315703128,898.240618988037
2023-06-21,2023-06-21,557.800803,2023-06-21,76.01000213623047,2023-06-21,11.7563,11.747,ECB EXR daily reference rate,1.000791691495701,558.2424091520302,893.5963881141662
2023-06-22,2023-06-22,554.556229,2023-06-22,75.82599639892578,2023-06-22,11.7224,11.599,ECB EXR daily reference rate,1.010638848176567,560.4560685257005,888.8626601867676
2023-06-23,2023-06-23,562.393185,2023-06-23,75.76399993896484,2023-06-23,11.675,11.8565,ECB EXR daily reference rate,0.9846919411293383,553.7840370155611,884.5446992874146
2023-06-26,2023-06-26,552.579022,2023-06-26,75.59200286865234,2023-06-26,11.6825,11.708,ECB EXR daily reference rate,0.9978220020498804,551.3755060228049,883.1035735130309
2023-06-27,2023-06-27,560.252907,2023-06-27,75.5199966430664,2023-06-27,11.7405,11.7563,ECB EXR daily reference rate,0.9986560397403946,559.4999493576637,886.6425205879212
2023-06-28,2023-06-28,564.109479,2023-06-28,76.2699966430664,2023-06-28,11.795,11.8395,ECB EXR daily reference rate,0.9962413953291948,561.9892144773851,899.6046104049683
2023-06-29,2023-06-29,563.727235,2023-06-29,76.53800201416016,2023-06-29,11.8175,11.7645,ECB EXR daily reference rate,1.0045050788388799,566.2668706372987,904.4878388023377
2023-06-30,2023-06-30,566.917673,2023-06-30,77.2020034790039,2023-06-30,11.8055,11.704,ECB EXR daily reference rate,1.0086722488038278,571.8341241115431,911.4082520713806
2023-07-03,2023-07-03,567.143892,2023-07-03,77.39399719238281,2023-07-03,11.833,11.6945,ECB EXR daily reference rate,1.0118431741416907,573.8606758763523,915.8031687774659
2023-07-04,2023-07-03,567.143892,2023-07-04,77.48600006103516,2023-07-04,11.812,11.5958,ECB EXR daily reference rate,1.0186446816950965,577.7181093416582,915.2646327209472
2023-07-05,2023-07-05,562.552707,2023-07-05,77.41400146484375,2023-07-05,11.8295,11.6455,ECB EXR daily reference rate,1.0158000944570864,571.4410929076897,915.7689303283692
2023-07-06,2023-07-06,563.259952,2023-07-06,76.14399719238281,2023-07-06,11.9045,11.637,ECB EXR daily reference rate,1.022987024147117,576.207622117728,906.4562145767212
2023-07-07,2023-07-07,554.2708,2023-07-07,76.14199829101562,2023-07-07,11.9075,11.7085,ECB EXR daily reference rate,1.0169961993423582,563.6912970064484,906.6608446502686
2023-07-10,2023-07-10,550.763422,2023-07-10,75.84600067138672,2023-07-10,11.8745,11.5635,ECB EXR daily reference rate,1.02689497124573,565.5761883978898,900.6333349723816
2023-07-11,2023-07-11,547.097871,2023-07-11,76.14199829101562,2023-07-11,11.76,11.452,ECB EXR daily reference rate,1.0268948655256724,561.8119946699268,895.4298999023438
2023-07-12,2023-07-12,539.55007,2023-07-12,76.4739990234375,2023-07-12,11.68,11.331,ECB EXR daily reference rate,1.0308004589180126,556.1684597652459,893.21630859375
2023-07-13,2023-07-13,538.14141,2023-07-13,76.51799774169922,2023-07-13,11.51,11.248,ECB EXR daily reference rate,1.0232930298719773,550.676353938478,880.722154006958
2023-07-14,2023-07-14,539.213354,2023-07-14,76.49800109863281,2023-07-14,11.493,11.2105,ECB EXR daily reference rate,1.0251995896703983,552.8013092655992,879.1915266265869
2023-07-17,2023-07-17,540.1127,2023-07-17,76.4219970703125,2023-07-17,11.4873,11.242,ECB EXR daily reference rate,1.0218199608610565,551.8979379745596,877.8824069458008
2023-07-18,2023-07-18,545.525774,2023-07-18,76.83599853515625,2023-07-18,11.504,11.3395,ECB EXR daily reference rate,1.0145068124696857,553.439614100798,883.9213271484375
2023-07-19,2023-07-19,545.927994,2023-07-19,77.49400329589844,2023-07-19,11.476,11.266,ECB EXR daily reference rate,1.0186401562222618,556.104177094266,889.3211818237305
2023-07-20,2023-07-20,542.985308,2023-07-20,77.5719985961914,2023-07-20,11.4795,11.1555,ECB EXR daily reference rate,1.0290439693424769,558.7557566389675,890.4877578849793
2023-07-21,2023-07-21,545.601921,2023-07-21,77.69999694824219,2023-07-21,11.5517,11.1775,ECB EXR daily reference rate,1.0334779691344218,563.8675652709192,897.5670547470093
2023-07-24,2023-07-24,546.221313,2023-07-24,77.99199676513672,2023-07-24,11.5495,11.1925,ECB EXR daily reference rate,1.0318963591690864,563.6437841852579,900.7685666389466
2023-07-25,2023-07-25,549.011258,2023-07-25,78.39600372314453,2023-07-25,11.495,11.1605,ECB EXR daily reference rate,1.0299717754580886,565.4661001487387,901.1620627975464
2023-07-26,2023-07-26,550.728764,2023-07-26,78.09200286865234,2023-07-26,11.5313,11.2,ECB EXR daily reference rate,1.0295803571428572,567.0195175279642,900.5023126792908
2023-07-27,2023-07-27,548.649745,2023-07-27,79.19999694824219,2023-07-27,11.4985,11.1275,ECB EXR daily reference rate,1.0333408222871265,566.9421786459224,910.6811649093628
2023-07-28,2023-07-28,555.156311,2023-07-28,78.97200012207031,2023-07-28,11.5545,11.168,ECB EXR daily reference rate,1.0346078080229228,574.3690540338021,912.4819754104615
2023-07-31,2023-07-31,553.540302,2023-07-31,79.01200103759766,2023-07-31,11.5895,11.1805,ECB EXR daily reference rate,1.0365815482312954,573.7896632555788,915.709586025238
2023-08-01,2023-08-01,554.697649,2023-08-01,78.94000244140625,2023-08-01,11.6496,11.211,ECB EXR daily reference rate,1.039122290607439,576.3986916234412,919.6194524414062
2023-08-02,2023-08-02,552.100373,2023-08-02,78.1240005493164,2023-08-02,11.681,11.1615,ECB EXR daily reference rate,1.046543923307799,577.7972904191192,912.5664504165649
2023-08-03,2023-08-03,548.067178,2023-08-03,77.72200012207031,2023-08-03,11.7415,11.2765,ECB EXR daily reference rate,1.041236199175276,570.6673853134395,912.5728644332886
2023-08-04,2023-08-04,539.441137,2023-08-04,77.60199737548828,2023-08-04,11.7,11.1858,ECB EXR daily reference rate,1.0459689964061578,564.2387046880867,907.9433692932129
2023-08-07,2023-08-07,545.106024,2023-08-07,77.4260025024414,2023-08-07,11.6625,11.1485,ECB EXR daily reference rate,1.046104857155671,570.2380593712159,902.9807541847229
2023-08-08,2023-08-08,550.786211,2023-08-08,77.21800231933594,2023-08-08,11.744,11.295,ECB EXR daily reference rate,1.0397521027003098,572.6811210255865,906.8482192382812
2023-08-09,2023-08-09,542.684475,2023-08-09,77.16400146484375,2023-08-09,11.7195,11.2063,ECB EXR daily reference rate,1.0457956685078929,567.5370733214799,904.3235151672363
2023-08-10,2023-08-10,544.276299,2023-08-10,77.55999755859375,2023-08-10,11.694,11.1785,ECB EXR daily reference rate,1.0461153106409626,569.3757696028985,906.9866114501954
2023-08-11,2023-08-11,552.403391,2023-08-11,77.03800201416016,2023-08-11,11.8075,11.4225,ECB EXR daily reference rate,1.033705405996936,571.0223715677392,909.6262087821959
2023-08-14,2023-08-14,556.836798,2023-08-14,77.5199966430664,2023-08-14,11.8405,11.434,ECB EXR daily reference rate,1.0355518628651392,576.6333834807593,917.8755202522278
2023-08-15,2023-08-15,552.425124,2023-08-15,77.00199890136719,2023-08-15,11.839,11.4705,ECB EXR daily reference rate,1.0321258881478577,570.1722717436904,911.6266649932861
2023-08-16,2023-08-16,551.707225,2023-08-16,76.84400177001953,2023-08-16,11.828,11.453,ECB EXR daily reference rate,1.0327425128787218,569.7715059198464,908.910852935791
2023-08-17,2023-08-17,547.435425,2023-08-17,76.32599639892578,2023-08-17,11.8666,11.4985,ECB EXR daily reference rate,1.0320128712440753,564.9604047749706,905.7300688674927
2023-08-18,2023-08-18,551.394019,2023-08-18,75.74800109863281,2023-08-18,11.9383,11.58,ECB EXR daily reference rate,1.0309412780656304,568.4548546656044,904.3023615158081
2023-08-21,2023-08-21,552.638779,2023-08-21,75.78399658203125,2023-08-21,11.9095,11.5205,ECB EXR daily reference rate,1.033765895577449,571.2991223037628,902.5495072937011
2023-08-22,2023-08-22,552.166664,2023-08-22,76.51599884033203,2023-08-22,11.863,11.5195,ECB EXR daily reference rate,1.0298190025608749,568.6317231678457,907.7092942428588
2023-08-23,2023-08-23,558.067965,2023-08-23,76.98600006103516,2023-08-23,11.9061,11.573,ECB EXR daily reference rate,1.0287825110170223,574.1305623508597,916.6030153266908
2023-08-24,2023-08-24,554.921041,2023-08-24,76.72000122070312,2023-08-24,11.9175,11.5775,ECB EXR daily reference rate,1.029367307277046,571.2175777255452,914.3106145477295
2023-08-25,2023-08-25,558.518964,2023-08-25,76.7699966430664,2023-08-25,11.895,11.518,ECB EXR daily reference rate,1.0327313769751691,576.800058758465,913.1791100692749
2023-08-28,2023-08-28,562.060832,2023-08-28,77.3239974975586,2023-08-28,11.9,11.5705,ECB EXR daily reference rate,1.0284775938809905,578.0669721101076,920.1555702209473
2023-08-29,2023-08-29,567.724213,2023-08-29,77.98999786376953,2023-08-29,11.882,11.5645,ECB EXR daily reference rate,1.0274547105365557,583.3109169325088,926.6771546173095
2023-08-30,2023-08-30,564.753583,2023-08-30,77.95800018310547,2023-08-30,11.841,11.546,ECB EXR daily reference rate,1.0255499740169756,579.1830223716439,923.1006801681518
2023-08-31,2023-08-31,567.835565,2023-08-31,78.5479965209961,2023-08-31,11.843,11.58,ECB EXR daily reference rate,1.0227115716753021,580.7320031342831,930.2439227981567
2023-09-01,2023-09-01,568.743431,2023-09-01,78.90599822998047,2023-09-01,11.896,11.486,ECB EXR daily reference rate,1.0356956294619537,589.0450857718962,938.6657549438477
2023-09-04,2023-09-01,568.743431,2023-09-04,78.90599822998047,2023-09-04,11.901,11.5005,ECB EXR daily reference rate,1.0348245728446588,588.5496780427807,939.0602849349975
2023-09-05,2023-09-05,571.57096,2023-09-05,79.2239990234375,2023-09-05,11.9145,11.5435,ECB EXR daily reference rate,1.0321392991726945,589.9408500818643,943.9143363647461
2023-09-06,2023-09-06,567.895564,2023-09-06,78.56199645996094,2023-09-06,11.9105,11.492,ECB EXR daily reference rate,1.0364166376609816,588.5764109834668,935.7126588363648
2023-09-07,2023-09-07,564.35076,2023-09-07,78.46199798583984,2023-09-07,11.9095,11.4805,ECB EXR daily reference rate,1.037367710465572,585.4392558007056,934.4431650123596
2023-09-08,2023-09-08,562.375773,2023-09-08,78.63999938964844,2023-09-08,11.904,11.422,ECB EXR daily reference rate,1.0421992645771319,586.107617036596,936.130552734375
2023-09-11,2023-09-11,565.490581,2023-09-11,78.6259994506836,2023-09-11,11.8795,11.424,ECB EXR daily reference rate,1.0398721988795518,588.0379339101454,934.0375604743957
2023-09-12,2023-09-12,565.775268,2023-09-12,78.69400024414062,2023-09-12,11.8875,11.454,ECB EXR daily reference rate,1.037847040335254,587.1881873886852,935.4749279022217
2023-09-13,2023-09-13,565.770115,2023-09-13,78.6500015258789,2023-09-13,11.9475,11.4783,ECB EXR daily reference rate,1.0408771333734088,588.8971754495439,939.6708932304382
2023-09-14,2023-09-14,572.171387,2023-09-14,79.64399719238281,2023-09-14,11.95,11.5038,ECB EXR daily reference rate,1.0387871833654965,594.3643035040594,951.7457664489746
2023-09-15,2023-09-15,570.188389,2023-09-15,79.26599884033203,2023-09-15,11.873,11.422,ECB EXR daily reference rate,1.0394852039922955,592.7023938537034,941.1252042312622
2023-09-18,2023-09-18,571.373184,2023-09-18,78.91799926757812,2023-09-18,11.9872,11.5688,ECB EXR daily reference rate,1.036166240232349,592.0376038348662,946.0058408203124
2023-09-19,2023-09-19,566.721297,2023-09-19,78.5459976196289,2023-09-19,11.8845,11.4905,ECB EXR daily reference rate,1.0342891954223052,586.1537143028154,933.4799087104797
2023-09-20,2023-09-20,562.012822,2023-09-20,78.78800201416016,2023-09-20,11.8803,11.482,ECB EXR daily reference rate,1.0346890785577427,581.5085289328167,936.025100328827
2023-09-21,2023-09-21,556.390724,2023-09-21,77.53600311279297,2023-09-21,11.926,11.527,ECB EXR daily reference rate,1.0346143836210637,575.6498459637373,924.6943731231689
2023-09-22,2023-09-22,552.295227,2023-09-22,77.48600006103516,2023-09-22,11.879,11.427,ECB EXR daily reference rate,1.039555438872845,574.1415070913625,920.4561947250365
2023-09-25,2023-09-25,557.381064,2023-09-25,77.44999694824219,2023-09-25,11.728,11.43,ECB EXR daily reference rate,1.026071741032371,571.9129587569554,908.3335642089844
2023-09-26,2023-09-26,549.155161,2023-09-26,76.80400085449219,2023-09-26,11.654,11.44,ECB EXR daily reference rate,1.0187062937062938,559.427818731993,895.073825958252
2023-09-27,2023-09-27,546.465217,2023-09-27,76.99800109863281,2023-09-27,11.6255,11.361,ECB EXR daily reference rate,1.0232814012850981,559.1876930053253,895.1402617721558
2023-09-28,2023-09-28,549.045473,2023-09-28,77.16600036621094,2023-09-28,11.6065,11.316,ECB EXR daily reference rate,1.0256716154118062,563.1403572264493,895.6271832504273
2023-09-29,2023-09-29,543.424219,2023-09-29,77.27999877929688,2023-09-29,11.5325,11.2535,ECB EXR daily reference rate,1.0247922868440928,556.8969481154751,891.2315859222413
2023-10-02,2023-10-02,549.732241,2023-10-02,77.19599914550781,2023-10-02,11.5833,11.3225,ECB EXR daily reference rate,1.0230337822918967,562.3946537580305,894.1844169021606
2023-10-03,2023-10-03,548.975383,2023-10-03,76.22200012207031,2023-10-03,11.6375,11.4258,ECB EXR daily reference rate,1.0185282430989513,559.1469323515638,887.0335264205933
2023-10-04,2023-10-04,555.2024,2023-10-04,75.98999786376953,2023-10-04,11.5855,11.5135,ECB EXR daily reference rate,1.0062535284665826,558.674374013115,880.3821202507019
2023-10-05,2023-10-05,553.667902,2023-10-05,76.0199966430664,2023-10-05,11.5975,11.5703,ECB EXR daily reference rate,1.0023508465640476,554.9694902850401,881.6419110679626
2023-10-06,2023-10-06,560.055133,2023-10-06,76.46399688720703,2023-10-06,11.6045,11.609,ECB EXR daily reference rate,0.9996123697131536,559.8380386681454,887.326451877594
2023-10-09,2023-10-09,553.769888,2023-10-09,76.95800018310547,2023-10-09,11.6085,11.4828,ECB EXR daily reference rate,1.0109468073988923,559.8319003072422,893.3669451255798
2023-10-10,2023-10-10,559.642618,2023-10-10,78.01200103759766,2023-10-10,11.6005,11.4965,ECB EXR daily reference rate,1.0090462314617492,564.7052746582873,904.9782180366516
2023-10-11,2023-10-11,562.372953,2023-10-11,77.6760025024414,2023-10-11,11.5655,11.4953,ECB EXR daily reference rate,1.006106843666542,565.8072767062625,898.3618069419861
2023-10-12,2023-10-12,564.405849,2023-10-12,78.31999969482422,2023-10-12,11.5435,11.5165,ECB EXR daily reference rate,1.0023444622932314,565.7290772310597,904.0869164772033
2023-10-13,2023-10-13,561.913417,2023-10-13,77.8479995727539,2023-10-13,11.55,11.516,ECB EXR daily reference rate,1.0029524140326502,563.5724180574853,899.1443950653077
2023-10-16,2023-10-16,565.040011,2023-10-16,78.19599914550781,2023-10-16,11.5375,11.517,ECB EXR daily reference rate,1.0017799774246765,566.045769463619,902.1863401412963
2023-10-17,2023-10-17,565.886327,2023-10-17,78.03199768066406,2023-10-17,11.53,11.576,ECB EXR daily reference rate,0.9960262612301312,563.6376425630615,899.7089332580566
2023-10-18,2023-10-18,563.684776,2023-10-18,77.58399963378906,2023-10-18,11.5643,11.595,ECB EXR daily reference rate,0.9973523070288917,562.1923117806641,897.2046469650268
2023-10-19,2023-10-19,557.670199,2023-10-19,76.7020034790039,2023-10-19,11.6155,11.6973,ECB EXR daily reference rate,0.9930069332239064,553.7703740593556,890.93212141037
2023-10-20,2023-10-20,551.707248,2023-10-20,75.35399627685547,2023-10-20,11.634,11.6808,ECB EXR daily reference rate,0.9959934251078694,549.4967915923568,876.6683926849365
2023-10-23,2023-10-23,553.584955,2023-10-23,75.0739974975586,2023-10-23,11.7071,11.7985,ECB EXR daily reference rate,0.9922532525321015,549.2964721515871,878.8987961036682
2023-10-24,2023-10-24,559.614707,2023-10-24,75.47599792480469,2023-10-24,11.7456,11.8255,ECB EXR daily reference rate,0.9932434146547714,555.8336224717093,886.5108812255859
2023-10-25,2023-10-25,553.540142,2023-10-25,75.14600372314453,2023-10-25,11.7715,11.838,ECB EXR daily reference rate,0.9943824970434195,550.430628615729,884.5811828269958
2023-10-26,2023-10-26,550.241829,2023-10-26,74.5739974975586,2023-10-26,11.8005,11.855,ECB EXR daily reference rate,0.9954027836355968,547.7122482593421,880.0104574699402
2023-10-27,2023-10-27,544.977934,2023-10-27,73.9219970703125,2023-10-27,11.8235,11.8285,ECB EXR daily reference rate,0.9995772921334065,544.7475675401784,874.0167323608398
2023-10-30,2023-10-30,549.607997,2023-10-30,73.99400329589844,2023-10-30,11.806,11.7905,ECB EXR daily reference rate,1.001314617700691,550.3305214012976,873.5732029113769
2023-10-31,2023-10-31,553.108625,2023-10-31,74.61399841308594,2023-10-31,11.8275,11.8735,ECB EXR daily reference rate,0.9961258264201794,550.9657861782541,882.497066230774
2023-11-01,2023-11-01,561.744183,2023-11-01,75.47799682617188,2023-11-01,11.806,11.796,ECB EXR daily reference rate,1.0008477449983044,562.2203988214649,891.093230529785
2023-11-02,2023-11-02,570.222729,2023-11-02,76.60600280761719,2023-11-02,11.819,11.8743,ECB EXR daily reference rate,0.9953428833699671,567.5671352459514,905.4063471832276
2023-11-03,2023-11-03,569.835782,2023-11-03,77.0,2023-11-03,11.74,11.8535,ECB EXR daily reference rate,0.9904247690555532,564.3794727869406,903.98
2023-11-06,2023-11-06,569.799842,2023-11-06,76.75599670410156,2023-11-06,11.6575,11.8235,ECB EXR daily reference rate,0.9859601640800103,561.799945711084,894.783031578064
2023-11-07,2023-11-07,578.289646,2023-11-07,77.25599670410156,2023-11-07,11.6695,11.922,ECB EXR daily reference rate,0.9788206676732091,566.0418574062237,901.5388535385131
2023-11-08,2023-11-08,578.295316,2023-11-08,76.9540023803711,2023-11-08,11.6555,11.9305,ECB EXR daily reference rate,0.976949834457902,564.96551323398,896.9373747444153
2023-11-09,2023-11-09,572.401685,2023-11-09,77.29000091552734,2023-11-09,11.634,11.9335,ECB EXR daily reference rate,0.9749025851594252,558.035882456111,899.1918706512452
2023-11-10,2023-11-10,579.081273,2023-11-10,77.13200378417969,2023-11-10,11.629,11.8725,ECB EXR daily reference rate,0.9794904190355863,567.2045587464307,896.9680720062255
2023-11-13,2023-11-13,577.461433,2023-11-13,77.64199829101562,2023-11-13,11.61,11.877,ECB EXR daily reference rate,0.9775195756504167,564.4798549406415,901.4236001586913
2023-11-14,2023-11-14,579.970519,2023-11-14,78.1760025024414,2023-11-14,11.6537,11.945,ECB EXR daily reference rate,0.9756132272917539,565.8269097756635,911.0396803627015
2023-11-15,2023-11-15,574.593173,2023-11-15,78.41999816894531,2023-11-15,11.451,11.746,ECB EXR daily reference rate,0.9748850672569386,560.1623041054827,897.9873990325929
2023-11-16,2023-11-16,579.445642,2023-11-16,77.9739990234375,2023-11-16,11.4898,11.7675,ECB EXR daily reference rate,0.9764011047376249,565.7713649842023,895.9056539794923
2023-11-17,2023-11-17,580.205209,2023-11-17,78.30999755859375,2023-11-17,11.481,11.811,ECB EXR daily reference rate,0.9720599441198883,563.994243038608,899.0770819702149
2023-11-20,2023-11-20,576.354731,2023-11-20,78.30999755859375,2023-11-20,11.427,11.72,ECB EXR daily reference rate,0.9749999999999999,561.945862725,894.8483421020508
2023-11-21,2023-11-21,572.552449,2023-11-21,78.36399841308594,2023-11-21,11.404,11.67,ECB EXR daily reference rate,0.9772065124250214,559.501981867695,893.663037902832
2023-11-22,2023-11-22,581.486125,2023-11-22,79.02799987792969,2023-11-22,11.39,11.702,ECB EXR daily reference rate,0.9733378909588105,565.9824785293113,900.1289186096192
2023-11-23,2023-11-22,581.486125,2023-11-23,78.98600006103516,2023-11-23,11.4385,11.711,ECB EXR daily reference rate,0.9767312782853727,567.955686176458,903.4813616981506
2023-11-24,2023-11-24,577.209761,2023-11-24,78.83999633789062,2023-11-24,11.439,11.7345,ECB EXR daily reference rate,0.9748178448165665,562.6743752251055,901.8507181091309
2023-11-27,2023-11-27,575.83912,2023-11-27,78.7239990234375,2023-11-27,11.421,11.684,ECB EXR daily reference rate,0.9774905854159535,562.8773185142074,899.1067928466796
2023-11-28,2023-11-28,574.614189,2023-11-28,78.52400207519531,2023-11-28,11.433,11.7165,ECB EXR daily reference rate,0.9758033542440149,560.7104530224043,897.764915725708
2023-11-29,2023-11-29,575.750746,2023-11-29,78.6520004272461,2023-11-29,11.3655,11.6965,ECB EXR daily reference rate,0.971700936177489,559.4575388930878,893.9193108558655
2023-11-30,2023-11-30,583.760813,2023-11-30,78.9739990234375,2023-11-30,11.4308,11.72,ECB EXR daily reference rate,0.9753242320819112,569.3560666587372,902.7359880371093
2023-12-01,2023-12-01,583.486014,2023-12-01,79.81800079345703,2023-12-01,11.3715,11.698,ECB EXR daily reference rate,0.9720892460249614,567.2004794153701,907.6503960227966
2023-12-04,2023-12-04,588.840049,2023-12-04,79.81800079345703,2023-12-04,11.321,11.678,ECB EXR daily reference rate,0.9694296968659016,570.8390302045727,903.619586982727
2023-12-05,2023-12-05,590.943268,2023-12-05,79.81800079345703,2023-12-05,11.3095,11.7865,ECB EXR daily reference rate,0.9595299707292241,567.027776646672,902.7016799736023
2023-12-06,2023-12-06,592.576539,2023-12-06,79.81800079345703,2023-12-06,11.3065,11.796,ECB EXR daily reference rate,0.9585028823329943,567.98632063441,902.4622259712219
2023-12-07,2023-12-07,592.181418,2023-12-07,80.37999725341797,2023-12-07,11.2557,11.7535,ECB EXR daily reference rate,0.957646658442166,567.1005561392435,904.7331350852966
2023-12-08,2023-12-08,594.235158,2023-12-08,80.85800170898438,2023-12-08,11.238,11.727,ECB EXR daily reference rate,0.9583013558454847,569.4563576024558,908.6822232055664
2023-12-11,2023-12-11,601.437831,2023-12-11,81.13999938964844,2023-12-11,11.297,11.795,ECB EXR daily reference rate,0.957778719796524,576.0443558123781,916.6385731048584
2023-12-12,2023-12-12,603.705187,2023-12-12,81.13400268554688,2023-12-12,11.2815,11.778,ECB EXR daily reference rate,0.9578451349974528,578.2560763406775,915.313251296997
2023-12-13,2023-12-13,606.902909,2023-12-13,81.4540023803711,2023-12-13,11.277,11.825,ECB EXR daily reference rate,0.9536575052854123,578.7775141473996,918.5567848434448
2023-12-14,2023-12-14,586.848512,2023-12-14,81.39600372314453,2023-12-14,11.18,11.518,ECB EXR daily reference rate,0.9706546275395033,569.6272238374718,910.0073216247558
2023-12-15,2023-12-15,587.049472,2023-12-15,81.96199798583984,2023-12-15,11.2125,11.4495,ECB EXR daily reference rate,0.9793004061312721,574.8977863487489,918.9989024162293
2023-12-18,2023-12-18,584.197209,2023-12-18,81.99800109863281,2023-12-18,11.145,11.3485,ECB EXR daily reference rate,0.9820681147288188,573.7214516724678,913.8677222442626
2023-12-19,2023-12-19,580.436785,2023-12-19,82.0979995727539,2023-12-19,11.175,11.3655,ECB EXR daily reference rate,0.9832387488451894,570.7079382671242,917.4451452255249
2023-12-20,2023-12-20,576.036763,2023-12-20,82.37999725341797,2023-12-20,11.129,11.2895,ECB EXR daily reference rate,0.9857832499224943,567.8473923049736,916.8069894332885
2023-12-21,2023-12-21,579.585841,2023-12-21,81.74800109863281,2023-12-21,11.099,11.315,ECB EXR daily reference rate,0.9809102960671675,568.5217188916482,907.3210641937256
2023-12-22,2023-12-22,577.23218,2023-12-22,82.05000305175781,2023-12-22,11.0556,11.2705,ECB EXR daily reference rate,0.9809325229581651,566.2258186600417,907.1120137390137
2023-12-25,2023-12-22,577.23218,2023-12-22,82.05000305175781,2023-12-22,11.0556,11.2705,ECB EXR daily reference rate,0.9809325229581651,566.2258186600417,907.1120137390137
2023-12-26,2023-12-22,577.23218,2023-12-22,82.05000305175781,2023-12-22,11.0556,11.2705,ECB EXR daily reference rate,0.9809325229581651,566.2258186600417,907.1120137390137
2023-12-27,2023-12-27,573.832378,2023-12-27,81.75599670410156,2023-12-27,11.066,11.2355,ECB EXR daily reference rate,0.9849138890125051,565.1754790572738,904.711859527588
2023-12-28,2023-12-28,578.214046,2023-12-28,82.0780029296875,2023-12-28,11.0382,11.2625,ECB EXR daily reference rate,0.9800843507214206,566.6985378519157,905.9934119384766
2023-12-29,2023-12-29,577.377028,2023-12-29,82.26000213623047,2023-12-29,11.096,11.2405,ECB EXR daily reference rate,0.9871446999688626,569.9546730739736,912.7569837036133
2024-01-01,2023-12-31,577.376467,2023-12-29,82.26000213623047,2023-12-29,11.096,11.2405,ECB EXR daily reference rate,0.9871446999688626,569.9541192857969,912.7569837036133
2024-01-02,2024-01-02,582.616421,2024-01-02,82.21600341796875,2024-01-02,11.1545,11.2815,ECB EXR daily reference rate,0.988742631742233,576.0576933957807,917.0784101257325
2024-01-03,2024-01-03,579.283978,2024-01-03,81.84200286865234,2024-01-03,11.1915,11.32,ECB EXR daily reference rate,0.9886484098939928,572.7081837267667,915.9347751045227
2024-01-04,2024-01-04,575.443771,2024-01-04,81.7979965209961,2024-01-04,11.1905,11.2845,ECB EXR daily reference rate,0.9916699898090301,570.6503185232398,915.3604800682068
2024-01-05,2024-01-05,572.9547,2024-01-05,81.62799835205078,2024-01-05,11.235,11.309,ECB EXR daily reference rate,0.9934565390397029,569.2055932885313,917.0905614852904
2024-01-08,2024-01-08,585.808218,2024-01-08,81.78800201416016,2024-01-08,11.2095,11.362,ECB EXR daily reference rate,0.9865780672416828,577.9455394887344,916.8026085777283
2024-01-09,2024-01-09,586.09388,2024-01-09,82.38999938964844,2024-01-09,11.2115,11.308,ECB EXR daily reference rate,0.9914662186062964,581.0922829518925,923.7154781570434
2024-01-10,2024-01-10,586.854257,2024-01-10,82.43599700927734,2024-01-10,11.197,11.2915,ECB EXR daily reference rate,0.9916308727804101,581.942799063809,923.0358585128783
2024-01-11,2024-01-11,585.99179,2024-01-11,82.09600067138672,2024-01-11,11.197,11.3283,ECB EXR daily reference rate,0.9884095583626845,579.199886358059,919.228919517517
2024-01-12,2024-01-12,583.315197,2024-01-12,82.68399810791016,2024-01-12,11.26,11.2765,ECB EXR daily reference rate,0.9985367800292644,582.4616785545161,931.0218186950683
2024-01-15,2024-01-12,583.315197,2024-01-15,82.74400329589844,2024-01-15,11.278,11.314,ECB EXR daily reference rate,0.9968181014672088,581.4591472305109,933.1868691711426
2024-01-16,2024-01-16,590.4867,2024-01-16,82.96199798583984,2024-01-16,11.3215,11.3335,ECB EXR daily reference rate,0.9989411920412935,589.8614879825298,939.2542601966858
2024-01-17,2024-01-17,590.350369,2024-01-17,82.38600158691406,2024-01-17,11.3925,11.4335,ECB EXR daily reference rate,0.9964140464424717,588.2333999940963,938.5825230789185
2024-01-18,2024-01-18,594.295161,2024-01-18,82.72000122070312,2024-01-18,11.364,11.446,ECB EXR daily reference rate,0.9928359252140486,590.037586021667,940.0300938720703
2024-01-19,2024-01-19,598.913851,2024-01-19,83.00399780273438,2024-01-19,11.38,11.41,ECB EXR daily reference rate,0.9973707274320772,597.3391432410167,944.5854949951173
2024-01-22,2024-01-22,601.250245,2024-01-22,83.95999908447266,2024-01-22,11.3545,11.441,ECB EXR daily reference rate,0.9924394720741193,596.7044757322349,953.3238096046448
2024-01-23,2024-01-23,603.145231,2024-01-23,84.06800079345703,2024-01-23,11.347,11.4298,ECB EXR daily reference rate,0.992755778753784,598.7759135030359,953.9196050033569
2024-01-24,2024-01-24,600.759035,2024-01-24,84.5199966430664,2024-01-24,11.3585,11.4155,ECB EXR daily reference rate,0.9950067890149358,597.7593183870615,960.0203818702697
2024-01-25,2024-01-25,603.47866,2024-01-25,84.88600158691406,2024-01-25,11.35,11.3905,ECB EXR daily reference rate,0.996444405425574,601.3329345507221,963.4561180114746
2024-01-26,2024-01-26,600.660821,2024-01-26,84.9540023803711,2024-01-26,11.3203,11.3325,ECB EXR daily reference rate,0.9989234502536951,600.0141797455373,961.7047931465148
2024-01-29,2024-01-29,607.83622,2024-01-29,85.30999755859375,2024-01-29,11.3562,11.305,ECB EXR daily reference rate,1.00452896948253,610.5890916907564,968.7973942749023
2024-01-30,2024-01-30,608.65503,2024-01-30,85.53600311279297,2024-01-30,11.2971,11.3383,ECB EXR daily reference rate,0.9963662982986867,606.4433591819761,966.3087807655335
2024-01-31,2024-01-31,601.5721,2024-01-31,85.04399871826172,2024-01-31,11.2682,11.351,ECB EXR daily reference rate,0.9927054885032155,597.1839254004052,958.2927863571167
2024-02-01,2024-02-01,606.323997,2024-02-01,84.69000244140625,2024-02-01,11.3354,11.3665,ECB EXR daily reference rate,0.997263889499846,604.6650275453129,959.9950536743164
2024-02-02,2024-02-02,618.919648,2024-02-02,86.06199645996094,2024-02-02,11.268,11.387,ECB EXR daily reference rate,0.9895494862562572,612.4516197123036,969.7465761108399
2024-02-05,2024-02-05,621.167934,2024-02-05,86.16200256347656,2024-02-05,11.374,11.465,ECB EXR daily reference rate,0.9920627998255561,616.2375997658962,980.0066171569824
2024-02-06,2024-02-06,620.289371,2024-02-06,86.3740005493164,2024-02-06,11.3825,11.458,ECB EXR daily reference rate,0.993410717402688,616.2021090423721,983.152061252594
2024-02-07,2024-02-07,620.513896,2024-02-07,86.75,2024-02-07,11.2725,11.376,ECB EXR daily reference rate,0.9909018987341773,614.8683977373419,977.8893750000001
2024-02-08,2024-02-08,623.641258,2024-02-08,86.78600311279297,2024-02-08,11.2705,11.412,ECB EXR daily reference rate,0.9876007711181212,615.9085873018752,978.1216480827331
2024-02-09,2024-02-09,622.57646,2024-02-09,86.92400360107422,2024-02-09,11.2815,11.399,ECB EXR daily reference rate,0.9896920782524783,616.1589905684709,980.6331466255187
2024-02-12,2024-02-12,619.464191,2024-02-12,87.66000366210938,2024-02-12,11.232,11.32,ECB EXR daily reference rate,0.9922261484098939,614.6485683137809,984.5971611328124
2024-02-13,2024-02-13,620.523748,2024-02-13,86.80400085449219,2024-02-13,11.251,11.302,ECB EXR daily reference rate,0.9954875243319766,617.7236496857192,976.6318136138916
2024-02-14,2024-02-14,621.498835,2024-02-14,86.9260025024414,2024-02-14,11.3127,11.3375,ECB EXR daily reference rate,0.9978125689084895,620.1393491249834,983.3677885093689
2024-02-15,2024-02-15,623.563983,2024-02-15,87.36000061035156,2024-02-15,11.2575,11.361,ECB EXR daily reference rate,0.9908898864536572,617.8832443114602,983.4552068710327
2024-02-16,2024-02-16,620.839844,2024-02-16,87.71199798583984,2024-02-16,11.2655,11.3555,ECB EXR daily reference rate,0.9920743252168552,615.9192693040377,988.1195133094787
2024-02-19,2024-02-16,620.839844,2024-02-19,87.54199981689453,2024-02-19,11.237,11.3045,ECB EXR daily reference rate,0.9940289265336812,617.1327636806581,983.7094519424438
2024-02-20,2024-02-20,616.429854,2024-02-20,86.66200256347656,2024-02-20,11.2185,11.3275,ECB EXR daily reference rate,0.9903774001324211,610.4981961685279,972.2176757583619
2024-02-21,2024-02-21,617.040742,2024-02-21,86.56400299072266,2024-02-21,11.2075,11.3345,ECB EXR daily reference rate,0.9887952710750363,610.1269677502315,970.1660635185241
2024-02-22,2024-02-22,629.513815,2024-02-22,88.04399871826172,2024-02-22,11.174,11.356,ECB EXR daily reference rate,0.983973230010567,619.4247418818246,983.8036416778564
2024-02-23,2024-02-23,631.540649,2024-02-23,88.38999938964844,2024-02-23,11.1545,11.389,ECB EXR daily reference rate,0.9794099569760296,618.5371998657039,985.9462481918335
2024-02-26,2024-02-26,629.02893,2024-02-26,88.04000091552734,2024-02-26,11.1675,11.4285,ECB EXR daily reference rate,0.977162357264733,614.6633920265127,983.1867102241516
2024-02-27,2024-02-27,630.859814,2024-02-27,87.9260025024414,2024-02-27,11.1805,11.431,ECB EXR daily reference rate,0.9780859067448169,617.0350932050566,983.0566709785462
2024-02-28,2024-02-28,632.450543,2024-02-28,87.96600341796875,2024-02-28,11.192,11.4675,ECB EXR daily reference rate,0.9759755831698278,617.2562875304993,984.5155102539063
2024-02-29,2024-02-29,636.313172,2024-02-29,88.197998046875,2024-02-29,11.215,11.492,ECB EXR daily reference rate,0.9758962756700312,620.975654714584,989.1405480957031
2024-03-01,2024-03-01,636.542534,2024-03-01,88.7959976196289,2024-03-01,11.1948,11.443,ECB EXR daily reference rate,0.9783098837717383,622.7358524533079,994.0534341522217
2024-03-04,2024-03-04,638.198135,2024-03-04,88.75599670410156,2024-03-04,11.2424,11.4325,ECB EXR daily reference rate,0.9833719658867265,627.5861546401925,997.8304173461914
2024-03-05,2024-03-05,632.111767,2024-03-05,88.1780014038086,2024-03-05,11.2803,11.475,ECB EXR daily reference rate,0.9830326797385621,621.3865242082876,994.6743092353821
2024-03-06,2024-03-06,633.86331,2024-03-06,88.52999877929688,2024-03-06,11.2555,11.468,ECB EXR daily reference rate,0.9814701778862922,622.1179356212939,996.4494012603759
2024-03-07,2024-03-07,636.496432,2024-03-07,88.89600372314453,2024-03-07,11.1944,11.394,ECB EXR daily reference rate,0.9824820080744251,625.3462926435668,995.1374240783691
2024-03-08,2024-03-08,631.199923,2024-03-08,88.90799713134766,2024-03-08,11.164,11.3395,ECB EXR daily reference rate,0.9845231271220072,621.4309220311302,992.5688799743652
2024-03-11,2024-03-11,634.310198,2024-03-11,88.33000183105469,2024-03-11,11.1865,11.4405,ECB EXR daily reference rate,0.9777981731567676,620.2273528191076,988.1035654830933
2024-03-12,2024-03-12,643.804989,2024-03-12,89.05599975585938,2024-03-12,11.173,11.4673,ECB EXR daily reference rate,0.974335719829428,627.282197387092,995.0226852722168
2024-03-13,2024-03-13,640.514997,2024-03-13,89.09600067138672,2024-03-13,11.193,11.4805,ECB EXR daily reference rate,0.9749575366926528,624.4749236898219,997.2515355148315
2024-03-14,2024-03-14,642.989482,2024-03-14,89.17400360107422,2024-03-14,11.2245,11.467,ECB EXR daily reference rate,0.978852358943054,629.3917712312723,1000.9336034202577
2024-03-15,2024-03-15,641.906063,2024-03-15,88.61000061035156,2024-03-15,11.2674,11.5205,ECB EXR daily reference rate,0.978030467427629,627.803686840519,998.4043208770752
2024-03-18,2024-03-18,647.948418,2024-03-18,89.40799713134766,2024-03-18,11.3178,11.5565,ECB EXR daily reference rate,0.9793449573832909,634.5650158127806,1011.9018299331665
2024-03-19,2024-03-19,650.92616,2024-03-19,89.54000091552734,2024-03-19,11.3465,11.5985,ECB EXR daily reference rate,0.9782730525498988,636.7835215277838,1015.9656203880311
2024-03-20,2024-03-20,655.519522,2024-03-20,89.7300033569336,2024-03-20,11.3595,11.5725,ECB EXR daily reference rate,0.9815942968243682,643.454224252236,1019.2879731330872
2024-03-21,2024-03-21,660.464517,2024-03-21,91.01799774169922,2024-03-21,11.3645,11.543,ECB EXR daily reference rate,0.9845360824742269,650.2511481804124,1034.3740353355408
2024-03-22,2024-03-22,663.378654,2024-03-22,90.98600006103516,2024-03-22,11.4025,11.617,ECB EXR daily reference rate,0.9815356804682792,651.1298185620211,1037.4678656959534
2024-03-25,2024-03-25,659.505299,2024-03-25,90.70999908447266,2024-03-25,11.457,11.605,ECB EXR daily reference rate,0.9872468763464024,651.0945463716502,1039.2644595108034
2024-03-26,2024-03-26,660.745623,2024-03-26,90.91600036621094,2024-03-26,11.453,11.626,ECB EXR daily reference rate,0.9851195596077756,650.9134371425254,1041.2609521942138
2024-03-27,2024-03-27,667.746782,2024-03-27,90.85199737548828,2024-03-27,11.506,11.6825,ECB EXR daily reference rate,0.9848919323774877,657.6584184628291,1045.3430818023683
2024-03-28,2024-03-27,667.746782,2024-03-28,91.4520034790039,2024-03-28,11.525,11.699,ECB EXR daily reference rate,0.9851269339259766,657.8153399905975,1053.98434009552
2024-03-29,2024-03-27,667.746782,2024-03-28,91.4520034790039,2024-03-28,11.525,11.699,ECB EXR daily reference rate,0.9851269339259766,657.8153399905975,1053.98434009552
2024-04-01,2024-03-27,667.746782,2024-03-28,91.4520034790039,2024-03-28,11.525,11.699,ECB EXR daily reference rate,0.9851269339259766,657.8153399905975,1053.98434009552
2024-04-02,2024-04-02,665.265409,2024-04-02,90.69400024414062,2024-04-02,11.5575,11.708,ECB EXR daily reference rate,0.9871455415100785,656.7137824152288,1048.1959078216553
2024-04-03,2024-04-03,659.746547,2024-04-03,90.7760009765625,2024-04-03,11.575,11.658,ECB EXR daily reference rate,0.9928804254589123,655.0494322804083,1050.732211303711
2024-04-04,2024-04-04,651.795654,2024-04-04,90.8479995727539,2024-04-04,11.5105,11.6125,ECB EXR daily reference rate,0.991216361679225,646.070516716211,1045.7058990821838
2024-04-05,2024-04-05,658.380974,2024-04-05,90.23400115966795,2024-04-05,11.526,11.6118,ECB EXR daily reference rate,0.9926109647083139,653.5161737477393,1040.0370973663328
2024-04-08,2024-04-08,656.223658,2024-04-08,90.38600158691406,2024-04-08,11.4675,11.5905,ECB EXR daily reference rate,0.9893878607480263,649.2597211608645,1036.501473197937
2024-04-09,2024-04-09,656.431986,2024-04-09,89.87200164794922,2024-04-09,11.4555,11.593,ECB EXR daily reference rate,0.9881393944621755,648.6463051516433,1029.5287148780824
2024-04-10,2024-04-10,658.7039,2024-04-10,90.28600311279295,2024-04-10,11.4345,11.5665,ECB EXR daily reference rate,0.9885877318116976,651.1865944365193,1032.375302593231
2024-04-11,2024-04-11,664.448908,2024-04-11,90.43599700927734,2024-04-11,11.531,11.618,ECB EXR daily reference rate,0.9925116199001549,659.473262019969,1042.817481513977
2024-04-12,2024-04-12,658.746031,2024-04-12,90.86000061035156,2024-04-12,11.5699,11.587,ECB EXR daily reference rate,0.9985242081643222,657.773858985665,1051.2411210617065
2024-04-15,2024-04-15,655.374187,2024-04-15,90.6719970703125,2024-04-15,11.5583,11.626,ECB EXR daily reference rate,0.9941768450025804,651.5578415277912,1048.014143737793
2024-04-16,2024-04-16,652.483199,2024-04-16,89.21800231933594,2024-04-16,11.635,11.6745,ECB EXR daily reference rate,0.9966165574542807,650.2755595841363,1038.0514569854736
2024-04-17,2024-04-17,652.028398,2024-04-17,88.73799896240234,2024-04-17,11.6793,11.696,ECB EXR daily reference rate,0.9985721614227087,651.0974066998461,1036.3977112815855
2024-04-18,2024-04-18,652.001142,2024-04-18,88.96600341796875,2024-04-18,11.637,11.7375,ECB EXR daily reference rate,0.9914376996805112,646.4185124135463,1035.2973817749023
2024-04-19,2024-04-19,645.4678,2024-04-19,88.14600372314453,2024-04-19,11.664,11.765,ECB EXR daily reference rate,0.9914152146196344,639.9265974670633,1028.1349874267578
2024-04-22,2024-04-22,652.813068,2024-04-22,88.2760009765625,2024-04-22,11.6015,11.7185,ECB EXR daily reference rate,0.990015787003456,646.2952432821608,1024.1340253295898
2024-04-23,2024-04-23,655.455738,2024-04-23,89.26599884033203,2024-04-23,11.603,11.731,ECB EXR daily reference rate,0.9890887392379166,648.3038895246782,1035.7533845443725
2024-04-24,2024-04-24,659.087042,2024-04-24,89.27400207519531,2024-04-24,11.6225,11.733,ECB EXR daily reference rate,0.9905821188101934,652.8798385447029,1037.5870891189575
2024-04-25,2024-04-25,655.786201,2024-04-25,88.197998046875,2024-04-25,11.639,11.714,ECB EXR daily reference rate,0.9935974048147515,651.587467426925,1026.5364992675782
2024-04-26,2024-04-26,663.758122,2024-04-26,89.80400085449219,2024-04-26,11.7052,11.7995,ECB EXR daily reference rate,0.9920081359379634,658.4534573189032,1051.1737908020018
2024-04-29,2024-04-29,664.102432,2024-04-29,89.82599639892578,2024-04-29,11.685,11.7835,ECB EXR daily reference rate,0.9916408537361565,658.5511026367378,1049.6167679214477
2024-04-30,2024-04-30,660.602182,2024-04-30,89.57599639892578,2024-04-30,11.753,11.815,ECB EXR daily reference rate,0.9947524333474398,657.1356280191283,1052.7866856765747
2024-05-01,2024-04-30,660.602182,2024-04-30,89.57599639892578,2024-04-30,11.753,11.815,ECB EXR daily reference rate,0.9947524333474398,657.1356280191283,1052.7866856765747
2024-05-02,2024-05-02,663.176451,2024-05-02,88.88999938964844,2024-05-02,11.682,11.843,ECB EXR daily reference rate,0.9864054715865913,654.160879893777,1038.412972869873
2024-05-03,2024-05-03,658.782757,2024-05-03,89.6500015258789,2024-05-03,11.6398,11.708,ECB EXR daily reference rate,0.9941749231294841,654.9452967995045,1043.5080877609253
2024-05-06,2024-05-06,662.61067,2024-05-06,90.31199645996094,2024-05-06,11.625,11.6663,ECB EXR daily reference rate,0.9964598887393604,660.264954505713,1049.876958847046
2024-05-07,2024-05-07,668.06783,2024-05-07,90.9459991455078,2024-05-07,11.681,11.698,ECB EXR daily reference rate,0.9985467601299366,667.0969671935372,1062.3402160186765
2024-05-08,2024-05-08,668.524592,2024-05-08,90.93399810791016,2024-05-08,11.733,11.757,ECB EXR daily reference rate,0.9979586629242154,667.1599079642766,1066.9285998001099
2024-05-09,2024-05-08,668.524592,2024-05-09,91.13999938964844,2024-05-09,11.7205,11.7215,ECB EXR daily reference rate,0.9999146866868573,668.4675579521391,1068.2063628463745
2024-05-10,2024-05-10,670.66849,2024-05-10,91.43599700927734,2024-05-10,11.6865,11.6735,ECB EXR daily reference rate,1.0011136334432689,671.4153688598107,1068.5667790489197
2024-05-13,2024-05-13,667.97401,2024-05-13,91.31400299072266,2024-05-13,11.7,11.68,ECB EXR daily reference rate,1.0017123287671232,669.1178011130137,1068.373834991455
2024-05-14,2024-05-14,671.181093,2024-05-14,91.26000213623048,2024-05-14,11.7285,11.6815,ECB EXR daily reference rate,1.0040234558917949,673.8815605230922,1070.3429350547792
2024-05-15,2024-05-15,674.30077,2024-05-15,91.9260025024414,2024-05-15,11.6751,11.649,ECB EXR daily reference rate,1.0022405356682977,675.8115649263457,1073.2452718162538
2024-05-16,2024-05-16,671.0963,2024-05-16,92.28800201416016,2024-05-16,11.6172,11.642,ECB EXR daily reference rate,0.9978697818244289,669.6667184641815,1072.1281769989014
2024-05-17,2024-05-16,671.0963,2024-05-17,91.9739990234375,2024-05-17,11.655,11.633,ECB EXR daily reference rate,1.00189117166681,672.365458308261,1071.956958618164
2024-05-20,2024-05-16,671.0963,2024-05-20,92.51200103759766,2024-05-20,11.6127,11.6115,ECB EXR daily reference rate,1.0001033458209534,671.1656549980623,1074.3141144493104
2024-05-21,2024-05-21,670.702308,2024-05-21,92.302001953125,2024-05-21,11.581,11.583,ECB EXR daily reference rate,0.9998273331606664,670.586499952344,1068.9494846191405
2024-05-22,2024-05-22,670.018724,2024-05-22,92.3479995727539,2024-05-22,11.6325,11.585,ECB EXR daily reference rate,1.004100129477773,672.7658875209322,1074.2381050300598
2024-05-23,2024-05-23,663.890365,2024-05-23,92.38600158691406,2024-05-23,11.5925,11.5165,ECB EXR daily reference rate,1.0065992271957624,668.2715283517126,1070.9847233963012
2024-05-24,2024-05-24,661.786592,2024-05-24,92.03600311279295,2024-05-24,11.599,11.4953,ECB EXR daily reference rate,1.0090210781797777,667.7566205847606,1067.5256001052855
2024-05-27,2024-05-24,661.786592,2024-05-27,92.23999786376952,2024-05-27,11.54,11.415,ECB EXR daily reference rate,1.0109505037231712,669.0334885396409,1064.4495753479002
2024-05-28,2024-05-28,657.346493,2024-05-28,91.8939971923828,2024-05-28,11.466,11.407,ECB EXR daily reference rate,1.0051722626457438,660.7464617110546,1053.6565718078612
2024-05-29,2024-05-29,655.292219,2024-05-29,91.5540008544922,2024-05-29,11.5215,11.417,ECB EXR daily reference rate,1.009153017430148,661.2901201023474,1054.8394208450318
2024-05-30,2024-05-30,651.250502,2024-05-30,91.24600219726562,2024-05-30,11.4995,11.4065,ECB EXR daily reference rate,1.008153245956253,656.5603075219392,1049.283402267456
2024-05-31,2024-05-31,654.496788,2024-05-31,90.72599792480467,2024-05-31,11.421,11.383,ECB EXR daily reference rate,1.0033383115171748,656.6817021653343,1036.181622299194
2024-06-03,2024-06-03,654.3912,2024-06-03,91.41799926757812,2024-06-03,11.4035,11.3885,ECB EXR daily reference rate,1.0013171181454976,655.253110523774,1042.4851546478271
2024-06-04,2024-06-04,660.749643,2024-06-04,91.14600372314452,2024-06-04,11.3755,11.489,ECB EXR daily reference rate,0.9901209852902776,654.2220875573591,1036.8313653526304
2024-06-05,2024-06-05,667.715906,2024-06-05,92.27400207519533,2024-06-05,11.3275,11.475,ECB EXR daily reference rate,0.9871459694989108,659.1330653782136,1045.233758506775
2024-06-06,2024-06-06,668.671049,2024-06-06,92.58200073242188,2024-06-06,11.293,11.5,ECB EXR daily reference rate,0.982,656.6349701180001,1045.5285342712402
2024-06-07,2024-06-07,672.392162,2024-06-07,93.0719985961914,2024-06-07,11.3075,11.4865,ECB EXR daily reference rate,0.9844164889217777,661.9139312945631,1052.4116241264342
2024-06-10,2024-06-10,673.45443,2024-06-10,93.447998046875,2024-06-10,11.333,11.512,ECB EXR daily reference rate,0.9844510076441974,662.9828922159486,1059.0461618652344
2024-06-11,2024-06-11,675.805221,2024-06-11,93.27999877929688,2024-06-11,11.2467,11.491,ECB EXR daily reference rate,0.9787398833869986,661.4375231938648,1049.0921622711182
2024-06-12,2024-06-12,668.381597,2024-06-12,93.81199645996094,2024-06-12,11.2345,11.4675,ECB EXR daily reference rate,0.9796817091781121,654.8012253321563,1053.9308742294313
2024-06-13,2024-06-13,674.452999,2024-06-13,93.78399658203124,2024-06-13,11.221,11.4315,ECB EXR daily reference rate,0.9815859685955474,662.0336002955867,1052.3502256469726
2024-06-14,2024-06-14,676.296195,2024-06-14,94.06400299072266,2024-06-14,11.2731,11.4025,ECB EXR daily reference rate,0.9886516114887086,668.6213230304319,1060.3929121147155
2024-06-17,2024-06-17,680.859129,2024-06-17,94.07599639892578,2024-06-17,11.2933,11.486,ECB EXR daily reference rate,0.9832230541528817,669.4363922632509,1062.4284501319885
2024-06-18,2024-06-18,676.19004,2024-06-18,94.62000274658205,2024-06-18,11.255,11.448,ECB EXR daily reference rate,0.9831411600279525,664.7902603249476,1064.948130912781
2024-06-19,2024-06-18,676.19004,2024-06-19,94.72799682617188,2024-06-19,11.214,11.354,ECB EXR daily reference rate,0.9876695437731197,667.8523083107275,1062.2797564086914
2024-06-20,2024-06-20,670.316522,2024-06-20,95.11199951171876,2024-06-20,11.198,11.2915,ECB EXR daily reference rate,0.99171943497321,664.7659224510472,1065.0641705322269
2024-06-21,2024-06-21,671.606424,2024-06-21,94.78600311279295,2024-06-21,11.2445,11.2685,ECB EXR daily reference rate,0.9978701690553313,670.1760158555264,1065.8212120018004
2024-06-24,2024-06-24,670.137148,2024-06-24,94.94400024414062,2024-06-24,11.2555,11.349,ECB EXR daily reference rate,0.9917613886686051,664.6161484988985,1068.6421947479248
2024-06-25,2024-06-25,675.679107,2024-06-25,94.85800170898438,2024-06-25,11.2255,11.3265,ECB EXR daily reference rate,0.9910828587825012,669.6539809851675,1064.8284981842041
2024-06-26,2024-06-26,680.341634,2024-06-26,94.87799835205078,2024-06-26,11.3038,11.3945,ECB EXR daily reference rate,0.9920400193075607,674.9261277290974,1072.4819177719116
2024-06-27,2024-06-27,678.965557,2024-06-27,94.802001953125,2024-06-27,11.338,11.398,ECB EXR daily reference rate,0.9947359185822073,675.3914270280751,1074.8650981445312
2024-06-28,2024-06-28,676.97358,2024-06-28,95.18599700927734,2024-06-28,11.3595,11.3965,ECB EXR daily reference rate,0.9967533891984383,674.7757102628001,1081.265333026886
2024-07-01,2024-07-01,680.208736,2024-07-01,94.65399932861328,2024-07-01,11.3675,11.4315,ECB EXR daily reference rate,0.9944014346323754,676.4005429278748,1075.9793373680116
2024-07-02,2024-07-02,684.728849,2024-07-02,94.83000183105467,2024-07-02,11.417,11.4795,ECB EXR daily reference rate,0.9945555119996515,681.000850998127,1082.6741309051513
2024-07-03,2024-07-03,679.897124,2024-07-03,95.09600067138672,2024-07-03,11.371,11.4583,ECB EXR daily reference rate,0.9923810687449274,674.7170345517223,1081.3366236343384
2024-07-04,2024-07-03,679.897124,2024-07-04,95.2979965209961,2024-07-04,11.3375,11.4015,ECB EXR daily reference rate,0.9943867035039249,676.0806598561592,1080.4410355567932
2024-07-05,2024-07-05,685.32343,2024-07-05,95.32599639892578,2024-07-05,11.3605,11.448,ECB EXR daily reference rate,0.9923567435359888,680.0853272637142,1082.9509820899964
2024-07-08,2024-07-08,686.289127,2024-07-08,95.50800323486328,2024-07-08,11.3805,11.4575,ECB EXR daily reference rate,0.9932795112371808,681.6769286339515,1086.9288308143616
2024-07-09,2024-07-09,687.77753,2024-07-09,95.64600372314452,2024-07-09,11.422,11.489,ECB EXR daily reference rate,0.9941683349290625,683.7666418017233,1092.4686545257566
2024-07-10,2024-07-10,701.163759,2024-07-10,96.02200317382812,2024-07-10,11.4075,11.607,ECB EXR daily reference rate,0.9828120961488758,689.1122237264152,1095.3710012054444
2024-07-11,2024-07-11,698.609317,2024-07-11,95.86399841308594,2024-07-11,11.419,11.6725,ECB EXR daily reference rate,0.9782822874277148,683.4371206530736,1094.6709978790284
2024-07-12,2024-07-12,704.814916,2024-07-12,96.34400177001952,2024-07-12,11.4965,11.7025,ECB EXR daily reference rate,0.9823969237342447,692.4080052804101,1107.6188163490292
2024-07-15,2024-07-15,708.77922,2024-07-15,96.36000061035156,2024-07-15,11.5375,11.746,ECB EXR daily reference rate,0.9822492763493955,696.197875936489,1111.753507041931
2024-07-16,2024-07-16,715.089842,2024-07-16,96.48799896240234,2024-07-16,11.5545,11.7815,ECB EXR daily reference rate,0.9807325043500404,701.3118515799347,1114.8705840110779
2024-07-17,2024-07-17,702.174544,2024-07-17,95.48600006103516,2024-07-17,11.5085,11.7575,ECB EXR daily reference rate,0.9788220284924516,687.3039115138422,1098.900631702423
2024-07-18,2024-07-18,697.810967,2024-07-18,94.93599700927734,2024-07-18,11.5338,11.748,ECB EXR daily reference rate,0.9817671092951992,685.0878559060776,1094.972802305603
2024-07-19,2024-07-19,700.405991,2024-07-19,94.33000183105467,2024-07-19,11.61,11.8255,ECB EXR daily reference rate,0.9817766690626188,687.6422608354826,1095.1713212585446
2024-07-22,2024-07-22,712.757404,2024-07-22,94.78399658203124,2024-07-22,11.6295,11.9165,ECB EXR daily reference rate,0.9759157470733857,695.591174406747,1102.2904882507323
2024-07-23,2024-07-23,715.84,2024-07-23,95.67400360107422,2024-07-23,11.6735,11.9635,ECB EXR daily reference rate,0.9757596021231246,698.4877535838176,1116.8504810371398
2024-07-24,2024-07-24,701.329554,2024-07-24,94.03800201416016,2024-07-24,11.6875,11.942,ECB EXR daily reference rate,0.9786886618656842,686.3832827311171,1099.0691485404968
2024-07-25,2024-07-25,696.72,2024-07-25,93.552001953125,2024-07-25,11.774,12.0825,ECB EXR daily reference rate,0.9744672046348024,678.9307908131595,1101.4812709960936
2024-07-26,2024-07-26,703.619926,2024-07-26,93.72200012207033,2024-07-26,11.7325,11.937,ECB EXR daily reference rate,0.9828683923933987,691.5657855235821,1099.5933664321901
2024-07-29,2024-07-29,702.393894,2024-07-29,93.9219970703125,2024-07-29,11.7265,11.9155,ECB EXR daily reference rate,0.9841383072468634,691.2527378616928,1101.3762986450195
2024-07-30,2024-07-30,697.712343,2024-07-30,93.96199798583984,2024-07-30,11.686,11.8885,ECB EXR daily reference rate,0.9829667325566723,685.8280220631702,1098.0399084625244
2024-07-31,2024-07-31,706.966287,2024-07-31,95.3740005493164,2024-07-31,11.6125,11.8175,ECB EXR daily reference rate,0.9826528453564629,694.7024334916438,1107.5305813789369
2024-08-01,2024-08-01,693.706122,2024-08-01,94.38600158691406,2024-08-01,11.522,11.7465,ECB EXR daily reference rate,0.9808879240624868,680.4479579180182,1087.515510284424
2024-08-02,2024-08-02,683.862804,2024-08-02,90.7040023803711,2024-08-02,11.5843,11.929,ECB EXR daily reference rate,0.9711040321904603,664.1019264294744,1050.7423747749328
2024-08-05,2024-08-05,667.466319,2024-08-05,88.63400268554688,2024-08-05,11.534,12.1108,ECB EXR daily reference rate,0.9523730884830071,635.676959684414,1022.3045869750977
2024-08-06,2024-08-06,667.865847,2024-08-06,89.3280029296875,2024-08-06,11.559,12.0005,ECB EXR daily reference rate,0.9632098662555726,643.2949731655348,1032.5423858642578
2024-08-07,2024-08-07,656.115391,2024-08-07,90.66999816894533,2024-08-07,11.4235,11.781,ECB EXR daily reference rate,0.9696545284780579,636.2052600873017,1035.768724082947
2024-08-08,2024-08-08,672.972451,2024-08-08,90.6439971923828,2024-08-08,11.4955,11.8825,ECB EXR daily reference rate,0.9674310961498,651.0544759495476,1041.9980697250364
2024-08-09,2024-08-09,674.033697,2024-08-09,91.00399780273438,2024-08-09,11.4955,11.8295,ECB EXR daily reference rate,0.9717655015004861,655.0026935934317,1046.136456741333
2024-08-12,2024-08-12,671.767516,2024-08-12,91.16799926757812,2024-08-12,11.4935,11.7745,ECB EXR daily reference rate,0.9761348677226208,655.7356953710135,1047.839399581909
2024-08-13,2024-08-13,682.74503,2024-08-13,92.0719985961914,2024-08-13,11.506,11.797,ECB EXR daily reference rate,0.975332711706366,665.9035615139443,1059.3804158477783
2024-08-14,2024-08-14,680.187078,2024-08-14,92.30599975585938,2024-08-14,11.4843,11.7665,ECB EXR daily reference rate,0.9760166574597373,663.8739183168657,1060.0697929962157
2024-08-15,2024-08-15,691.438791,2024-08-15,93.91799926757812,2024-08-15,11.5135,11.7455,ECB EXR daily reference rate,0.9802477544591546,677.7813222237028,1081.3248845672608
2024-08-16,2024-08-16,697.022944,2024-08-16,94.052001953125,2024-08-16,11.5435,11.8185,ECB EXR daily reference rate,0.9767313956931929,680.8041929232983,1085.6892845458983
2024-08-19,2024-08-19,693.038329,2024-08-19,94.2959976196289,2024-08-19,11.4871,11.7345,ECB EXR daily reference rate,0.9789168690613149,678.4269111641655,1083.1875542564392
2024-08-20,2024-08-20,688.473941,2024-08-20,94.10199737548828,2024-08-20,11.3825,11.6825,ECB EXR daily reference rate,0.9743205649475712,670.7943191468008,1071.1159851264954
2024-08-21,2024-08-21,691.097776,2024-08-21,94.18399810791016,2024-08-21,11.378,11.683,ECB EXR daily reference rate,0.9738936916887786,673.0557643865445,1071.6255304718018
2024-08-22,2024-08-22,691.59354,2024-08-22,94.3479995727539,2024-08-22,11.392,11.7685,ECB EXR daily reference rate,0.9680078174788631,669.4679532378808,1074.8124111328125
2024-08-23,2024-08-23,694.836709,2024-08-23,94.36599731445312,2024-08-23,11.4355,11.802,ECB EXR daily reference rate,0.9689459413658702,673.2592090975683,1079.1223622894286
2024-08-26,2024-08-26,694.195814,2024-08-26,94.33000183105467,2024-08-26,11.403,11.7785,ECB EXR daily reference rate,0.9681198794413551,672.0647677583735,1075.6450108795166
2024-08-27,2024-08-27,692.680501,2024-08-27,94.38800048828124,2024-08-27,11.3758,11.723,ECB EXR daily reference rate,0.9703830077625181,672.165387978828,1073.7390159545896
2024-08-28,2024-08-28,689.372693,2024-08-28,94.37000274658205,2024-08-28,11.335,11.712,ECB EXR daily reference rate,0.9678107923497269,667.182332236595,1069.6839811325076
2024-08-29,2024-08-29,691.573434,2024-08-29,95.44200134277344,2024-08-29,11.3455,11.641,ECB EXR daily reference rate,0.9746155828537066,674.0182454640494,1082.837226234436
2024-08-30,2024-08-30,702.659417,2024-08-30,95.13200378417967,2024-08-30,11.3355,11.662,ECB EXR daily reference rate,0.9720030869490652,682.9871223978305,1078.3688288955686
2024-09-02,2024-08-30,702.659417,2024-09-02,95.6999969482422,2024-09-02,11.351,11.73,ECB EXR daily reference rate,0.96768968456948,679.9562695965047,1086.2906653594973
2024-09-03,2024-09-03,696.928558,2024-09-03,94.77999877929688,2024-09-03,11.372,11.766,ECB EXR daily reference rate,0.9665136834948156,673.5909877253101,1077.838146118164
2024-09-04,2024-09-04,688.066654,2024-09-04,93.63200378417967,2024-09-04,11.411,11.805,ECB EXR daily reference rate,0.9666243117323168,665.1019558487081,1068.4347951812742
2024-09-05,2024-09-05,688.558275,2024-09-05,93.03199768066406,2024-09-05,11.3995,11.7895,ECB EXR daily reference rate,0.9669197166970609,665.7805721924169,1060.51825756073
2024-09-06,2024-09-06,679.205544,2024-09-06,91.76599884033205,2024-09-06,11.3698,11.8015,ECB EXR daily reference rate,0.9634199042494598,654.3601401661823,1043.3610536148074
2024-09-09,2024-09-09,697.21647,2024-09-09,92.83999633789062,2024-09-09,11.455,11.9405,ECB EXR daily reference rate,0.9593400611364683,668.8676909551526,1063.482158050537
2024-09-10,2024-09-10,698.298819,2024-09-10,93.01200103759766,2024-09-10,11.4355,11.902,ECB EXR daily reference rate,0.9608049067383633,670.9289316648042,1063.6387378654479
2024-09-11,2024-09-11,706.230099,2024-09-11,92.58799743652344,2024-09-11,11.435,11.937,ECB EXR daily reference rate,0.9579458825500545,676.5302154699674,1058.7437506866456
2024-09-12,2024-09-12,705.681279,2024-09-12,94.302001953125,2024-09-12,11.414,11.934,ECB EXR daily reference rate,0.9564270152505447,674.932639392157,1076.3630502929686
2024-09-13,2024-09-13,701.850873,2024-09-13,94.98600006103516,2024-09-13,11.3635,11.8495,ECB EXR daily reference rate,0.9589856112072239,673.0648884202287,1079.373411693573
2024-09-16,2024-09-16,700.950123,2024-09-16,94.5459976196289,2024-09-16,11.3195,11.78,ECB EXR daily reference rate,0.9609083191850595,673.5488045244907,1070.2134200553894
2024-09-17,2024-09-17,699.681469,2024-09-17,95.14800262451172,2024-09-17,11.3245,11.7885,ECB EXR daily reference rate,0.9606396063960639,672.1417309827798,1077.503555721283
2024-09-18,2024-09-18,697.728175,2024-09-18,94.64600372314452,2024-09-18,11.324,11.7753,ECB EXR daily reference rate,0.9616740125516973,670.9870537226228,1071.7713461608885
2024-09-19,2024-09-19,703.835458,2024-09-19,95.99600219726562,2024-09-19,11.3175,11.6678,ECB EXR daily reference rate,0.9699772022146421,682.7043483703013,1086.4347548675537
2024-09-20,2024-09-20,702.883316,2024-09-20,95.35800170898438,2024-09-20,11.381,11.733,ECB EXR daily reference rate,0.9699991477030597,681.7962174547005,1085.269417449951
2024-09-23,2024-09-23,701.24617,2024-09-23,96.02400207519533,2024-09-23,11.362,11.686,ECB EXR daily reference rate,0.9722745165154887,681.8037808950882,1091.0247115783693
2024-09-24,2024-09-24,700.899105,2024-09-24,96.05799865722656,2024-09-24,11.2935,11.612,ECB EXR daily reference rate,0.9725714777816052,681.6744783256545,1084.8310078353882
2024-09-25,2024-09-25,705.500978,2024-09-25,96.08200073242188,2024-09-25,11.311,11.684,ECB EXR daily reference rate,0.9680760013693941,682.9785657444369,1086.7835102844238
2024-09-26,2024-09-26,710.271053,2024-09-26,96.30799865722656,2024-09-26,11.3,11.7865,ECB EXR daily reference rate,0.958723963856955,680.9538793450134,1088.2803848266603
2024-09-27,2024-09-27,709.927921,2024-09-27,96.66200256347656,2024-09-27,11.273,11.7575,ECB EXR daily reference rate,0.9587922602594089,680.6733959968531,1089.6707548980712
2024-09-30,2024-09-30,712.370549,2024-09-30,96.39600372314452,2024-09-30,11.3,11.7645,ECB EXR daily reference rate,0.9605168090441584,684.2438865825153,1089.2748420715332
2024-10-01,2024-10-01,710.200818,2024-10-01,96.58999633789062,2024-10-01,11.3145,11.7305,ECB EXR daily reference rate,0.9645368910106135,685.0148889869146,1092.8675135650635
2024-10-02,2024-10-02,708.57894,2024-10-02,96.91200256347656,2024-10-02,11.3495,11.6735,ECB EXR daily reference rate,0.9722448280292971,688.9122096654817,1099.9027730941773
2024-10-03,2024-10-03,709.120488,2024-10-03,96.70600128173828,2024-10-03,11.361,11.7195,ECB EXR daily reference rate,0.9694099577627032,687.4284623207475,1098.6768805618287
2024-10-04,2024-10-04,716.631001,2024-10-04,97.2979965209961,2024-10-04,11.3375,11.6845,ECB EXR daily reference rate,0.9703025375497454,695.3488787571141,1103.1160355567933
2024-10-07,2024-10-07,710.660351,2024-10-07,97.59200286865234,2024-10-07,11.366,11.656,ECB EXR daily reference rate,0.9751201098146877,692.9791995080644,1109.2307046051026
2024-10-08,2024-10-08,719.333854,2024-10-08,97.50599670410156,2024-10-08,11.349,11.687,ECB EXR daily reference rate,0.971078976640712,698.5299828053393,1106.5955565948486
2024-10-09,2024-10-09,728.176212,2024-10-09,98.29199981689452,2024-10-09,11.362,11.786,ECB EXR daily reference rate,0.9640251145426778,701.9801561805532,1116.7937019195556
2024-10-10,2024-10-10,725.003498,2024-10-10,98.4520034790039,2024-10-10,11.3655,11.792,ECB EXR daily reference rate,0.9638314111261873,698.781144548762,1118.956245540619
2024-10-11,2024-10-11,726.221161,2024-10-11,98.81999969482422,2024-10-11,11.354,11.7393,ECB EXR daily reference rate,0.9671786222347158,702.3855819336758,1122.002276535034
2024-10-14,2024-10-14,735.015142,2024-10-14,99.63400268554688,2024-10-14,11.3735,11.7465,ECB EXR daily reference rate,0.9682458604690759,711.67536862359,1133.1873295440673
2024-10-15,2024-10-15,732.037904,2024-10-15,99.40599822998048,2024-10-15,11.301,11.766,ECB EXR daily reference rate,0.9604793472718001,703.1072882121366,1123.3871859970095
2024-10-16,2024-10-16,740.292099,2024-10-16,99.35399627685548,2024-10-16,11.346,11.8015,ECB EXR daily reference rate,0.9614032114561708,711.7192013942296,1127.2704417572022
2024-10-17,2024-10-17,742.418714,2024-10-17,100.2249984741211,2024-10-17,11.418,11.8735,ECB EXR daily reference rate,0.961637259443298,713.9374974903777,1144.3690325775146
2024-10-18,2024-10-18,745.247045,2024-10-18,100.12000274658205,2024-10-18,11.4205,11.8115,ECB EXR daily reference rate,0.9668966685010372,720.5768850207425,1143.4204913673402
2024-10-21,2024-10-21,744.186997,2024-10-21,99.73200225830078,2024-10-21,11.4275,11.838,ECB EXR daily reference rate,0.9653235343808076,718.3812221842795,1139.6874558067323
2024-10-22,2024-10-22,739.9933,2024-10-22,99.86199951171876,2024-10-22,11.4005,11.823,ECB EXR daily reference rate,0.9642645690603061,713.5493205320138,1138.4767254333497
2024-10-23,2024-10-23,740.132277,2024-10-23,99.53199768066406,2024-10-23,11.412,11.8525,ECB EXR daily reference rate,0.9628348449694158,712.6251461821558,1135.8591575317384
2024-10-24,2024-10-24,738.672398,2024-10-24,99.39199829101562,2024-10-24,11.419,11.8155,ECB EXR daily reference rate,0.9664423850027507,713.8843140588211,1134.9572284851074
2024-10-25,2024-10-25,735.510435,2024-10-25,99.73999786376952,2024-10-25,11.4475,11.8195,ECB EXR daily reference rate,0.9685265874190956,712.3614116216845,1141.7736255455015
2024-10-28,2024-10-28,741.941282,2024-10-28,99.68000030517578,2024-10-28,11.471,11.912,ECB EXR daily reference rate,0.9629785090664875,714.4735095552384,1143.4292835006713
2024-10-29,2024-10-29,740.590258,2024-10-29,99.76000213623048,2024-10-29,11.517,11.8415,ECB EXR daily reference rate,0.9725963771481653,720.295401882025,1148.9359446029664
2024-10-30,2024-10-30,736.830349,2024-10-30,99.26200103759766,2024-10-30,11.566,11.8785,ECB EXR daily reference rate,0.9736919644736288,717.4457900015994,1148.0643040008545
2024-10-31,2024-10-31,730.801651,2024-10-31,97.5719985961914,2024-10-31,11.6308,11.9385,ECB EXR daily reference rate,0.974226242827826,711.9661467061021,1134.840401272583
2024-11-01,2024-11-01,734.476613,2024-11-01,98.29399871826172,2024-11-01,11.6115,11.96,ECB EXR daily reference rate,0.9708612040133778,713.0748488168477,1141.3407661170959
2024-11-04,2024-11-04,729.6,2024-11-04,97.4800033569336,2024-11-04,11.6445,11.9465,ECB EXR daily reference rate,0.9747206294730675,711.15617126355,1135.1058990898132
2024-11-05,2024-11-05,735.700435,2024-11-05,97.95800018310548,2024-11-05,11.6665,11.96,ECB EXR daily reference rate,0.9754598662207357,717.646247903637,1142.8270091362
2024-11-06,2024-11-06,754.187767,2024-11-06,101.0250015258789,2024-11-06,11.6515,11.909,ECB EXR daily reference rate,0.9783776975396759,737.8804909900496,1177.092805278778
2024-11-07,2024-11-07,744.809584,2024-11-07,101.625,2024-11-07,11.599,11.7485,ECB EXR daily reference rate,0.9872749712729285,735.3318606474018,1178.7483750000001
2024-11-08,2024-11-08,757.687904,2024-11-08,102.3550033569336,2024-11-08,11.59,11.7735,ECB EXR daily reference rate,0.9844141504225591,745.8786943016095,1186.2944889068604
2024-11-11,2024-11-11,762.485216,2024-11-11,103.49500274658205,2024-11-11,11.592,11.7865,ECB EXR daily reference rate,0.983498069825648,749.9027382065924,1199.7140718383791
2024-11-12,2024-11-12,760.803898,2024-11-12,103.13999938964844,2024-11-12,11.542,11.7385,ECB EXR daily reference rate,0.9832602121225028,748.068202131107,1190.4418729553222
2024-11-13,2024-11-13,761.195587,2024-11-13,103.5250015258789,2024-11-13,11.5895,11.7645,ECB EXR daily reference rate,0.9851247396829443,749.872604491181,1199.8030051841736
2024-11-14,2024-11-14,757.195248,2024-11-14,103.4250030517578,2024-11-14,11.603,11.759,ECB EXR daily reference rate,0.986733565779403,747.1499670502593,1200.0403104095458
2024-11-15,2024-11-15,749.062402,2024-11-15,102.0749969482422,2024-11-15,11.5905,11.699,ECB EXR daily reference rate,0.990725703051543,742.1153748509275,1183.1002521286014
2024-11-18,2024-11-18,748.04605,2024-11-18,102.3949966430664,2024-11-18,11.6,11.717,ECB EXR daily reference rate,0.990014508833319,740.5764427754544,1187.7819610595702
2024-11-19,2024-11-19,746.392459,2024-11-19,102.3000030517578,2024-11-19,11.584,11.6595,ECB EXR daily reference rate,0.9935245936789743,741.5592645530255,1185.0432353515623
2024-11-20,2024-11-20,751.401238,2024-11-20,102.36000061035156,2024-11-20,11.605,11.644,ECB EXR daily reference rate,0.9966506355204398,748.8845213835452,1187.88780708313
2024-11-21,2024-11-21,754.725464,2024-11-21,103.66000366210938,2024-11-21,11.607,11.62,ECB EXR daily reference rate,0.998881239242685,753.8811067683305,1203.1816625061035
2024-11-22,2024-11-22,760.891018,2024-11-22,104.9000015258789,2024-11-22,11.553,11.568,ECB EXR daily reference rate,0.9987033195020748,759.904385455913,1211.909717628479
2024-11-25,2024-11-25,763.71195,2024-11-25,104.6449966430664,2024-11-25,11.503,11.5865,ECB EXR daily reference rate,0.9927933370733182,758.2081354032712,1203.731396385193
2024-11-26,2024-11-26,770.476802,2024-11-26,104.80999755859376,2024-11-26,11.523,11.6815,ECB EXR daily reference rate,0.9864315370457561,760.0226160549587,1207.725601867676
2024-11-27,2024-11-27,761.302313,2024-11-27,103.94000244140624,2024-11-27,11.529,11.69,ECB EXR daily reference rate,0.9862275449101797,750.8173110844313,1198.3242881469725
2024-11-28,2024-11-27,761.302313,2024-11-28,104.43000030517578,2024-11-28,11.5375,11.664,ECB EXR daily reference rate,0.9891546639231824,753.0457335594565,1204.8611285209656
2024-11-29,2024-11-29,766.318114,2024-11-29,104.80500030517578,2024-11-29,11.518,11.6805,ECB EXR daily reference rate,0.9860879243183083,755.6570384017808,1207.1439935150147
2024-12-02,2024-12-02,774.012993,2024-12-02,105.70500183105467,2024-12-02,11.527,11.659,ECB EXR daily reference rate,0.9886782742945363,765.249830200789,1218.461556106567
2024-12-03,2024-12-03,770.430167,2024-12-03,105.62999725341795,2024-12-03,11.5755,11.629,ECB EXR daily reference rate,0.9953994324533494,766.8857509767391,1222.7200332069394
2024-12-04,2024-12-04,773.536219,2024-12-04,105.9749984741211,2024-12-04,11.548,11.6205,ECB EXR daily reference rate,0.9937610257734177,768.710146466331,1223.7992823791503
2024-12-05,2024-12-05,773.870643,2024-12-05,105.84500122070312,2024-12-05,11.5095,11.66,ECB EXR daily reference rate,0.9870926243567753,763.8820039115351,1218.2230415496824
2024-12-06,2024-12-06,781.643247,2024-12-06,105.8949966430664,2024-12-06,11.523,11.7445,ECB EXR daily reference rate,0.981140108135723,766.9015398851377,1220.228046318054
2024-12-09,2024-12-09,774.044333,2024-12-09,105.5500030517578,2024-12-09,11.536,11.7435,ECB EXR daily reference rate,0.9823306509984246,760.3674735375314,1217.624835205078
2024-12-10,2024-12-10,776.002225,2024-12-10,105.75499725341795,2024-12-10,11.5335,11.7315,ECB EXR daily reference rate,0.9831223628691983,762.9051410337552,1219.725260822296
2024-12-11,2024-12-11,780.538669,2024-12-11,106.37000274658205,2024-12-11,11.5165,11.712,ECB EXR daily reference rate,0.983307718579235,767.5096978772627,1225.0101366310123
2024-12-12,2024-12-12,776.20837,2024-12-12,106.1050033569336,2024-12-12,11.5,11.654,ECB EXR daily reference rate,0.9867856529946799,765.951283250386,1220.2075386047363
2024-12-13,2024-12-13,774.806266,2024-12-13,105.59500122070312,2024-12-13,11.515,11.6758,ECB EXR daily reference rate,0.9862279244248788,764.1355755485706,1215.9264390563965
2024-12-16,2024-12-16,777.190848,2024-12-16,105.79000091552734,2024-12-16,11.4541,11.716,ECB EXR daily reference rate,0.9776459542505975,759.817488227791,1211.729249486542
2024-12-17,2024-12-17,777.486071,2024-12-17,105.48500061035156,2024-12-17,11.472,11.7635,ECB EXR daily reference rate,0.9752199600459046,758.2199350968674,1210.123927001953
2024-12-18,2024-12-18,761.143303,2024-12-18,105.68499755859376,2024-12-18,11.4895,11.762,ECB EXR daily reference rate,0.9768321713994218,743.509265415618,1214.267779449463
2024-12-19,2024-12-19,766.756498,2024-12-19,104.00499725341795,2024-12-19,11.4625,11.8143,ECB EXR daily reference rate,0.9702225269376943,743.9244270354571,1192.1572810173034
2024-12-20,2024-12-20,771.52372,2024-12-20,104.23999786376952,2024-12-20,11.476,11.8685,ECB EXR daily reference rate,0.966929266545899,746.0088647023636,1196.258215484619
2024-12-23,2024-12-23,774.822439,2024-12-23,104.0,2024-12-23,11.484,11.807,ECB EXR daily reference rate,0.9726433471669348,753.6258905290082,1194.336
2024-12-24,2024-12-23,774.822439,2024-12-23,104.0,2024-12-24,11.5335,11.849,ECB EXR daily reference rate,0.9733732804456072,754.1914592122964,1199.484
2024-12-25,2024-12-23,774.822439,2024-12-23,104.0,2024-12-24,11.5335,11.849,ECB EXR daily reference rate,0.9733732804456072,754.1914592122964,1199.484
2024-12-26,2024-12-23,774.822439,2024-12-23,104.0,2024-12-24,11.5335,11.849,ECB EXR daily reference rate,0.9733732804456072,754.1914592122964,1199.484
2024-12-27,2024-12-27,776.714063,2024-12-27,104.55999755859376,2024-12-27,11.4795,11.8435,ECB EXR daily reference rate,0.9692658420230506,752.8424102848397,1200.2964919738772
2024-12-30,2024-12-30,770.165221,2024-12-30,103.58999633789062,2024-12-30,11.4865,11.8455,ECB EXR daily reference rate,0.9696931324131527,746.823925627158,1189.8864929351805
2024-12-31,2024-12-31,766.483394,2024-12-30,103.58999633789062,2024-12-31,11.459,11.795,ECB EXR daily reference rate,0.971513353115727,744.6488522124629,1187.0377680358886
2025-01-01,2024-12-31,766.483394,2024-12-30,103.58999633789062,2024-12-31,11.459,11.795,ECB EXR daily reference rate,0.971513353115727,744.6488522124629,1187.0377680358886
2025-01-02,2025-01-02,766.321888,2025-01-02,105.36499786376952,2025-01-02,11.4223,11.7173,ECB EXR daily reference rate,0.9748235515007724,747.028624452937,1203.5106150993345
2025-01-03,2025-01-03,773.87174,2025-01-03,105.16999816894533,2025-01-03,11.4395,11.713,ECB EXR daily reference rate,0.9766498762059251,755.8017390702639,1203.0921940536502
2025-01-06,2025-01-06,772.041063,2025-01-06,105.76000213623048,2025-01-06,11.4645,11.7095,ECB EXR daily reference rate,0.9790768179683162,755.8875073029163,1212.4855444908144
2025-01-07,2025-01-07,769.756392,2025-01-07,105.00499725341795,2025-01-07,11.475,11.7385,ECB EXR daily reference rate,0.9775524981897176,752.4772839971035,1204.932343482971
2025-01-08,2025-01-08,775.022296,2025-01-08,105.08000183105467,2025-01-08,11.5125,11.738,ECB EXR daily reference rate,0.9807888907820753,760.1332580252173,1209.7335210800168
2025-01-09,2025-01-08,775.022296,2025-01-09,105.18499755859376,2025-01-09,11.4945,11.7605,ECB EXR daily reference rate,0.9773819140342672,757.4927750837123,1209.048954437256
2025-01-10,2025-01-10,768.060755,2025-01-10,104.1449966430664,2025-01-10,11.497,11.757,ECB EXR daily reference rate,0.9778855150123331,751.0754869639363,1197.3550264053345
2025-01-13,2025-01-13,768.943478,2025-01-13,104.01499938964844,2025-01-13,11.5055,11.709,ECB EXR daily reference rate,0.9826202066786233,755.5793992765394,1196.7445754776002
2025-01-14,2025-01-14,763.478357,2025-01-14,103.8249969482422,2025-01-14,11.512,11.7195,ECB EXR daily reference rate,0.9822944664874782,749.9605653640514,1195.2333648681642
2025-01-15,2025-01-15,772.325644,2025-01-15,105.45999908447266,2025-01-15,11.5015,11.7035,ECB EXR daily reference rate,0.9827402059213056,758.995462422865,1212.9481794700623
2025-01-16,2025-01-16,774.730918,2025-01-16,105.79000091552734,2025-01-16,11.485,11.6965,ECB EXR daily reference rate,0.9819176676783652,760.7219760808788,1214.9981605148314
2025-01-17,2025-01-17,784.493124,2025-01-17,106.70500183105467,2025-01-17,11.506,11.759,ECB EXR daily reference rate,0.9784845650140318,767.6144131936388,1227.7477510681151
2025-01-20,2025-01-17,784.493124,2025-01-20,106.21499633789062,2025-01-20,11.4945,11.7665,ECB EXR daily reference rate,0.9768835252623974,766.358408517231,1220.8882754058839
2025-01-21,2025-01-21,787.704781,2025-01-21,106.27999877929688,2025-01-21,11.475,11.817,ECB EXR daily reference rate,0.971058644325971,764.9075367669459,1219.5629859924315
2025-01-22,2025-01-22,788.326513,2025-01-22,107.18499755859376,2025-01-22,11.467,11.7525,ECB EXR daily reference rate,0.975707296319932,769.1759306165497,1229.0903670043947
2025-01-23,2025-01-23,792.537187,2025-01-23,107.31999969482422,2025-01-23,11.4685,11.7305,ECB EXR daily reference rate,0.9776650611653384,774.8359174041602,1230.7994165000916
2025-01-24,2025-01-24,785.226681,2025-01-24,106.83999633789062,2025-01-24,11.459,11.7495,ECB EXR daily reference rate,0.9752755436401549,765.8123781930294,1224.2795180358887
2025-01-27,2025-01-27,779.841234,2025-01-27,105.1050033569336,2025-01-27,11.496,11.8095,ECB EXR daily reference rate,0.973453575511241,759.1392375683984,1208.2871185913086
2025-01-28,2025-01-28,789.200024,2025-01-28,106.43499755859376,2025-01-28,11.478,11.7785,ECB EXR daily reference rate,0.9744874135076623,769.065490127945,1221.6609019775392
2025-01-29,2025-01-29,787.49,2025-01-29,106.8249969482422,2025-01-29,11.4555,11.7785,ECB EXR daily reference rate,0.9725771532877702,765.8947824425861,1223.7337525405885
2025-01-30,2025-01-30,791.368829,2025-01-30,107.12000274658205,2025-01-30,11.47,11.7615,ECB EXR daily reference rate,0.9752157462908644,771.7553431645624,1228.666431503296
2025-01-31,2025-01-31,789.843228,2025-01-31,108.18000030517578,2025-01-31,11.474,11.7373,ECB EXR daily reference rate,0.9775672428923177,772.1248667131282,1241.2573235015868
2025-02-03,2025-02-03,786.794765,2025-02-03,107.20500183105467,2025-02-03,11.481,11.7138,ECB EXR daily reference rate,0.9801260052246068,771.1580099510833,1230.8206260223387
2025-02-04,2025-02-04,783.960547,2025-02-04,107.19499969482422,2025-02-04,11.418,11.721,ECB EXR daily reference rate,0.9741489633990273,763.6943542057845,1223.9525065155028
2025-02-05,2025-02-05,785.120786,2025-02-05,106.95500183105467,2025-02-05,11.3583,11.6693,ECB EXR daily reference rate,0.973348872683023,764.1964319731088,1214.8269972976682
2025-02-06,2025-02-06,790.360292,2025-02-06,108.13999938964844,2025-02-06,11.321,11.6585,ECB EXR daily reference rate,0.9710511643864991,767.4802818314533,1224.25293309021
2025-02-07,2025-02-07,784.629334,2025-02-07,107.875,2025-02-07,11.2865,11.625,ECB EXR daily reference rate,0.9708817204301076,761.7822776938494,1217.5311875
2025-02-10,2025-02-10,786.275942,2025-02-10,108.55500030517578,2025-02-10,11.2765,11.5745,ECB EXR daily reference rate,0.9742537474620934,766.0322830327875,1224.1204609413148
2025-02-11,2025-02-11,787.419608,2025-02-11,108.3000030517578,2025-02-11,11.2525,11.5755,ECB EXR daily reference rate,0.97209623774351,765.4476384622694,1218.6457843399046
2025-02-12,2025-02-12,789.524133,2025-02-12,107.5500030517578,2025-02-12,11.2895,11.662,ECB EXR daily reference rate,0.9680586520322414,764.3056679389041,1214.1857594528196
2025-02-13,2025-02-13,794.353762,2025-02-13,108.1050033569336,2025-02-13,11.2815,11.7145,ECB EXR daily reference rate,0.9630372615135089,764.9922716294335,1219.5865953712462
2025-02-14,2025-02-14,789.201462,2025-02-14,107.87000274658205,2025-02-14,11.2445,11.6515,ECB EXR daily reference rate,0.9650688752521135,761.6337672796636,1212.944245883942
2025-02-17,2025-02-14,789.201462,2025-02-17,108.41500091552734,2025-02-17,11.216,11.6415,ECB EXR daily reference rate,0.9634497272688226,760.3559333240561,1215.9826502685546
2025-02-18,2025-02-18,794.039154,2025-02-18,108.4800033569336,2025-02-18,11.2115,11.659,ECB EXR daily reference rate,0.9616176344454926,763.5620529265802,1216.223557636261
2025-02-19,2025-02-19,792.9755,2025-02-19,108.81500244140624,2025-02-19,11.214,11.629,ECB EXR daily reference rate,0.9643133545446728,764.6768644767392,1220.2514373779295
2025-02-20,2025-02-20,789.282331,2025-02-20,107.73500061035156,2025-02-20,11.166,11.609,ECB EXR daily reference rate,0.9618399517615643,759.1632791752951,1202.9690168151856
2025-02-21,2025-02-21,779.205983,2025-02-21,107.8499984741211,2025-02-21,11.1425,11.629,ECB EXR daily reference rate,0.9581649324963454,746.6078481019434,1201.7186079978942
2025-02-24,2025-02-24,775.593296,2025-02-24,106.68000030517578,2025-02-24,11.153,11.6355,ECB EXR daily reference rate,0.9585320785527051,743.4310541264234,1189.8020434036255
2025-02-25,2025-02-25,773.237329,2025-02-25,105.03500366210938,2025-02-25,11.1455,11.6638,ECB EXR daily reference rate,0.9555633669987482,738.8772655883589,1170.66763331604
2025-02-26,2025-02-26,775.708013,2025-02-26,106.38999938964844,2025-02-26,11.143,11.6895,ECB EXR daily reference rate,0.9532486419436246,739.4426099370376,1185.5037631988525
2025-02-27,2025-02-27,771.220068,2025-02-27,106.59500122070312,2025-02-27,11.159,11.7015,ECB EXR daily reference rate,0.9536384224244756,735.4650889896168,1189.4936186218263
2025-02-28,2025-02-28,779.422624,2025-02-28,105.5250015258789,2025-02-28,11.188,11.7245,ECB EXR daily reference rate,0.9542411190242654,743.7571169185893,1180.6137170715333
2025-03-03,2025-03-03,765.797172,2025-03-03,105.76499938964844,2025-03-03,11.15,11.695,ECB EXR daily reference rate,0.9533988884138521,730.1101725352715,1179.27974319458
2025-03-04,2025-03-04,759.839374,2025-03-04,102.33499908447266,2025-03-04,11.0995,11.808,ECB EXR daily reference rate,0.9399983062330625,714.2477245691905,1135.8673223381043
2025-03-05,2025-03-05,753.917364,2025-03-05,100.7750015258789,2025-03-05,11.0125,11.82,ECB EXR daily reference rate,0.9316835871404399,702.4124340989847,1109.7847043037414
2025-03-06,2025-03-06,738.004179,2025-03-06,100.9749984741211,2025-03-06,10.962,11.716,ECB EXR daily reference rate,0.9356435643564357,690.508860549505,1106.8879332733154
2025-03-07,2025-03-07,737.64909,2025-03-07,99.14800262451172,2025-03-07,10.9715,11.759,ECB EXR daily reference rate,0.9330300195594864,688.2487448707374,1087.8023107948304
2025-03-10,2025-03-10,716.130112,2025-03-10,98.37999725341795,2025-03-10,10.9695,11.6705,ECB EXR daily reference rate,0.9399340216785913,673.1150562173001,1079.1793798713682
2025-03-11,2025-03-11,705.275552,2025-03-11,96.4540023803711,2025-03-11,10.9815,11.634,ECB EXR daily reference rate,0.9439143888602373,665.7197416441464,1059.2096271400453
2025-03-12,2025-03-12,705.149928,2025-03-12,97.43199920654295,2025-03-12,10.9765,11.6085,ECB EXR daily reference rate,0.9455571348580781,666.7595455650601,1069.4623392906187
2025-03-13,2025-03-13,700.218245,2025-03-13,96.76399993896484,2025-03-13,11.07,11.5975,ECB EXR daily reference rate,0.9545160594955809,668.3695600043113,1071.1774793243408
2025-03-14,2025-03-14,711.939609,2025-03-14,97.88200378417967,2025-03-14,11.0538,11.62,ECB EXR daily reference rate,0.9512736660929433,677.2494018902066,1081.9680934295654
2025-03-17,2025-03-17,709.734257,2025-03-17,98.2519989013672,2025-03-17,11.0225,11.5283,ECB EXR daily reference rate,0.9561253610679806,678.5949227364399,1082.98265789032
2025-03-18,2025-03-18,707.534556,2025-03-18,97.85199737548828,2025-03-18,10.997,11.528,ECB EXR daily reference rate,0.9539382373351839,674.944267204372,1076.0784151382445
2025-03-19,2025-03-19,714.073978,2025-03-19,98.86799621582033,2025-03-19,11.0025,11.505,ECB EXR daily reference rate,0.9563233376792698,682.8856099908735,1087.7951283645632
2025-03-20,2025-03-20,711.361527,2025-03-20,99.22799682617188,2025-03-20,11.0295,11.5025,ECB EXR daily reference rate,0.9588785046728973,682.1092772915888,1094.4351909942627
2025-03-21,2025-03-21,709.18033,2025-03-21,98.90799713134766,2025-03-21,10.933,11.401,ECB EXR daily reference rate,0.9589509692132269,680.0691648004561,1081.361132637024
2025-03-24,2025-03-24,716.422006,2025-03-24,100.68000030517578,2025-03-24,10.957,11.3795,ECB EXR daily reference rate,0.9628718309240301,689.8225686314864,1103.1507633438111
2025-03-25,2025-03-25,716.175801,2025-03-25,100.86499786376952,2025-03-25,10.7975,11.309,ECB EXR daily reference rate,0.954770536740649,683.7835539214342,1089.0898144340513
2025-03-26,2025-03-26,710.971713,2025-03-26,100.38500213623048,2025-03-26,10.8395,11.3585,ECB EXR daily reference rate,0.9543073469208082,678.4855291687724,1088.1232306556703
2025-03-27,2025-03-27,707.685369,2025-03-27,99.93599700927734,2025-03-27,10.8235,11.3435,ECB EXR daily reference rate,0.954158769339269,675.2442007644465,1081.6572636299134
2025-03-28,2025-03-28,693.518701,2025-03-28,97.81999969482422,2025-03-28,10.82,11.294,ECB EXR daily reference rate,0.9580308128209669,664.4122848255711,1058.412396697998
2025-03-31,2025-03-31,696.668732,2025-03-31,97.1780014038086,2025-03-31,10.849,11.413,ECB EXR daily reference rate,0.9505826688863577,662.2412225942346,1054.2841372299195
2025-04-01,2025-04-01,695.281361,2025-04-01,98.33599853515624,2025-04-01,10.816,11.318,ECB EXR daily reference rate,0.9556458738292986,664.442763790069,1063.60216015625
2025-04-02,2025-04-02,696.162393,2025-04-02,98.24400329589844,2025-04-02,10.764,11.2745,ECB EXR daily reference rate,0.9547208301920262,664.6407377934275,1057.4984514770508
2025-04-03,2025-04-03,661.846911,2025-04-03,93.41400146484376,2025-04-03,10.7205,11.4235,ECB EXR daily reference rate,0.9384601917100712,621.1169789797784,1001.4448027038575
2025-04-04,2025-04-04,652.735895,2025-04-04,89.05000305175781,2025-04-04,10.974,11.6815,ECB EXR daily reference rate,0.9394341480118136,613.2023893960536,977.2347334899903
2025-04-07,2025-04-07,651.465396,2025-04-07,86.69200134277344,2025-04-07,11.078,11.9545,ECB EXR daily reference rate,0.9266803295830022,603.7001678772011,960.3739908752441
2025-04-08,2025-04-08,649.657094,2025-04-08,89.50800323486328,2025-04-08,10.9775,11.9505,ECB EXR daily reference rate,0.9185808125183046,596.7625412648006,982.5741055107115
2025-04-09,2025-04-09,697.086547,2025-04-09,85.17400360107422,2025-04-09,11.0715,12.1195,ECB EXR daily reference rate,0.9135277857997443,636.8079297916994,943.0039808692933
2025-04-10,2025-04-10,673.254938,2025-04-10,88.6240005493164,2025-04-10,11.019,11.9815,ECB EXR daily reference rate,0.9196678212243876,619.1709019590202,976.5478620529175
2025-04-11,2025-04-11,681.053568,2025-04-11,87.8499984741211,2025-04-11,11.1198,12.1005,ECB EXR daily reference rate,0.9189537622412297,625.8567386014132,976.8744130325317
2025-04-14,2025-04-14,677.319028,2025-04-14,90.26200103759766,2025-04-14,11.0065,12.0205,ECB EXR daily reference rate,0.9156441079821971,620.1831772124287,993.4687144203186
2025-04-15,2025-04-15,680.343501,2025-04-15,91.21399688720705,2025-04-15,11.0611,11.9726,ECB EXR daily reference rate,0.9238678315487029,628.5474749771228,1008.9271409690858
2025-04-16,2025-04-16,668.737682,2025-04-16,90.14600372314452,2025-04-16,11.155,12.0725,ECB EXR daily reference rate,0.9240008283288466,617.9141721027128,1005.5786715316771
2025-04-17,2025-04-16,668.737682,2025-04-17,89.2239990234375,2025-04-17,11.0278,11.9655,ECB EXR daily reference rate,0.921633028289666,616.3307349930716,983.944416430664
2025-04-18,2025-04-16,668.737682,2025-04-17,89.2239990234375,2025-04-17,11.0278,11.9655,ECB EXR daily reference rate,0.921633028289666,616.3307349930716,983.944416430664
2025-04-21,2025-04-16,668.737682,2025-04-17,89.2239990234375,2025-04-17,11.0278,11.9655,ECB EXR daily reference rate,0.921633028289666,616.3307349930716,983.944416430664
2025-04-22,2025-04-22,658.560244,2025-04-22,88.47799682617188,2025-04-22,10.9153,11.8885,ECB EXR daily reference rate,0.9181393783908819,604.6500930591075,965.7638787567139
2025-04-23,2025-04-23,674.090056,2025-04-23,91.12000274658205,2025-04-23,10.9395,11.891,ECB EXR daily reference rate,0.919981498612396,620.1503799185939,996.8072700462343
2025-04-24,2025-04-24,683.091084,2025-04-24,91.9520034790039,2025-04-24,10.911,11.8285,ECB EXR daily reference rate,0.9224331064801116,630.1058306229869,1003.2883099594115
2025-04-25,2025-04-25,687.353698,2025-04-25,92.35800170898438,2025-04-25,11.0015,11.8415,ECB EXR daily reference rate,0.9290630409998734,638.5949169063886,1016.0765558013916
2025-04-28,2025-04-28,686.568925,2025-04-28,92.58999633789062,2025-04-28,10.997,11.8615,ECB EXR daily reference rate,0.9271171437002066,636.5298206993214,1018.2121897277832
2025-04-29,2025-04-29,690.693559,2025-04-29,93.04199981689452,2025-04-29,10.962,11.8045,ECB EXR daily reference rate,0.9286289127027827,641.3980087049854,1019.9264019927977
2025-04-30,2025-04-30,691.823426,2025-04-30,93.36000061035156,2025-04-30,10.9715,11.809,ECB EXR daily reference rate,0.929079515623677,642.7589735251928,1024.2992466964722
2025-05-01,2025-04-30,691.823426,2025-04-30,93.36000061035156,2025-04-30,10.9715,11.809,ECB EXR daily reference rate,0.929079515623677,642.7589735251928,1024.2992466964722
2025-05-02,2025-05-02,703.986966,2025-05-02,95.64800262451172,2025-05-02,10.9375,11.7585,ECB EXR daily reference rate,0.9301781689841392,654.8333070225794,1046.150028705597
2025-05-05,2025-05-05,702.444097,2025-05-05,95.78199768066406,2025-05-05,10.9355,11.7885,ECB EXR daily reference rate,0.9276413453789709,651.6161871945964,1047.4240356369019
2025-05-06,2025-05-06,692.857259,2025-05-06,95.27999877929688,2025-05-06,10.88,11.7015,ECB EXR daily reference rate,0.9297953253856345,644.2154405777038,1036.6463867187501
2025-05-07,2025-05-07,694.701993,2025-05-07,94.82599639892578,2025-05-07,10.903,11.6715,ECB EXR daily reference rate,0.934155849719402,648.9599305726771,1033.8878387374878
2025-05-08,2025-05-08,704.129444,2025-05-08,96.36599731445312,2025-05-08,10.903,11.688,ECB EXR daily reference rate,0.9328370978781656,656.8380670715263,1050.6784687194825
2025-05-09,2025-05-09,702.38908,2025-05-09,96.31800079345705,2025-05-09,10.92,11.6725,ECB EXR daily reference rate,0.9355322338830585,657.1076250674663,1051.792568664551
2025-05-12,2025-05-12,723.394059,2025-05-12,99.48400115966795,2025-05-12,10.8845,11.596,ECB EXR daily reference rate,0.9386426353915143,679.0085059663245,1082.8336106224058
2025-05-13,2025-05-13,725.173778,2025-05-13,100.08999633789062,2025-05-13,10.8255,11.5733,ECB EXR daily reference rate,0.9353857585995351,678.3172244510208,1083.5242553558348
2025-05-14,2025-05-14,724.663756,2025-05-14,99.84400177001952,2025-05-14,10.854,11.5715,ECB EXR daily reference rate,0.9379942099122844,679.7304072612885,1083.7067952117918
2025-05-15,2025-05-15,732.445577,2025-05-15,100.22000122070312,2025-05-15,10.8875,11.65,ECB EXR daily reference rate,0.9345493562231759,684.5065424538626,1091.1452632904052
2025-05-16,2025-05-16,735.060785,2025-05-16,100.95500183105467,2025-05-16,10.9327,11.635,ECB EXR daily reference rate,0.9396390201976795,690.6917958031372,1103.7107485183715
2025-05-19,2025-05-19,730.32303,2025-05-19,100.375,2025-05-19,10.9015,11.5955,ECB EXR daily reference rate,0.940149195808719,686.612609335087,1094.2380625
2025-05-20,2025-05-20,728.2589,2025-05-20,100.61000061035156,2025-05-20,10.8835,11.5955,ECB EXR daily reference rate,0.9385968694752275,683.5415237074727,1094.9889416427611
2025-05-21,2025-05-21,710.679454,2025-05-21,99.79199981689452,2025-05-21,10.8445,11.484,ECB EXR daily reference rate,0.9443138279345176,671.1044356411528,1082.1943420143125
2025-05-22,2025-05-22,713.05449,2025-05-22,99.06800079345705,2025-05-22,10.8485,11.5155,ECB EXR daily reference rate,0.9420780686900265,671.7529968099518,1074.7392066078187
2025-05-23,2025-05-23,703.400319,2025-05-23,97.9499969482422,2025-05-23,10.8348,11.522,ECB EXR daily reference rate,0.9403575768095817,661.4478195019267,1061.2686269348146
2025-05-26,2025-05-23,703.400319,2025-05-26,98.89199829101562,2025-05-26,10.8335,11.484,ECB EXR daily reference rate,0.9433559735283874,663.5568927104232,1071.3464634857178
2025-05-27,2025-05-27,718.388382,2025-05-27,99.6520004272461,2025-05-27,10.8785,11.506,ECB EXR daily reference rate,0.9454632365722232,679.2098047616026,1084.0642866477967
2025-05-28,2025-05-28,715.721122,2025-05-28,99.73999786376952,2025-05-28,10.8735,11.4945,ECB EXR daily reference rate,0.9459741615555265,677.0536882915308,1084.5228667716979
2025-05-29,2025-05-28,715.721122,2025-05-29,99.302001953125,2025-05-29,10.8695,11.488,ECB EXR daily reference rate,0.9461612116991645,677.1875640302055,1079.3631102294921
2025-05-30,2025-05-30,722.221618,2025-05-30,99.30799865722656,2025-05-30,10.8735,11.5408,ECB EXR daily reference rate,0.9421790517121863,680.4620791732809,1079.825523399353
2025-06-02,2025-06-02,715.597145,2025-06-02,98.87000274658205,2025-06-02,10.8535,11.51,ECB EXR daily reference rate,0.9429626411815812,674.7813738711989,1073.0855748100282
2025-06-03,2025-06-03,722.197299,2025-06-03,100.06500244140624,2025-06-03,10.9245,11.533,ECB EXR daily reference rate,0.9472383594901588,684.0929847329837,1093.1601191711425
2025-06-04,2025-06-04,720.509525,2025-06-04,100.08999633789062,2025-06-04,10.9475,11.5185,ECB EXR daily reference rate,0.9504275730346834,684.7921191941226,1095.7352349090577
2025-06-05,2025-06-05,715.341187,2025-06-05,100.11499786376952,2025-06-05,10.943,11.5265,ECB EXR daily reference rate,0.9493775213638137,679.1288430435084,1095.5584216232298
2025-06-06,2025-06-06,724.92304,2025-06-06,100.5,2025-06-06,10.959,11.524,ECB EXR daily reference rate,0.9509718847622354,689.3814296563694,1101.3795
2025-06-09,2025-06-06,724.92304,2025-06-09,100.48999786376952,2025-06-09,10.97,11.509,ECB EXR daily reference rate,0.9531670866278565,690.9727820662091,1102.3752765655518
2025-06-10,2025-06-10,725.972047,2025-06-10,100.48999786376952,2025-06-10,10.946,11.5073,ECB EXR daily reference rate,0.9512222676040426,690.5607767644885,1099.9635166168212
2025-06-11,2025-06-11,724.5591,2025-06-11,100.49500274658205,2025-06-11,10.9845,11.566,ECB EXR daily reference rate,0.9497233269929103,688.1306790549887,1103.8873576698306
2025-06-12,2025-06-12,718.236002,2025-06-12,99.5979995727539,2025-06-12,10.9355,11.574,ECB EXR daily reference rate,0.9448332469327804,678.6132538336789,1089.1539243278503
2025-06-13,2025-06-13,708.592377,2025-06-13,99.21199798583984,2025-06-13,10.9635,11.4435,ECB EXR daily reference rate,0.9580547909293485,678.8703216008652,1087.710739917755
2025-06-16,2025-06-16,713.609055,2025-06-16,99.5979995727539,2025-06-16,10.9615,11.467,ECB EXR daily reference rate,0.9559169791575826,682.1510121550972,1091.7434723167419
2025-06-17,2025-06-17,706.943945,2025-06-17,99.4020004272461,2025-06-17,10.948,11.4175,ECB EXR daily reference rate,0.958878913947887,677.8736422036347,1088.2531006774902
2025-06-18,2025-06-18,711.178999,2025-06-18,99.33599853515624,2025-06-18,11.027,11.4435,ECB EXR daily reference rate,0.9636037925459867,685.2947806154584,1095.3780558471678
2025-06-19,2025-06-18,711.178999,2025-06-19,98.53600311279295,2025-06-19,11.067,11.5315,ECB EXR daily reference rate,0.959719030481724,682.5320194192429,1090.4979464492797
2025-06-20,2025-06-20,718.53211,2025-06-20,98.8479995727539,2025-06-20,11.125,11.598,ECB EXR daily reference rate,0.9592171063976547,689.2282914080013,1099.6839952468872
2025-06-23,2025-06-23,721.843077,2025-06-23,98.6240005493164,2025-06-23,11.1635,11.6635,ECB EXR daily reference rate,0.9571312213315043,690.8985458987011,1100.9890301322937
2025-06-24,2025-06-24,732.67543,2025-06-24,99.55599975585938,2025-06-24,11.063,11.713,ECB EXR daily reference rate,0.944506104328524,692.0164161265262,1101.3880252990723
2025-06-25,2025-06-25,733.679488,2025-06-25,99.43800354003906,2025-06-25,11.06,11.782,ECB EXR daily reference rate,0.9387200814802241,688.7196687557291,1099.784319152832
2025-06-26,2025-06-26,733.954799,2025-06-26,99.54000091552734,2025-06-26,11.091,11.8125,ECB EXR daily reference rate,0.9389206349206348,689.1253058801269,1103.9981501541138
2025-06-27,2025-06-27,740.046995,2025-06-27,100.375,2025-06-27,11.1183,11.792,ECB EXR daily reference rate,0.9428680461329715,697.766664222227,1115.9993625
2025-06-30,2025-06-30,745.79182,2025-06-30,100.15499877929688,2025-06-30,11.1465,11.8345,ECB EXR daily reference rate,0.94186488656048,702.4351279420339,1116.3776938934325
2025-07-01,2025-07-01,742.149968,2025-07-01,99.96600341796876,2025-07-01,11.159,11.8445,ECB EXR daily reference rate,0.942125036936975,699.1980660147748,1115.5206321411135
2025-07-02,2025-07-02,747.734426,2025-07-02,100.23999786376952,2025-07-02,11.2005,11.878,ECB EXR daily reference rate,0.9429617780771173,705.0849838704327,1122.7380960731505
2025-07-03,2025-07-03,748.7601,2025-07-03,101.2300033569336,2025-07-03,11.2515,11.875,ECB EXR daily reference rate,0.9474947368421053,709.4462539073684,1138.9893827705384
2025-07-04,2025-07-03,748.7601,2025-07-04,100.55999755859376,2025-07-04,11.2505,11.847,ECB EXR daily reference rate,0.9496497003460793,711.0598045961003,1131.3502525329593
2025-07-07,2025-07-07,745.418208,2025-07-07,100.88500213623048,2025-07-07,11.1645,11.8755,ECB EXR daily reference rate,0.9401288366805608,700.7891527275483,1126.3306063499454
2025-07-08,2025-07-08,747.058,2025-07-08,100.91500091552734,2025-07-08,11.1695,11.8295,ECB EXR daily reference rate,0.9442072784141341,705.3776009975062,1127.1701027259826
2025-07-09,2025-07-09,749.574986,2025-07-09,101.25,2025-07-09,11.1645,11.83,ECB EXR daily reference rate,0.94374471682164,707.4074328991547,1130.405625
2025-07-10,2025-07-10,751.155627,2025-07-10,101.9800033569336,2025-07-10,11.152,11.803,ECB EXR daily reference rate,0.9448445310514275,709.725286139456,1137.2809974365234
2025-07-11,2025-07-11,749.880733,2025-07-11,101.33499908447266,2025-07-11,11.148,11.8305,ECB EXR daily reference rate,0.9423101305946493,706.6202114436413,1129.682569793701
2025-07-14,2025-07-14,750.170614,2025-07-14,101.4749984741211,2025-07-14,11.205,11.803,ECB EXR daily reference rate,0.9493349148521562,712.1631559662796,1137.0273579025268
2025-07-15,2025-07-15,753.658925,2025-07-15,102.02999877929688,2025-07-15,11.27,11.8715,ECB EXR daily reference rate,0.9493324348228952,715.4728622962557,1149.8780862426756
2025-07-16,2025-07-16,760.241411,2025-07-16,100.48500061035156,2025-07-16,11.3195,11.946,ECB EXR daily reference rate,0.9475556671689268,720.3710574095512,1137.4399644088744
2025-07-17,2025-07-17,767.165494,2025-07-17,102.55500030517578,2025-07-17,11.311,11.9675,ECB EXR daily reference rate,0.9451430958846877,725.0811700550657,1159.9996084518432
2025-07-18,2025-07-18,755.918462,2025-07-18,102.20999908447266,2025-07-18,11.2505,11.8335,ECB EXR daily reference rate,0.9507330882663624,718.6766938548188,1149.9135946998597
2025-07-21,2025-07-21,757.377139,2025-07-21,102.30999755859376,2025-07-21,11.212,11.866,ECB EXR daily reference rate,0.9448845440755098,715.6339526772291,1147.0996926269534
2025-07-22,2025-07-22,754.112549,2025-07-22,101.62000274658205,2025-07-22,11.211,11.8845,ECB EXR daily reference rate,0.9433295468888049,711.3766491513317,1139.2618507919312
2025-07-23,2025-07-23,762.268064,2025-07-23,102.51000213623048,2025-07-23,11.164,11.8415,ECB EXR daily reference rate,0.9427859646159692,718.6556320141873,1144.4216638488772
2025-07-24,2025-07-24,762.576024,2025-07-24,102.7300033569336,2025-07-24,11.185,11.8765,ECB EXR daily reference rate,0.9417757756914916,718.1756265263335,1149.0350875473023
2025-07-25,2025-07-25,768.288052,2025-07-25,102.94499969482422,2025-07-25,11.1665,11.8995,ECB EXR daily reference rate,0.9384007731417287,720.9621019923526,1149.5353390922546
2025-07-28,2025-07-28,767.043801,2025-07-28,103.8249969482422,2025-07-28,11.1545,11.8625,ECB EXR daily reference rate,0.9403161222339305,721.2636525398947,1158.1159284591677
2025-07-29,2025-07-29,769.011788,2025-07-29,104.25499725341795,2025-07-29,11.156,11.8165,ECB EXR daily reference rate,0.9441035839715652,726.0267851671815,1163.0687493591308
2025-07-30,2025-07-30,769.678874,2025-07-30,104.74500274658205,2025-07-30,11.1435,11.7795,ECB EXR daily reference rate,0.9460078950719469,728.1222914740862,1167.225938106537
2025-07-31,2025-07-31,768.09947,2025-07-31,104.98999786376952,2025-07-31,11.1575,11.774,ECB EXR daily reference rate,0.9476388652964159,727.8809101855785,1171.4259011650086
2025-08-01,2025-08-01,755.592856,2025-08-01,101.8249969482422,2025-08-01,11.1965,11.8128,ECB EXR daily reference rate,0.9478277800352162,716.1718993129488,1140.0835783309938
2025-08-04,2025-08-04,765.69,2025-08-04,103.0199966430664,2025-08-04,11.1825,11.8745,ECB EXR daily reference rate,0.9417238620573498,721.0685439386922,1152.02111246109
2025-08-05,2025-08-05,763.81,2025-08-05,102.73999786376952,2025-08-05,11.173,11.857,ECB EXR daily reference rate,0.9423125579826264,719.7477549127098,1147.9139961318967
2025-08-06,2025-08-06,764.118399,2025-08-06,103.04000091552734,2025-08-06,11.1955,11.8515,ECB EXR daily reference rate,0.9446483567480909,721.8231899763321,1153.5843302497863
2025-08-07,2025-08-07,769.719982,2025-08-07,103.2300033569336,2025-08-07,11.1945,11.8903,ECB EXR daily reference rate,0.9414817119837178,724.6772864014364,1155.608272579193
2025-08-08,2025-08-08,776.516104,2025-08-08,103.5500030517578,2025-08-08,11.178,11.954,ECB EXR daily reference rate,0.9350844905470972,726.1081655104567,1157.4819341125487
2025-08-11,2025-08-11,771.725388,2025-08-11,104.18499755859376,2025-08-11,11.182,11.905,ECB EXR daily reference rate,0.9392692146157078,724.8578990857624,1164.9966427001955
2025-08-12,2025-08-12,777.700432,2025-08-12,104.15499877929688,2025-08-12,11.192,11.8938,ECB EXR daily reference rate,0.9409944677058635,731.81180404446,1165.7027463378906
2025-08-13,2025-08-13,779.481976,2025-08-13,104.30999755859376,2025-08-13,11.1575,11.944,ECB EXR daily reference rate,0.9341510381781648,728.1538971215674,1163.83879776001
2025-08-14,2025-08-14,780.685875,2025-08-14,104.86000061035156,2025-08-14,11.182,11.9215,ECB EXR daily reference rate,0.9379692152833117,732.2593175565156,1172.5445268249512
2025-08-15,2025-08-15,778.108618,2025-08-15,104.5500030517578,2025-08-15,11.1775,11.896,ECB EXR daily reference rate,0.9396015467383995,731.1120610032784,1168.6076591110227
2025-08-18,2025-08-18,779.972117,2025-08-18,104.7300033569336,2025-08-18,11.157,11.884,ECB EXR daily reference rate,0.9388253113429821,732.2575655813698,1168.4726474533081
2025-08-19,2025-08-19,780.8203,2025-08-19,104.7300033569336,2025-08-19,11.158,11.928,ECB EXR daily reference rate,0.9354460093896713,730.4152336854459,1168.577377456665
2025-08-20,2025-08-20,778.260709,2025-08-20,104.125,2025-08-20,11.177,11.9505,ECB EXR daily reference rate,0.9352746746998033,727.8875314416133,1163.8051249999999
2025-08-21,2025-08-21,770.672658,2025-08-21,104.56999969482422,2025-08-21,11.164,11.8505,ECB EXR daily reference rate,0.9420699548542255,726.0275561294459,1167.4194765930176
2025-08-22,2025-08-22,772.211267,2025-08-22,105.12999725341795,2025-08-22,11.1775,11.8325,ECB EXR daily reference rate,0.9446439890133108,729.4647316199029,1175.0905443000793
2025-08-25,2025-08-25,770.434771,2025-08-25,105.04000091552734,2025-08-25,11.1345,11.8085,ECB EXR daily reference rate,0.9429224711013252,726.4602580937036,1169.567890193939
2025-08-26,2025-08-26,774.416991,2025-08-26,104.80500030517578,2025-08-26,11.1565,11.836,ECB EXR daily reference rate,0.9425904021628928,729.9580229884674,1169.2569859046935
2025-08-27,2025-08-27,776.35627,2025-08-27,105.6750030517578,2025-08-27,11.116,11.786,ECB EXR daily reference rate,0.9431528932631936,732.2226622535211,1174.6833339233397
2025-08-28,2025-08-28,775.279039,2025-08-28,105.34500122070312,2025-08-28,11.0735,11.748,ECB EXR daily reference rate,0.9425859720803541,730.7671466093378,1166.537871017456
2025-08-29,2025-08-29,768.848997,2025-08-29,104.58499908447266,2025-08-29,11.055,11.7465,ECB EXR daily reference rate,0.9411314008428042,723.5879335831951,1156.1871648788451
2025-09-01,2025-08-29,768.848997,2025-09-01,104.8499984741211,2025-09-01,11.012,11.7315,ECB EXR daily reference rate,0.9386693943655969,721.6950223725867,1154.6081831970216
2025-09-02,2025-09-02,760.812303,2025-09-02,103.63500213623048,2025-09-02,11.003,11.674,ECB EXR daily reference rate,0.9425218434127121,717.0822143146308,1140.295928504944
2025-09-03,2025-09-03,764.804971,2025-09-03,104.38999938964844,2025-09-03,11.0015,11.7,ECB EXR daily reference rate,0.9402991452991454,719.1454605518377,1148.4465782852174
2025-09-04,2025-09-04,776.715799,2025-09-04,105.25,2025-09-04,11.0185,11.753,ECB EXR daily reference rate,0.9375053177912022,728.1751919749424,1159.697125
2025-09-05,2025-09-05,770.906318,2025-09-05,104.5500030517578,2025-09-05,11.001,11.7505,ECB EXR daily reference rate,0.9362154801923321,721.7344286896728,1150.1545835723875
2025-09-08,2025-09-08,770.321393,2025-09-08,105.19499969482422,2025-09-08,11.0005,11.7125,ECB EXR daily reference rate,0.9392102454642476,723.493744605891,1157.1975941429139
2025-09-09,2025-09-09,768.978463,2025-09-09,105.2300033569336,2025-09-09,11.0018,11.7105,ECB EXR daily reference rate,0.9394816617565432,722.4411642742325,1157.719450932312
2025-09-10,2025-09-10,764.978055,2025-09-10,105.8000030517578,2025-09-10,10.951,11.6195,ECB EXR daily reference rate,0.9424674039330436,720.966881561599,1158.6158334197996
2025-09-11,2025-09-11,770.306631,2025-09-11,106.43499755859376,2025-09-11,10.9515,11.612,ECB EXR daily reference rate,0.9431191870478814,726.4909636063124,1165.6228757629394
2025-09-12,2025-09-12,769.346516,2025-09-12,106.49500274658205,2025-09-12,10.9485,11.5845,ECB EXR daily reference rate,0.9450990547714618,727.1086650633173,1165.9605375709534
2025-09-15,2025-09-15,770.762148,2025-09-15,106.63500213623048,2025-09-15,10.9115,11.5565,ECB EXR daily reference rate,0.9441872539263618,727.7437959505041,1163.547825809479
2025-09-16,2025-09-16,764.351739,2025-09-16,105.73999786376952,2025-09-16,10.9305,11.59,ECB EXR daily reference rate,0.9430974978429681,720.8582125228214,1155.7910466499327
2025-09-17,2025-09-17,766.421698,2025-09-17,105.66999816894533,2025-09-17,10.9635,11.626,ECB EXR daily reference rate,0.943015654567349,722.7476592140891,1158.513024925232
2025-09-18,2025-09-18,774.859477,2025-09-18,106.86000061035156,2025-09-18,10.998,11.587,ECB EXR daily reference rate,0.9491671701044273,735.4711770126866,1175.2462867126465
2025-09-19,2025-09-19,781.195401,2025-09-19,106.96499633789062,2025-09-19,11.0705,11.6705,ECB EXR daily reference rate,0.9485883209802493,741.0328337920824,1184.155991958618
2025-09-22,2025-09-22,784.933021,2025-09-22,107.18000030517578,2025-09-22,11.0495,11.7025,ECB EXR daily reference rate,0.9441999572740867,741.1337248912198,1184.2854133720398
2025-09-23,2025-09-23,777.877701,2025-09-23,107.29499816894533,2025-09-23,10.9887,11.672,ECB EXR daily reference rate,0.9414581905414667,732.3393328460161,1179.0325463790896
2025-09-24,2025-09-24,779.354269,2025-09-24,107.1050033569336,2025-09-24,11.035,11.688,ECB EXR daily reference rate,0.9441307323750855,735.8123167706194,1181.9037120437622
2025-09-25,2025-09-25,781.215266,2025-09-25,106.95500183105467,2025-09-25,11.0485,11.689,ECB EXR daily reference rate,0.9452048934896057,738.408492291984,1181.6923377304076
2025-09-26,2025-09-26,781.6539,2025-09-26,107.06500244140624,2025-09-26,11.037,11.7105,ECB EXR daily reference rate,0.9424875112078904,736.6990388369413,1181.6764319458007
2025-09-29,2025-09-29,783.94289,2025-09-29,107.34500122070312,2025-09-29,11.03,11.6775,ECB EXR daily reference rate,0.9445514879040889,740.4744231813315,1184.0153634643555
2025-09-30,2025-09-30,787.1371,2025-09-30,107.19499969482422,2025-09-30,11.0565,11.7265,ECB EXR daily reference rate,0.9428644523088731,742.1635906834947,1185.201514125824
2025-10-01,2025-10-01,784.668196,2025-10-01,108.03500366210938,2025-10-01,11.0355,11.658,ECB EXR daily reference rate,0.9466031909418426,742.7694181641792,1192.2202829132082
2025-10-02,2025-10-02,793.1354,2025-10-02,108.41999816894533,2025-10-02,11.0025,11.675,ECB EXR daily reference rate,0.9423982869379014,747.4494422698072,1192.891029853821
2025-10-03,2025-10-03,790.63168,2025-10-03,108.87000274658205,2025-10-03,11.003,11.6745,ECB EXR daily reference rate,0.9424814767227718,745.1557133102059,1197.8966402206422
2025-10-06,2025-10-06,791.619525,2025-10-06,109.23999786376952,2025-10-06,10.988,11.621,ECB EXR daily reference rate,0.9455296446088977,748.4997281387143,1200.3290965270994
2025-10-07,2025-10-07,790.590232,2025-10-07,109.0199966430664,2025-10-07,10.9495,11.6025,ECB EXR daily reference rate,0.9437190260719673,746.0950437650507,1193.7144532432558
2025-10-08,2025-10-08,795.792382,2025-10-08,110.01000213623048,2025-10-08,10.9635,11.6125,ECB EXR daily reference rate,0.9441119483315392,751.3170962374165,1206.0946584205628
2025-10-09,2025-10-09,798.941693,2025-10-09,110.0999984741211,2025-10-09,10.987,11.624,ECB EXR daily reference rate,0.9451995870612525,755.1593583096179,1209.6686832351684
2025-10-10,2025-10-10,785.153748,2025-10-10,107.91999816894533,2025-10-10,11.008,11.6775,ECB EXR daily reference rate,0.9426675230143438,740.1389388125882,1187.9833398437502
2025-10-13,2025-10-13,793.167411,2025-10-13,108.74500274658205,2025-10-13,11.013,11.679,ECB EXR daily reference rate,0.9429745697405599,747.9366981199589,1197.608715248108
2025-10-14,2025-10-14,798.283041,2025-10-14,108.30999755859376,2025-10-14,11.038,11.7725,ECB EXR daily reference rate,0.9376088341473773,748.477231391633,1195.525753051758
2025-10-15,2025-10-15,796.076018,2025-10-15,108.88999938964844,2025-10-15,11.0195,11.7225,ECB EXR daily reference rate,0.9400298571123907,748.335225451141,1199.913348274231
2025-10-16,2025-10-16,790.614569,2025-10-16,108.8000030517578,2025-10-16,11.013,11.734,ECB EXR daily reference rate,0.9385546275779785,742.0349623655189,1198.2144336090087
2025-10-17,2025-10-17,793.516796,2025-10-17,107.6050033569336,2025-10-17,11.03,11.7293,ECB EXR daily reference rate,0.9403800738321979,746.2073832095691,1186.8831870269776
2025-10-20,2025-10-20,800.570142,2025-10-20,109.5,2025-10-20,10.99,11.7415,ECB EXR daily reference rate,0.9359962526082698,749.3306528620705,1203.405
2025-10-21,2025-10-21,800.685898,2025-10-21,109.95500183105467,2025-10-21,10.9345,11.6693,ECB EXR daily reference rate,0.9370313557796954,750.2677925566229,1202.3029675216674
2025-10-22,2025-10-22,794.2224,2025-10-22,109.3499984741211,2025-10-22,10.916,11.643,ECB EXR daily reference rate,0.9375590483552348,744.6303975264107,1193.664583343506
2025-10-23,2025-10-23,794.811136,2025-10-23,109.78500366210938,2025-10-23,10.9193,11.5829,ECB EXR daily reference rate,0.9427086480933099,749.2753315080679,1198.7753904876708
2025-10-24,2025-10-24,802.721408,2025-10-23,109.78500366210938,2025-10-24,10.904,11.6185,ECB EXR daily reference rate,0.9385032491285451,753.3566495530405,1197.0956799316407
2025-10-27,2025-10-27,809.005416,2025-10-27,111.37000274658205,2025-10-27,10.912,11.632,ECB EXR daily reference rate,0.9381017881705641,758.929427389271,1215.2694699707033
2025-10-28,2025-10-28,808.825595,2025-10-28,111.58000183105467,2025-10-28,10.921,11.6335,ECB EXR daily reference rate,0.9387544591051704,759.2886339446427,1218.565199996948
2025-10-29,2025-10-29,807.609609,2025-10-29,111.76499938964844,2025-10-29,10.896,11.6385,ECB EXR daily reference rate,0.9362031189586287,756.0866348467587,1217.7914333496094
2025-10-30,2025-10-30,807.022382,2025-10-30,111.90499877929688,2025-10-30,10.94,11.6648,ECB EXR daily reference rate,0.9378643440093272,756.8775168952747,1224.2406866455078
2025-10-31,2025-10-31,813.970723,2025-10-31,111.83499908447266,2025-10-31,10.925,11.6485,ECB EXR daily reference rate,0.9378889985835086,763.4141862707645,1221.797364997864
2025-11-03,2025-11-03,815.511284,2025-11-03,111.97000122070312,2025-11-03,10.935,11.648,ECB EXR daily reference rate,0.9387877747252747,765.5920235697116,1224.3919633483888
2025-11-04,2025-11-04,812.007236,2025-11-04,111.54000091552734,2025-11-04,10.9865,11.7265,ECB EXR daily reference rate,0.9368950667292031,760.7655735568158,1225.434220058441
2025-11-05,2025-11-05,816.035269,2025-11-05,111.73500061035156,2025-11-05,11.0175,11.749,ECB EXR daily reference rate,0.9377393820750701,765.2284089035236,1231.0403692245484
2025-11-06,2025-11-06,810.128532,2025-11-06,110.06999969482422,2025-11-06,10.99,11.7265,ECB EXR daily reference rate,0.9371935360081867,759.2472235262013,1209.6692966461183
2025-11-07,2025-11-07,806.514785,2025-11-07,108.6999969482422,2025-11-07,11.046,11.78,ECB EXR daily reference rate,0.9376910016977928,756.26165663073,1200.7001662902833
2025-11-10,2025-11-10,814.895446,2025-11-10,110.91500091552734,2025-11-10,10.987,11.6885,ECB EXR daily reference rate,0.9399837447063354,765.9884728752193,1218.623115058899
2025-11-11,2025-11-11,811.602606,2025-11-11,111.3499984741211,2025-11-11,10.973,11.6605,ECB EXR daily reference rate,0.9410402641396166,763.7507307266412,1221.843533256531
2025-11-12,2025-11-12,815.617213,2025-11-12,111.95500183105467,2025-11-12,10.9395,11.6495,ECB EXR daily reference rate,0.9390531782479935,765.9079361014207,1224.7317425308227
2025-11-13,2025-11-13,799.977558,2025-11-13,110.4000015258789,2025-11-13,10.9405,11.674,ECB EXR daily reference rate,0.9371680657872196,749.7134207040433,1207.831216693878
2025-11-14,2025-11-14,803.650371,2025-11-14,110.25,2025-11-14,10.9835,11.7285,ECB EXR daily reference rate,0.9364795157095962,752.6021102339173,1210.930875
2025-11-17,2025-11-17,796.791839,2025-11-17,109.7750015258789,2025-11-17,10.9635,11.7005,ECB EXR daily reference rate,0.9370112388359472,746.6029081557625,1203.5182292289733
2025-11-18,2025-11-18,790.89828,2025-11-18,108.29499816894533,2025-11-18,10.997,11.7333,ECB EXR daily reference rate,0.9372469808152865,741.2670250620031,1190.9200948638918
2025-11-19,2025-11-19,795.818437,2025-11-19,108.5500030517578,2025-11-19,10.992,11.748,ECB EXR daily reference rate,0.9356486210418796,744.606423178754,1193.1816335449219
2025-11-20,2025-11-20,787.87366,2025-11-20,109.23999786376952,2025-11-20,10.9995,11.7405,ECB EXR daily reference rate,0.9368851411779736,738.1471251795067,1201.5853565025327
2025-11-21,2025-11-21,800.286928,2025-11-21,108.2699966430664,2025-11-21,11.026,11.794,ECB EXR daily reference rate,0.9348821434627776,748.1739586338816,1193.7849829864501
2025-11-24,2025-11-24,806.701229,2025-11-24,109.56500244140624,2025-11-24,11.006,11.7945,ECB EXR daily reference rate,0.933146805714528,752.770675007334,1205.8724168701171
2025-11-25,2025-11-25,815.261576,2025-11-25,109.79499816894533,2025-11-25,11.048,11.848,ECB EXR daily reference rate,0.9324780553679946,760.2135290047265,1213.015139770508
2025-11-26,2025-11-26,819.193371,2025-11-26,111.11499786376952,2025-11-26,11.0345,11.8468,ECB EXR daily reference rate,0.9314329607995407,763.0237070178866,1226.0984439277647
2025-11-27,2025-11-26,819.193371,2025-11-27,111.0,2025-11-27,10.9945,11.803,ECB EXR daily reference rate,0.9315004659832246,763.0790068168685,1220.3895
2025-11-28,2025-11-28,816.168451,2025-11-28,111.46499633789062,2025-11-28,10.9695,11.7645,ECB EXR daily reference rate,0.9324238174168048,761.0149027365804,1222.7152773284913
2025-12-01,2025-12-01,812.90354,2025-12-01,111.01000213623048,2025-12-01,10.963,11.771,ECB EXR daily reference rate,0.9313567241525782,757.1031780664343,1217.0026534194947
2025-12-02,2025-12-02,815.220403,2025-12-02,111.08499908447266,2025-12-02,10.9865,11.789,ECB EXR daily reference rate,0.931928068538468,759.7267756009416,1220.4353424415588
2025-12-03,2025-12-03,812.926323,2025-12-03,111.03500366210938,2025-12-03,10.955,11.758,ECB EXR daily reference rate,0.931706072461303,757.4083916027387,1216.3884651184082
2025-12-04,2025-12-04,817.484453,2025-12-04,111.33999633789062,2025-12-04,10.967,11.782,ECB EXR daily reference rate,0.9308266847733832,760.9363432397726,1221.0657398376466
2025-12-05,2025-12-05,818.79441,2025-12-05,111.72000122070312,2025-12-05,10.959,11.755,ECB EXR daily reference rate,0.9322841344108889,763.3490377873244,1224.3394933776856
2025-12-08,2025-12-08,819.87773,2025-12-08,111.5250015258789,2025-12-08,10.9495,11.786,ECB EXR daily reference rate,0.9290259630069575,761.6876976612083,1221.143004207611
2025-12-09,2025-12-09,819.063101,2025-12-09,111.65499877929688,2025-12-09,10.9015,11.7845,ECB EXR daily reference rate,0.9250710679282108,757.691577542662,1217.2069691925049
2025-12-10,2025-12-10,824.270831,2025-12-10,111.38999938964844,2025-12-10,10.858,11.809,ECB EXR daily reference rate,0.9194682022186469,757.8908191208402,1209.4726133728027
2025-12-11,2025-12-11,821.682262,2025-12-11,110.9800033569336,2025-12-11,10.845,11.825,ECB EXR daily reference rate,0.917124735729387,753.585127390275,1203.5781364059449
2025-12-12,2025-12-12,820.156991,2025-12-12,110.30999755859376,2025-12-12,10.8865,11.856,ECB EXR daily reference rate,0.9182270580296896,753.0903409684125,1200.889788421631
2025-12-15,2025-12-15,819.533763,2025-12-15,110.4499969482422,2025-12-15,10.9155,11.9075,ECB EXR daily reference rate,0.9166911610329623,751.2593567101826,1205.6169416885377
2025-12-16,2025-12-16,819.452483,2025-12-16,109.73500061035156,2025-12-16,10.942,11.985,ECB EXR daily reference rate,0.9129745515227368,748.1392631611182,1200.720376678467
2025-12-17,2025-12-17,814.535621,2025-12-17,109.26499938964844,2025-12-17,10.936,11.9858,ECB EXR daily reference rate,0.9124130220761234,743.1929075452618,1194.9220333251953
2025-12-18,2025-12-18,816.939243,2025-12-18,110.4749984741211,2025-12-18,10.9015,11.9545,ECB EXR daily reference rate,0.9119160148897906,744.9799788836423,1204.343195865631
2025-12-19,2025-12-19,821.467765,2025-12-19,110.95500183105467,2025-12-19,10.904,11.915,ECB EXR daily reference rate,0.9151489718841797,751.7653805757449,1209.8533399658202
2025-12-22,2025-12-22,823.762794,2025-12-22,111.16500091552734,2025-12-22,10.856,11.8875,ECB EXR daily reference rate,0.9132281808622503,752.2833978266247,1206.8072499389648
2025-12-23,2025-12-23,823.862584,2025-12-23,111.41500091552734,2025-12-23,10.82,11.849,ECB EXR daily reference rate,0.9131572284580978,752.3160738357667,1205.510309906006
2025-12-24,2025-12-23,823.862584,2025-12-23,111.41500091552734,2025-12-24,10.8055,11.804,ECB EXR daily reference rate,0.9154100304981362,754.1720731457133,1203.8947923927308
2025-12-25,2025-12-23,823.862584,2025-12-23,111.41500091552734,2025-12-24,10.8055,11.804,ECB EXR daily reference rate,0.9154100304981362,754.1720731457133,1203.8947923927308
2025-12-26,2025-12-23,823.862584,2025-12-23,111.41500091552734,2025-12-24,10.8055,11.804,ECB EXR daily reference rate,0.9154100304981362,754.1720731457133,1203.8947923927308
2025-12-29,2025-12-29,821.430476,2025-12-29,111.56999969482422,2025-12-29,10.816,11.827,ECB EXR daily reference rate,0.9145176291536316,751.2126514260591,1206.7411166992188
2025-12-30,2025-12-30,821.362144,2025-12-30,111.7750015258789,2025-12-30,10.818,11.826,ECB EXR daily reference rate,0.9147640791476407,751.3525853028918,1209.181966506958
2025-12-31,2025-12-31,819.894162,2025-12-30,111.7750015258789,2025-12-31,10.8215,11.843,ECB EXR daily reference rate,0.913746516929832,749.1754347786035,1209.5731790122986
2026-01-01,2025-12-31,819.894162,2025-12-30,111.7750015258789,2025-12-31,10.8215,11.843,ECB EXR daily reference rate,0.913746516929832,749.1754347786035,1209.5731790122986
2026-01-02,2026-01-02,819.100089,2026-01-02,111.31999969482422,2026-01-02,10.8085,11.7985,ECB EXR daily reference rate,0.9160910285205747,750.3702429933043,1203.2022167015077
2026-01-05,2026-01-05,825.214662,2026-01-05,112.74500274658205,2026-01-05,10.787,11.7795,ECB EXR daily reference rate,0.915743452608345,755.6849237229084,1216.1803446273807
2026-01-06,2026-01-06,830.546542,2026-01-06,113.11499786376952,2026-01-06,10.765,11.7285,ECB EXR daily reference rate,0.9178496823975786,762.3168797911072,1217.682952003479
2026-01-07,2026-01-07,830.007079,2026-01-07,113.4749984741211,2026-01-07,10.7365,11.7585,ECB EXR daily reference rate,0.913084151890122,757.8663097915125,1218.324321117401
2026-01-08,2026-01-08,830.172329,2026-01-08,113.25499725341795,2026-01-08,10.766,11.7935,ECB EXR daily reference rate,0.9128757366345869,757.8441763695256,1219.3033004302977
2026-01-09,2026-01-09,834.980229,2026-01-09,114.19000244140624,2026-01-09,10.748,11.7765,ECB EXR daily reference rate,0.9126650532840827,762.0572751914406,1227.314146240234
2026-01-12,2026-01-12,832.992969,2026-01-12,114.16999816894533,2026-01-12,10.7008,11.7445,ECB EXR daily reference rate,0.9111328707054365,758.9672751224147,1221.71031640625
2026-01-13,2026-01-13,834.490082,2026-01-13,114.34500122070312,2026-01-13,10.7135,11.756,ECB EXR daily reference rate,0.9113218781898604,760.4890688590507,1225.0351705780029
2026-01-14,2026-01-14,829.606721,2026-01-14,113.58999633789062,2026-01-14,10.723,11.733,ECB EXR daily reference rate,0.9139180090343476,758.1925227378335,1218.0255307312013
2026-01-15,2026-01-15,836.921254,2026-01-15,114.9499969482422,2026-01-15,10.6985,11.72,ECB EXR daily reference rate,0.9128412969283275,763.9762829282422,1229.792542350769
2026-01-16,2026-01-16,835.7542,2026-01-16,114.79499816894533,2026-01-16,10.719,11.7203,ECB EXR daily reference rate,0.9145670332670665,764.3532392344905,1230.487585372925
2026-01-19,2026-01-16,835.7542,2026-01-19,113.125,2026-01-19,10.73,11.7295,ECB EXR daily reference rate,0.9147875015985336,764.5374965684812,1213.83125
2026-01-20,2026-01-20,811.74089,2026-01-20,112.18499755859376,2026-01-20,10.708,11.7155,ECB EXR daily reference rate,0.9140028167811873,741.933459956468,1201.276953857422
2026-01-21,2026-01-21,815.807215,2026-01-21,112.24500274658205,2026-01-21,10.661,11.6365,ECB EXR daily reference rate,0.9161689511451038,747.4172405031582,1196.643974281311
2026-01-22,2026-01-22,814.238581,2026-01-22,113.00499725341795,2026-01-22,10.594,11.576,ECB EXR daily reference rate,0.9151693158258465,745.166165092778,1197.1749409027097
2026-01-23,2026-01-23,811.773395,2026-01-23,112.81500244140624,2026-01-23,10.5705,11.542,ECB EXR daily reference rate,0.9158291457286432,743.4457348680904,1192.5109833068846
2026-01-26,2026-01-26,810.458546,2026-01-26,112.38500213623048,2026-01-26,10.6265,11.6015,ECB EXR daily reference rate,0.9159591432142395,742.3469154048183,1194.2592252006532
2026-01-27,2026-01-27,806.114357,2026-01-27,112.23500061035156,2026-01-27,10.582,11.567,ECB EXR daily reference rate,0.9148439526238438,737.4688446247084,1187.6707764587404
2026-01-28,2026-01-28,803.714064,2026-01-28,112.3249969482422,2026-01-28,10.5885,11.523,ECB EXR daily reference rate,0.9189013277792242,738.5339205644364,1189.3532301864625
2026-01-29,2026-01-29,800.617497,2026-01-29,111.41999816894533,2026-01-29,10.5645,11.418,ECB EXR daily reference rate,0.9252496058854441,740.7710235642407,1177.096570655823
2026-01-30,2026-01-30,796.843307,2026-01-30,112.27999877929688,2026-01-30,10.5205,11.3885,ECB EXR daily reference rate,0.9237827633138692,736.1101120686218,1181.2417271575928
2026-02-02,2026-02-02,808.39978,2026-02-02,113.44000244140624,2026-02-02,10.5935,11.4655,ECB EXR daily reference rate,0.9239457502943613,746.9175412698966,1201.726665863037
2026-02-03,2026-02-03,800.17298,2026-02-03,112.96499633789062,2026-02-03,10.5485,11.422,ECB EXR daily reference rate,0.9235247767466294,738.9795727131851,1191.6112638702393
2026-02-04,2026-02-04,801.861681,2026-02-04,112.6999969482422,2026-02-04,10.577,11.3995,ECB EXR daily reference rate,0.9278477126189746,744.0055265526559,1192.0278677215579
2026-02-05,2026-02-05,799.073058,2026-02-05,111.56500244140624,2026-02-05,10.641,11.474,ECB EXR daily reference rate,0.9274010807042008,741.0612175508105,1187.1631909790037
2026-02-06,2026-02-06,804.372609,2026-02-06,112.6750030517578,2026-02-06,10.6735,11.4695,ECB EXR daily reference rate,0.9305985439644274,748.5479787402677,1202.636645072937
2026-02-09,2026-02-09,803.815696,2026-02-09,113.22000122070312,2026-02-09,10.6505,11.429,ECB EXR daily reference rate,0.9318838043573365,749.0628287906203,1205.8496230010985
2026-02-10,2026-02-10,797.5649,2026-02-10,113.46499633789062,2026-02-10,10.6135,11.3115,ECB EXR daily reference rate,0.9382928877690845,748.349473204261,1204.2607386322022
2026-02-11,2026-02-11,797.552354,2026-02-11,113.40499877929688,2026-02-11,10.564,11.265,ECB EXR daily reference rate,0.9377718597425654,747.9221542526409,1198.0104071044923
2026-02-12,2026-02-12,785.821515,2026-02-12,112.38999938964844,2026-02-12,10.567,11.2535,ECB EXR daily reference rate,0.9389967565646243,737.8838538236993,1187.625123550415
2026-02-13,2026-02-13,788.732064,2026-02-13,112.25499725341795,2026-02-13,10.6254,11.326,ECB EXR daily reference rate,0.9381423273883102,739.9429342067457,1192.7542478164673
2026-02-16,2026-02-13,788.732064,2026-02-16,112.0,2026-02-16,10.6205,11.2665,ECB EXR daily reference rate,0.9426618736963563,743.5076452946345,1189.496
2026-02-17,2026-02-17,793.714733,2026-02-17,112.33499908447266,2026-02-17,10.648,11.2815,ECB EXR daily reference rate,0.9438461197535789,749.1445709332979,1196.143070251465
2026-02-18,2026-02-18,791.035577,2026-02-18,113.54499816894533,2026-02-18,10.616,11.2285,ECB EXR daily reference rate,0.9454513069421561,747.8856201123925,1205.3937005615235
2026-02-19,2026-02-19,795.400423,2026-02-19,113.3499984741211,2026-02-19,10.6915,11.253,ECB EXR daily reference rate,0.9501021949702301,755.7116877725496,1211.8815086860657
2026-02-20,2026-02-20,795.868181,2026-02-20,113.76000213623048,2026-02-20,10.6745,11.254,ECB EXR daily reference rate,0.9485071974409099,754.8866978927049,1214.3311428031923
2026-02-23,2026-02-23,793.053728,2026-02-23,112.9250030517578,2026-02-23,10.6955,11.2585,ECB EXR daily reference rate,0.9499933383665674,753.3957585667717,1207.7893701400753
2026-02-24,2026-02-24,797.536767,2026-02-24,113.4250030517578,2026-02-24,10.688,11.2575,ECB EXR daily reference rate,0.9494115034421498,757.1905810078615,1212.2864326171875
2026-02-25,2026-02-25,803.195267,2026-02-25,114.2699966430664,2026-02-25,10.6765,11.2955,ECB EXR daily reference rate,0.9451994156965163,759.1796970586074,1220.0036191596985
2026-02-26,2026-02-26,801.077671,2026-02-26,114.03500366210938,2026-02-26,10.673,11.293,ECB EXR daily reference rate,0.9450987337288587,757.0974924805632,1217.0955940856934
2026-02-27,2026-02-27,796.241029,2026-02-27,113.53500366210938,2026-02-27,10.6643,11.2085,ECB EXR daily reference rate,0.9514475621180354,757.5815859004059,1210.771339553833
2026-03-02,2026-03-02,797.631646,2026-03-02,113.95500183105467,2026-03-02,10.708,11.191,ECB EXR daily reference rate,0.9568403181127692,763.2061178954517,1220.2301596069335
2026-03-03,2026-03-03,796.13261,2026-03-03,112.61499786376952,2026-03-03,10.7265,11.2485,ECB EXR daily reference rate,0.9535938125083344,759.1871308321109,1207.9647745857237
2026-03-04,2026-03-04,793.825482,2026-03-04,113.8499984741211,2026-03-04,10.6785,11.2385,ECB EXR daily reference rate,0.9501712862036749,754.2701792531922,1215.747208705902
2026-03-05,2026-03-05,792.099571,2026-03-05,113.30500030517578,2026-03-05,10.6885,11.214,ECB EXR daily reference rate,0.9531389334760121,754.9809403097466,1211.0604957618714
2026-03-06,2026-03-06,776.960258,2026-03-05,113.30500030517578,2026-03-06,10.693,11.1725,ECB EXR daily reference rate,0.9570821212799284,743.6147718768405,1211.5703682632445
2026-03-09,2026-03-09,780.508206,2026-03-09,111.51499938964844,2026-03-09,10.6945,11.1545,ECB EXR daily reference rate,0.9587610381460396,748.320857866063,1192.5971609725952
2026-03-10,2026-03-10,782.166167,2026-03-10,113.03500366210938,2026-03-10,10.606,11.147,ECB EXR daily reference rate,0.951466762357585,744.2051105411321,1198.849248840332
2026-03-11,2026-03-11,783.791515,2026-03-11,112.63500213623048,2026-03-11,10.6543,11.17,ECB EXR daily reference rate,0.9538316920322292,747.6051869529543,1200.0471032600403
2026-03-12,2026-03-12,774.677328,2026-03-12,112.02999877929688,2026-03-12,10.7108,11.1575,ECB EXR daily reference rate,0.9599641496751065,743.6624624461035,1199.9309109252931
2026-03-13,2026-03-13,774.001491,2026-03-13,111.87000274658205,2026-03-13,10.7545,11.159,ECB EXR daily reference rate,0.9637512321892642,745.9448906675776,1203.1059445381165
2026-03-16,2026-03-16,776.771416,2026-03-16,112.18499755859376,2026-03-16,10.769,11.149,ECB EXR daily reference rate,0.9659162256704638,750.2961143514217,1208.1202387084963
2026-03-17,2026-03-17,772.88993,2026-03-17,112.44000244140624,2026-03-17,10.7055,11.073,ECB EXR daily reference rate,0.9668111622866432,747.2386115429424,1203.7264461364746
2026-03-18,2026-03-18,763.410824,2026-03-18,111.72000122070312,2026-03-18,10.7778,11.0205,ECB EXR daily reference rate,0.977977405743841,746.598537172288,1204.0958291564941
2026-03-19,2026-03-19,754.051843,2026-03-19,109.8550033569336,2026-03-19,10.8065,10.996,ECB EXR daily reference rate,0.9827664605311022,741.0568608020643,1187.1480937767028
2026-03-20,2026-03-20,746.295811,2026-03-20,108.7249984741211,2026-03-20,10.7825,11.029,ECB EXR daily reference rate,0.9776498322604045,729.6159744407925,1172.3272960472107
2026-03-23,2026-03-23,765.097782,2026-03-23,109.15499877929688,2026-03-23,10.8328,11.285,ECB EXR daily reference rate,0.9599291094373062,734.4396325077183,1182.4542707763674
2026-03-24,2026-03-24,761.055916,2026-03-24,109.12000274658205,2026-03-24,10.8238,11.2305,ECB EXR daily reference rate,0.963786118160367,733.4951269846223,1181.0930857284548
2026-03-25,2026-03-25,767.68913,2026-03-25,110.18499755859376,2026-03-25,10.7715,11.2855,ECB EXR daily reference rate,0.9544548314208496,732.7245991577687,1186.8577012023927
2026-03-26,2026-03-26,754.014156,2026-03-26,109.0199966430664,2026-03-26,10.8405,11.1265,ECB EXR daily reference rate,0.9742956005931784,734.6326749757785,1181.8312736091614
2026-03-27,2026-03-27,747.587626,2026-03-27,107.4749984741211,2026-03-27,10.878,11.1885,ECB EXR daily reference rate,0.9722482906555839,726.840791493766,1169.1130334014892
2026-03-30,2026-03-30,747.950172,2026-03-30,108.20500183105467,2026-03-30,10.906,11.198,ECB EXR daily reference rate,0.9739239149848188,728.4465597278086,1180.0837499694824
2026-03-31,2026-03-31,762.440478,2026-03-31,108.05500030517578,2026-03-31,10.943,11.2125,ECB EXR daily reference rate,0.9759643255295428,744.1147068676922,1182.4458683395385
2026-04-01,2026-04-01,769.128412,2026-04-01,110.3550033569336,2026-04-01,10.888,11.208,ECB EXR daily reference rate,0.9714489650249821,747.1689998087081,1201.545276550293
2026-04-02,2026-04-01,769.128412,2026-04-02,110.37999725341795,2026-04-02,10.948,11.2285,ECB EXR daily reference rate,0.9750189250567751,749.9147574988644,1208.4402099304198
2026-04-03,2026-04-01,769.128412,2026-04-02,110.37999725341795,2026-04-02,10.948,11.2285,ECB EXR daily reference rate,0.9750189250567751,749.9147574988644,1208.4402099304198
2026-04-06,2026-04-01,769.128412,2026-04-02,110.37999725341795,2026-04-02,10.948,11.2285,ECB EXR daily reference rate,0.9750189250567751,749.9147574988644,1208.4402099304198
2026-04-07,2026-04-07,770.588534,2026-04-07,109.7249984741211,2026-04-07,10.99,11.183,ECB EXR daily reference rate,0.9827416614504159,757.2894561978003,1205.8777332305908
2026-04-08,2026-04-08,782.884617,2026-04-08,112.48999786376952,2026-04-08,10.784,11.1535,ECB EXR daily reference rate,0.9668713856636931,756.9487344535797,1213.0921369628907
2026-04-09,2026-04-09,781.711698,2026-04-09,112.68499755859376,2026-04-09,10.8765,11.1265,ECB EXR daily reference rate,0.9775311193996316,764.1475111937267,1225.618375946045
2026-04-10,2026-04-10,781.941591,2026-04-10,112.9499969482422,2026-04-10,10.836,11.1165,ECB EXR daily reference rate,0.9747672378896235,762.2110448500877,1223.9261669311525
2026-04-13,2026-04-13,785.977594,2026-04-13,112.94499969482422,2026-04-13,10.892,11.098,ECB EXR daily reference rate,0.9814380969544061,771.3883541041628,1230.1969366760254
2026-04-14,2026-04-14,792.62336,2026-04-14,114.1999969482422,2026-04-14,10.798,11.101,ECB EXR daily reference rate,0.9727051616971444,770.9888335537339,1233.1315670471192
2026-04-15,2026-04-15,793.690082,2026-04-15,114.63500213623048,2026-04-15,10.85,11.12,ECB EXR daily reference rate,0.9757194244604317,774.4188300089928,1243.7897731781006
2026-04-16,2026-04-16,794.220016,2026-04-16,115.31999969482422,2026-04-16,10.804,11.048,ECB EXR daily reference rate,0.9779145546705286,776.67931325706,1245.9172767028808
2026-04-17,2026-04-17,802.713794,2026-04-17,116.6999969482422,2026-04-17,10.803,11.017,ECB EXR daily reference rate,0.980575474267042,787.1214592522466,1260.7100670318605
2026-04-20,2026-04-20,797.178521,2026-04-20,116.1999969482422,2026-04-20,10.7685,10.9745,ECB EXR daily reference rate,0.9812292131759988,782.2148529216364,1251.2996671371461
2026-04-21,2026-04-21,792.416743,2026-04-21,116.04499816894533,2026-04-21,10.7495,10.967,ECB EXR daily reference rate,0.9801677760554389,776.7013566954043,1247.4257078170776
2026-04-22,2026-04-22,792.773886,2026-04-22,116.56500244140624,2026-04-22,10.776,10.912,ECB EXR daily reference rate,0.9875366568914955,782.8932730513195,1256.1044663085936
2026-04-23,2026-04-23,792.530445,2026-04-23,116.95999908447266,2026-04-23,10.7795,10.913,ECB EXR daily reference rate,0.9877668835334006,782.8353277629891,1260.770310131073
2026-04-24,2026-04-24,798.01251,2026-04-24,116.7249984741211,2026-04-24,10.82,10.9525,ECB EXR daily reference rate,0.9879023054097238,788.3583983748002,1262.9644834899902
2026-04-27,2026-04-27,794.2576,2026-04-27,116.62999725341795,2026-04-27,10.7885,10.883,ECB EXR daily reference rate,0.9913167325186072,787.3608488100709,1258.2627253684998
2026-04-28,2026-04-28,794.309975,2026-04-28,116.25,2026-04-28,10.8485,10.8875,ECB EXR daily reference rate,0.9964179104477612,791.4646855373135,1261.138125
2026-04-29,2026-04-29,789.368936,2026-04-29,116.33999633789062,2026-04-29,10.8405,10.862,ECB EXR daily reference rate,0.9980206223531578,787.80647677297,1261.1837303009033
2026-04-30,2026-04-30,799.6954,2026-04-30,117.03500366210938,2026-04-30,10.8555,10.9123,ECB EXR daily reference rate,0.9947948645106897,795.5328770928218,1270.4734822540283
2026-05-01,2026-04-30,799.6954,2026-04-30,117.03500366210938,2026-04-30,10.8555,10.9123,ECB EXR daily reference rate,0.9947948645106897,795.5328770928218,1270.4734822540283
2026-05-04,2026-05-04,793.489,2026-05-04,117.4000015258789,2026-05-04,10.835,10.828,ECB EXR daily reference rate,1.0006464721093462,794.001968507573,1272.0290165328981
2026-05-05,2026-05-05,798.090345,2026-05-05,118.23999786376952,2026-05-05,10.84,10.8055,ECB EXR daily reference rate,1.0031928184720744,800.6385025959001,1281.7215768432616
2026-05-06,2026-05-06,812.852536,2026-05-06,119.56999969482422,2026-05-06,10.8335,10.898,ECB EXR daily reference rate,0.9940814828408884,808.0416543178566,1295.3615916938784
2026-05-07,2026-05-07,810.729365,2026-05-07,119.59500122070312,2026-05-07,10.825,10.8675,ECB EXR daily reference rate,0.9960892569588221,807.5588107775477,1294.6158882141112
2026-05-08,2026-05-08,809.051479,2026-05-08,119.54499816894533,2026-05-08,10.842,10.8215,ECB EXR daily reference rate,1.0018943769348057,810.584127460888,1296.1068701477052
2026-05-11,2026-05-11,808.131376,2026-05-11,119.93000030517578,2026-05-11,10.8765,10.8275,ECB EXR daily reference rate,1.0045255137381666,811.7885856443315,1304.4186483192443
2026-05-12,2026-05-12,804.98193,2026-05-12,119.15499877929688,2026-05-12,10.8935,10.771,ECB EXR daily reference rate,1.0113731315569583,814.1370953908643,1298.0149792022705
2026-05-13,2026-05-13,809.134038,2026-05-13,120.4250030517578,2026-05-13,10.915,10.7415,ECB EXR daily reference rate,1.016152306474887,822.2034189610389,1314.4389083099363
2026-05-14,2026-05-13,809.134038,2026-05-14,122.0,2026-05-14,10.9145,10.798,ECB EXR daily reference rate,1.0107890350064828,817.8638134609188,1331.569
2026-05-15,2026-05-15,814.586262,2026-05-15,121.05999755859376,2026-05-15,10.982,10.845,ECB EXR daily reference rate,1.01263254956201,824.8765633272476,1329.4808931884766
2026-05-18,2026-05-18,810.660964,2026-05-18,120.41000366210938,2026-05-18,10.9465,10.8005,ECB EXR daily reference rate,1.0135178926901534,821.6193919194483,1318.0681050872804
2026-05-19,2026-05-19,809.564633,2026-05-19,120.29000091552734,2026-05-19,10.909,10.7635,ECB EXR daily reference rate,1.0135179077437637,820.5082530215079,1312.2436199874878
2026-05-20,2026-05-20,815.112982,2026-05-20,121.3550033569336,2026-05-20,10.8775,10.764,ECB EXR daily reference rate,1.0105444072835377,823.7078652643069,1320.039049015045
2026-05-21,2026-05-21,815.520081,2026-05-21,121.5199966430664,2026-05-21,10.8615,10.7075,ECB EXR daily reference rate,1.0143824422134018,827.2492514388513,1319.8894435386658
2026-05-22,2026-05-22,822.162335,2026-05-22,122.8499984741211,2026-05-22,10.8695,10.7295,ECB EXR daily reference rate,1.013048138310266,832.8900228605713,1335.3180584144593
2026-05-25,2026-05-22,822.162335,2026-05-25,123.5,2026-05-25,10.7965,10.766,ECB EXR daily reference rate,1.0028329927549693,824.4915149384636,1333.36775
2026-05-26,2026-05-26,826.54,2026-05-26,123.11499786376952,2026-05-26,10.8245,10.772,ECB EXR daily reference rate,1.0048737467508355,830.5683466394355,1332.6582943763733
2026-05-27,2026-05-27,827.664297,2026-05-27,122.81500244140624,2026-05-27,10.7895,10.797,ECB EXR daily reference rate,0.9993053626007224,827.089370425257,1325.1124688415525
2026-05-28,2026-05-28,829.580322,2026-05-28,123.1750030517578,2026-05-28,10.8215,10.794,ECB EXR daily reference rate,1.0025477116916806,831.6938534855475,1332.9382955245972
2026-05-29,2026-05-29,829.715565,2026-05-29,123.41999816894533,2026-05-29,10.772,10.7735,ECB EXR daily reference rate,0.9998607694806702,829.600043270989,1329.480220275879
2026-06-01,2026-06-01,833.564373,2026-06-01,123.7699966430664,2026-06-01,10.789,10.7885,ECB EXR daily reference rate,1.0000463456458264,833.6030050792046,1335.3544937820434
2026-06-02,2026-06-02,835.69536,2026-06-02,124.3000030517578,2026-06-02,10.825,10.8,ECB EXR daily reference rate,1.0023148148148147,837.62984,1345.547533035278
2026-06-03,2026-06-03,833.306681,2026-06-03,123.88999938964844,2026-06-03,10.884,10.7935,ECB EXR daily reference rate,1.008384675962385,840.2936874974755,1348.4187533569336
2026-06-04,2026-06-04,838.6461,2026-06-04,123.91000366210938,2026-06-04,10.8803,10.8445,ECB EXR daily reference rate,1.003301212596247,841.4146490691135,1348.1780128448486
2026-06-05,2026-06-05,827.892313,2026-06-05,123.33499908447266,2026-06-05,10.8675,10.8445,ECB EXR daily reference rate,1.002120890774125,829.6481821686107,1340.3431025505065
2026-06-08,2026-06-08,831.193756,2026-06-08,122.62000274658205,2026-06-08,10.876,10.9165,ECB EXR daily reference rate,0.9962900196949572,828.1100435355655,1333.6151498718264
2026-06-09,2026-06-09,832.789178,2026-06-09,120.9250030517578,2026-06-09,10.885,10.9345,ECB EXR daily reference rate,0.9954730440349353,829.0191780630116,1316.2686582183835
2026-06-10,2026-06-10,819.072164,2026-06-10,120.69000244140624,2026-06-10,10.9655,10.952,ECB EXR daily reference rate,1.0012326515704895,820.0817945892989,1323.42622177124
2026-06-11,2026-06-11,835.463504,2026-06-11,120.88500213623048,2026-06-11,10.9935,10.9895,ECB EXR daily reference rate,1.0003639838027207,835.7675991832202,1328.9492709846497
2026-06-12,2026-06-12,840.369202,2026-06-12,122.9000015258789,2026-06-12,10.928,11.0255,ECB EXR daily reference rate,0.9911568636343024,832.9377025491815,1343.051216674805
2026-06-15,2026-06-15,855.430266,2026-06-15,124.2699966430664,2026-06-15,10.8975,11.0555,ECB EXR daily reference rate,0.9857084708968388,843.204859457736,1354.2322884178163
2026-06-16,2026-06-16,848.536515,2026-06-16,124.12000274658205,2026-06-16,10.897,11.0465,ECB EXR daily reference rate,0.9864663015434754,837.0526776766397,1352.5356699295046
2026-06-17,2026-06-17,845.090247,2026-06-17,124.20999908447266,2026-06-17,10.891,11.008,ECB EXR daily reference rate,0.9893713662790699,836.1080923035066,1352.7711000289917
2026-06-18,2026-06-18,867.166912,2026-06-18,124.63999938964844,2026-06-18,10.9845,11.105,ECB EXR daily reference rate,0.9891490319675822,857.7573115591175,1369.1080732955934
2026-06-19,2026-06-18,867.166912,2026-06-19,124.80500030517578,2026-06-19,10.974,11.1045,ECB EXR daily reference rate,0.9882480075645009,856.9759730098609,1369.610073348999
2026-06-22,2026-06-22,863.028827,2026-06-22,125.05999755859376,2026-06-22,10.998,11.074,ECB EXR daily reference rate,0.9931370778399855,857.1059273384503,1375.4098531494142
2026-06-23,2026-06-23,859.158199,2026-06-23,123.9800033569336,2026-06-23,11.0585,11.143,ECB EXR daily reference rate,0.9924167638876424,852.642999519115,1371.0328671226503
2026-06-24,2026-06-24,865.995718,2026-06-24,124.79000091552734,2026-06-24,11.085,11.157,ECB EXR daily reference rate,0.9935466523258941,860.4071465474591,1383.2971601486206
2026-06-25,2026-06-25,866.876776,2026-06-25,124.09500122070312,2026-06-25,11.069,11.2175,ECB EXR daily reference rate,0.9867617561845332,855.4008498813462,1373.6075685119629
2026-06-26,2026-06-26,870.931165,2026-06-26,123.75,2026-06-26,11.0775,11.3035,ECB EXR daily reference rate,0.9800061927721503,853.5179351782634,1370.840625
2026-06-29,2026-06-29,879.112576,2026-06-29,123.88500213623048,2026-06-29,11.0865,11.3295,ECB EXR daily reference rate,0.9785515689130146,860.2569904959619,1373.4510761833192
2026-06-30,2026-06-30,883.11711,2026-06-30,125.03500366210938,2026-06-30,11.0935,11.3105,ECB EXR daily reference rate,0.9808142876088591,866.1738791198445,1387.0758131256105
2026-07-01,2026-07-01,882.867317,2026-07-01,125.87999725341795,2026-07-01,11.0955,11.3125,ECB EXR daily reference rate,0.980817679558011,865.9318732175469,1396.701509525299
2026-07-02,2026-07-02,878.683227,2026-07-02,125.3000030517578,2026-07-02,11.0775,11.2885,ECB EXR daily reference rate,0.9813084112149533,862.2592414485981,1388.010783805847
2026-07-03,2026-07-02,878.683227,2026-07-03,125.76000213623048,2026-07-03,11.0315,11.269,ECB EXR daily reference rate,0.978924483095217,860.1645237954122,1387.3214635658264
2026-07-06,2026-07-06,884.8495,2026-07-06,126.3499984741211,2026-07-06,11.015,11.234,ECB EXR daily reference rate,0.9805056079757878,867.5998969645718,1391.745233192444
2026-07-07,2026-07-07,876.9634,2026-07-07,125.4000015258789,2026-07-07,11.0443,11.214,ECB EXR daily reference rate,0.9848671303727483,863.6924271999286,1384.9552368522643
2026-07-08,2026-07-08,870.839651,2026-07-08,124.5,2026-07-08,11.0565,11.136,ECB EXR daily reference rate,0.9928609913793104,864.6227192242727,1376.53425
2026-07-09,2026-07-09,872.678102,2026-07-09,125.70999908447266,2026-07-09,11.062,11.1305,ECB EXR daily reference rate,0.993845739185122,867.3074133528593,1390.6040098724363
2026-07-10,2026-07-10,879.575509,2026-07-10,126.1449966430664,2026-07-10,11.0145,11.1485,ECB EXR daily reference rate,0.9879804457998833,869.0034034964793,1389.4240655250549
2026-07-13,2026-07-13,874.517998,2026-07-13,126.3000030517578,2026-07-13,11.027,11.1595,ECB EXR daily reference rate,0.9881267081858506,864.1345906130202,1392.7101336517333
2026-07-14,2026-07-14,868.830169,2026-07-14,126.05999755859376,2026-07-14,11.036,11.077,ECB EXR daily reference rate,0.9962986368150221,865.6143129984652,1391.1981330566407
2026-07-15,2026-07-15,873.677566,2026-07-15,126.3000030517578,2026-07-15,11.0473,11.096,ECB EXR daily reference rate,0.995611031002163,869.8430222487202,1395.2740237136838
2026-07-16,2026-07-16,868.07752,2026-07-16,126.25499725341795,2026-07-16,11.0285,11.064,ECB EXR daily reference rate,0.996791395516992,865.2922025777297,1392.4032372093197
2026-07-17,2026-07-17,858.501308,2026-07-17,124.87999725341795,2026-07-17,11.0405,11.039,ECB EXR daily reference rate,1.0001358818733581,858.6179627660114,1378.737609676361
2026-07-20,2026-07-20,857.936567,2026-07-20,125.23999786376952,2026-07-20,11.045,11.042,ECB EXR daily reference rate,1.000271689911248,858.1696597097447,1383.2757764053342
2026-07-21,2026-07-21,861.408942,2026-07-21,125.7300033569336,2026-07-21,11.0485,10.987,ECB EXR daily reference rate,1.0055975243469555,866.2306995255302,1389.127942089081
2026-07-22,2026-07-22,858.607897,2026-07-22,126.0,2026-07-22,11.0775,10.947,ECB EXR daily reference rate,1.0119210742669227,868.8434255063033,1395.765
2026-07-23,2026-07-23,849.891642,2026-07-23,124.4499969482422,2026-07-23,11.0955,10.9525,ECB EXR daily reference rate,1.0130563798219583,860.9881500854599,1380.8349411392212
2026-07-24,2026-07-24,847.406379,2026-07-24,125.30999755859376,2026-07-24,11.055,10.888,ECB EXR daily reference rate,1.0153379867744305,860.4038868336701,1385.302023010254
2026-07-27,2026-07-27,856.324472,2026-07-27,124.70999908447266,2026-07-27,11.0445,10.9845,ECB EXR daily reference rate,1.0054622422504438,861.0019237110474,1377.3595848884581
2026-07-28,2026-07-28,859.171852,2026-07-28,125.20500183105467,2026-07-28,11.0625,11.0055,ECB EXR daily reference rate,1.0051792285675345,863.6216994002999,1385.0803327560423
2026-07-29,2026-07-29,846.762476,2026-07-29,124.3550033569336,2026-07-29,11.053,10.998,ECB EXR daily reference rate,1.0050009092562286,850.9970583040555,1374.4958521041872
2026-07-30,2026-07-30,852.630316,2026-07-30,123.65499877929688,2026-07-30,11.0098,10.9758,ECB EXR daily reference rate,1.0030977240838936,855.271529464531,1361.4168055603027
2026-07-31,2026-07-31,850.035562,2026-07-31,124.29000091552734,2026-07-31,10.9855,10.942,ECB EXR daily reference rate,1.0039755072198866,853.4148845138914,1365.3878050575256
2026-08-03,2026-08-03,864.694505,2026-08-03,126.1750030517578,2026-08-03,10.9845,10.9965,ECB EXR daily reference rate,0.9989087436911745,863.7509016662121,1385.9693210220337
2026-08-04,2026-08-04,878.266016,2026-08-04,127.79000091552734,2026-08-04,10.9925,10.9925,ECB EXR daily reference rate,1.0,878.266016,1404.7315850639343
2026-08-05,2026-08-05,876.175057,2026-08-05,128.24000549316406,2026-08-05,10.9635,10.9835,ECB EXR daily reference rate,0.9981790868120363,874.5796182837439,1405.9593002243041
2026-08-06,2026-08-06,877.738198,2026-08-06,128.14999389648438,2026-08-06,10.924,11.0003,ECB EXR daily reference rate,0.993063825532031,871.6500527214713,1399.9105333251953
2026-08-07,2026-08-07,879.654377,2026-08-07,128.64999389648438,2026-08-07,10.9455,10.975,ECB EXR daily reference rate,0.9973120728929384,877.2899301552163,1408.1385081939695
2026-08-10,2026-08-10,878.819564,2026-08-10,128.7550048828125,2026-08-10,10.9655,10.986,ECB EXR daily reference rate,0.9981339887129074,877.1796767742582,1411.8630060424805
2026-08-11,2026-08-11,878.22757,2026-08-11,128.7100067138672,2026-08-11,10.9635,10.9705,ECB EXR daily reference rate,0.999361925162937,877.667195086368,1411.1121586074828
2026-08-12,2026-08-12,877.563574,2026-08-12,128.7949981689453,2026-08-12,10.9965,10.936,ECB EXR daily reference rate,1.0055321872713971,882.4184200339246,1416.2941973648071
2026-08-13,2026-08-13,885.120784,2026-08-13,129.39500427246094,2026-08-13,11.0285,10.986,ECB EXR daily reference rate,1.0038685599854358,888.54492684726,1427.0328046188354
2026-08-14,2026-08-14,878.1126,2026-08-14,128.86500549316406,2026-08-14,10.999,10.9325,ECB EXR daily reference rate,1.0060827806997485,883.4539663754861,1417.3861954193117
2026-08-17,2026-08-17,873.260186,2026-08-17,128.6999969482422,2026-08-17,11.001,10.9235,ECB EXR daily reference rate,1.007094795624113,879.4557885463448,1415.8286664276122
2026-08-18,2026-08-18,865.709538,2026-08-18,127.43000030517578,2026-08-18,11.026,10.9025,ECB EXR daily reference rate,1.011327677138271,875.5160161419858,1405.0431833648681
2026-08-19,2026-08-19,859.288767,2026-08-19,126.9749984741211,2026-08-19,11.0385,10.9105,ECB EXR daily reference rate,1.0117318179735117,869.3697864011274,1401.6135206565857
2026-08-20,2026-08-20,856.026091,2026-08-20,126.1449966430664,2026-08-20,11.0875,10.9025,ECB EXR daily reference rate,1.0169685851868837,870.5516426473285,1398.6326502799989
2026-08-21,2026-08-21,855.636128,2026-08-21,126.50499725341795,2026-08-21,11.0625,10.8675,ECB EXR daily reference rate,1.017943409247757,870.9891572118702,1399.461532115936
2026-08-24,2026-08-24,854.1694,2026-08-24,126.2300033569336,2026-08-24,11.0805,10.8645,ECB EXR daily reference rate,1.019881264669336,871.1513679138479,1398.6915521965027
2026-08-25,2026-08-25,857.794496,2026-08-25,126.53500366210938,2026-08-25,11.0668,10.892,ECB EXR daily reference rate,1.0160484759456483,871.5607903353655,1400.3375785278322
2026-08-26,2026-08-26,860.978765,2026-08-26,126.68000030517578,2026-08-26,11.0785,10.8845,ECB EXR daily reference rate,1.0178235104965778,876.3244290553081,1403.4243833808898
2026-08-27,2026-08-27,862.753484,2026-08-27,127.12999725341795,2026-08-27,11.0835,10.877,ECB EXR daily reference rate,1.0189850142502528,879.1328711881952,1409.045324558258
2026-08-28,2026-08-28,863.785237,2026-08-28,128.21499633789062,2026-08-28,11.0885,10.8595,ECB EXR daily reference rate,1.0210875270500483,882.00033155067,1421.7119868927002
2026-08-31,2026-08-31,859.680657,2026-08-31,126.76499938964844,2026-08-31,11.11,10.832,ECB EXR daily reference rate,1.0256646971935006,881.7441007450146,1408.3591432189942
2026-09-01,2026-09-01,851.025889,2026-09-01,126.58999633789062,2026-09-01,11.1145,10.8185,ECB EXR daily reference rate,1.0273605398160557,874.3104167204787,1406.9845142974852
2026-09-02,2026-09-02,852.462727,2026-09-02,126.81500244140624,2026-09-02,11.1575,10.809,ECB EXR daily reference rate,1.0322416504764549,879.9475322881395,1414.93838973999
2026-09-03,2026-09-03,861.590319,2026-09-03,127.86000061035156,2026-09-03,11.1245,10.8063,ECB EXR daily reference rate,1.0294457862543145,886.9605233720606,1422.378576789856
2026-09-04,2026-09-04,859.288087,2026-09-04,127.45500183105467,2026-09-04,11.1005,10.8035,ECB EXR daily reference rate,1.0274910908501875,882.9108538662009,1414.8142478256225
2026-09-07,2026-09-04,859.288087,2026-09-07,127.33000183105467,2026-09-07,11.162,10.774,ECB EXR daily reference rate,1.0360126229812514,890.2333049094118,1421.2574804382323
2026-09-08,2026-09-08,849.942962,2026-09-08,127.1449966430664,2026-09-08,11.152,10.745,ECB EXR daily reference rate,1.037878082829223,882.137171914751,1417.9210025634766
2026-09-09,2026-09-09,840.435689,2026-09-09,126.0199966430664,2026-09-09,11.1495,10.6975,ECB EXR daily reference rate,1.0422528628184156,875.9465028750176,1405.059952571869
2026-09-10,2026-09-10,843.352808,2026-09-10,125.4499969482422,2026-09-10,11.1995,10.7635,ECB EXR daily reference rate,1.0405072699400753,877.5147278483764,1404.9772408218387
2026-09-11,2026-09-11,849.300017,2026-09-11,126.63500213623048,2026-09-11,11.2373,10.7805,ECB EXR daily reference rate,1.0423728027456982,885.2872390922591,1423.0355095054626
2026-09-14,2026-09-14,848.7448,2026-09-14,126.3949966430664,2026-09-14,11.281,10.767,ECB EXR daily reference rate,1.0477384601095943,889.2625697780256,1425.8619571304323
2026-09-15,2026-09-15,844.899592,2026-09-15,125.8000030517578,2026-09-15,11.274,10.785,ECB EXR daily reference rate,1.0453407510431154,883.2079740573017,1418.2692344055174
2026-09-16,2026-09-16,844.003864,2026-09-16,126.4250030517578,2026-09-16,11.2875,10.7885,ECB EXR daily reference rate,1.0462529545349213,883.04153634889,1427.0222219467162
2026-09-17,2026-09-17,858.573619,2026-09-17,127.4000015258789,2026-09-17,11.2715,10.825,ECB EXR daily reference rate,1.0412471131639722,893.9873022224942,1435.989117198944
2026-09-18,2026-09-18,858.753484,2026-09-18,127.04000091552734,2026-09-18,11.2915,10.8095,ECB EXR daily reference rate,1.0445904065867986,897.0456510093898,1434.472170337677
2026-09-21,2026-09-21,869.357157,2026-09-18,127.04000091552734,2026-09-21,11.275,10.813,ECB EXR daily reference rate,1.0427263479145472,906.5016133519837,1432.376010322571
