date,nav_sek
2000-01-03,96.43
2000-01-04,96.13
2000-01-05,96.23
2000-01-07,96.3
2000-01-10,96.57
2000-01-11,96.3
2000-01-12,96.14
2000-01-13,96.2
2000-01-14,96.46
2000-01-17,96.3
2000-01-18,95.97
2000-01-19,96.09
2000-01-20,95.94
2000-01-21,96.14
2000-01-24,96.18
2000-01-25,96.27
2000-01-26,96.36
2000-01-27,96.27
2000-01-28,96.13
2000-01-31,96.26
2000-02-01,96.45
2000-02-02,96.7
2000-02-03,96.65
2000-02-04,96.76
2000-02-07,96.39
2000-02-08,96.47
2000-02-09,96.49
2000-02-10,96.35
2000-02-11,96.1
2000-02-14,96.19
2000-02-15,96.36
2000-02-16,96.19
2000-02-17,96.33
2000-02-18,96.22
2000-02-21,96.52
2000-02-22,96.85
2000-02-23,96.88
2000-02-24,96.92
2000-02-25,97.15
2000-02-28,97.1
2000-02-29,97.02
2000-03-01,97.09
2000-03-02,96.97
2000-03-03,97.14
2000-03-06,97.42
2000-03-07,97.57
2000-03-08,97.45
2000-03-09,98.14
2000-03-10,98.34
2000-03-13,98.48
2000-03-14,98.34
2000-03-15,98.65
2000-03-16,98.85
2000-03-17,99.12
2000-03-20,99.24
2000-03-21,99.28
2000-03-22,99.27
2000-03-23,99.28
2000-03-24,98.91
2000-03-27,98.58
2000-03-28,98.79
2000-03-29,99.01
2000-03-30,99
2000-03-31,99.18
2000-04-03,99.26
2000-04-04,99.16
2000-04-05,99.29
2000-04-06,99.28
2000-04-07,99.15
2000-04-10,99.36
2000-04-11,99.49
2000-04-12,99.3
2000-04-13,99.27
2000-04-14,99.3
2000-04-17,99.29
2000-04-18,99.08
2000-04-19,99.02
2000-04-20,99.26
2000-04-21,99.26
2000-04-24,99.26
2000-04-25,98.97
2000-04-26,99.07
2000-04-27,99.38
2000-04-28,99.33
2000-05-01,99.33
2000-05-02,99.23
2000-05-03,99.18
2000-05-04,98.9
2000-05-05,99.08
2000-05-08,99.16
2000-05-09,99.38
2000-05-10,99.58
2000-05-11,99.74
2000-05-12,99.45
2000-05-15,100.05
2000-05-16,100.54
2000-05-17,100.3
2000-05-18,99.92
2000-05-19,100
2000-05-22,100.11
2000-05-23,100.13
2000-05-24,100.24
2000-05-25,100.4
2000-05-26,100.4
2000-05-29,100.4
2000-05-30,100.42
2000-05-31,100.43
2000-06-02,100.99
2000-06-05,101.55
2000-06-06,101.4
2000-06-07,101.14
2000-06-08,101.5
2000-06-09,100.96
2000-06-13,101.14
2000-06-14,101.35
2000-06-15,100.63
2000-06-16,100.65
2000-06-19,100.67
2000-06-20,100.42
2000-06-21,100.22
2000-06-22,100.18
2000-06-26,100.17
2000-06-27,100.22
2000-06-28,100.01
2000-06-29,100.08
2000-06-30,99.99
2000-07-03,99.82
2000-07-04,99.85
2000-07-05,100.14
2000-07-06,100.04
2000-07-07,99.94
2000-07-10,99.92
2000-07-11,99.96
2000-07-12,100.11
2000-07-13,99.99
2000-07-14,100.22
2000-07-17,100.07
2000-07-18,100
2000-07-19,99.77
2000-07-20,99.82
2000-07-21,100.09
2000-07-24,100.14
2000-07-25,100.28
2000-07-26,100.28
2000-07-27,100.37
2000-07-28,100.27
2000-07-31,100.28
2000-08-01,100.38
2000-08-02,100.37
2000-08-03,100.31
2000-08-04,100.37
2000-08-07,100.55
2000-08-08,100.51
2000-08-09,100.4
2000-08-10,100.6
2000-08-11,100.66
2000-08-14,100.55
2000-08-15,100.62
2000-08-16,100.39
2000-08-17,100.51
2000-08-18,100.58
2000-08-21,100.51
2000-08-22,100.54
2000-08-23,100.74
2000-08-24,100.82
2000-08-25,100.82
2000-08-28,100.85
2000-08-29,100.84
2000-08-30,100.84
2000-08-31,100.8
2000-09-01,101
2000-09-04,101.55
2000-09-05,101.41
2000-09-06,101.3
2000-09-07,101.16
2000-09-08,101.3
2000-09-11,101.2
2000-09-12,101.18
2000-09-13,101.27
2000-09-14,101.27
2000-09-15,101.42
2000-09-18,101.24
2000-09-19,101.49
2000-09-20,101.53
2000-09-21,101.59
2000-09-22,101.66
2000-09-25,101.56
2000-09-26,101.56
2000-09-27,101.55
2000-09-28,101.45
2000-09-29,101.58
2000-10-02,101.72
2000-10-03,101.63
2000-10-04,101.52
2000-10-05,101.42
2000-10-06,101.44
2000-10-09,101.5
2000-10-10,101.61
2000-10-11,101.81
2000-10-12,101.87
2000-10-13,101.98
2000-10-16,101.92
2000-10-17,101.91
2000-10-18,102.13
2000-10-19,101.95
2000-10-20,102.25
2000-10-23,102.33
2000-10-24,102.42
2000-10-25,102.35
2000-10-26,102.44
2000-10-27,102.43
2000-10-30,102.46
2000-10-31,102.41
2000-11-01,102.45
2000-11-02,102.56
2000-11-03,102.59
2000-11-06,102.6
2000-11-07,102.67
2000-11-08,102.43
2000-11-09,102.43
2000-11-10,102.75
2000-11-13,102.9
2000-11-14,102.76
2000-11-15,102.86
2000-11-16,103
2000-11-20,102.99
2000-11-21,102.94
2000-11-22,103.14
2000-11-23,103.21
2000-11-24,103.2
2000-11-27,103.12
2000-11-28,103.24
2000-11-29,103.26
2000-11-30,103.43
2000-12-01,103.56
2000-12-04,103.81
2000-12-05,103.82
2000-12-06,104.14
2000-12-07,104.23
2000-12-08,104.2
2000-12-11,104.15
2000-12-12,104.16
2000-12-13,104.43
2000-12-14,104.6
2000-12-15,104.82
2000-12-18,104.92
2000-12-19,104.77
2000-12-20,105
2000-12-21,104.99
2000-12-22,104.77
2000-12-25,104.77
2000-12-26,104.77
2000-12-27,104.87
2000-12-28,104.73
2000-12-29,105.08
2001-01-01,105.08
2001-01-02,105.38
2001-01-03,105.67
2001-01-04,105.65
2001-01-05,105.77
2001-01-08,105.77
2001-01-09,105.64
2001-01-10,105.41
2001-01-11,105.5
2001-01-12,105.27
2001-01-15,105.27
2001-01-16,105.32
2001-01-17,105.14
2001-01-18,104.97
2001-01-19,105.15
2001-01-22,105.02
2001-01-23,105.06
2001-01-24,104.87
2001-01-25,105.14
2001-01-26,105.21
2001-01-29,105.39
2001-01-30,105.57
2001-01-31,105.82
2001-02-01,105.97
2001-02-02,105.94
2001-02-05,106.04
2001-02-06,106.05
2001-02-07,106.1
2001-02-08,105.8
2001-02-09,105.83
2001-02-12,105.95
2001-02-13,106
2001-02-14,105.94
2001-02-15,105.67
2001-02-16,105.52
2001-02-19,105.73
2001-02-20,105.63
2001-02-21,105.73
2001-02-22,105.51
2001-02-23,105.59
2001-02-26,105.7
2001-02-27,105.95
2001-02-28,106.01
2001-03-01,106.21
2001-03-02,106.21
2001-03-05,106.21
2001-03-06,106.21
2001-03-07,106.3
2001-03-08,106.59
2001-03-09,106.71
2001-03-12,106.77
2001-03-13,106.68
2001-03-14,106.97
2001-03-15,106.72
2001-03-16,106.95
2001-03-19,106.85
2001-03-20,106.92
2001-03-21,107.19
2001-03-22,107.42
2001-03-23,107.33
2001-03-26,107.4
2001-03-27,107.28
2001-03-28,107.22
2001-03-29,107.11
2001-03-30,107.12
2001-04-02,107.35
2001-04-03,107.14
2001-04-04,107.13
2001-04-05,106.96
2001-04-06,107.01
2001-04-09,107.05
2001-04-10,107
2001-04-11,106.18
2001-04-12,106.38
2001-04-13,106.38
2001-04-16,106.38
2001-04-17,106.59
2001-04-18,105.9
2001-04-19,105.86
2001-04-20,105.6
2001-04-23,105.62
2001-04-24,105.49
2001-04-25,105.61
2001-04-26,105.74
2001-04-27,105.62
2001-04-30,105.26
2001-05-01,105.26
2001-05-02,105.28
2001-05-03,105.52
2001-05-04,105.87
2001-05-07,105.81
2001-05-08,105.65
2001-05-09,105.93
2001-05-10,106.03
2001-05-11,105.96
2001-05-14,105.33
2001-05-15,104.85
2001-05-16,105.06
2001-05-17,104.6
2001-05-18,104.86
2001-05-21,104.69
2001-05-22,104.54
2001-05-23,104.3
2001-05-25,104.24
2001-05-28,104.34
2001-05-29,104.61
2001-05-30,104.82
2001-05-31,104.57
2001-06-01,104.8
2001-06-05,105.32
2001-06-06,105.16
2001-06-07,105.12
2001-06-08,104.54
2001-06-11,104.65
2001-06-12,104.51
2001-06-13,104.43
2001-06-15,104.55
2001-06-18,104.36
2001-06-19,104.35
2001-06-21,103.59
2001-06-25,104
2001-06-26,103.92
2001-06-27,103.7
2001-06-28,103.87
2001-06-29,103.29
2001-07-02,103.35
2001-07-03,103.32
2001-07-04,103.26
2001-07-05,103.23
2001-07-06,103.41
2001-07-09,103.36
2001-07-10,103.36
2001-07-11,103.58
2001-07-12,103.64
2001-07-13,103.5
2001-07-16,103.61
2001-07-17,103.66
2001-07-18,103.73
2001-07-19,104.04
2001-07-20,104.26
2001-07-23,104.17
2001-07-24,104.32
2001-07-25,104.23
2001-07-26,104.47
2001-07-27,104.74
2001-07-30,104.9
2001-07-31,104.97
2001-08-01,104.96
2001-08-02,104.89
2001-08-03,104.89
2001-08-06,105.23
2001-08-07,105.15
2001-08-08,105.1
2001-08-09,105.68
2001-08-10,105.77
2001-08-13,105.96
2001-08-14,105.82
2001-08-15,106.03
2001-08-16,105.94
2001-08-17,106.34
2001-08-20,106.25
2001-08-21,105.87
2001-08-22,105.64
2001-08-23,105.54
2001-08-24,105.46
2001-08-27,105.47
2001-08-28,105.7
2001-08-29,105.81
2001-08-30,106.02
2001-08-31,105.96
2001-09-03,106.04
2001-09-04,105.86
2001-09-05,105.29
2001-09-06,105.35
2001-09-07,105.55
2001-09-10,105.85
2001-09-11,105.54
2001-09-12,106.01
2001-09-13,105.8
2001-09-14,106.17
2001-09-17,106.19
2001-09-18,106.49
2001-09-19,106.29
2001-09-20,106.2
2001-09-21,105.78
2001-09-24,105.5
2001-09-25,105.8
2001-09-26,105.82
2001-09-27,106.09
2001-09-28,106.13
2001-10-01,106.16
2001-10-02,106.27
2001-10-03,106.68
2001-10-04,106.6
2001-10-05,106.63
2001-10-08,106.71
2001-10-09,106.33
2001-10-10,106.23
2001-10-11,106.12
2001-10-12,106.49
2001-10-15,106.5
2001-10-16,106.62
2001-10-17,106.39
2001-10-18,106.51
2001-10-19,106.69
2001-10-22,106.7
2001-10-23,106.77
2001-10-24,106.94
2001-10-25,107.35
2001-10-26,107.43
2001-10-29,107.67
2001-10-30,107.87
2001-11-01,108.1
2001-11-02,108.08
2001-11-05,108.15
2001-11-06,108.34
2001-11-07,108.66
2001-11-08,108.83
2001-11-09,108.71
2001-11-12,108.52
2001-11-13,108.52
2001-11-14,108.16
2001-11-15,107.98
2001-11-16,107.85
2001-11-19,107.98
2001-11-20,108.01
2001-11-21,107.71
2001-11-22,107.57
2001-11-23,107.8
2001-11-26,107.78
2001-11-27,107.33
2001-11-28,107.51
2001-11-29,107.58
2001-11-30,107.8
2001-12-03,107.86
2001-12-04,107.82
2001-12-05,107.59
2001-12-06,107.04
2001-12-07,106.89
2001-12-10,106.95
2001-12-11,107.09
2001-12-12,107.43
2001-12-13,107.45
2001-12-14,107.16
2001-12-17,106.87
2001-12-18,107.14
2001-12-19,107.41
2001-12-20,107.3
2001-12-21,107.11
2001-12-24,107.11
2001-12-25,107.11
2001-12-26,107.11
2001-12-27,106.89
2001-12-28,107.08
2001-12-31,107.08
2002-01-01,107.08
2002-01-02,107.51
2002-01-03,107.55
2002-01-04,107.53
2002-01-07,107.49
2002-01-08,107.84
2002-01-09,107.51
2002-01-10,107.79
2002-01-11,107.79
2002-01-14,108.14
2002-01-15,108.12
2002-01-16,108.24
2002-01-17,107.95
2002-01-18,107.84
2002-01-21,107.83
2002-01-22,107.67
2002-01-23,107.6
2002-01-24,107.41
2002-01-25,107.09
2002-01-28,107
2002-01-29,107.11
2002-01-30,107.35
2002-01-31,107.17
2002-02-01,106.94
2002-02-04,107.44
2002-02-05,107.7
2002-02-06,107.64
2002-02-07,107.24
2002-02-08,107.23
2002-02-11,107.37
2002-02-12,107.3
2002-02-13,106.94
2002-02-14,107.12
2002-02-15,107.22
2002-02-18,107.25
2002-02-19,107.4
2002-02-20,107.24
2002-02-21,107.15
2002-02-22,107.38
2002-02-25,107.26
2002-02-26,107.04
2002-02-27,107.08
2002-02-28,107.14
2002-03-01,107.13
2002-03-04,106.82
2002-03-05,106.6
2002-03-06,106.7
2002-03-07,106.6
2002-03-08,106.56
2002-03-11,106.71
2002-03-12,106.8
2002-03-13,106.58
2002-03-14,106.52
2002-03-15,106.41
2002-03-18,106.59
2002-03-19,106.56
2002-03-20,106.64
2002-03-21,106.34
2002-03-22,106.3
2002-03-25,106.29
2002-03-26,106.46
2002-03-27,106.61
2002-03-28,106.76
2002-03-29,106.76
2002-04-01,106.76
2002-04-02,106.58
2002-04-03,106.55
2002-04-04,106.79
2002-04-05,106.95
2002-04-08,107.05
2002-04-09,106.89
2002-04-10,106.97
2002-04-11,106.71
2002-04-12,106.77
2002-04-15,107.04
2002-04-16,106.9
2002-04-17,106.7
2002-04-18,106.76
2002-04-19,106.74
2002-04-22,107.05
2002-04-23,107.18
2002-04-24,107.24
2002-04-25,107.57
2002-04-26,107.44
2002-04-29,107.51
2002-04-30,107.53
2002-05-01,107.53
2002-05-02,107.33
2002-05-03,107.42
2002-05-06,107.62
2002-05-07,107.64
2002-05-08,107.45
2002-05-10,107.16
2002-05-13,107.34
2002-05-14,107.11
2002-05-15,107.13
2002-05-16,107.35
2002-05-17,107.25
2002-05-21,107.49
2002-05-22,107.56
2002-05-23,107.6
2002-05-24,107.77
2002-05-27,107.65
2002-05-28,107.61
2002-05-29,107.75
2002-05-30,108
2002-05-31,108.02
2002-06-03,107.7
2002-06-04,108.05
2002-06-05,107.96
2002-06-06,107.85
2002-06-07,108.1
2002-06-10,108.12
2002-06-11,104.22
2002-06-12,104.53
2002-06-13,104.65
2002-06-14,105.07
2002-06-17,104.97
2002-06-18,105.13
2002-06-19,105.16
2002-06-20,105.18
2002-06-24,105.35
2002-06-25,105.17
2002-06-26,105.58
2002-06-27,105.13
2002-06-28,105.16
2002-07-01,105.16
2002-07-02,105.3
2002-07-03,105.29
2002-07-04,105.25
2002-07-05,105.1
2002-07-08,105.08
2002-07-09,105.15
2002-07-10,105.36
2002-07-11,105.87
2002-07-12,105.8
2002-07-15,106.23
2002-07-16,106.26
2002-07-17,105.9
2002-07-18,105.96
2002-07-19,106.26
2002-07-22,106.42
2002-07-23,106.14
2002-07-24,106.63
2002-07-25,106.51
2002-07-26,106.68
2002-07-29,106.55
2002-07-30,106.38
2002-07-31,106.28
2002-08-01,106.56
2002-08-02,106.94
2002-08-05,107.44
2002-08-06,107.23
2002-08-07,107.25
2002-08-08,107.21
2002-08-09,107.17
2002-08-12,107.36
2002-08-13,107.62
2002-08-14,107.66
2002-08-15,107.14
2002-08-16,107.06
2002-08-19,106.92
2002-08-20,106.97
2002-08-21,106.52
2002-08-22,106.48
2002-08-23,106.67
2002-08-26,106.68
2002-08-27,106.72
2002-08-28,106.96
2002-08-29,107.32
2002-08-30,107.26
2002-09-02,107.47
2002-09-03,107.49
2002-09-04,107.81
2002-09-05,108.06
2002-09-06,108.08
2002-09-09,107.87
2002-09-10,107.71
2002-09-11,107.7
2002-09-12,107.87
2002-09-13,108.09
2002-09-16,108.4
2002-09-17,108.3
2002-09-18,108.66
2002-09-19,108.84
2002-09-20,108.62
2002-09-23,108.73
2002-09-24,109.12
2002-09-25,108.45
2002-09-26,108.61
2002-09-27,108.68
2002-09-30,108.83
2002-10-01,108.87
2002-10-02,108.86
2002-10-03,108.83
2002-10-04,108.71
2002-10-07,108.95
2002-10-08,108.83
2002-10-09,109.01
2002-10-10,109.05
2002-10-11,108.79
2002-10-14,108.74
2002-10-15,108.35
2002-10-16,108.32
2002-10-17,108.28
2002-10-18,108.48
2002-10-21,108.52
2002-10-22,108.18
2002-10-23,108.23
2002-10-24,108.07
2002-10-25,108.23
2002-10-28,108.46
2002-10-29,108.77
2002-10-30,108.85
2002-10-31,108.87
2002-11-01,109.15
2002-11-04,108.86
2002-11-05,108.73
2002-11-06,108.65
2002-11-07,109.13
2002-11-08,109.58
2002-11-11,109.85
2002-11-12,110.02
2002-11-13,109.9
2002-11-14,109.6
2002-11-15,109.59
2002-11-18,109.69
2002-11-19,109.9
2002-11-20,110.1
2002-11-21,109.76
2002-11-22,109.72
2002-11-25,109.53
2002-11-26,109.64
2002-11-27,109.79
2002-11-28,109.57
2002-11-29,109.72
2002-12-02,109.6
2002-12-03,109.85
2002-12-04,109.78
2002-12-05,109.9
2002-12-06,110.4
2002-12-09,110.45
2002-12-10,110.54
2002-12-11,110.56
2002-12-12,110.79
2002-12-13,111.02
2002-12-16,111.07
2002-12-17,111.16
2002-12-18,111.43
2002-12-19,111.74
2002-12-20,111.72
2002-12-23,111.89
2002-12-24,111.89
2002-12-25,111.89
2002-12-26,111.89
2002-12-27,112.37
2002-12-30,112.36
2002-12-31,112.36
2003-01-01,112.36
2003-01-02,112.08
2003-01-03,111.64
2003-01-07,111.83
2003-01-08,112.08
2003-01-09,112.23
2003-01-10,112.15
2003-01-13,111.9
2003-01-14,112.04
2003-01-15,111.98
2003-01-16,112.24
2003-01-17,112.55
2003-01-20,112.9
2003-01-21,112.86
2003-01-22,113.06
2003-01-23,112.91
2003-01-24,113.35
2003-01-27,113.65
2003-01-28,113.43
2003-01-29,113.65
2003-01-30,113.34
2003-01-31,113.56
2003-02-03,113.46
2003-02-04,113.76
2003-02-05,113.67
2003-02-06,113.74
2003-02-07,113.79
2003-02-10,114.05
2003-02-11,113.89
2003-02-12,114.16
2003-02-13,114.42
2003-02-14,114.38
2003-02-17,114.24
2003-02-18,114.23
2003-02-19,114.34
2003-02-20,114.71
2003-02-21,114.94
2003-02-24,114.99
2003-02-25,115.29
2003-02-26,115
2003-02-27,114.85
2003-02-28,114.68
2003-03-03,114.83
2003-03-04,115.12
2003-03-05,115.15
2003-03-06,115.36
2003-03-07,115.6
2003-03-10,115.78
2003-03-11,115.65
2003-03-12,115.48
2003-03-13,114.69
2003-03-14,114.4
2003-03-17,114.65
2003-03-18,113.91
2003-03-19,113.36
2003-03-20,113.58
2003-03-21,113.36
2003-03-24,113.51
2003-03-25,113.68
2003-03-26,113.5
2003-03-27,113.91
2003-03-28,114.06
2003-03-31,114.29
2003-04-01,114.57
2003-04-02,114.28
2003-04-03,113.7
2003-04-04,113.76
2003-04-07,113.48
2003-04-08,113.56
2003-04-09,113.81
2003-04-10,114.1
2003-04-11,113.66
2003-04-14,113.67
2003-04-15,113.74
2003-04-16,114
2003-04-17,114.23
2003-04-18,114.23
2003-04-21,114.23
2003-04-22,114.52
2003-04-23,114.26
2003-04-24,114.45
2003-04-25,114.61
2003-04-28,114.87
2003-04-29,114.49
2003-04-30,114.59
2003-05-01,114.59
2003-05-02,115.08
2003-05-05,114.91
2003-05-06,115.06
2003-05-07,115.54
2003-05-08,115.85
2003-05-09,115.83
2003-05-12,116.21
2003-05-13,116.03
2003-05-14,116.27
2003-05-15,116.53
2003-05-16,116.85
2003-05-19,117.38
2003-05-20,117.28
2003-05-21,117.44
2003-05-22,117.6
2003-05-23,117.75
2003-05-26,117.9
2003-05-27,118.12
2003-05-28,117.29
2003-05-30,117.93
2003-06-02,117.6
2003-06-03,117.91
2003-06-04,118.16
2003-06-05,118.5
2003-06-06,118.34
2003-06-09,118.34
2003-06-10,118.89
2003-06-11,115.13
2003-06-12,115.15
2003-06-13,115.55
2003-06-16,115.77
2003-06-17,114.84
2003-06-18,114.25
2003-06-19,114.2
2003-06-20,114.2
2003-06-23,114.18
2003-06-24,114.19
2003-06-25,114.81
2003-06-26,114.07
2003-06-27,113.88
2003-06-30,113.67
2003-07-01,113.99
2003-07-02,113.52
2003-07-03,113.54
2003-07-04,113.67
2003-07-07,113.6
2003-07-08,113.47
2003-07-09,113.79
2003-07-10,113.95
2003-07-11,113.85
2003-07-14,114.16
2003-07-15,113.73
2003-07-16,113.02
2003-07-17,113.19
2003-07-18,113.17
2003-07-21,113.05
2003-07-22,112.87
2003-07-23,113.14
2003-07-24,112.91
2003-07-25,113.3
2003-07-28,113.08
2003-07-29,113
2003-07-30,112.92
2003-07-31,112.95
2003-08-01,112.08
2003-08-04,112.29
2003-08-05,112.51
2003-08-06,112.37
2003-08-07,112.69
2003-08-08,113.02
2003-08-11,112.89
2003-08-12,112.91
2003-08-13,112.63
2003-08-14,112.09
2003-08-15,112.1
2003-08-18,111.92
2003-08-19,111.83
2003-08-20,112.32
2003-08-21,112.1
2003-08-22,112.01
2003-08-25,112.35
2003-08-26,112.14
2003-08-27,112.46
2003-08-28,112.22
2003-08-29,112.29
2003-09-01,112.34
2003-09-02,111.8
2003-09-03,111.83
2003-09-04,111.85
2003-09-05,112.31
2003-09-08,112.35
2003-09-09,112.2
2003-09-10,112.07
2003-09-11,112.53
2003-09-12,112.65
2003-09-15,112.3
2003-09-16,112.24
2003-09-17,112.32
2003-09-18,112.68
2003-09-19,112.79
2003-09-22,113.11
2003-09-23,113.07
2003-09-24,113.32
2003-09-25,113.31
2003-09-26,113.57
2003-09-29,113.48
2003-09-30,113.79
2003-10-01,113.99
2003-10-02,113.55
2003-10-03,112.93
2003-10-06,112.9
2003-10-07,113.04
2003-10-08,112.66
2003-10-09,112.68
2003-10-10,112.82
2003-10-13,112.71
2003-10-14,112.32
2003-10-15,112.15
2003-10-16,112.33
2003-10-17,112.02
2003-10-20,112.16
2003-10-21,112.44
2003-10-22,112.5
2003-10-23,112.58
2003-10-24,112.39
2003-10-27,112.05
2003-10-28,112.09
2003-10-29,112.39
2003-10-30,112.07
2003-10-31,112.19
2003-11-03,112.13
2003-11-04,112.16
2003-11-05,112.15
2003-11-06,111.78
2003-11-07,111.51
2003-11-10,111.71
2003-11-11,111.86
2003-11-12,111.93
2003-11-13,112.24
2003-11-14,112.42
2003-11-17,112.76
2003-11-18,112.57
2003-11-19,112.86
2003-11-20,112.72
2003-11-21,112.85
2003-11-24,112.57
2003-11-25,112.48
2003-11-26,112.51
2003-11-27,112.33
2003-11-28,112.47
2003-12-01,112.25
2003-12-02,112.21
2003-12-03,112.33
2003-12-04,112.34
2003-12-05,112.73
2003-12-08,113.1
2003-12-09,112.85
2003-12-10,112.89
2003-12-11,112.98
2003-12-12,113.28
2003-12-15,113.42
2003-12-16,113.67
2003-12-17,113.96
2003-12-18,114.09
2003-12-19,114.04
2003-12-22,114.13
2003-12-23,114.15
2003-12-24,114.15
2003-12-25,114.15
2003-12-26,114.15
2003-12-29,114.37
2003-12-30,114.19
2003-12-31,114.19
2004-01-01,114.19
2004-01-02,114.4
2004-01-05,114.1
2004-01-06,114.1
2004-01-07,114.41
2004-01-08,114.5
2004-01-09,115.13
2004-01-12,115.34
2004-01-13,115.46
2004-01-14,115.27
2004-01-15,115.3
2004-01-16,115.54
2004-01-19,115.22
2004-01-20,115.27
2004-01-21,115.36
2004-01-22,115.34
2004-01-23,115.53
2004-01-26,115.49
2004-01-27,115.36
2004-01-28,115.45
2004-01-29,114.97
2004-01-30,115.04
2004-02-02,115.08
2004-02-03,115.41
2004-02-04,115.62
2004-02-05,115.5
2004-02-06,115.69
2004-02-09,115.87
2004-02-10,115.98
2004-02-11,115.84
2004-02-12,116.25
2004-02-13,116.52
2004-02-16,116.48
2004-02-17,116.67
2004-02-18,116.84
2004-02-19,116.5
2004-02-20,116.51
2004-02-23,116.36
2004-02-24,116.52
2004-02-25,116.7
2004-02-26,116.62
2004-02-27,116.87
2004-03-01,116.88
2004-03-02,116.76
2004-03-03,116.39
2004-03-04,116.28
2004-03-05,117.13
2004-03-08,117.63
2004-03-09,117.76
2004-03-10,117.74
2004-03-11,118.44
2004-03-12,118.23
2004-03-15,118.38
2004-03-16,118.19
2004-03-17,118.43
2004-03-18,118.32
2004-03-19,118.47
2004-03-22,118.66
2004-03-23,118.61
2004-03-24,118.81
2004-03-25,119.39
2004-03-26,119.27
2004-03-29,118.8
2004-03-30,118.82
2004-03-31,118.77
2004-04-01,118.84
2004-04-02,118.57
2004-04-05,117.59
2004-04-06,117.72
2004-04-07,117.75
2004-04-08,117.72
2004-04-09,117.72
2004-04-12,117.72
2004-04-13,117.17
2004-04-14,116.95
2004-04-15,117.12
2004-04-16,117.28
2004-04-19,117.47
2004-04-20,117.17
2004-04-21,116.86
2004-04-22,116.97
2004-04-23,116.98
2004-04-26,116.81
2004-04-27,116.92
2004-04-28,116.86
2004-04-29,116.86
2004-04-30,116.89
2004-05-03,117.02
2004-05-04,117.12
2004-05-05,117.19
2004-05-06,116.94
2004-05-07,116.65
2004-05-10,116.59
2004-05-11,116.65
2004-05-12,116.63
2004-05-13,116.36
2004-05-14,116.44
2004-05-17,116.77
2004-05-18,116.66
2004-05-19,116.54
2004-05-20,116.54
2004-05-21,116.76
2004-05-24,116.58
2004-05-25,116.73
2004-05-26,116.91
2004-05-27,117.11
2004-05-28,117.17
2004-05-31,117.17
2004-06-01,116.83
2004-06-02,116.68
2004-06-03,116.67
2004-06-04,116.84
2004-06-07,116.79
2004-06-08,111.88
2004-06-09,111.83
2004-06-10,111.71
2004-06-11,111.74
2004-06-14,111.69
2004-06-15,111.82
2004-06-16,111.93
2004-06-17,111.81
2004-06-18,111.99
2004-06-21,112.01
2004-06-22,111.96
2004-06-23,112.02
2004-06-24,112.14
2004-06-25,112.14
2004-06-28,112.09
2004-06-29,111.98
2004-06-30,112.13
2004-07-01,112.19
2004-07-02,112.48
2004-07-05,112.54
2004-07-06,112.63
2004-07-07,112.55
2004-07-08,112.67
2004-07-09,112.71
2004-07-12,112.88
2004-07-13,112.66
2004-07-14,112.74
2004-07-15,112.7
2004-07-16,112.88
2004-07-19,113.05
2004-07-20,112.98
2004-07-21,112.7
2004-07-22,112.73
2004-07-23,112.81
2004-07-26,112.87
2004-07-27,112.74
2004-07-28,112.55
2004-07-29,112.66
2004-07-30,112.95
2004-08-02,113.14
2004-08-03,113.13
2004-08-04,113.24
2004-08-05,113.3
2004-08-06,113.79
2004-08-09,113.65
2004-08-10,113.76
2004-08-11,113.67
2004-08-12,113.8
2004-08-13,114.06
2004-08-16,114.03
2004-08-17,113.92
2004-08-18,114.12
2004-08-19,113.66
2004-08-20,113.77
2004-08-23,113.48
2004-08-24,113.47
2004-08-25,113.62
2004-08-26,113.61
2004-08-27,113.77
2004-08-30,113.8
2004-08-31,113.83
2004-09-01,114.03
2004-09-02,113.94
2004-09-03,113.62
2004-09-06,113.56
2004-09-07,113.5
2004-09-08,113.5
2004-09-09,113.82
2004-09-10,114.07
2004-09-13,113.91
2004-09-14,114.16
2004-09-15,114.17
2004-09-16,114.09
2004-09-17,114.34
2004-09-20,114.24
2004-09-21,114.14
2004-09-22,114.3
2004-09-23,114.66
2004-09-24,114.51
2004-09-27,114.64
2004-09-28,114.78
2004-09-29,114.51
2004-09-30,114.63
2004-10-01,114.53
2004-10-04,114.46
2004-10-05,114.61
2004-10-06,114.67
2004-10-07,114.53
2004-10-08,114.9
2004-10-11,114.85
2004-10-12,115.1
2004-10-13,114.92
2004-10-14,115.25
2004-10-15,115.37
2004-10-18,115.34
2004-10-19,115.21
2004-10-20,115.4
2004-10-21,115.45
2004-10-22,115.41
2004-10-25,115.72
2004-10-26,115.85
2004-10-27,115.9
2004-10-28,115.5
2004-10-29,115.66
2004-11-01,115.42
2004-11-02,115.38
2004-11-03,115.3
2004-11-04,115.64
2004-11-05,115.69
2004-11-08,115.39
2004-11-09,115.52
2004-11-10,115.64
2004-11-11,115.74
2004-11-12,115.87
2004-11-15,116.17
2004-11-16,116.25
2004-11-17,116.11
2004-11-18,116.06
2004-11-19,116.32
2004-11-22,116.28
2004-11-23,116.38
2004-11-24,116.4
2004-11-25,116.49
2004-11-26,116.57
2004-11-29,116.43
2004-11-30,116.75
2004-12-01,116.85
2004-12-02,116.66
2004-12-03,116.82
2004-12-06,117.06
2004-12-07,117.34
2004-12-08,117.24
2004-12-09,117.62
2004-12-10,117.67
2004-12-13,117.75
2004-12-14,118.09
2004-12-15,118.3
2004-12-16,118.18
2004-12-17,117.67
2004-12-20,118.04
2004-12-21,118.06
2004-12-22,118.05
2004-12-23,118.1
2004-12-24,118.1
2004-12-27,118.23
2004-12-28,118.22
2004-12-29,117.76
2004-12-30,117.78
2004-12-31,117.76
2005-01-03,118.05
2005-01-04,118.23
2005-01-05,117.94
2005-01-06,117.94
2005-01-07,118.36
2005-01-10,118.53
2005-01-11,118.51
2005-01-12,118.47
2005-01-13,118.66
2005-01-14,118.76
2005-01-17,118.96
2005-01-19,119.11
2005-01-20,118.78
2005-01-21,118.93
2005-01-24,119.25
2005-01-25,119.35
2005-01-26,119.08
2005-01-27,118.91
2005-01-28,119.18
2005-01-31,119.34
2005-02-01,119.38
2005-02-02,119.49
2005-02-03,119.29
2005-02-04,119.59
2005-02-07,119.73
2005-02-08,119.74
2005-02-09,119.9
2005-02-10,120.02
2005-02-11,120.08
2005-02-14,119.9
2005-02-15,119.88
2005-02-16,119.99
2005-02-17,119.67
2005-02-18,119.37
2005-02-21,119.18
2005-02-22,119
2005-02-23,119.23
2005-02-24,119.03
2005-02-25,118.97
2005-02-28,119.12
2005-03-01,119.01
2005-03-02,118.81
2005-03-03,118.93
2005-03-04,119.13
2005-03-07,119.3
2005-03-08,119.54
2005-03-09,119.28
2005-03-10,119.22
2005-03-11,119.1
2005-03-14,119.15
2005-03-15,119.3
2005-03-16,119.18
2005-03-17,119.2
2005-03-18,119.15
2005-03-21,119.11
2005-03-22,119.21
2005-03-23,119.19
2005-03-24,119.31
2005-03-25,119.31
2005-03-28,119.31
2005-03-29,119.41
2005-03-30,119.59
2005-03-31,119.71
2005-04-01,119.9
2005-04-04,120.06
2005-04-05,120.13
2005-04-06,120.16
2005-04-07,120.11
2005-04-08,120.1
2005-04-11,120.25
2005-04-12,120.31
2005-04-13,120.64
2005-04-14,120.69
2005-04-15,120.98
2005-04-18,121.03
2005-04-19,121.04
2005-04-20,120.99
2005-04-21,121.15
2005-04-22,121.43
2005-04-25,121.69
2005-04-26,121.92
2005-04-27,121.9
2005-04-28,122.2
2005-04-29,122.08
2005-05-02,122.46
2005-05-03,122.39
2005-05-04,121.99
2005-05-05,121.99
2005-05-06,121.55
2005-05-09,121.76
2005-05-10,122.24
2005-05-11,122.44
2005-05-12,122.4
2005-05-13,122.66
2005-05-16,122.77
2005-05-17,122.7
2005-05-18,123.05
2005-05-19,123.07
2005-05-20,122.74
2005-05-23,122.71
2005-05-24,123.04
2005-05-25,123.27
2005-05-26,122.97
2005-05-27,123.02
2005-05-30,122.86
2005-05-31,123.26
2005-06-01,123.35
2005-06-02,123.71
2005-06-03,124.19
2005-06-06,124.19
2005-06-07,124.33
2005-06-08,120.62
2005-06-09,120.59
2005-06-10,120.75
2005-06-13,120.46
2005-06-14,120.41
2005-06-15,120.29
2005-06-16,119.72
2005-06-17,119.92
2005-06-20,120.07
2005-06-21,120.62
2005-06-22,121.16
2005-06-23,121.05
2005-06-24,121.05
2005-06-27,121.27
2005-06-28,121.13
2005-06-29,121.23
2005-06-30,121.25
2005-07-01,121.38
2005-07-04,121.13
2005-07-05,120.88
2005-07-06,120.93
2005-07-07,121.15
2005-07-08,121.21
2005-07-11,121
2005-07-12,120.83
2005-07-13,120.73
2005-07-14,120.74
2005-07-15,120.57
2005-07-18,120.72
2005-07-19,120.57
2005-07-20,120.66
2005-07-21,120.76
2005-07-22,120.9
2005-07-25,121.11
2005-07-26,121.04
2005-07-27,121.18
2005-07-28,121
2005-07-29,120.98
2005-08-01,120.55
2005-08-02,120.21
2005-08-03,120.19
2005-08-04,120.3
2005-08-05,120.06
2005-08-08,120
2005-08-09,120.03
2005-08-10,120.21
2005-08-11,120.28
2005-08-12,120.31
2005-08-15,120.45
2005-08-16,120.43
2005-08-17,120.52
2005-08-18,120.58
2005-08-19,120.51
2005-08-22,120.82
2005-08-23,120.92
2005-08-24,120.99
2005-08-25,121.08
2005-08-26,121.15
2005-08-29,121.05
2005-08-30,121.12
2005-08-31,121.27
2005-09-01,121.62
2005-09-02,121.6
2005-09-05,121.76
2005-09-06,121.61
2005-09-07,121.54
2005-09-08,121.78
2005-09-09,121.96
2005-09-12,121.61
2005-09-13,121.59
2005-09-14,121.65
2005-09-15,121.45
2005-09-16,121.35
2005-09-19,121.37
2005-09-20,121.51
2005-09-21,121.78
2005-09-22,121.81
2005-09-23,121.57
2005-09-26,121.34
2005-09-27,121.34
2005-09-28,121.24
2005-09-29,121.07
2005-09-30,121.09
2005-10-03,120.9
2005-10-04,120.8
2005-10-05,120.91
2005-10-06,120.81
2005-10-07,120.74
2005-10-10,120.78
2005-10-11,120.82
2005-10-12,120.63
2005-10-13,120.59
2005-10-14,120.69
2005-10-17,120.62
2005-10-18,120.58
2005-10-19,120.76
2005-10-20,120.64
2005-10-21,120.79
2005-10-24,120.89
2005-10-25,120.68
2005-10-26,120.36
2005-10-27,120.41
2005-10-28,120.29
2005-10-31,120.23
2005-11-01,120.29
2005-11-02,120.01
2005-11-03,120.08
2005-11-04,119.73
2005-11-07,119.67
2005-11-08,119.6
2005-11-09,119.71
2005-11-10,119.62
2005-11-11,119.69
2005-11-14,119.85
2005-11-15,119.68
2005-11-16,119.92
2005-11-17,119.85
2005-11-18,119.74
2005-11-21,119.76
2005-11-22,119.84
2005-11-23,119.93
2005-11-24,120.15
2005-11-25,120.17
2005-11-28,120.11
2005-11-29,120.2
2005-11-30,120.06
2005-12-01,120.23
2005-12-02,119.82
2005-12-05,119.66
2005-12-06,119.66
2005-12-07,119.68
2005-12-08,119.74
2005-12-09,119.69
2005-12-12,119.65
2005-12-13,119.73
2005-12-14,119.93
2005-12-15,119.94
2005-12-16,120.07
2005-12-19,120.16
2005-12-20,120.15
2005-12-21,119.99
2005-12-22,119.85
2005-12-23,119.94
2005-12-27,120.13
2005-12-28,120.15
2005-12-29,120.09
2005-12-30,120.2
2006-01-02,119.97
2006-01-03,120
2006-01-04,120.28
2006-01-05,120.39
2006-01-09,120.64
2006-01-10,120.63
2006-01-11,120.59
2006-01-12,120.67
2006-01-13,120.84
2006-01-16,120.82
2006-01-17,120.85
2006-01-18,120.96
2006-01-19,120.44
2006-01-20,120.51
2006-01-23,120.26
2006-01-24,120.42
2006-01-25,120.26
2006-01-26,119.99
2006-01-27,119.87
2006-01-30,119.61
2006-01-31,119.66
2006-02-01,119.67
2006-02-02,119.7
2006-02-03,119.7
2006-02-06,119.85
2006-02-07,120.02
2006-02-08,119.87
2006-02-09,119.89
2006-02-10,120.34
2006-02-13,120.09
2006-02-14,119.95
2006-02-15,120.05
2006-02-16,120.42
2006-02-17,120.63
2006-02-20,120.78
2006-02-21,120.71
2006-02-22,120.53
2006-02-23,120.64
2006-02-24,120.6
2006-02-27,120.39
2006-02-28,120.22
2006-03-01,120.26
2006-03-02,120.23
2006-03-03,120
2006-03-06,120.01
2006-03-07,120.03
2006-03-08,120.07
2006-03-09,119.92
2006-03-10,119.9
2006-03-13,119.71
2006-03-14,119.8
2006-03-15,119.88
2006-03-16,119.76
2006-03-17,119.9
2006-03-20,119.86
2006-03-21,119.93
2006-03-22,119.92
2006-03-23,119.99
2006-03-24,119.89
2006-03-27,120.07
2006-03-28,119.79
2006-03-29,119.58
2006-03-30,119.19
2006-03-31,119.37
2006-04-03,119.03
2006-04-04,119.2
2006-04-05,119.2
2006-04-06,119.26
2006-04-07,119.17
2006-04-10,119.08
2006-04-11,119.04
2006-04-12,119.07
2006-04-13,118.85
2006-04-18,118.94
2006-04-19,119.01
2006-04-20,119.08
2006-04-21,119.19
2006-04-24,119.08
2006-04-25,118.81
2006-04-26,118.7
2006-04-27,118.63
2006-04-28,118.79
2006-05-02,118.81
2006-05-03,118.82
2006-05-04,118.72
2006-05-05,118.84
2006-05-08,118.98
2006-05-09,118.9
2006-05-10,119.05
2006-05-11,118.79
2006-05-12,118.76
2006-05-15,118.96
2006-05-16,119.14
2006-05-17,119.01
2006-05-18,119.2
2006-05-19,119.23
2006-05-22,119.66
2006-05-23,119.67
2006-05-24,119.81
2006-05-26,119.81
2006-05-30,119.31
2006-05-31,119.09
2006-06-01,118.93
2006-06-02,119.14
2006-06-05,119.11
2006-06-07,114.55
2006-06-08,114.83
2006-06-09,115.02
2006-06-12,115.14
2006-06-13,115.27
2006-06-14,115.18
2006-06-15,115.02
2006-06-16,115.08
2006-06-19,114.97
2006-06-20,114.8
2006-06-21,114.68
2006-06-22,114.68
2006-06-26,114.46
2006-06-27,114.48
2006-06-28,114.4
2006-06-29,114.55
2006-06-30,114.42
2006-07-03,114.46
2006-07-04,114.49
2006-07-05,114.31
2006-07-06,114.39
2006-07-07,114.53
2006-07-10,114.53
2006-07-11,114.64
2006-07-12,114.52
2006-07-13,114.75
2006-07-14,115.05
2006-07-17,115.06
2006-07-18,114.96
2006-07-19,114.91
2006-07-20,115.1
2006-07-21,115.29
2006-07-24,115.36
2006-07-25,115.4
2006-07-26,115.27
2006-07-27,115.5
2006-07-28,115.6
2006-07-31,115.51
2006-08-01,115.42
2006-08-02,115.35
2006-08-03,115.19
2006-08-04,115.47
2006-08-07,115.32
2006-08-08,115.35
2006-08-09,115.14
2006-08-10,115.24
2006-08-11,115.09
2006-08-14,114.97
2006-08-15,115.11
2006-08-16,115.25
2006-08-17,115.44
2006-08-18,115.49
2006-08-21,115.78
2006-08-22,116.04
2006-08-23,115.9
2006-08-24,116.01
2006-08-25,115.9
2006-08-28,115.91
2006-08-29,115.91
2006-08-30,116.09
2006-08-31,116.29
2006-09-01,116.39
2006-09-04,116.47
2006-09-05,116.26
2006-09-06,115.95
2006-09-07,115.89
2006-09-08,116.23
2006-09-11,116.2
2006-09-12,116.05
2006-09-13,116.26
2006-09-14,116.25
2006-09-15,116.39
2006-09-18,116.13
2006-09-20,116.46
2006-09-21,116.55
2006-09-22,116.86
2006-09-25,117
2006-09-26,116.96
2006-09-27,116.99
2006-09-28,116.79
2006-09-29,116.85
2006-10-02,116.72
2006-10-03,116.67
2006-10-04,116.87
2006-10-05,116.87
2006-10-06,116.71
2006-10-09,116.67
2006-10-10,116.43
2006-10-11,116.38
2006-10-12,116.45
2006-10-13,116.36
2006-10-16,116.37
2006-10-19,116.4
2006-10-20,116.38
2006-10-23,116.21
2006-10-24,116.24
2006-10-25,116.16
2006-10-26,116.34
2006-10-27,116.63
2006-10-30,116.76
2006-10-31,116.87
2006-11-01,117.11
2006-11-02,116.92
2006-11-03,116.96
2006-11-06,116.64
2006-11-07,116.86
2006-11-09,116.9
2006-11-10,117.02
2006-11-13,117.04
2006-11-14,117.23
2006-11-15,117.18
2006-11-16,117.38
2006-11-17,117.38
2006-11-20,117.44
2006-11-21,117.56
2006-11-22,117.52
2006-11-23,117.37
2006-11-24,117.57
2006-11-27,117.41
2006-11-28,117.53
2006-11-29,117.46
2006-11-30,117.49
2006-12-01,117.52
2006-12-04,117.65
2006-12-05,117.74
2006-12-06,117.79
2006-12-07,117.75
2006-12-08,117.71
2006-12-11,117.39
2006-12-12,117.39
2006-12-13,117.33
2006-12-14,117.12
2006-12-15,117.19
2006-12-18,116.99
2006-12-19,116.9
2006-12-20,116.98
2006-12-21,116.98
2006-12-22,116.92
2006-12-27,116.85
2006-12-28,116.65
2006-12-29,116.63
2007-01-02,116.76
2007-01-03,116.83
2007-01-04,116.85
2007-01-05,116.94
2007-01-08,116.72
2007-01-09,116.69
2007-01-10,116.56
2007-01-11,116.61
2007-01-12,116.4
2007-01-15,116.42
2007-01-16,116.36
2007-01-17,116.41
2007-01-18,116.22
2007-01-19,116.33
2007-01-22,116.42
2007-01-23,116.48
2007-01-24,116.41
2007-01-25,116.29
2007-01-26,116.16
2007-01-29,116.09
2007-01-30,116.05
2007-01-31,116.09
2007-02-01,116.21
2007-02-02,116.18
2007-02-05,116.54
2007-02-06,116.57
2007-02-07,116.56
2007-02-08,116.44
2007-02-09,116.4
2007-02-12,116.39
2007-02-13,116.41
2007-02-14,116.52
2007-02-15,116.95
2007-02-16,116.95
2007-02-19,116.83
2007-02-20,116.77
2007-02-21,116.87
2007-02-22,116.73
2007-02-23,116.82
2007-02-26,117.12
2007-02-27,117.24
2007-02-28,117.48
2007-03-01,117.59
2007-03-02,117.61
2007-03-05,117.79
2007-03-06,117.68
2007-03-07,117.58
2007-03-08,117.68
2007-03-09,117.58
2007-03-12,117.67
2007-03-13,117.73
2007-03-14,117.94
2007-03-15,117.82
2007-03-16,117.73
2007-03-19,117.62
2007-03-20,117.72
2007-03-21,117.64
2007-03-22,117.71
2007-03-23,117.39
2007-03-26,117.24
2007-03-27,117.17
2007-03-28,117.19
2007-03-29,117.14
2007-03-30,117.11
2007-04-02,117.08
2007-04-03,116.99
2007-04-04,116.98
2007-04-05,116.95
2007-04-10,116.8
2007-04-11,116.78
2007-04-12,116.74
2007-04-13,116.66
2007-04-16,116.51
2007-04-17,116.46
2007-04-18,116.61
2007-04-19,116.61
2007-04-20,116.53
2007-04-23,116.56
2007-04-24,116.67
2007-04-25,116.69
2007-04-26,116.62
2007-04-27,116.55
2007-04-30,116.63
2007-05-02,116.69
2007-05-03,116.67
2007-05-04,116.84
2007-05-07,116.8
2007-05-08,116.92
2007-05-09,116.81
2007-05-10,116.77
2007-05-11,116.88
2007-05-14,116.58
2007-05-15,116.39
2007-05-16,116.42
2007-05-18,116.28
2007-05-21,116.2
2007-05-22,116.27
2007-05-23,116.26
2007-05-24,116.19
2007-05-25,116.11
2007-05-28,116.17
2007-05-29,116.32
2007-05-30,116.31
2007-05-31,116.19
2007-06-01,116.04
2007-06-04,113.68
2007-06-05,113.7
2007-06-07,113.47
2007-06-08,113.4
2007-06-11,113.49
2007-06-12,113.41
2007-06-13,113.24
2007-06-14,113.36
2007-06-15,113.34
2007-06-18,113.36
2007-06-19,113.4
2007-06-20,112.81
2007-06-21,112.69
2007-06-25,112.97
2007-06-26,113.04
2007-06-27,113.19
2007-06-28,112.98
2007-06-29,113.06
2007-07-02,113.24
2007-07-03,113.17
2007-07-04,112.91
2007-07-05,112.74
2007-07-06,112.64
2007-07-09,112.64
2007-07-10,112.88
2007-07-11,113.05
2007-07-12,112.88
2007-07-13,112.95
2007-07-16,113.01
2007-07-17,113.01
2007-07-18,113.07
2007-07-19,113.11
2007-07-20,113.51
2007-07-23,113.68
2007-07-24,113.75
2007-07-25,113.88
2007-07-26,114.06
2007-07-27,114.21
2007-07-30,114.33
2007-07-31,114.1
2007-08-01,114.17
2007-08-02,114.08
2007-08-03,114.32
2007-08-06,114.39
2007-08-07,114.29
2007-08-08,113.98
2007-08-09,114.26
2007-08-10,114.39
2007-08-13,114.37
2007-08-14,114.17
2007-08-15,114.61
2007-08-16,115.09
2007-08-17,115.07
2007-08-20,115.08
2007-08-21,115.41
2007-08-22,114.96
2007-08-23,114.87
2007-08-24,115.11
2007-08-27,114.92
2007-08-28,115.11
2007-08-29,115.27
2007-08-30,115.15
2007-08-31,114.9
2007-09-03,115.01
2007-09-04,115.05
2007-09-05,115.02
2007-09-06,115.11
2007-09-07,115.4
2007-09-10,115.47
2007-09-11,115.61
2007-09-12,115.48
2007-09-13,115.33
2007-09-14,115.42
2007-09-17,115.24
2007-09-18,114.99
2007-09-19,114.85
2007-09-20,114.59
2007-09-21,114.53
2007-09-24,114.59
2007-09-25,114.72
2007-09-26,114.6
2007-09-27,114.62
2007-09-28,114.73
2007-10-01,114.75
2007-10-02,114.76
2007-10-03,114.84
2007-10-04,114.82
2007-10-05,114.63
2007-10-08,114.64
2007-10-09,114.64
2007-10-10,114.57
2007-10-11,114.55
2007-10-12,114.45
2007-10-15,114.32
2007-10-16,114.47
2007-10-17,114.51
2007-10-18,114.82
2007-10-19,114.97
2007-10-22,115.12
2007-10-23,115.29
2007-10-24,115.41
2007-10-25,115.43
2007-10-26,115.39
2007-10-29,115.47
2007-10-30,115.47
2007-10-31,115.25
2007-11-01,115.33
2007-11-02,115.35
2007-11-05,115.47
2007-11-06,115.33
2007-11-07,115.46
2007-11-08,115.57
2007-11-09,115.72
2007-11-12,115.58
2007-11-13,115.42
2007-11-14,115.38
2007-11-15,115.42
2007-11-16,115.44
2007-11-19,115.51
2007-11-20,115.58
2007-11-21,115.65
2007-11-22,115.59
2007-11-23,115.52
2007-11-26,115.6
2007-11-27,115.91
2007-11-28,115.7
2007-11-29,115.93
2007-11-30,115.71
2007-12-03,115.95
2007-12-04,116.12
2007-12-05,116.02
2007-12-06,115.91
2007-12-07,115.59
2007-12-10,115.2
2007-12-11,115.17
2007-12-12,114.83
2007-12-13,114.87
2007-12-14,114.85
2007-12-17,114.96
2007-12-18,114.99
2007-12-19,115.36
2007-12-20,115.58
2007-12-21,115.51
2007-12-27,115.32
2007-12-28,115.41
2008-01-02,115.66
2008-01-03,116.07
2008-01-04,116.39
2008-01-07,116.49
2008-01-08,116.53
2008-01-09,116.67
2008-01-10,116.7
2008-01-11,116.55
2008-01-14,117.04
2008-01-15,117.26
2008-01-16,117.58
2008-01-17,117.59
2008-01-18,117.81
2008-01-21,118.22
2008-01-22,118.34
2008-01-23,118.79
2008-01-24,118.09
2008-01-25,117.68
2008-01-28,118.13
2008-01-29,118.04
2008-01-30,117.76
2008-01-31,118.3
2008-02-01,118.37
2008-02-04,118.05
2008-02-05,118.59
2008-02-06,118.48
2008-02-07,118.84
2008-02-08,118.78
2008-02-11,118.78
2008-02-12,118.58
2008-02-13,117.84
2008-02-14,117.4
2008-02-15,117.71
2008-02-18,117.62
2008-02-19,117.79
2008-02-20,117.59
2008-02-21,117.44
2008-02-22,117.66
2008-02-25,117.71
2008-02-26,117.51
2008-02-27,117.48
2008-02-28,117.6
2008-02-29,117.92
2008-03-03,118
2008-03-04,117.95
2008-03-05,118.07
2008-03-06,118.07
2008-03-07,118.33
2008-03-10,118.43
2008-03-11,118.15
2008-03-12,118.24
2008-03-13,118.72
2008-03-14,118.97
2008-03-17,119.36
2008-03-18,119.11
2008-03-19,119.05
2008-03-20,119.02
2008-03-25,118.51
2008-03-26,118.49
2008-03-27,118.32
2008-03-28,118.16
2008-03-31,118.39
2008-04-01,118.23
2008-04-02,118.13
2008-04-03,118.23
2008-04-04,118.34
2008-04-07,118.25
2008-04-08,118.3
2008-04-09,118.18
2008-04-10,118.48
2008-04-11,118.57
2008-04-14,118.49
2008-04-15,118.26
2008-04-16,118.01
2008-04-17,117.65
2008-04-18,117.44
2008-04-21,117.5
2008-04-22,117.32
2008-04-23,117.44
2008-04-24,117.41
2008-04-25,117.44
2008-04-28,117.4
2008-04-29,117.73
2008-04-30,118.01
2008-05-02,117.74
2008-05-05,118.1
2008-05-06,118.39
2008-05-07,118.09
2008-05-08,118.45
2008-05-09,118.81
2008-05-12,118.7
2008-05-13,118.38
2008-05-14,118.16
2008-05-15,117.77
2008-05-16,117.84
2008-05-19,117.9
2008-05-20,117.93
2008-05-21,117.61
2008-05-22,117.04
2008-05-23,117.27
2008-05-26,117.19
2008-05-27,116.97
2008-05-28,116.71
2008-05-29,116.3
2008-05-30,116.7
2008-06-02,116.94
2008-06-03,116.8
2008-06-04,116.93
2008-06-05,116.85
2008-06-09,116.63
2008-06-10,115.26
2008-06-11,115.12
2008-06-12,114.66
2008-06-13,114.36
2008-06-16,114.07
2008-06-17,114.33
2008-06-19,114.56
2008-06-23,114.87
2008-06-24,114.86
2008-06-25,114.83
2008-06-26,114.93
2008-06-27,115.1
2008-06-30,114.6
2008-07-01,114.73
2008-07-02,114.42
2008-07-03,114.43
2008-07-04,114.63
2008-07-07,115.06
2008-07-08,115.09
2008-07-09,115.29
2008-07-10,115.44
2008-07-11,115.69
2008-07-14,115.85
2008-07-15,116.33
2008-07-16,116.13
2008-07-17,115.97
2008-07-18,115.61
2008-07-21,115.35
2008-07-22,115.27
2008-07-23,115.1
2008-07-24,115.46
2008-07-25,115.44
2008-07-28,115.63
2008-07-29,115.71
2008-07-30,116.12
2008-07-31,116.51
2008-08-01,117.01
2008-08-04,117.1
2008-08-05,117.04
2008-08-06,117.03
2008-08-07,117.46
2008-08-08,117.47
2008-08-11,117.43
2008-08-12,117.72
2008-08-13,117.73
2008-08-14,117.75
2008-08-15,117.82
2008-08-18,117.98
2008-08-19,118.18
2008-08-20,118.08
2008-08-21,117.63
2008-08-22,117.43
2008-08-25,117.84
2008-08-26,117.89
2008-08-27,117.53
2008-08-28,117.47
2008-08-29,117.76
2008-09-01,117.95
2008-09-02,117.66
2008-09-03,118.02
2008-09-04,118.04
2008-09-05,118.52
2008-09-08,118.51
2008-09-09,118.81
2008-09-10,118.73
2008-09-11,119
2008-09-12,118.72
2008-09-15,119.5
2008-09-16,119.95
2008-09-17,119.48
2008-09-18,119.53
2008-09-19,118.6
2008-09-22,118.34
2008-09-23,118.49
2008-09-24,118.69
2008-09-25,118.26
2008-09-26,118.42
2008-09-29,119.01
2008-09-30,118.94
2008-10-01,119.18
2008-10-02,119.59
2008-10-03,120.24
2008-10-06,121.3
2008-10-07,121.44
2008-10-08,122.82
2008-10-09,121.83
2008-10-10,121.51
2008-10-13,120.99
2008-10-14,121.06
2008-10-15,120.93
2008-10-16,121.19
2008-10-17,121.68
2008-10-20,121.66
2008-10-21,121.68
2008-10-22,122.08
2008-10-23,123.01
2008-10-24,123.41
2008-10-27,123.97
2008-10-28,123.9
2008-10-29,123.45
2008-10-30,123.1
2008-10-31,123.28
2008-11-03,123.14
2008-11-04,122.79
2008-11-05,122.54
2008-11-06,122.68
2008-11-07,123.2
2008-11-10,123.35
2008-11-11,123.87
2008-11-12,124.41
2008-11-13,124.8
2008-11-14,124.67
2008-11-17,124.87
2008-11-18,125.11
2008-11-19,125.12
2008-11-20,126.67
2008-11-21,126.73
2008-11-24,126.74
2008-11-25,127.01
2008-11-26,127.75
2008-11-27,127.55
2008-11-28,127.92
2008-12-01,128.54
2008-12-02,129.33
2008-12-03,129.57
2008-12-04,130.7
2008-12-05,130.22
2008-12-08,129.48
2008-12-09,128.17
2008-12-10,128.53
2008-12-11,128.69
2008-12-12,128.81
2008-12-15,129.05
2008-12-16,129.57
2008-12-17,131.55
2008-12-18,132.34
2008-12-19,132.29
2008-12-22,132.49
2008-12-23,132.1
2008-12-29,132.45
2008-12-30,132.41
2009-01-02,132.49
2009-01-05,131.97
2009-01-07,131.4
2009-01-08,131.33
2009-01-09,131.71
2009-01-12,131.65
2009-01-13,132.15
2009-01-14,131.59
2009-01-15,131.89
2009-01-16,131.33
2009-01-19,131.11
2009-01-20,131.23
2009-01-21,130.98
2009-01-22,130.74
2009-01-23,130.14
2009-01-26,129
2009-01-27,129.31
2009-01-28,129.66
2009-01-29,129.47
2009-01-30,129.41
2009-02-02,129.85
2009-02-03,130.09
2009-02-04,129.63
2009-02-05,130.06
2009-02-06,129.62
2009-02-09,129.72
2009-02-10,130.46
2009-02-11,131.6
2009-02-12,131.77
2009-02-13,131.15
2009-02-16,131.25
2009-02-17,132.01
2009-02-18,132.24
2009-02-19,131.78
2009-02-20,132.43
2009-02-23,132.49
2009-02-24,133.07
2009-02-25,132.9
2009-02-26,132.08
2009-02-27,132.4
2009-03-02,132.61
2009-03-03,132.26
2009-03-04,132.22
2009-03-05,132.36
2009-03-06,132.72
2009-03-09,132.74
2009-03-10,132.55
2009-03-11,131.85
2009-03-12,132.02
2009-03-13,131.86
2009-03-16,131.93
2009-03-17,131.84
2009-03-18,131.62
2009-03-19,132.29
2009-03-20,132.17
2009-03-23,131.15
2009-03-24,130.73
2009-03-25,130.56
2009-03-26,130.12
2009-03-27,130.56
2009-03-30,130.91
2009-03-31,131.68
2009-04-01,131.53
2009-04-02,130.87
2009-04-03,130.44
2009-04-06,129.95
2009-04-07,130.13
2009-04-08,130.2
2009-04-09,130.16
2009-04-14,130.69
2009-04-15,131.37
2009-04-16,131.39
2009-04-17,131.17
2009-04-20,131.74
2009-04-21,132.11
2009-04-22,131.5
2009-04-23,131.23
2009-04-24,130.76
2009-04-27,131.11
2009-04-28,131.16
2009-04-29,131.03
2009-04-30,130.72
2009-05-04,130.26
2009-05-05,130.06
2009-05-06,129.64
2009-05-07,128.77
2009-05-08,128.97
2009-05-11,129.61
2009-05-12,129.04
2009-05-13,129.11
2009-05-14,129.46
2009-05-15,129.35
2009-05-18,129.38
2009-05-19,128.95
2009-05-20,128.75
2009-05-22,128.35
2009-05-25,128.06
2009-05-26,128.63
2009-05-27,128.37
2009-05-28,127.98
2009-05-29,128.06
2009-06-01,127.71
2009-06-02,127.75
2009-06-03,128.18
2009-06-04,128.11
2009-06-05,127.99
2009-06-08,127.69
2009-06-09,127.9
2009-06-10,115.43
2009-06-11,115.3
2009-06-12,116.77
2009-06-15,117.48
2009-06-16,116.92
2009-06-17,116.97
2009-06-18,116.85
2009-06-22,116.94
2009-06-23,116.86
2009-06-24,117.05
2009-06-25,117.46
2009-06-26,117.73
2009-06-29,117.86
2009-06-30,117.75
2009-07-01,117.69
2009-07-02,118.82
2009-07-03,118.94
2009-07-06,118.97
2009-07-07,119
2009-07-08,119.21
2009-07-09,119.19
2009-07-10,119.42
2009-07-13,119.76
2009-07-14,119.4
2009-07-15,119.12
2009-07-16,119.27
2009-07-17,119.26
2009-07-20,118.97
2009-07-21,119.09
2009-07-22,119.17
2009-07-23,118.96
2009-07-24,118.71
2009-07-27,118.42
2009-07-28,118.76
2009-07-29,118.99
2009-07-30,118.63
2009-07-31,119.13
2009-08-03,118.9
2009-08-04,118.55
2009-08-05,118.47
2009-08-06,118.57
2009-08-07,118.12
2009-08-10,118.2
2009-08-11,118.62
2009-08-12,118.44
2009-08-13,118.34
2009-08-14,118.68
2009-08-17,118.96
2009-08-18,119.02
2009-08-19,119.48
2009-08-20,119.5
2009-08-21,119.27
2009-08-24,118.98
2009-08-25,119.21
2009-08-26,119.57
2009-08-27,119.91
2009-08-28,119.8
2009-08-31,120.09
2009-09-01,120.11
2009-09-02,120.14
2009-09-03,120.28
2009-09-04,120.4
2009-09-07,120.54
2009-09-08,120.26
2009-09-09,119.78
2009-09-10,120.06
2009-09-11,120.23
2009-09-14,120.34
2009-09-15,120.05
2009-09-16,119.92
2009-09-17,119.77
2009-09-18,119.85
2009-09-21,119.8
2009-09-22,119.64
2009-09-23,119.65
2009-09-24,119.88
2009-09-25,120.02
2009-09-28,120.2
2009-09-29,120.31
2009-09-30,120.55
2009-10-01,120.65
2009-10-02,121.21
2009-10-05,121.42
2009-10-06,121.34
2009-10-07,121.29
2009-10-08,121.6
2009-10-09,121.16
2009-10-12,121.16
2009-10-13,121.33
2009-10-14,121.01
2009-10-15,120.8
2009-10-16,120.84
2009-10-19,120.83
2009-10-20,121.16
2009-10-21,121.09
2009-10-22,120.97
2009-10-23,120.62
2009-10-26,120.58
2009-10-27,120.58
2009-10-28,121.45
2009-10-29,121.2
2009-10-30,121.34
2009-11-02,121.52
2009-11-03,121.65
2009-11-04,121.34
2009-11-05,121.12
2009-11-06,121.08
2009-11-09,121.36
2009-11-10,121.31
2009-11-11,121.13
2009-11-12,120.93
2009-11-13,120.99
2009-11-16,121.22
2009-11-17,121.55
2009-11-18,121.6
2009-11-19,121.65
2009-11-20,121.52
2009-11-23,121.57
2009-11-24,121.7
2009-11-25,121.63
2009-11-26,122.02
2009-11-27,122.19
2009-11-30,122.24
2009-12-01,122.24
2009-12-02,122.25
2009-12-03,121.98
2009-12-04,121.66
2009-12-07,121.98
2009-12-08,122.22
2009-12-09,122.19
2009-12-10,122.02
2009-12-11,121.65
2009-12-14,121.82
2009-12-15,121.85
2009-12-16,122.16
2009-12-17,122.62
2009-12-18,122.78
2009-12-21,122.63
2009-12-22,122.33
2009-12-23,122.38
2009-12-28,122.04
2009-12-29,121.98
2009-12-30,122.01
2010-01-04,121.71
2010-01-05,121.63
2010-01-07,121.86
2010-01-08,122.05
2010-01-11,122.18
2010-01-12,122.41
2010-01-13,122.31
2010-01-14,122.33
2010-01-15,122.63
2010-01-18,122.76
2010-01-19,122.55
2010-01-20,122.81
2010-01-21,122.83
2010-01-22,123.13
2010-01-25,123.04
2010-01-26,123.21
2010-01-27,123.16
2010-01-28,123.07
2010-01-29,123.06
2010-02-01,123.04
2010-02-02,123.02
2010-02-03,122.87
2010-02-04,123.18
2010-02-05,123.47
2010-02-08,123.47
2010-02-09,123.37
2010-02-10,123.21
2010-02-11,122.76
2010-02-12,122.56
2010-02-15,122.59
2010-02-16,122.72
2010-02-17,122.83
2010-02-18,122.79
2010-02-19,122.64
2010-02-22,122.72
2010-02-23,123.17
2010-02-24,123.48
2010-02-25,123.51
2010-02-26,123.7
2010-03-01,124.14
2010-03-02,124.11
2010-03-03,124.03
2010-03-04,124.13
2010-03-05,123.92
2010-03-08,123.84
2010-03-09,124.09
2010-03-10,123.67
2010-03-11,123.58
2010-03-12,123.31
2010-03-15,123.65
2010-03-16,123.95
2010-03-17,124.19
2010-03-18,124.09
2010-03-19,124.12
2010-03-22,124.34
2010-03-23,124.55
2010-03-24,124.45
2010-03-25,124.3
2010-03-26,124.17
2010-03-29,124.38
2010-03-30,124.33
2010-03-31,124.54
2010-04-01,124.38
2010-04-06,124.25
2010-04-07,124.44
2010-04-08,124.66
2010-04-09,124.43
2010-04-12,124.4
2010-04-13,124.71
2010-04-14,124.68
2010-04-15,124.6
2010-04-16,124.86
2010-04-19,124.99
2010-04-20,124.99
2010-04-21,125.16
2010-04-22,125.62
2010-04-23,125.53
2010-04-26,125.81
2010-04-27,126.33
2010-04-28,126.68
2010-04-29,126.45
2010-04-30,126.44
2010-05-03,125.94
2010-05-04,126.47
2010-05-05,127.28
2010-05-06,127.57
2010-05-07,128.29
2010-05-10,126.92
2010-05-11,127.45
2010-05-12,127.44
2010-05-14,128.15
2010-05-17,128.18
2010-05-18,128.42
2010-05-19,128.65
2010-05-20,129.58
2010-05-21,129.21
2010-05-24,129.12
2010-05-25,129.59
2010-05-26,129.13
2010-05-27,128.91
2010-05-28,128.59
2010-05-31,128.68
2010-06-01,128.72
2010-06-02,128.68
2010-06-03,128.26
2010-06-04,128.89
2010-06-07,129.66
2010-06-08,125.14
2010-06-09,124.97
2010-06-10,124.52
2010-06-11,124.69
2010-06-14,124.79
2010-06-15,124.59
2010-06-16,124.5
2010-06-17,124.12
2010-06-18,123.57
2010-06-21,123.22
2010-06-22,123.33
2010-06-23,123.56
2010-06-24,123.97
2010-06-28,124.05
2010-06-29,123.95
2010-06-30,123.8
2010-07-01,124.06
2010-07-02,124.17
2010-07-05,124.42
2010-07-06,124.13
2010-07-07,124.3
2010-07-08,124.05
2010-07-09,123.91
2010-07-12,124.09
2010-07-13,124
2010-07-14,123.88
2010-07-15,123.7
2010-07-16,123.78
2010-07-19,123.88
2010-07-20,124.04
2010-07-21,123.98
2010-07-22,124.09
2010-07-23,123.84
2010-07-26,123.56
2010-07-27,123.33
2010-07-28,123.39
2010-07-29,123.45
2010-07-30,123.7
2010-08-02,123.59
2010-08-03,123.95
2010-08-04,124.18
2010-08-05,124.44
2010-08-06,124.91
2010-08-09,125.04
2010-08-10,125.02
2010-08-11,125.75
2010-08-12,125.99
2010-08-13,126.09
2010-08-16,126.62
2010-08-17,126.48
2010-08-18,126.73
2010-08-19,126.5
2010-08-20,126.84
2010-08-23,126.72
2010-08-24,127.35
2010-08-25,127.91
2010-08-26,127.86
2010-08-27,127.91
2010-08-30,127.82
2010-08-31,127.93
2010-09-01,127.2
2010-09-02,126.59
2010-09-03,125.89
2010-09-06,126.07
2010-09-07,126.43
2010-09-08,126.21
2010-09-09,125.84
2010-09-10,125.29
2010-09-13,124.88
2010-09-14,125.17
2010-09-15,124.79
2010-09-16,124.61
2010-09-17,124.94
2010-09-20,124.64
2010-09-21,124.8
2010-09-22,125.34
2010-09-23,125.81
2010-09-24,125.48
2010-09-27,126.03
2010-09-28,126.22
2010-09-29,125.94
2010-09-30,125.42
2010-10-01,125.07
2010-10-04,125.57
2010-10-05,125.76
2010-10-06,126.16
2010-10-07,125.94
2010-10-08,125.91
2010-10-11,126.01
2010-10-12,126.05
2010-10-13,125.77
2010-10-14,125.37
2010-10-15,124.63
2010-10-18,124.59
2010-10-19,124.49
2010-10-20,124.27
2010-10-21,124.05
2010-10-22,123.65
2010-10-25,123.42
2010-10-26,123.26
2010-10-27,122.75
2010-10-28,122.69
2010-10-29,123.12
2010-11-01,123.55
2010-11-02,123.74
2010-11-03,123.87
2010-11-04,123.83
2010-11-05,124.12
2010-11-08,123.93
2010-11-09,123.97
2010-11-10,123.89
2010-11-11,123.75
2010-11-12,123.41
2010-11-15,122.98
2010-11-16,123.11
2010-11-17,123.17
2010-11-18,122.9
2010-11-19,122.76
2010-11-22,123
2010-11-23,123.56
2010-11-24,123.2
2010-11-25,122.92
2010-11-26,122.65
2010-11-29,122.45
2010-11-30,122.63
2010-12-01,122.05
2010-12-02,121.79
2010-12-03,121.6
2010-12-06,121.81
2010-12-07,121.41
2010-12-08,121.11
2010-12-09,121.27
2010-12-10,121.34
2010-12-13,121.16
2010-12-14,120.97
2010-12-15,120.86
2010-12-16,120.59
2010-12-17,120.85
2010-12-20,121.29
2010-12-21,121.2
2010-12-22,121.18
2010-12-23,121.24
2010-12-27,120.81
2010-12-28,121.02
2010-12-29,120.8
2010-12-30,120.93
2011-01-03,120.92
2011-01-04,121.23
2011-01-05,121.31
2011-01-07,121.22
2011-01-10,121.5
2011-01-11,121.55
2011-01-12,121.02
2011-01-13,120.85
2011-01-14,120.99
2011-01-17,121.08
2011-01-18,120.93
2011-01-19,121.01
2011-01-20,120.8
2011-01-21,120.44
2011-01-24,120.45
2011-01-25,120.52
2011-01-26,120.22
2011-01-27,120.13
2011-01-28,120.14
2011-01-31,120.41
2011-02-01,120.05
2011-02-02,120.05
2011-02-03,119.92
2011-02-04,119.97
2011-02-07,119.83
2011-02-08,119.86
2011-02-09,119.83
2011-02-10,119.78
2011-02-11,120
2011-02-14,119.73
2011-02-15,119.66
2011-02-16,120.15
2011-02-17,120.64
2011-02-18,120.56
2011-02-21,120.82
2011-02-22,120.92
2011-02-23,121
2011-02-24,121.18
2011-02-25,121.04
2011-02-28,120.98
2011-03-01,120.74
2011-03-02,120.77
2011-03-03,120.22
2011-03-04,120.41
2011-03-07,120.32
2011-03-08,120.46
2011-03-09,120.35
2011-03-10,120.51
2011-03-11,120.75
2011-03-14,120.88
2011-03-15,121.57
2011-03-16,121.68
2011-03-17,121.52
2011-03-18,121.36
2011-03-21,121.09
2011-03-22,120.99
2011-03-23,121.16
2011-03-24,121.15
2011-03-25,121.04
2011-03-28,120.92
2011-03-29,121.1
2011-03-30,121.09
2011-03-31,121.3
2011-04-01,121.1
2011-04-04,121.29
2011-04-05,121.52
2011-04-06,121.5
2011-04-07,121.4
2011-04-08,120.97
2011-04-11,120.94
2011-04-12,121.32
2011-04-13,121.26
2011-04-14,121.52
2011-04-15,121.42
2011-04-18,121.85
2011-04-19,121.98
2011-04-20,122.11
2011-04-21,122.1
2011-04-26,122.39
2011-04-27,122.29
2011-04-28,122.47
2011-04-29,122.52
2011-05-02,122.52
2011-05-03,122.88
2011-05-04,122.76
2011-05-05,122.94
2011-05-06,123.19
2011-05-09,123.85
2011-05-10,123.8
2011-05-11,123.68
2011-05-12,123.78
2011-05-13,123.81
2011-05-16,123.78
2011-05-17,123.89
2011-05-18,124.47
2011-05-19,124.11
2011-05-20,124.46
2011-05-23,124.84
2011-05-24,124.54
2011-05-25,124.6
2011-05-26,124.78
2011-05-27,124.9
2011-05-30,124.97
2011-05-31,124.6
2011-06-01,124.5
2011-06-03,124.85
2011-06-07,124.42
2011-06-08,118.32
2011-06-09,118.56
2011-06-10,118.87
2011-06-13,119.38
2011-06-14,118.63
2011-06-15,118.76
2011-06-16,118.95
2011-06-17,118.92
2011-06-20,118.92
2011-06-21,118.91
2011-06-22,118.91
2011-06-23,119.04
2011-06-27,119.45
2011-06-28,119.22
2011-06-29,118.73
2011-06-30,118.7
2011-07-01,118.54
2011-07-04,118.45
2011-07-05,118.42
2011-07-06,118.79
2011-07-07,118.59
2011-07-08,119.17
2011-07-11,120.13
2011-07-12,120.23
2011-07-13,120.29
2011-07-14,119.99
2011-07-15,120.12
2011-07-18,120.23
2011-07-19,119.93
2011-07-20,119.68
2011-07-21,119.02
2011-07-22,119.41
2011-07-25,119.78
2011-07-26,120.14
2011-07-27,120.61
2011-07-28,121.11
2011-07-29,121.48
2011-08-01,121.39
2011-08-02,121.86
2011-08-03,121.97
2011-08-04,122.51
2011-08-05,122.63
2011-08-08,123.13
2011-08-09,123.59
2011-08-10,124.4
2011-08-11,124.68
2011-08-12,123.93
2011-08-15,123.88
2011-08-16,123.77
2011-08-17,124.07
2011-08-18,125.31
2011-08-19,125.11
2011-08-22,125
2011-08-23,124.94
2011-08-24,124.53
2011-08-25,124.5
2011-08-26,124.88
2011-08-29,124.38
2011-08-30,124.61
2011-08-31,124.53
2011-09-01,124.44
2011-09-02,124.97
2011-09-05,125.72
2011-09-06,126
2011-09-07,125.77
2011-09-08,126.1
2011-09-09,126.75
2011-09-12,127.47
2011-09-13,127
2011-09-14,126.4
2011-09-15,125.72
2011-09-16,126.14
2011-09-19,126.78
2011-09-20,127.02
2011-09-21,127.02
2011-09-22,127.54
2011-09-23,127.9
2011-09-26,127.46
2011-09-27,126.32
2011-09-28,126.36
2011-09-29,126.63
2011-09-30,127.21
2011-10-03,127.55
2011-10-04,127.96
2011-10-05,127.29
2011-10-06,127.05
2011-10-07,126.5
2011-10-10,126.05
2011-10-11,125.72
2011-10-12,125.23
2011-10-13,125.74
2011-10-14,125.43
2011-10-17,125.94
2011-10-18,126.48
2011-10-19,126.07
2011-10-20,125.97
2011-10-21,125.8
2011-10-24,126.07
2011-10-25,125.82
2011-10-26,125.9
2011-10-27,125.18
2011-10-28,124.94
2011-10-31,125.77
2011-11-01,127.63
2011-11-02,127.2
2011-11-03,127.11
2011-11-04,127.06
2011-11-07,127.56
2011-11-08,127.35
2011-11-09,128.57
2011-11-10,128.42
2011-11-11,128.12
2011-11-14,128.46
2011-11-15,128.8
2011-11-16,128.46
2011-11-17,128.17
2011-11-18,127.74
2011-11-21,128.43
2011-11-22,128.4
2011-11-23,128.63
2011-11-24,129.17
2011-11-25,129.14
2011-11-28,128.32
2011-11-29,128.06
2011-11-30,128.05
2011-12-01,127.95
2011-12-02,128.08
2011-12-05,127.98
2011-12-06,127.96
2011-12-07,128.6
2011-12-08,128.81
2011-12-09,129.23
2011-12-12,129.49
2011-12-13,129.29
2011-12-14,129.72
2011-12-15,129.27
2011-12-16,129.57
2011-12-19,129.58
2011-12-20,128.92
2011-12-21,129.06
2011-12-22,128.83
2011-12-23,128.84
2011-12-27,129.2
2011-12-28,129.25
2011-12-29,129.53
2011-12-30,129.54
2012-01-02,129.09
2012-01-03,128.93
2012-01-04,128.81
2012-01-05,128.91
2012-01-09,129.06
2012-01-10,128.98
2012-01-11,129.19
2012-01-12,129.59
2012-01-13,129.93
2012-01-16,129.91
2012-01-17,129.66
2012-01-18,129.64
2012-01-19,129.26
2012-01-20,128.61
2012-01-23,128.27
2012-01-24,127.99
2012-01-25,128.18
2012-01-26,128.64
2012-01-27,128.78
2012-01-30,129.15
2012-01-31,129.19
2012-02-01,129.25
2012-02-02,128.64
2012-02-03,128.13
2012-02-06,128.16
2012-02-07,128.01
2012-02-08,127.73
2012-02-09,127.59
2012-02-10,128.25
2012-02-13,128.17
2012-02-14,128.32
2012-02-15,128.48
2012-02-16,128.61
2012-02-17,128.05
2012-02-20,127.73
2012-02-21,127.8
2012-02-22,128
2012-02-23,128.08
2012-02-24,128.08
2012-02-27,128.33
2012-02-28,128.17
2012-02-29,128.16
2012-03-01,127.97
2012-03-02,128.55
2012-03-05,128.65
2012-03-06,128.93
2012-03-07,129.09
2012-03-08,128.98
2012-03-09,128.91
2012-03-12,129.25
2012-03-13,128.63
2012-03-14,128.06
2012-03-15,127.82
2012-03-16,126.99
2012-03-19,127.08
2012-03-20,127.15
2012-03-21,127.37
2012-03-22,127.95
2012-03-23,128.15
2012-03-26,127.73
2012-03-27,127.7
2012-03-28,127.73
2012-03-29,127.88
2012-03-30,127.93
2012-04-02,127.85
2012-04-03,128
2012-04-04,128.27
2012-04-05,129.01
2012-04-10,129.94
2012-04-11,129.57
2012-04-12,129.49
2012-04-13,129.74
2012-04-16,129.88
2012-04-17,129.56
2012-04-18,129.45
2012-04-19,129.6
2012-04-20,129.65
2012-04-23,130.17
2012-04-24,129.7
2012-04-25,129.32
2012-04-26,129.56
2012-04-27,129.58
2012-04-30,129.72
2012-05-02,130.33
2012-05-03,130.37
2012-05-04,130.62
2012-05-07,130.88
2012-05-08,130.92
2012-05-09,131.36
2012-05-10,131.71
2012-05-11,132.05
2012-05-14,132.55
2012-05-15,132.43
2012-05-16,132.46
2012-05-18,132.7
2012-05-21,132.24
2012-05-22,131.79
2012-05-23,132.05
2012-05-24,132.34
2012-05-25,132.49
2012-05-28,132.67
2012-05-29,132.75
2012-05-30,133.1
2012-05-31,133.54
2012-06-01,134.28
2012-06-04,127.14
2012-06-05,127.36
2012-06-07,124.87
2012-06-08,125.52
2012-06-11,125.11
2012-06-12,124.68
2012-06-13,124.39
2012-06-14,124.5
2012-06-15,124.61
2012-06-18,124.92
2012-06-19,124.69
2012-06-20,124.5
2012-06-21,124.79
2012-06-25,125.39
2012-06-26,124.82
2012-06-27,124.54
2012-06-28,124.62
2012-06-29,124.12
2012-07-02,124.5
2012-07-03,124.7
2012-07-04,124.96
2012-07-05,125.53
2012-07-06,126.24
2012-07-09,126.23
2012-07-10,126.2
2012-07-11,126.34
2012-07-12,126.48
2012-07-13,126.6
2012-07-16,126.81
2012-07-17,126.52
2012-07-18,126.95
2012-07-19,126.85
2012-07-20,127.24
2012-07-23,127.33
2012-07-24,127.01
2012-07-25,126.84
2012-07-26,126.37
2012-07-27,125.88
2012-07-30,125.59
2012-07-31,125.95
2012-08-01,125.83
2012-08-02,126.46
2012-08-03,125.97
2012-08-06,125.75
2012-08-07,125.44
2012-08-08,125.84
2012-08-09,125.5
2012-08-10,125.93
2012-08-13,125.89
2012-08-14,125.74
2012-08-15,125.52
2012-08-16,125.45
2012-08-17,125.47
2012-08-20,125.47
2012-08-21,125.32
2012-08-22,125.76
2012-08-23,126.2
2012-08-24,126.33
2012-08-27,126.3
2012-08-28,126.57
2012-08-29,126.41
2012-08-30,126.62
2012-08-31,126.33
2012-09-03,126.66
2012-09-04,126.58
2012-09-05,126.46
2012-09-06,126.14
2012-09-07,126.23
2012-09-10,126.23
2012-09-11,126.45
2012-09-12,125.9
2012-09-13,126.27
2012-09-14,125.51
2012-09-17,125.46
2012-09-18,125.72
2012-09-19,125.92
2012-09-20,126.22
2012-09-21,125.99
2012-09-24,126.13
2012-09-25,126.2
2012-09-26,126.47
2012-09-27,126.44
2012-09-28,126.51
2012-10-01,126.54
2012-10-02,126.57
2012-10-03,126.76
2012-10-04,126.75
2012-10-05,126.62
2012-10-08,126.77
2012-10-09,126.74
2012-10-10,126.74
2012-10-11,126.84
2012-10-12,126.92
2012-10-15,126.92
2012-10-16,126.69
2012-10-17,126.43
2012-10-18,126.22
2012-10-19,126.18
2012-10-22,126.21
2012-10-23,126.36
2012-10-24,126.61
2012-10-25,126.49
2012-10-26,126.67
2012-10-29,126.77
2012-10-30,126.72
2012-10-31,126.68
2012-11-01,126.87
2012-11-02,126.98
2012-11-05,127.04
2012-11-06,127.03
2012-11-07,127.2
2012-11-08,127.24
2012-11-09,127.4
2012-11-12,127.38
2012-11-13,127.37
2012-11-14,127.31
2012-11-15,127.26
2012-11-16,127.26
2012-11-19,127.23
2012-11-20,126.99
2012-11-21,126.85
2012-11-22,126.87
2012-11-23,126.83
2012-11-26,126.98
2012-11-27,126.91
2012-11-28,127.12
2012-11-29,127.08
2012-11-30,127.1
2012-12-03,126.98
2012-12-04,127
2012-12-05,127.24
2012-12-06,127.3
2012-12-07,127.39
2012-12-10,127.43
2012-12-11,127.36
2012-12-12,127.36
2012-12-13,127.4
2012-12-14,127.27
2012-12-17,127.26
2012-12-18,127.16
2012-12-19,126.98
2012-12-20,126.99
2012-12-21,127.02
2012-12-27,127.1
2012-12-28,127.25
2013-01-02,126.98
2013-01-03,126.91
2013-01-04,126.73
2013-01-07,126.72
2013-01-08,126.88
2013-01-09,126.92
2013-01-10,126.71
2013-01-11,126.53
2013-01-14,126.74
2013-01-15,126.82
2013-01-16,126.81
2013-01-17,126.48
2013-01-18,126.47
2013-01-21,126.45
2013-01-22,126.49
2013-01-23,126.62
2013-01-24,126.66
2013-01-25,126.36
2013-01-28,126.14
2013-01-29,126.14
2013-01-30,125.95
2013-01-31,126.03
2013-02-01,126.09
2013-02-04,126.04
2013-02-05,126.07
2013-02-06,126.1
2013-02-07,126.16
2013-02-08,126.09
2013-02-11,126.06
2013-02-12,125.96
2013-02-13,125.65
2013-02-14,125.86
2013-02-15,126.01
2013-02-18,125.98
2013-02-19,125.85
2013-02-20,125.75
2013-02-21,125.95
2013-02-22,126.05
2013-02-25,125.98
2013-02-26,126.27
2013-02-27,126.45
2013-02-28,126.36
2013-03-01,126.28
2013-03-04,126.15
2013-03-05,125.97
2013-03-06,125.88
2013-03-07,125.96
2013-03-08,125.93
2013-03-11,126.05
2013-03-12,126.15
2013-03-13,126.3
2013-03-14,126.32
2013-03-15,126.35
2013-03-18,126.55
2013-03-19,126.51
2013-03-20,126.52
2013-03-21,126.64
2013-03-22,126.72
2013-03-25,126.82
2013-03-26,126.82
2013-03-27,126.92
2013-03-28,126.96
2013-04-02,126.82
2013-04-03,126.9
2013-04-04,127.17
2013-04-05,127.47
2013-04-08,127.43
2013-04-09,127.45
2013-04-10,127.28
2013-04-11,127.29
2013-04-12,127.43
2013-04-15,127.58
2013-04-16,127.52
2013-04-17,127.85
2013-04-18,128.09
2013-04-19,127.97
2013-04-22,128.18
2013-04-23,128.29
2013-04-24,128.32
2013-04-25,128.34
2013-04-26,128.31
2013-04-29,128.33
2013-04-30,128.25
2013-05-02,128.37
2013-05-03,128.2
2013-05-06,128.08
2013-05-07,127.94
2013-05-08,128.02
2013-05-10,127.91
2013-05-13,127.93
2013-05-14,128.06
2013-05-15,128.03
2013-05-16,128.1
2013-05-17,128.17
2013-05-20,128.01
2013-05-21,127.93
2013-05-22,128.02
2013-05-23,127.94
2013-05-24,127.98
2013-05-27,127.97
2013-05-28,127.98
2013-05-29,127.59
2013-05-30,127.5
2013-05-31,127.49
2013-06-03,127.22
2013-06-04,127.29
2013-06-05,127.39
2013-06-07,127.39
2013-06-10,127.41
2013-06-11,127.16
2013-06-12,127.13
2013-06-13,127.27
2013-06-14,127.4
2013-06-17,127.43
2013-06-18,127.25
2013-06-19,127.04
2013-06-20,126.55
2013-06-24,125.95
2013-06-25,126.09
2013-06-26,126.23
2013-06-27,126.5
2013-06-28,126.21
2013-07-01,126.17
2013-07-02,126.29
2013-07-03,126.43
2013-07-04,126.68
2013-07-05,126.39
2013-07-08,126.57
2013-07-09,126.75
2013-07-10,126.76
2013-07-11,126.85
2013-07-12,127.07
2013-07-15,126.95
2013-07-16,127.09
2013-07-17,127.16
2013-07-18,127.26
2013-07-19,127.15
2013-07-22,127.12
2013-07-23,126.95
2013-07-24,126.81
2013-07-25,126.71
2013-07-26,126.82
2013-07-29,126.78
2013-07-30,126.9
2013-07-31,126.88
2013-08-01,126.97
2013-08-02,126.97
2013-08-05,126.96
2013-08-06,126.93
2013-08-07,126.97
2013-08-08,126.97
2013-08-09,126.9
2013-08-12,126.97
2013-08-13,126.67
2013-08-14,126.45
2013-08-15,126.16
2013-08-16,126.24
2013-08-19,126.15
2013-08-20,126.34
2013-08-21,126.27
2013-08-22,125.86
2013-08-23,125.61
2013-08-26,125.83
2013-08-27,126.04
2013-08-28,125.79
2013-08-29,125.81
2013-08-30,125.96
2013-09-02,125.78
2013-09-03,125.68
2013-09-04,125.61
2013-09-05,125.15
2013-09-06,125.44
2013-09-09,125.54
2013-09-10,125.28
2013-09-11,125.38
2013-09-12,125.52
2013-09-13,125.73
2013-09-16,125.99
2013-09-17,125.86
2013-09-18,125.82
2013-09-19,126.19
2013-09-20,126.09
2013-09-23,126.2
2013-09-24,126.4
2013-09-25,126.58
2013-09-26,126.62
2013-09-27,126.7
2013-09-30,126.75
2013-10-01,126.57
2013-10-02,126.5
2013-10-03,126.45
2013-10-04,126.57
2013-10-07,126.7
2013-10-08,126.7
2013-10-09,126.81
2013-10-10,126.81
2013-10-11,126.92
2013-10-14,126.92
2013-10-15,126.88
2013-10-16,126.69
2013-10-17,126.92
2013-10-18,127.06
2013-10-21,127.11
2013-10-22,127.3
2013-10-23,127.38
2013-10-24,127.48
2013-10-25,127.38
2013-10-28,127.61
2013-10-29,127.63
2013-10-30,127.79
2013-10-31,127.79
2013-11-01,127.83
2013-11-04,127.87
2013-11-05,127.57
2013-11-06,127.5
2013-11-07,127.83
2013-11-08,127.74
2013-11-11,127.7
2013-11-12,127.94
2013-11-13,128.17
2013-11-14,128.28
2013-11-15,128.38
2013-11-18,128.58
2013-11-19,128.69
2013-11-20,128.72
2013-11-21,128.52
2013-11-22,128.31
2013-11-25,128.36
2013-11-26,128.45
2013-11-27,128.6
2013-11-28,128.65
2013-11-29,128.52
2013-12-02,128.29
2013-12-03,128.27
2013-12-04,128.11
2013-12-05,128.04
2013-12-06,128.1
2013-12-09,128.29
2013-12-10,128.44
2013-12-11,128.42
2013-12-12,128.46
2013-12-13,128.53
2013-12-16,128.66
2013-12-17,128.76
2013-12-18,128.59
2013-12-19,128.35
2013-12-20,128.25
2013-12-23,128.25
2013-12-27,128.09
2013-12-30,128.1
2014-01-02,128.16
2014-01-03,128.23
2014-01-07,128.46
2014-01-08,128.55
2014-01-09,128.5
2014-01-10,128.61
2014-01-13,128.73
2014-01-14,128.59
2014-01-15,128.48
2014-01-16,128.66
2014-01-17,128.76
2014-01-20,128.92
2014-01-21,128.89
2014-01-22,128.76
2014-01-23,128.94
2014-01-24,129.13
2014-01-27,129.04
2014-01-28,129.07
2014-01-29,129.17
2014-01-30,129.22
2014-01-31,129.37
2014-02-03,129.31
2014-02-04,129.33
2014-02-05,129.41
2014-02-06,129.2
2014-02-07,129.36
2014-02-10,129.39
2014-02-11,129.33
2014-02-12,129.38
2014-02-13,129.46
2014-02-14,129.37
2014-02-17,129.38
2014-02-18,129.64
2014-02-19,129.89
2014-02-20,129.83
2014-02-21,129.79
2014-02-24,129.55
2014-02-25,129.75
2014-02-26,129.95
2014-02-27,130.08
2014-02-28,129.72
2014-03-03,129.99
2014-03-04,129.95
2014-03-05,129.92
2014-03-06,129.86
2014-03-07,129.82
2014-03-10,129.97
2014-03-11,129.96
2014-03-12,130.24
2014-03-13,130.31
2014-03-14,130.42
2014-03-17,130.38
2014-03-18,130.37
2014-03-19,130.3
2014-03-20,129.95
2014-03-21,130.03
2014-03-24,130.1
2014-03-25,130.29
2014-03-26,130.49
2014-03-27,130.55
2014-03-28,130.5
2014-03-31,130.48
2014-04-01,130.48
2014-04-02,130.43
2014-04-03,130.45
2014-04-04,130.61
2014-04-07,130.8
2014-04-08,130.69
2014-04-09,130.72
2014-04-10,131.07
2014-04-11,131.33
2014-04-14,131.38
2014-04-15,131.49
2014-04-16,131.45
2014-04-17,131.39
2014-04-22,131.24
2014-04-23,131.31
2014-04-24,131.38
2014-04-25,131.53
2014-04-28,131.45
2014-04-29,131.5
2014-04-30,131.57
2014-05-02,131.68
2014-05-05,131.84
2014-05-06,131.74
2014-05-07,131.66
2014-05-08,131.82
2014-05-09,131.94
2014-05-12,131.91
2014-05-13,132.03
2014-05-14,132.25
2014-05-15,132.38
2014-05-16,132.25
2014-05-19,132.31
2014-05-20,132.29
2014-05-21,132.17
2014-05-22,132.2
2014-05-23,132.33
2014-05-26,132.32
2014-05-27,132.37
2014-05-28,132.45
2014-05-30,132.46
2014-06-02,132.48
2014-06-03,132.32
2014-06-04,132.28
2014-06-05,132.3
2014-06-09,132.61
2014-06-10,132.63
2014-06-11,132.64
2014-06-12,132.75
2014-06-13,132.62
2014-06-16,132.81
2014-06-17,132.53
2014-06-18,132.5
2014-06-19,132.72
2014-06-23,132.81
2014-06-24,132.87
2014-06-25,133.09
2014-06-26,133.23
2014-06-27,133.18
2014-06-30,133.21
2014-07-01,133.25
2014-07-02,133.15
2014-07-03,133.57
2014-07-04,133.83
2014-07-07,133.96
2014-07-08,134.07
2014-07-09,134.02
2014-07-10,133.99
2014-07-11,134.02
2014-07-14,134.07
2014-07-15,134.14
2014-07-16,134.17
2014-07-17,134.31
2014-07-18,134.38
2014-07-21,134.43
2014-07-22,134.38
2014-07-23,134.43
2014-07-24,134.35
2014-07-25,134.43
2014-07-28,134.45
2014-07-29,134.5
2014-07-30,134.43
2014-07-31,134.32
2014-08-01,134.35
2014-08-04,134.44
2014-08-05,134.3
2014-08-06,134.48
2014-08-07,134.64
2014-08-08,134.77
2014-08-11,134.67
2014-08-12,134.66
2014-08-13,134.66
2014-08-14,134.74
2014-08-15,134.76
2014-08-18,134.71
2014-08-19,134.88
2014-08-20,134.96
2014-08-21,134.91
2014-08-22,134.93
2014-08-25,135.19
2014-08-26,135.29
2014-08-27,135.57
2014-08-28,135.71
2014-08-29,135.69
2014-09-01,135.71
2014-09-02,135.54
2014-09-03,135.51
2014-09-04,135.69
2014-09-05,135.93
2014-09-08,135.93
2014-09-09,135.69
2014-09-10,135.54
2014-09-11,135.58
2014-09-12,135.25
2014-09-15,135.21
2014-09-16,135.28
2014-09-17,135.37
2014-09-18,135.18
2014-09-19,135.27
2014-09-22,135.35
2014-09-23,135.36
2014-09-24,135.45
2014-09-25,135.58
2014-09-26,135.65
2014-09-29,135.63
2014-09-30,135.64
2014-10-01,135.79
2014-10-02,135.76
2014-10-03,135.68
2014-10-06,135.79
2014-10-07,135.95
2014-10-08,136.03
2014-10-09,136.17
2014-10-10,136.19
2014-10-13,136.2
2014-10-14,136.72
2014-10-15,137.27
2014-10-16,137.06
2014-10-17,136.78
2014-10-20,136.94
2014-10-21,136.91
2014-10-22,136.91
2014-10-23,136.75
2014-10-24,136.85
2014-10-27,136.97
2014-10-28,137.35
2014-10-29,137.47
2014-10-30,137.49
2014-10-31,137.36
2014-11-03,137.22
2014-11-04,137.36
2014-11-05,137.31
2014-11-06,137.32
2014-11-07,137.36
2014-11-10,137.39
2014-11-11,137.51
2014-11-12,137.6
2014-11-13,137.53
2014-11-14,137.54
2014-11-17,137.55
2014-11-18,137.64
2014-11-19,137.46
2014-11-20,137.54
2014-11-21,137.66
2014-11-24,137.67
2014-11-25,137.8
2014-11-26,137.89
2014-11-27,138.01
2014-11-28,137.98
2014-12-01,137.96
2014-12-02,137.75
2014-12-03,137.73
2014-12-04,137.66
2014-12-05,137.65
2014-12-08,137.8
2014-12-09,137.92
2014-12-10,138.04
2014-12-11,138.14
2014-12-12,138.26
2014-12-15,138.3
2014-12-16,138.54
2014-12-17,138.51
2014-12-18,138.19
2014-12-19,138.09
2014-12-22,138.06
2014-12-23,138.1
2014-12-29,138.31
2014-12-30,138.35
2015-01-02,138.47
2015-01-05,138.53
2015-01-07,138.72
2015-01-08,138.75
2015-01-09,138.83
2015-01-12,138.96
2015-01-13,138.88
2015-01-14,139.05
2015-01-15,139.17
2015-01-16,139.38
2015-01-19,139.45
2015-01-20,139.49
2015-01-21,139.39
2015-01-22,139.46
2015-01-23,139.8
2015-01-26,139.69
2015-01-27,139.61
2015-01-28,139.53
2015-01-29,139.69
2015-01-30,139.96
2015-02-02,140.25
2015-02-03,140.1
2015-02-04,140.03
2015-02-05,140
2015-02-06,140.06
2015-02-09,140.07
2015-02-10,139.94
2015-02-11,140.07
2015-02-12,140.71
2015-02-13,140.84
2015-02-16,140.83
2015-02-17,140.76
2015-02-18,140.61
2015-02-19,140.46
2015-02-20,140.35
2015-02-23,140.17
2015-02-24,140.08
2015-02-25,140.13
2015-02-26,140.17
2015-02-27,139.75
2015-03-02,139.65
2015-03-03,139.47
2015-03-04,139.43
2015-03-05,139.31
2015-03-06,139.31
2015-03-09,139.56
2015-03-10,139.8
2015-03-11,139.78
2015-03-12,140.08
2015-03-13,140.18
2015-03-16,140.28
2015-03-17,140.28
2015-03-18,140.99
2015-03-19,140.99
2015-03-20,141.09
2015-03-23,141.1
2015-03-24,141.19
2015-03-25,141.18
2015-03-26,141.14
2015-03-27,141.15
2015-03-30,141.06
2015-03-31,141.02
2015-04-01,141.1
2015-04-02,141.08
2015-04-07,141.16
2015-04-08,141.26
2015-04-09,141.24
2015-04-10,141.33
2015-04-13,141.41
2015-04-14,141.58
2015-04-15,141.64
2015-04-16,141.74
2015-04-17,141.88
2015-04-20,141.82
2015-04-21,141.63
2015-04-22,141.58
2015-04-23,141.49
2015-04-24,141.49
2015-04-27,141.58
2015-04-28,141.62
2015-04-29,141.29
2015-04-30,140.96
2015-05-04,140.64
2015-05-05,140.28
2015-05-06,139.92
2015-05-07,139.69
2015-05-08,139.89
2015-05-11,139.82
2015-05-12,139.67
2015-05-13,139.96
2015-05-15,140.01
2015-05-18,140.12
2015-05-19,140.06
2015-05-20,139.91
2015-05-21,139.73
2015-05-22,139.8
2015-05-25,139.82
2015-05-26,139.88
2015-05-27,139.92
2015-05-28,140.07
2015-05-29,140.19
2015-06-01,140.24
2015-06-02,139.74
2015-06-03,139.27
2015-06-04,139.17
2015-06-08,139.04
2015-06-10,138.66
2015-06-11,138.38
2015-06-12,138.38
2015-06-15,138.49
2015-06-16,138.46
2015-06-17,138.37
2015-06-18,138.63
2015-06-22,138.45
2015-06-23,138.4
2015-06-24,138.58
2015-06-25,138.55
2015-06-26,138.34
2015-06-29,138.61
2015-06-30,138.69
2015-07-01,138.53
2015-07-02,139.08
2015-07-03,139.44
2015-07-06,139.54
2015-07-07,139.92
2015-07-08,139.86
2015-07-09,139.84
2015-07-10,139.44
2015-07-13,139.24
2015-07-14,139.42
2015-07-15,139.53
2015-07-16,139.38
2015-07-17,139.54
2015-07-20,139.64
2015-07-21,139.61
2015-07-22,139.73
2015-07-23,139.86
2015-07-24,140.01
2015-07-27,140.11
2015-07-28,139.96
2015-07-29,139.97
2015-07-30,140.03
2015-07-31,140
2015-08-03,140
2015-08-04,139.99
2015-08-05,139.93
2015-08-06,140.06
2015-08-07,140.27
2015-08-10,140.43
2015-08-11,140.69
2015-08-12,140.87
2015-08-13,140.43
2015-08-14,140.4
2015-08-17,140.48
2015-08-18,140.51
2015-08-19,140.61
2015-08-20,140.9
2015-08-21,140.92
2015-08-24,141.26
2015-08-25,140.74
2015-08-26,140.76
2015-08-27,140.51
2015-08-28,140.65
2015-08-31,140.49
2015-09-01,140.31
2015-09-02,140.31
2015-09-03,140.38
2015-09-04,140.57
2015-09-07,140.78
2015-09-08,140.69
2015-09-09,140.58
2015-09-10,140.6
2015-09-11,140.53
2015-09-14,140.58
2015-09-15,140.19
2015-09-16,139.85
2015-09-17,139.66
2015-09-18,140.24
2015-09-21,140.17
2015-09-22,140.29
2015-09-23,140.24
2015-09-24,140.31
2015-09-25,140
2015-09-28,140.16
2015-09-29,140.18
2015-09-30,140.01
2015-10-01,140.2
2015-10-02,140.54
2015-10-05,140.27
2015-10-06,140.04
2015-10-07,139.95
2015-10-08,140.04
2015-10-09,139.95
2015-10-12,140.02
2015-10-13,139.97
2015-10-14,140.12
2015-10-15,140.24
2015-10-16,140.19
2015-10-19,140.19
2015-10-20,139.89
2015-10-21,139.83
2015-10-22,140
2015-10-23,139.96
2015-10-26,140.13
2015-10-27,140.28
2015-10-28,140.58
2015-10-29,140.3
2015-10-30,140.23
2015-11-02,140.12
2015-11-03,140.15
2015-11-04,140.13
2015-11-05,139.97
2015-11-06,139.63
2015-11-09,139.57
2015-11-10,139.69
2015-11-11,139.74
2015-11-12,139.41
2015-11-13,139.57
2015-11-16,139.67
2015-11-17,139.69
2015-11-18,139.78
2015-11-19,139.67
2015-11-20,139.84
2015-11-23,139.73
2015-11-24,139.82
2015-11-25,140.05
2015-11-26,140.2
2015-11-27,140.24
2015-11-30,140.09
2015-12-01,140.06
2015-12-02,140.21
2015-12-03,139.57
2015-12-04,139.2
2015-12-07,139.38
2015-12-08,139.35
2015-12-09,139.29
2015-12-10,139.48
2015-12-11,139.65
2015-12-14,139.6
2015-12-15,139.32
2015-12-16,139.21
2015-12-17,139.08
2015-12-18,139.23
2015-12-21,139.06
2015-12-22,138.98
2015-12-23,138.83
2015-12-28,138.83
2015-12-29,138.83
2015-12-30,139.01
2016-01-04,139.29
2016-01-05,139.56
2016-01-07,139.66
2016-01-08,139.71
2016-01-11,139.75
2016-01-12,139.8
2016-01-13,139.93
2016-01-14,140.2
2016-01-15,140.31
2016-01-18,140.19
2016-01-19,140.12
2016-01-20,140.42
2016-01-21,140.67
2016-01-22,140.43
2016-01-25,140.46
2016-01-26,140.49
2016-01-27,140.41
2016-01-28,140.53
2016-01-29,140.8
2016-02-01,140.83
2016-02-02,140.92
2016-02-03,140.98
2016-02-04,141.03
2016-02-05,141.11
2016-02-08,141.38
2016-02-09,141.36
2016-02-10,141.63
2016-02-11,141.68
2016-02-12,141.57
2016-02-15,141.41
2016-02-16,141.29
2016-02-17,141.34
2016-02-18,141.23
2016-02-19,141.36
2016-02-22,141.41
2016-02-23,141.23
2016-02-24,141.54
2016-02-25,141.58
2016-02-26,141.63
2016-02-29,141.56
2016-03-01,141.58
2016-03-02,141.38
2016-03-03,141.41
2016-03-04,141.42
2016-03-07,141.47
2016-03-08,141.63
2016-03-09,141.49
2016-03-10,141.53
2016-03-11,141.31
2016-03-14,141.23
2016-03-15,141.14
2016-03-16,141.19
2016-03-17,141.48
2016-03-18,141.61
2016-03-21,141.58
2016-03-22,141.64
2016-03-23,141.63
2016-03-24,141.69
2016-03-29,141.74
2016-03-30,141.67
2016-03-31,141.61
2016-04-01,141.74
2016-04-04,141.81
2016-04-05,141.99
2016-04-06,142
2016-04-07,141.88
2016-04-08,141.86
2016-04-11,141.89
2016-04-12,141.75
2016-04-13,141.67
2016-04-14,141.59
2016-04-15,141.61
2016-04-18,141.71
2016-04-19,141.65
2016-04-20,141.72
2016-04-21,141.44
2016-04-22,141.24
2016-04-25,141.18
2016-04-26,141.16
2016-04-27,141.28
2016-04-28,141.33
2016-04-29,141.35
2016-05-02,141.38
2016-05-03,141.61
2016-05-04,141.69
2016-05-06,141.82
2016-05-09,141.89
2016-05-10,141.94
2016-05-11,142.06
2016-05-12,142.03
2016-05-13,142.05
2016-05-16,142.02
2016-05-17,142.01
2016-05-18,141.97
2016-05-19,141.99
2016-05-20,141.95
2016-05-23,142.02
2016-05-24,142
2016-05-25,141.98
2016-05-26,141.97
2016-05-27,142.02
2016-05-30,141.92
2016-05-31,142.04
2016-06-01,142.2
2016-06-02,142.22
2016-06-03,142.48
2016-06-07,142.64
2016-06-08,142.77
2016-06-09,143.01
2016-06-10,143.18
2016-06-13,143.23
2016-06-14,143.27
2016-06-15,143.09
2016-06-16,143.31
2016-06-17,143.07
2016-06-20,142.88
2016-06-21,142.85
2016-06-22,142.78
2016-06-23,142.71
2016-06-27,143.62
2016-06-28,143.66
2016-06-29,143.91
2016-06-30,144.08
2016-07-01,144.29
2016-07-04,144.44
2016-07-05,144.66
2016-07-06,144.67
2016-07-07,144.5
2016-07-08,144.44
2016-07-11,144.54
2016-07-12,144.39
2016-07-13,144.48
2016-07-14,144.35
2016-07-15,144.29
2016-07-18,144.43
2016-07-19,144.48
2016-07-20,144.45
2016-07-21,144.41
2016-07-22,144.45
2016-07-25,144.48
2016-07-26,144.49
2016-07-27,144.57
2016-07-28,144.81
2016-07-29,144.84
2016-08-01,145.07
2016-08-02,144.85
2016-08-03,144.88
2016-08-04,144.92
2016-08-05,144.98
2016-08-08,144.93
2016-08-09,144.9
2016-08-10,145.13
2016-08-11,145.09
2016-08-12,145.13
2016-08-15,145.09
2016-08-16,145.08
2016-08-17,145.05
2016-08-18,145.06
2016-08-19,144.93
2016-08-22,144.96
2016-08-23,145.06
2016-08-24,145.06
2016-08-25,145.02
2016-08-26,145.06
2016-08-29,144.97
2016-08-30,145.09
2016-08-31,145.1
2016-09-01,144.97
2016-09-02,144.93
2016-09-05,144.95
2016-09-06,144.89
2016-09-07,144.96
2016-09-08,144.85
2016-09-09,144.48
2016-09-12,144.4
2016-09-13,144.49
2016-09-14,144.44
2016-09-15,144.38
2016-09-16,144.49
2016-09-19,144.45
2016-09-20,144.56
2016-09-21,144.53
2016-09-22,143.96
2016-09-23,144.85
2016-09-26,144.93
2016-09-27,145.1
2016-09-28,145.08
2016-09-29,144.98
2016-09-30,145.04
2016-10-03,145.02
2016-10-04,144.96
2016-10-05,144.74
2016-10-06,144.63
2016-10-07,144.59
2016-10-10,144.53
2016-10-11,144.81
2016-10-12,144.84
2016-10-13,144.78
2016-10-14,144.66
2016-10-17,144.66
2016-10-18,144.71
2016-10-19,144.79
2016-10-20,144.85
2016-10-21,145
2016-10-24,145.07
2016-10-25,145.06
2016-10-26,144.91
2016-10-27,144.81
2016-10-28,144.84
2016-10-31,144.89
2016-11-01,144.78
2016-11-02,144.89
2016-11-03,144.8
2016-11-04,144.81
2016-11-07,144.8
2016-11-08,144.77
2016-11-09,144.72
2016-11-10,144.08
2016-11-11,143.95
2016-11-14,143.68
2016-11-15,143.8
2016-11-16,143.69
2016-11-17,143.79
2016-11-18,143.77
2016-11-21,143.76
2016-11-22,143.93
2016-11-23,143.82
2016-11-24,143.83
2016-11-25,143.81
2016-11-28,144.05
2016-11-29,143.91
2016-11-30,143.84
2016-12-01,143.59
2016-12-02,143.53
2016-12-05,143.41
2016-12-06,143.43
2016-12-07,143.53
2016-12-08,143.35
2016-12-09,143.56
2016-12-12,143.43
2016-12-13,143.52
2016-12-14,143.68
2016-12-15,143.51
2016-12-16,143.42
2016-12-19,143.39
2016-12-20,143.19
2016-12-21,143.22
2016-12-22,143.23
2016-12-23,143.34
2016-12-27,143.57
2016-12-28,143.55
2016-12-29,143.62
2016-12-30,143.6
2017-01-02,143.68
2017-01-03,143.56
2017-01-04,143.56
2017-01-05,143.47
2017-01-09,143.52
2017-01-10,143.58
2017-01-11,143.63
2017-01-12,143.51
2017-01-13,143.29
2017-01-16,143.36
2017-01-17,143.45
2017-01-18,143.38
2017-01-19,143.27
2017-01-20,143.15
2017-01-23,143.24
2017-01-24,143.23
2017-01-25,142.94
2017-01-26,142.88
2017-01-27,142.86
2017-01-30,142.78
2017-01-31,142.8
2017-02-01,142.78
2017-02-02,142.97
2017-02-03,143
2017-02-06,143.02
2017-02-07,143.15
2017-02-08,143.31
2017-02-09,143.35
2017-02-10,143.3
2017-02-13,143.19
2017-02-14,143.06
2017-02-15,143.05
2017-02-16,143.11
2017-02-17,143.41
2017-02-20,143.46
2017-02-21,143.53
2017-02-22,143.68
2017-02-23,143.77
2017-02-24,143.94
2017-02-27,144.02
2017-02-28,144
2017-03-01,143.66
2017-03-02,143.5
2017-03-03,143.36
2017-03-06,143.46
2017-03-07,143.56
2017-03-08,143.35
2017-03-09,143.25
2017-03-10,143.02
2017-03-13,142.99
2017-03-14,143.01
2017-03-15,143.15
2017-03-16,143.03
2017-03-17,143.07
2017-03-20,143.06
2017-03-21,143.05
2017-03-22,143.27
2017-03-23,143.36
2017-03-24,143.38
2017-03-27,143.57
2017-03-28,143.58
2017-03-29,143.7
2017-03-30,143.7
2017-03-31,143.76
2017-04-03,143.78
2017-04-04,143.93
2017-04-05,143.88
2017-04-06,143.98
2017-04-07,144.07
2017-04-10,144.08
2017-04-11,144.11
2017-04-12,144.07
2017-04-13,144.33
2017-04-18,144.29
2017-04-19,144.27
2017-04-20,144.19
2017-04-21,144.24
2017-04-24,144.01
2017-04-25,143.86
2017-04-26,143.76
2017-04-27,144.07
2017-04-28,144.12
2017-05-02,144.09
2017-05-03,144.15
2017-05-04,144.03
2017-05-05,143.86
2017-05-08,143.79
2017-05-09,143.77
2017-05-10,143.98
2017-05-11,143.96
2017-05-12,144.14
2017-05-15,144.18
2017-05-16,144.23
2017-05-17,144.4
2017-05-18,144.54
2017-05-19,144.54
2017-05-22,144.52
2017-05-23,144.48
2017-05-24,144.55
2017-05-26,144.58
2017-05-29,144.68
2017-05-30,144.72
2017-05-31,144.75
2017-06-01,144.77
2017-06-02,144.86
2017-06-05,144.83
2017-06-07,144.91
2017-06-08,144.93
2017-06-09,144.95
2017-06-12,145.09
2017-06-13,144.98
2017-06-14,145.03
2017-06-15,144.75
2017-06-16,144.73
2017-06-19,144.75
2017-06-20,144.82
2017-06-21,144.8
2017-06-22,144.86
2017-06-26,144.87
2017-06-27,144.62
2017-06-28,144.37
2017-06-29,144.03
2017-06-30,143.88
2017-07-03,144
2017-07-04,144.19
2017-07-05,144.06
2017-07-06,143.84
2017-07-07,143.88
2017-07-10,143.96
2017-07-11,144
2017-07-12,144.2
2017-07-13,143.98
2017-07-14,143.95
2017-07-17,143.89
2017-07-18,144.1
2017-07-19,144.24
2017-07-20,144.24
2017-07-21,144.38
2017-07-24,144.37
2017-07-25,144.26
2017-07-26,144.29
2017-07-27,144.3
2017-07-28,144
2017-07-31,143.86
2017-08-01,143.91
2017-08-02,144.06
2017-08-03,144.06
2017-08-04,144.05
2017-08-07,144.15
2017-08-08,144.22
2017-08-09,144.37
2017-08-10,144.31
2017-08-11,144.38
2017-08-14,144.3
2017-08-15,143.91
2017-08-16,143.95
2017-08-17,144.07
2017-08-18,144.25
2017-08-21,144.33
2017-08-22,144.25
2017-08-23,144.3
2017-08-24,144.39
2017-08-25,144.35
2017-08-28,144.41
2017-08-29,144.55
2017-08-30,144.45
2017-08-31,144.43
2017-09-01,144.33
2017-09-04,144.22
2017-09-05,144.31
2017-09-06,144.39
2017-09-07,144.55
2017-09-08,144.68
2017-09-11,144.73
2017-09-12,144.53
2017-09-13,144.46
2017-09-14,144.35
2017-09-15,144.22
2017-09-18,144.15
2017-09-19,144.24
2017-09-20,144.25
2017-09-21,144.17
2017-09-22,144.11
2017-09-25,144.24
2017-09-26,144.16
2017-09-27,143.98
2017-09-28,143.94
2017-09-29,144.09
2017-10-02,144.08
2017-10-03,143.99
2017-10-04,144.1
2017-10-05,144.1
2017-10-06,144
2017-10-09,144.08
2017-10-10,144.06
2017-10-11,143.96
2017-10-12,144.21
2017-10-13,144.41
2017-10-16,144.45
2017-10-17,144.48
2017-10-18,144.44
2017-10-19,144.52
2017-10-20,144.41
2017-10-23,144.41
2017-10-24,144.3
2017-10-25,144.15
2017-10-26,144.36
2017-10-27,144.51
2017-10-30,144.64
2017-10-31,144.7
2017-11-01,144.66
2017-11-02,144.75
2017-11-03,144.77
2017-11-06,144.85
2017-11-07,144.84
2017-11-08,144.83
2017-11-09,144.67
2017-11-10,144.63
2017-11-13,144.69
2017-11-14,144.87
2017-11-15,145.02
2017-11-16,145
2017-11-17,145.02
2017-11-20,145.07
2017-11-21,145.12
2017-11-22,145.07
2017-11-23,145.22
2017-11-24,145.15
2017-11-27,145.21
2017-11-28,145.25
2017-11-29,145.09
2017-11-30,145.1
2017-12-01,145.15
2017-12-04,145.2
2017-12-05,145.27
2017-12-06,145.29
2017-12-07,145.26
2017-12-08,145.28
2017-12-11,145.37
2017-12-12,145.18
2017-12-13,145.2
2017-12-14,145.04
2017-12-15,144.99
2017-12-18,144.98
2017-12-19,144.86
2017-12-20,144.74
2017-12-21,144.67
2017-12-22,144.82
2017-12-27,144.87
2017-12-28,144.8
2017-12-29,144.65
2018-01-02,144.59
2018-01-03,144.7
2018-01-04,144.69
2018-01-05,144.74
2018-01-08,144.83
2018-01-09,144.78
2018-01-10,144.5
2018-01-11,144.35
2018-01-12,144.34
2018-01-15,144.4
2018-01-16,144.53
2018-01-17,144.45
2018-01-18,144.36
2018-01-19,144.39
2018-01-22,144.35
2018-01-23,144.45
2018-01-24,144.42
2018-01-25,144.3
2018-01-26,144.25
2018-01-29,144.12
2018-01-30,144.2
2018-01-31,144.28
2018-02-01,144.19
2018-02-02,144.07
2018-02-05,144.16
2018-02-06,144.26
2018-02-07,144.24
2018-02-08,144.01
2018-02-09,144.09
2018-02-12,144.14
2018-02-13,144.19
2018-02-14,144.1
2018-02-15,144.06
2018-02-16,144.23
2018-02-19,144.24
2018-02-20,144.52
2018-02-21,144.61
2018-02-22,144.68
2018-02-23,144.87
2018-02-26,144.86
2018-02-27,144.82
2018-02-28,144.89
2018-03-01,144.95
2018-03-02,144.94
2018-03-05,144.93
2018-03-06,144.78
2018-03-07,144.82
2018-03-08,144.76
2018-03-09,144.8
2018-03-12,144.97
2018-03-13,144.95
2018-03-14,145.07
2018-03-15,145.14
2018-03-16,145.22
2018-03-19,145.14
2018-03-20,145.09
2018-03-21,145.02
2018-03-22,145.24
2018-03-23,145.18
2018-03-26,145.18
2018-03-27,145.25
2018-03-28,145.35
2018-03-29,145.4
2018-04-03,145.46
2018-04-04,145.53
2018-04-05,145.45
2018-04-06,145.47
2018-04-09,145.51
2018-04-10,145.51
2018-04-11,145.58
2018-04-12,145.72
2018-04-13,145.68
2018-04-16,145.65
2018-04-17,145.72
2018-04-18,145.73
2018-04-19,145.43
2018-04-20,145.36
2018-04-23,145.26
2018-04-24,145.23
2018-04-25,145.25
2018-04-26,145.44
2018-04-27,145.61
2018-04-30,145.59
2018-05-02,145.63
2018-05-03,145.74
2018-05-04,145.67
2018-05-07,145.7
2018-05-08,145.58
2018-05-09,145.41
2018-05-11,145.41
2018-05-14,145.34
2018-05-15,145.31
2018-05-16,145.46
2018-05-17,145.48
2018-05-18,145.5
2018-05-21,145.6
2018-05-22,145.58
2018-05-23,145.75
2018-05-24,145.86
2018-05-25,146.24
2018-05-28,146.4
2018-05-29,146.5
2018-05-30,146.4
2018-05-31,146.34
2018-06-01,146.12
2018-06-04,146.06
2018-06-05,146.11
2018-06-07,145.74
2018-06-08,145.91
2018-06-11,145.79
2018-06-12,145.8
2018-06-13,145.88
2018-06-14,146.05
2018-06-15,146.3
2018-06-18,146.39
2018-06-19,146.52
2018-06-20,146.45
2018-06-21,146.5
2018-06-25,146.49
2018-06-26,146.4
2018-06-27,146.41
2018-06-28,146.44
2018-06-29,146.45
2018-07-02,146.56
2018-07-03,146.35
2018-07-04,146.2
2018-07-05,146.15
2018-07-06,146.27
2018-07-09,146.31
2018-07-10,146.28
2018-07-11,146.34
2018-07-12,146.49
2018-07-13,146.6
2018-07-16,146.61
2018-07-17,146.62
2018-07-18,146.67
2018-07-19,146.68
2018-07-20,146.65
2018-07-23,146.54
2018-07-24,146.5
2018-07-25,146.45
2018-07-26,146.36
2018-07-27,146.3
2018-07-30,146.01
2018-07-31,146.05
2018-08-01,145.97
2018-08-02,146.04
2018-08-03,146.17
2018-08-06,146.27
2018-08-07,146.23
2018-08-08,146.32
2018-08-09,146.43
2018-08-10,146.65
2018-08-13,146.63
2018-08-14,146.59
2018-08-15,146.59
2018-08-16,146.58
2018-08-17,146.59
2018-08-20,146.63
2018-08-21,146.55
2018-08-22,146.6
2018-08-23,146.62
2018-08-24,146.59
2018-08-27,146.54
2018-08-28,146.51
2018-08-29,146.45
2018-08-30,146.45
2018-08-31,146.5
2018-09-03,146.53
2018-09-04,146.41
2018-09-05,146.29
2018-09-06,146.29
2018-09-07,146.21
2018-09-10,146.17
2018-09-11,146.18
2018-09-12,146.27
2018-09-13,146.2
2018-09-14,146.17
2018-09-17,146.01
2018-09-18,145.95
2018-09-19,145.87
2018-09-20,145.88
2018-09-21,145.97
2018-09-24,145.82
2018-09-25,145.73
2018-09-26,145.76
2018-09-27,145.75
2018-09-28,145.86
2018-10-01,145.75
2018-10-02,145.88
2018-10-03,145.85
2018-10-04,145.67
2018-10-05,145.54
2018-10-08,145.58
2018-10-09,145.57
2018-10-10,145.51
2018-10-11,145.36
2018-10-12,145.38
2018-10-15,145.46
2018-10-16,145.43
2018-10-17,145.48
2018-10-18,145.46
2018-10-19,145.55
2018-10-22,145.49
2018-10-23,145.59
2018-10-24,145.69
2018-10-25,145.74
2018-10-26,145.89
2018-10-29,145.84
2018-10-30,145.91
2018-10-31,145.87
2018-11-01,145.79
2018-11-02,145.7
2018-11-05,145.74
2018-11-06,145.77
2018-11-07,145.73
2018-11-08,145.65
2018-11-09,145.72
2018-11-12,145.79
2018-11-13,145.79
2018-11-14,145.85
2018-11-15,146
2018-11-16,146.03
2018-11-19,145.98
2018-11-20,145.66
2018-11-21,146.05
2018-11-22,146.09
2018-11-23,146.14
2018-11-26,146.1
2018-11-27,146.17
2018-11-28,146.16
2018-11-29,146.3
2018-11-30,146.33
2018-12-03,146.25
2018-12-04,146.31
2018-12-05,146.3
2018-12-06,146.34
2018-12-07,146.27
2018-12-10,146.24
2018-12-11,146.25
2018-12-12,146.4
2018-12-13,146.36
2018-12-14,146.34
2018-12-17,146.3
2018-12-18,146.29
2018-12-19,146.3
2018-12-20,146.26
2018-12-21,146.3
2018-12-27,146.36
2018-12-28,146.31
2019-01-02,146.61
2019-01-03,146.64
2019-01-04,146.59
2019-01-07,146.57
2019-01-08,146.47
2019-01-09,146.41
2019-01-10,146.44
2019-01-11,146.53
2019-01-14,146.55
2019-01-15,146.53
2019-01-16,146.42
2019-01-17,146.39
2019-01-18,146.33
2019-01-21,146.31
2019-01-22,146.37
2019-01-23,146.39
2019-01-24,146.54
2019-01-25,146.51
2019-01-28,146.47
2019-01-29,146.51
2019-01-30,146.6
2019-01-31,146.73
2019-02-01,146.74
2019-02-04,146.69
2019-02-05,146.68
2019-02-06,146.77
2019-02-07,146.92
2019-02-08,147.1
2019-02-11,147.08
2019-02-12,147.01
2019-02-13,146.89
2019-02-14,146.94
2019-02-15,146.87
2019-02-18,146.86
2019-02-19,147.09
2019-02-20,147.16
2019-02-21,147.07
2019-02-22,147.17
2019-02-25,147.13
2019-02-26,147.22
2019-02-27,147.11
2019-02-28,146.85
2019-03-01,146.74
2019-03-04,146.81
2019-03-05,146.8
2019-03-06,146.92
2019-03-07,147.16
2019-03-08,147.28
2019-03-11,147.3
2019-03-12,147.34
2019-03-13,147.34
2019-03-14,147.26
2019-03-15,147.21
2019-03-18,147.22
2019-03-19,147.18
2019-03-20,147.23
2019-03-21,147.39
2019-03-22,147.65
2019-03-25,147.6
2019-03-26,147.67
2019-03-27,147.94
2019-03-28,147.91
2019-03-29,147.81
2019-04-01,147.75
2019-04-02,147.7
2019-04-03,147.57
2019-04-04,147.58
2019-04-05,147.55
2019-04-08,147.57
2019-04-09,147.64
2019-04-10,147.8
2019-04-11,147.74
2019-04-12,147.6
2019-04-15,147.53
2019-04-16,147.57
2019-04-17,147.49
2019-04-18,147.57
2019-04-23,147.59
2019-04-24,147.71
2019-04-25,148.18
2019-04-26,148.36
2019-04-29,148.29
2019-04-30,148.24
2019-05-02,148.3
2019-05-03,148.23
2019-05-06,148.28
2019-05-07,148.49
2019-05-08,148.55
2019-05-09,148.67
2019-05-10,148.63
2019-05-13,148.67
2019-05-14,148.68
2019-05-15,148.81
2019-05-16,148.73
2019-05-17,148.76
2019-05-20,148.68
2019-05-21,148.61
2019-05-22,148.62
2019-05-23,148.66
2019-05-24,148.62
2019-05-27,148.71
2019-05-28,148.74
2019-05-29,148.8
2019-05-31,148.93
2019-06-03,149.07
2019-06-04,149.17
2019-06-05,149.12
2019-06-07,149.35
2019-06-10,149.29
2019-06-11,149.49
2019-06-12,149.55
2019-06-13,149.67
2019-06-14,149.5
2019-06-17,149.44
2019-06-18,149.88
2019-06-19,149.84
2019-06-20,149.79
2019-06-24,149.79
2019-06-25,149.86
2019-06-26,149.85
2019-06-27,149.73
2019-06-28,149.73
2019-07-01,149.75
2019-07-02,149.75
2019-07-03,149.73
2019-07-04,149.8
2019-07-05,149.68
2019-07-08,149.7
2019-07-09,149.48
2019-07-10,149.28
2019-07-11,149.12
2019-07-12,148.99
2019-07-15,149.16
2019-07-16,149.28
2019-07-17,149.49
2019-07-18,149.57
2019-07-19,149.67
2019-07-22,149.74
2019-07-23,149.78
2019-07-24,149.94
2019-07-25,149.91
2019-07-26,150.06
2019-07-29,150.17
2019-07-30,150.47
2019-07-31,150.51
2019-08-01,150.5
2019-08-02,150.65
2019-08-05,150.8
2019-08-06,150.75
2019-08-07,151.03
2019-08-08,150.79
2019-08-09,150.83
2019-08-12,150.93
2019-08-13,150.95
2019-08-14,151.15
2019-08-15,151.43
2019-08-16,151.6
2019-08-19,151.33
2019-08-20,151.42
2019-08-21,151.2
2019-08-22,151.13
2019-08-23,151.15
2019-08-26,151.21
2019-08-27,151.3
2019-08-28,151.56
2019-08-29,151.53
2019-08-30,151.56
2019-09-02,151.49
2019-09-03,151.54
2019-09-04,151.4
2019-09-05,150.83
2019-09-06,150.82
2019-09-09,150.6
2019-09-10,150.84
2019-09-11,150.73
2019-09-12,150.67
2019-09-13,150.3
2019-09-16,150.26
2019-09-17,150.5
2019-09-18,150.69
2019-09-19,150.49
2019-09-20,150.46
2019-09-23,150.67
2019-09-24,150.76
2019-09-25,150.85
2019-09-26,150.79
2019-09-27,150.85
2019-09-30,150.81
2019-10-01,150.87
2019-10-02,151.01
2019-10-03,151.31
2019-10-04,151.25
2019-10-07,151.26
2019-10-08,151.27
2019-10-09,151.14
2019-10-10,150.65
2019-10-11,150.42
2019-10-14,150.41
2019-10-15,150.35
2019-10-16,150.03
2019-10-17,150.08
2019-10-18,149.94
2019-10-21,149.74
2019-10-22,149.84
2019-10-23,149.76
2019-10-24,149.56
2019-10-25,149.52
2019-10-28,149.41
2019-10-29,149.55
2019-10-30,149.59
2019-10-31,149.79
2019-11-01,149.73
2019-11-04,149.56
2019-11-05,149.36
2019-11-06,149.37
2019-11-07,149.24
2019-11-08,149.11
2019-11-11,149.18
2019-11-12,149.19
2019-11-13,149.38
2019-11-14,149.46
2019-11-15,149.4
2019-11-18,149.45
2019-11-19,149.45
2019-11-20,149.57
2019-11-21,149.45
2019-11-22,149.41
2019-11-25,149.44
2019-11-26,149.41
2019-11-27,149.4
2019-11-28,149.31
2019-11-29,149.18
2019-12-02,149.03
2019-12-03,149.23
2019-12-04,149.21
2019-12-05,149.07
2019-12-06,149.16
2019-12-09,149.28
2019-12-10,149.28
2019-12-11,149.25
2019-12-12,149.23
2019-12-13,149.1
2019-12-16,149.21
2019-12-17,149.23
2019-12-18,149.15
2019-12-19,148.99
2019-12-20,148.97
2019-12-23,149
2019-12-27,148.95
2019-12-30,148.77
2020-01-02,148.78
2020-01-03,148.95
2020-01-07,148.99
2020-01-08,148.95
2020-01-09,148.81
2020-01-10,148.78
2020-01-13,148.75
2020-01-14,148.78
2020-01-15,148.92
2020-01-16,148.94
2020-01-17,148.94
2020-01-20,148.96
2020-01-21,149
2020-01-22,149.1
2020-01-23,149.21
2020-01-24,149.24
2020-01-27,149.53
2020-01-28,149.53
2020-01-29,149.61
2020-01-30,149.69
2020-01-31,149.8
2020-02-03,149.79
2020-02-04,149.59
2020-02-05,149.39
2020-02-06,149.35
2020-02-07,149.47
2020-02-10,149.54
2020-02-11,149.59
2020-02-12,149.6
2020-02-13,149.65
2020-02-14,149.7
2020-02-17,149.71
2020-02-18,149.75
2020-02-19,150.02
2020-02-20,150.18
2020-02-21,150.28
2020-02-24,150.47
2020-02-25,150.51
2020-02-26,150.44
2020-02-27,150.58
2020-02-28,150.72
2020-03-02,151.01
2020-03-03,150.68
2020-03-04,150.82
2020-03-05,150.92
2020-03-06,151.09
2020-03-09,151.46
2020-03-10,150.82
2020-03-11,150.67
2020-03-12,150.13
2020-03-13,149.2
2020-03-16,148.42
2020-03-17,148.56
2020-03-18,147.9
2020-03-19,147.35
2020-03-20,147
2020-03-23,146.77
2020-03-24,146.65
2020-03-25,146.52
2020-03-26,146.85
2020-03-27,147.15
2020-03-30,147.43
2020-03-31,147.48
2020-04-01,147.51
2020-04-02,147.67
2020-04-03,147.7
2020-04-06,147.44
2020-04-07,147.26
2020-04-08,147.21
2020-04-09,147.15
2020-04-14,147.31
2020-04-15,147.62
2020-04-16,147.55
2020-04-17,147.56
2020-04-20,147.53
2020-04-21,147.55
2020-04-22,147.48
2020-04-23,147.53
2020-04-24,147.73
2020-04-27,147.93
2020-04-28,148
2020-04-29,148.18
2020-04-30,148.36
2020-05-04,148.29
2020-05-05,148.37
2020-05-06,148.26
2020-05-07,148.25
2020-05-08,148.32
2020-05-11,148.12
2020-05-12,148.07
2020-05-13,148.31
2020-05-14,148.48
2020-05-15,148.56
2020-05-18,148.42
2020-05-19,148.35
2020-05-20,148.45
2020-05-22,148.39
2020-05-25,148.46
2020-05-26,148.37
2020-05-27,148.34
2020-05-28,148.43
2020-05-29,148.42
2020-06-01,148.46
2020-06-02,148.4
2020-06-03,148.33
2020-06-04,148.25
2020-06-05,148.28
2020-06-08,148.36
2020-06-09,148.47
2020-06-10,148.39
2020-06-11,148.67
2020-06-12,148.76
2020-06-15,148.9
2020-06-16,148.88
2020-06-17,148.94
2020-06-18,149.08
2020-06-22,149.25
2020-06-23,149.15
2020-06-24,149.2
2020-06-25,149.37
2020-06-26,149.49
2020-06-29,149.45
2020-06-30,149.53
2020-07-01,149.57
2020-07-02,149.76
2020-07-03,149.79
2020-07-06,149.72
2020-07-07,149.72
2020-07-08,149.83
2020-07-09,149.93
2020-07-10,149.92
2020-07-13,149.83
2020-07-14,149.89
2020-07-15,149.96
2020-07-16,149.92
2020-07-17,149.89
2020-07-20,150
2020-07-21,150.05
2020-07-22,150.14
2020-07-23,150.13
2020-07-24,150
2020-07-27,149.98
2020-07-28,150.07
2020-07-29,150.01
2020-07-30,150.09
2020-07-31,150.01
2020-08-03,150.03
2020-08-04,150.13
2020-08-05,150.1
2020-08-06,150.21
2020-08-07,150.25
2020-08-10,150.31
2020-08-11,150.23
2020-08-12,150.15
2020-08-13,150.13
2020-08-14,150.24
2020-08-17,150.32
2020-08-18,150.39
2020-08-19,150.5
2020-08-20,150.61
2020-08-21,150.68
2020-08-24,150.71
2020-08-25,150.5
2020-08-26,150.46
2020-08-27,150.49
2020-08-28,150.44
2020-08-31,150.41
2020-09-01,150.48
2020-09-02,150.7
2020-09-03,150.82
2020-09-04,150.8
2020-09-07,150.83
2020-09-08,151.03
2020-09-09,150.98
2020-09-10,150.95
2020-09-11,151.08
2020-09-14,151.17
2020-09-15,151.16
2020-09-16,151.21
2020-09-17,151.24
2020-09-18,151.24
2020-09-21,151.3
2020-09-22,151.22
2020-09-23,151.21
2020-09-24,151.19
2020-09-25,151.22
2020-09-28,151.24
2020-09-29,151.25
2020-09-30,151.2
2020-10-01,151.18
2020-10-02,151.19
2020-10-05,151.11
2020-10-06,151.14
2020-10-07,151.06
2020-10-08,151.13
2020-10-09,151.21
2020-10-12,151.25
2020-10-13,151.36
2020-10-14,151.51
2020-10-15,151.59
2020-10-16,151.54
2020-10-19,151.48
2020-10-20,151.46
2020-10-21,151.38
2020-10-22,151.32
2020-10-23,151.22
2020-10-26,151.28
2020-10-27,151.28
2020-10-28,151.37
2020-10-29,151.34
2020-10-30,151.33
2020-11-02,151.3
2020-11-03,151.27
2020-11-04,151.27
2020-11-05,151.26
2020-11-06,151.26
2020-11-09,151.07
2020-11-10,150.95
2020-11-11,151.14
2020-11-12,151.2
2020-11-13,151.35
2020-11-16,151.32
2020-11-17,151.36
2020-11-18,151.4
2020-11-19,151.44
2020-11-20,151.51
2020-11-23,151.58
2020-11-24,151.59
2020-11-25,151.55
2020-11-26,151.67
2020-11-27,151.71
2020-11-30,151.71
2020-12-01,151.59
2020-12-02,151.54
2020-12-03,151.58
2020-12-04,151.57
2020-12-07,151.74
2020-12-08,151.88
2020-12-09,151.88
2020-12-10,151.99
2020-12-11,152.14
2020-12-14,152.16
2020-12-15,152.21
2020-12-16,151.97
2020-12-17,152.01
2020-12-18,151.91
2020-12-21,151.92
2020-12-22,151.87
2020-12-23,151.86
2020-12-28,151.75
2020-12-29,151.81
2020-12-30,151.76
2021-01-04,151.83
2021-01-05,151.85
2021-01-07,151.71
2021-01-08,151.66
2021-01-11,151.62
2021-01-12,151.52
2021-01-13,151.65
2021-01-14,151.84
2021-01-15,151.8
2021-01-18,151.79
2021-01-19,151.75
2021-01-20,151.77
2021-01-21,151.73
2021-01-22,151.79
2021-01-25,151.94
2021-01-26,151.94
2021-01-27,152.03
2021-01-28,151.99
2021-01-29,151.85
2021-02-01,151.85
2021-02-02,151.8
2021-02-03,151.72
2021-02-04,151.69
2021-02-05,151.65
2021-02-08,151.54
2021-02-09,151.56
2021-02-10,151.61
2021-02-11,151.62
2021-02-12,151.51
2021-02-15,151.35
2021-02-16,151.22
2021-02-17,151.21
2021-02-18,151.12
2021-02-19,151.07
2021-02-22,151.19
2021-02-23,151.02
2021-02-24,150.98
2021-02-25,150.61
2021-02-26,150.63
2021-03-01,150.84
2021-03-02,150.82
2021-03-03,150.7
2021-03-04,150.59
2021-03-05,150.48
2021-03-08,150.46
2021-03-09,150.68
2021-03-10,150.74
2021-03-11,150.9
2021-03-12,150.77
2021-03-15,150.83
2021-03-16,150.87
2021-03-17,150.74
2021-03-18,150.6
2021-03-19,150.69
2021-03-22,150.79
2021-03-23,150.92
2021-03-24,150.96
2021-03-25,151.08
2021-03-26,150.96
2021-03-29,150.95
2021-03-30,150.8
2021-03-31,150.87
2021-04-01,150.93
2021-04-06,150.96
2021-04-07,151.05
2021-04-08,151.19
2021-04-09,151.09
2021-04-12,151.13
2021-04-13,151.11
2021-04-14,151.07
2021-04-15,151.06
2021-04-16,151.05
2021-04-19,150.98
2021-04-20,151.02
2021-04-21,151.12
2021-04-22,151.13
2021-04-23,151.1
2021-04-26,151.1
2021-04-27,151.08
2021-04-28,151.03
2021-04-29,150.9
2021-04-30,150.94
2021-05-03,150.92
2021-05-04,151.03
2021-05-05,151.01
2021-05-06,150.99
2021-05-07,151.04
2021-05-10,151
2021-05-11,150.88
2021-05-12,150.87
2021-05-14,150.79
2021-05-17,150.76
2021-05-18,150.77
2021-05-19,150.75
2021-05-20,150.78
2021-05-21,150.77
2021-05-24,150.8
2021-05-25,150.93
2021-05-26,151.07
2021-05-27,150.85
2021-05-28,150.84
2021-05-31,150.73
2021-06-01,150.76
2021-06-02,150.81
2021-06-03,150.76
2021-06-04,150.83
2021-06-07,150.82
2021-06-08,150.98
2021-06-09,151.24
2021-06-10,151.21
2021-06-11,151.36
2021-06-14,151.35
2021-06-15,151.21
2021-06-16,151.3
2021-06-17,151.14
2021-06-18,151.14
2021-06-21,151.09
2021-06-22,151.01
2021-06-23,151.06
2021-06-24,151.01
2021-06-28,151
2021-06-29,150.99
2021-06-30,151.07
2021-07-01,151.2
2021-07-02,151.33
2021-07-05,151.33
2021-07-06,151.46
2021-07-07,151.71
2021-07-08,151.88
2021-07-09,151.77
2021-07-12,151.86
2021-07-13,151.8
2021-07-14,151.78
2021-07-15,151.88
2021-07-16,151.93
2021-07-19,152.07
2021-07-20,152.27
2021-07-21,152.1
2021-07-22,152.08
2021-07-23,152.11
2021-07-26,152.12
2021-07-27,152.23
2021-07-28,152.24
2021-07-29,152.25
2021-07-30,152.29
2021-08-02,152.35
2021-08-03,152.43
2021-08-04,152.47
2021-08-05,152.45
2021-08-06,152.26
2021-08-09,152.3
2021-08-10,152.3
2021-08-11,152.2
2021-08-12,152.15
2021-08-13,152.13
2021-08-16,152.21
2021-08-17,152.26
2021-08-18,152.37
2021-08-19,152.44
2021-08-20,152.5
2021-08-23,152.45
2021-08-24,152.44
2021-08-25,152.3
2021-08-26,152.15
2021-08-27,152.14
2021-08-30,152.18
2021-08-31,152.13
2021-09-01,152.05
2021-09-02,152.1
2021-09-03,151.96
2021-09-06,151.96
2021-09-07,151.8
2021-09-08,151.85
2021-09-09,151.99
2021-09-10,151.97
2021-09-13,151.93
2021-09-14,151.77
2021-09-15,151.72
2021-09-16,151.56
2021-09-17,151.41
2021-09-20,151.56
2021-09-21,151.79
2021-09-22,151.73
2021-09-23,151.48
2021-09-24,151.36
2021-09-27,151.34
2021-09-28,151.15
2021-09-29,151.24
2021-09-30,151.11
2021-10-01,151.27
2021-10-04,151.14
2021-10-05,151.16
2021-10-06,151.18
2021-10-07,151.24
2021-10-08,151.14
2021-10-11,151.03
2021-10-12,151
2021-10-13,151.07
2021-10-14,151.27
2021-10-15,151.15
2021-10-18,150.97
2021-10-19,150.84
2021-10-20,150.98
2021-10-21,150.89
2021-10-22,150.81
2021-10-25,150.87
2021-10-26,150.96
2021-10-27,151.17
2021-10-28,150.81
2021-10-29,150.54
2021-11-01,150.62
2021-11-02,151
2021-11-03,150.99
2021-11-04,151.16
2021-11-05,151.35
2021-11-08,151.37
2021-11-09,151.4
2021-11-10,151.26
2021-11-11,150.93
2021-11-12,151.03
2021-11-15,150.89
2021-11-16,150.8
2021-11-17,150.74
2021-11-18,150.95
2021-11-19,151.27
2021-11-22,151.22
2021-11-23,151.01
2021-11-24,150.92
2021-11-25,150.96
2021-11-26,151.19
2021-11-29,151.15
2021-11-30,151.46
2021-12-01,151.31
2021-12-02,151.63
2021-12-03,151.53
2021-12-06,151.64
2021-12-07,151.66
2021-12-08,151.61
2021-12-09,151.79
2021-12-10,151.68
2021-12-13,151.72
2021-12-14,151.62
2021-12-15,151.63
2021-12-16,151.49
2021-12-17,151.57
2021-12-20,151.61
2021-12-21,151.51
2021-12-22,151.41
2021-12-23,151.29
2021-12-27,151.22
2021-12-28,151.21
2021-12-29,151.11
2021-12-30,151.05
2022-01-03,150.78
2022-01-04,150.74
2022-01-05,150.64
2022-01-07,150.39
2022-01-10,150.2
2022-01-11,150.1
2022-01-12,150.24
2022-01-13,150.34
2022-01-14,150.36
2022-01-17,150.29
2022-01-18,150.28
2022-01-19,150.23
2022-01-20,150.35
2022-01-21,150.57
2022-01-24,150.65
2022-01-25,150.65
2022-01-26,150.62
2022-01-27,150.49
2022-01-28,150.36
2022-01-31,150.12
2022-02-01,150.05
2022-02-02,149.93
2022-02-03,149.36
2022-02-04,148.88
2022-02-07,148.6
2022-02-08,148.49
2022-02-09,148.58
2022-02-10,148.78
2022-02-11,148.81
2022-02-14,148.84
2022-02-15,148.67
2022-02-16,148.97
2022-02-17,149.12
2022-02-18,148.91
2022-02-21,148.83
2022-02-22,148.42
2022-02-23,148.27
2022-02-24,148.45
2022-02-25,148.3
2022-02-28,148.54
2022-03-01,149.42
2022-03-02,149.52
2022-03-03,149.02
2022-03-04,149.33
2022-03-07,148.88
2022-03-08,148.38
2022-03-09,148.1
2022-03-10,147.57
2022-03-11,147.4
2022-03-14,146.84
2022-03-15,146.92
2022-03-16,146.62
2022-03-17,146.43
2022-03-18,146.58
2022-03-21,146.27
2022-03-22,145.78
2022-03-23,145.69
2022-03-24,145.3
2022-03-25,145.02
2022-03-28,144.8
2022-03-29,144.41
2022-03-30,144.11
2022-03-31,144.63
2022-04-01,144.69
2022-04-04,145.07
2022-04-05,144.83
2022-04-06,144.38
2022-04-07,144.26
2022-04-08,144.13
2022-04-11,143.79
2022-04-12,143.88
2022-04-13,144.01
2022-04-14,143.87
2022-04-19,143.65
2022-04-20,143.8
2022-04-21,143.69
2022-04-22,143.53
2022-04-25,143.76
2022-04-26,143.89
2022-04-27,143.92
2022-04-28,143.28
2022-04-29,142.86
2022-05-02,142.53
2022-05-03,142.27
2022-05-04,141.58
2022-05-05,141.72
2022-05-06,141.33
2022-05-09,141.36
2022-05-10,141.68
2022-05-11,141.63
2022-05-12,142.18
2022-05-13,142.13
2022-05-16,142.02
2022-05-17,141.6
2022-05-18,141.61
2022-05-19,141.88
2022-05-20,141.6
2022-05-23,141.65
2022-05-24,141.74
2022-05-25,141.96
2022-05-27,142.24
2022-05-30,142.27
2022-05-31,142.05
2022-06-01,141.97
2022-06-02,141.57
2022-06-03,141.28
2022-06-07,141.17
2022-06-08,140.96
2022-06-09,140.75
2022-06-10,140.63
2022-06-13,140
2022-06-14,139.27
2022-06-15,138.99
2022-06-16,138.1
2022-06-17,138.44
2022-06-20,138.58
2022-06-21,138.5
2022-06-22,138.8
2022-06-23,139.38
2022-06-27,139.24
2022-06-28,138.93
2022-06-29,139.17
2022-06-30,139.97
2022-07-01,140.77
2022-07-04,140.67
2022-07-05,141.11
2022-07-06,141.89
2022-07-07,141.7
2022-07-08,141.59
2022-07-11,141.62
2022-07-12,141.92
2022-07-13,141.61
2022-07-14,140.89
2022-07-15,140.78
2022-07-18,140.36
2022-07-19,140.16
2022-07-20,140.23
2022-07-21,139.96
2022-07-22,140.92
2022-07-25,140.96
2022-07-26,141.41
2022-07-27,141.39
2022-07-28,141.93
2022-07-29,141.86
2022-08-01,142.08
2022-08-02,142.17
2022-08-03,141.89
2022-08-04,142.18
2022-08-05,141.74
2022-08-08,141.84
2022-08-09,141.77
2022-08-10,142.04
2022-08-11,142.07
2022-08-12,142.18
2022-08-15,142.52
2022-08-16,142.41
2022-08-17,141.97
2022-08-18,141.9
2022-08-19,141.41
2022-08-22,141.1
2022-08-23,140.63
2022-08-24,140.2
2022-08-25,140.21
2022-08-26,139.85
2022-08-29,139.19
2022-08-30,139.41
2022-08-31,139.56
2022-09-01,139.58
2022-09-02,139.77
2022-09-05,139.51
2022-09-06,139.45
2022-09-07,139.71
2022-09-08,139.48
2022-09-09,139.47
2022-09-12,139.67
2022-09-13,139.45
2022-09-14,139.34
2022-09-15,139.44
2022-09-16,139.33
2022-09-19,139.22
2022-09-20,138.7
2022-09-21,139.02
2022-09-22,138.72
2022-09-23,138.28
2022-09-26,137.77
2022-09-27,137.7
2022-09-28,137.77
2022-09-29,137.65
2022-09-30,138.06
2022-10-03,138.31
2022-10-04,138.85
2022-10-05,138.68
2022-10-06,138.63
2022-10-07,138.18
2022-10-10,138.22
2022-10-11,138
2022-10-12,137.97
2022-10-13,138.15
2022-10-14,138.51
2022-10-17,138.55
2022-10-18,138.56
2022-10-19,138.22
2022-10-20,138.02
2022-10-21,137.88
2022-10-24,138.13
2022-10-25,138.39
2022-10-26,138.31
2022-10-27,138.76
2022-10-28,138.55
2022-10-31,138.42
2022-11-01,138.63
2022-11-02,138.68
2022-11-03,138.61
2022-11-04,138.58
2022-11-07,138.74
2022-11-08,138.72
2022-11-09,138.87
2022-11-10,139.61
2022-11-11,139.39
2022-11-14,139.62
2022-11-15,139.78
2022-11-16,139.96
2022-11-17,139.87
2022-11-18,139.93
2022-11-21,140.09
2022-11-22,140.04
2022-11-23,140.11
2022-11-24,140.43
2022-11-25,140.02
2022-11-28,139.97
2022-11-29,140.32
2022-11-30,140.14
2022-12-01,140.88
2022-12-02,140.79
2022-12-05,140.68
2022-12-06,140.97
2022-12-07,141.16
2022-12-08,141.25
2022-12-09,141.36
2022-12-12,141.45
2022-12-13,141.57
2022-12-14,141.51
2022-12-15,140.74
2022-12-16,139.94
2022-12-19,140
2022-12-20,139.61
2022-12-21,139.42
2022-12-22,139.06
2022-12-23,138.99
2022-12-27,138.67
2022-12-28,138.72
2022-12-29,138.85
2022-12-30,138.79
2023-01-02,139.14
2023-01-03,139.34
2023-01-04,139.84
2023-01-05,139.17
2023-01-09,140.15
2023-01-10,140.4
2023-01-11,141.11
2023-01-12,141.51
2023-01-13,141.28
2023-01-16,141.09
2023-01-17,141.31
2023-01-18,141.87
2023-01-19,141.55
2023-01-20,141.19
2023-01-23,141.09
2023-01-24,141.17
2023-01-25,141.58
2023-01-26,141.49
2023-01-27,141.32
2023-01-30,141.34
2023-01-31,141.52
2023-02-01,141.71
2023-02-02,142.75
2023-02-03,142.37
2023-02-06,142.02
2023-02-07,142.02
2023-02-08,141.87
2023-02-09,141.25
2023-02-10,140.49
2023-02-13,140.48
2023-02-14,140.29
2023-02-15,140.16
2023-02-16,140.33
2023-02-17,140.17
2023-02-20,139.65
2023-02-21,138.85
2023-02-22,139.07
2023-02-23,139.34
2023-02-24,138.92
2023-02-27,138.79
2023-02-28,138.75
2023-03-01,138.77
2023-03-02,138.92
2023-03-03,139.14
2023-03-06,139.06
2023-03-07,139.3
2023-03-08,139.28
2023-03-09,139.2
2023-03-10,139.91
2023-03-13,141.25
2023-03-14,140.54
2023-03-15,140.8
2023-03-16,140.44
2023-03-17,140.73
2023-03-20,140.83
2023-03-21,140.67
2023-03-22,140.22
2023-03-23,140.68
2023-03-24,141.26
2023-03-27,140.78
2023-03-28,140.82
2023-03-29,140.83
2023-03-30,140.53
2023-03-31,140.63
2023-04-03,140.74
2023-04-04,140.65
2023-04-05,141.21
2023-04-06,141.36
2023-04-11,140.79
2023-04-12,140.63
2023-04-13,140.75
2023-04-14,140.67
2023-04-17,140.32
2023-04-18,140.27
2023-04-19,139.94
2023-04-20,140.18
2023-04-21,140.16
2023-04-24,140.2
2023-04-25,140.61
2023-04-26,141.14
2023-04-27,141.13
2023-04-28,141.43
2023-05-02,141.34
2023-05-03,141.61
2023-05-04,141.74
2023-05-05,141.81
2023-05-08,141.62
2023-05-09,141.59
2023-05-10,141.66
2023-05-11,142.12
2023-05-12,141.93
2023-05-15,141.97
2023-05-16,141.91
2023-05-17,141.91
2023-05-19,141.23
2023-05-22,141.41
2023-05-23,141.21
2023-05-24,141.3
2023-05-25,140.96
2023-05-26,140.68
2023-05-29,140.93
2023-05-30,141.17
2023-05-31,141.45
2023-06-01,141.56
2023-06-02,141.36
2023-06-05,141.13
2023-06-07,141.08
2023-06-08,141.09
2023-06-09,141.18
2023-06-12,141.42
2023-06-13,141.31
2023-06-14,140.89
2023-06-15,140.66
2023-06-16,140.48
2023-06-19,140.41
2023-06-20,140.58
2023-06-21,140.29
2023-06-22,139.91
2023-06-26,140.3
2023-06-27,140.33
2023-06-28,140.34
2023-06-29,140.17
2023-06-30,140.11
2023-07-03,140.06
2023-07-04,140.06
2023-07-05,140.3
2023-07-06,139.8
2023-07-07,139.9
2023-07-10,139.71
2023-07-11,139.53
2023-07-12,139.76
2023-07-13,140.54
2023-07-14,140.36
2023-07-17,140.41
2023-07-18,141.06
2023-07-19,141.25
2023-07-20,140.97
2023-07-21,140.94
2023-07-24,141.25
2023-07-25,141.13
2023-07-26,141
2023-07-27,141.24
2023-07-28,141.15
2023-07-31,141.1
2023-08-01,141.11
2023-08-02,141.08
2023-08-03,140.81
2023-08-04,140.72
2023-08-07,140.56
2023-08-08,140.99
2023-08-09,140.82
2023-08-10,140.84
2023-08-11,140.52
2023-08-14,140.44
2023-08-15,140.18
2023-08-16,140.4
2023-08-17,140.31
2023-08-18,140.35
2023-08-21,140.08
2023-08-22,140.07
2023-08-23,140.64
2023-08-24,140.72
2023-08-25,140.56
2023-08-28,140.49
2023-08-29,140.63
2023-08-30,140.78
2023-08-31,141.18
2023-09-01,141.27
2023-09-04,141.12
2023-09-05,141.19
2023-09-06,141.08
2023-09-07,140.99
2023-09-08,141.01
2023-09-11,141.02
2023-09-12,141
2023-09-13,140.94
2023-09-14,141.32
2023-09-15,141.15
2023-09-18,140.96
2023-09-19,140.92
2023-09-20,141.05
2023-09-21,140.88
2023-09-22,140.92
2023-09-25,140.9
2023-09-26,140.95
2023-09-27,141.05
2023-09-28,140.49
2023-09-29,141.12
2023-10-02,141.01
2023-10-03,140.91
2023-10-04,140.93
2023-10-05,141.14
2023-10-06,141.06
2023-10-09,141.42
2023-10-10,141.53
2023-10-11,141.85
2023-10-12,141.86
2023-10-13,141.69
2023-10-16,141.55
2023-10-17,141.28
2023-10-18,141.26
2023-10-19,141.17
2023-10-20,141.2
2023-10-23,141.17
2023-10-24,141.43
2023-10-25,141.34
2023-10-26,141.45
2023-10-27,141.62
2023-10-30,141.88
2023-10-31,142.08
2023-11-01,142.22
2023-11-02,142.57
2023-11-03,142.54
2023-11-06,142.69
2023-11-07,142.89
2023-11-08,142.85
2023-11-09,142.73
2023-11-10,142.52
2023-11-13,142.49
2023-11-14,143.22
2023-11-15,143.32
2023-11-16,143.58
2023-11-17,143.73
2023-11-20,143.76
2023-11-21,143.83
2023-11-22,143.76
2023-11-23,143.65
2023-11-24,143.68
2023-11-27,144.02
2023-11-28,144.16
2023-11-29,144.76
2023-11-30,144.59
2023-12-01,145.02
2023-12-04,145.56
2023-12-05,146.05
2023-12-06,146.02
2023-12-07,146.12
2023-12-08,145.87
2023-12-11,146.14
2023-12-12,146.22
2023-12-13,146.56
2023-12-14,147.18
2023-12-15,147.54
2023-12-18,147.65
2023-12-19,148.02
2023-12-20,148.36
2023-12-21,148.27
2023-12-22,148.18
2023-12-27,148.42
2023-12-28,148.33
2023-12-29,148.24
2024-01-02,148.3
2024-01-03,148.3
2024-01-04,147.9
2024-01-05,147.58
2024-01-08,147.5
2024-01-09,147.47
2024-01-10,147.38
2024-01-11,147.49
2024-01-12,148.02
2024-01-15,147.8
2024-01-16,147.99
2024-01-17,147.49
2024-01-18,147.32
2024-01-19,147.19
2024-01-22,147.47
2024-01-23,147.26
2024-01-24,147.25
2024-01-25,147.44
2024-01-26,147.33
2024-01-29,147.59
2024-01-30,147.55
2024-01-31,147.99
2024-02-01,148.19
2024-02-02,147.98
2024-02-05,147.62
2024-02-06,147.5
2024-02-07,147.51
2024-02-08,147.23
2024-02-09,146.94
2024-02-12,146.9
2024-02-13,146.73
2024-02-14,146.79
2024-02-15,146.89
2024-02-16,146.72
2024-02-19,146.6
2024-02-20,146.89
2024-02-21,146.82
2024-02-22,146.69
2024-02-23,146.81
2024-02-26,146.63
2024-02-27,146.56
2024-02-28,146.52
2024-02-29,146.73
2024-03-01,146.74
2024-03-04,147.13
2024-03-05,147.59
2024-03-06,147.56
2024-03-07,147.72
2024-03-08,148.29
2024-03-11,148.16
2024-03-12,148.15
2024-03-13,148.01
2024-03-14,147.69
2024-03-15,147.5
2024-03-18,147.37
2024-03-19,147.45
2024-03-20,147.45
2024-03-21,147.7
2024-03-22,148.02
2024-03-25,147.81
2024-03-26,147.76
2024-03-27,148.07
2024-03-28,147.95
2024-04-02,147.53
2024-04-03,147.43
2024-04-04,147.58
2024-04-05,147.47
2024-04-08,147.19
2024-04-09,147.44
2024-04-10,147.36
2024-04-11,147.23
2024-04-12,147.95
2024-04-15,147.56
2024-04-16,147.25
2024-04-17,147.31
2024-04-18,147.39
2024-04-19,147.27
2024-04-22,147.45
2024-04-23,147.55
2024-04-24,147.28
2024-04-25,147.09
2024-04-26,147.38
2024-04-29,147.58
2024-04-30,147.58
2024-05-02,147.56
2024-05-03,148.13
2024-05-06,148.44
2024-05-07,148.66
2024-05-08,148.59
2024-05-10,148.5
2024-05-13,148.69
2024-05-14,148.64
2024-05-15,149.1
2024-05-16,149.14
2024-05-17,148.96
2024-05-20,148.94
2024-05-21,149.13
2024-05-22,148.98
2024-05-23,148.58
2024-05-24,148.57
2024-05-27,148.94
2024-05-28,149.01
2024-05-29,148.71
2024-05-30,148.55
2024-05-31,148.69
2024-06-03,149.03
2024-06-04,149.5
2024-06-05,149.44
2024-06-07,149.11
2024-06-10,149.1
2024-06-11,149.38
2024-06-12,149.93
2024-06-13,149.99
2024-06-14,150.44
2024-06-17,150.27
2024-06-18,150.38
2024-06-19,150.34
2024-06-20,150.18
2024-06-24,150.35
2024-06-25,150.55
2024-06-26,150.47
2024-06-27,150.67
2024-06-28,150.75
2024-07-01,150.35
2024-07-02,150.26
2024-07-03,150.32
2024-07-04,150.32
2024-07-05,150.47
2024-07-08,150.6
2024-07-09,150.53
2024-07-10,150.76
2024-07-11,151.15
2024-07-12,151.47
2024-07-15,151.76
2024-07-16,151.98
2024-07-17,152.04
2024-07-18,152.2
2024-07-19,151.95
2024-07-22,152.07
2024-07-23,152.26
2024-07-24,152.19
2024-07-25,152.25
2024-07-26,152.36
2024-07-29,152.57
2024-07-30,152.6
2024-07-31,152.71
2024-08-01,153.01
2024-08-02,153.51
2024-08-05,153.71
2024-08-06,153.52
2024-08-07,153.06
2024-08-08,153.14
2024-08-09,153.37
2024-08-12,153.51
2024-08-13,153.87
2024-08-14,153.7
2024-08-15,153.36
2024-08-16,153.61
2024-08-19,153.75
2024-08-20,153.75
2024-08-21,153.83
2024-08-22,153.79
2024-08-23,153.71
2024-08-26,153.78
2024-08-27,153.65
2024-08-28,153.74
2024-08-29,153.76
2024-08-30,153.75
2024-09-02,153.57
2024-09-03,153.81
2024-09-04,154.08
2024-09-05,154.25
2024-09-06,154.28
2024-09-09,154.45
2024-09-10,154.6
2024-09-11,155.03
2024-09-12,154.93
2024-09-13,154.75
2024-09-16,154.78
2024-09-17,154.77
2024-09-18,154.53
2024-09-19,154.56
2024-09-20,154.52
2024-09-23,154.83
2024-09-24,154.97
2024-09-25,154.71
2024-09-26,154.86
2024-09-27,154.89
2024-09-30,154.9
2024-10-01,155.34
2024-10-02,154.95
2024-10-03,154.8
2024-10-04,154.24
2024-10-07,153.77
2024-10-08,153.56
2024-10-09,153.55
2024-10-10,153.77
2024-10-11,153.83
2024-10-14,154.01
2024-10-15,154.36
2024-10-16,154.54
2024-10-17,154.63
2024-10-18,154.69
2024-10-21,154.3
2024-10-22,154.21
2024-10-23,154.25
2024-10-24,154.49
2024-10-25,154.47
2024-10-28,154.65
2024-10-29,154.61
2024-10-30,154.63
2024-10-31,154.2
2024-11-01,154.26
2024-11-04,154.2
2024-11-05,153.91
2024-11-06,154.07
2024-11-07,153.84
2024-11-08,154.01
2024-11-11,154.28
2024-11-12,154.39
2024-11-13,154.26
2024-11-14,154.48
2024-11-15,154.42
2024-11-18,154.33
2024-11-19,154.47
2024-11-20,154.36
2024-11-21,154.53
2024-11-22,154.79
2024-11-25,155.14
2024-11-26,155.21
2024-11-27,155.41
2024-11-28,155.34
2024-11-29,155.51
2024-12-02,155.79
2024-12-03,155.7
2024-12-04,155.33
2024-12-05,154.85
2024-12-06,155.01
2024-12-09,155.07
2024-12-10,155.02
2024-12-11,155.02
2024-12-12,154.73
2024-12-13,154.51
2024-12-16,154.44
2024-12-17,154.39
2024-12-18,154.36
2024-12-19,153.72
2024-12-20,153.86
2024-12-23,153.7
2024-12-27,153.41
2024-12-30,153.39
2025-01-02,154.07
2025-01-03,153.84
2025-01-07,153.65
2025-01-08,153.67
2025-01-09,153.95
2025-01-10,153.74
2025-01-13,153.57
2025-01-14,153.48
2025-01-15,154.12
2025-01-16,154.07
2025-01-17,154.4
2025-01-20,154.38
2025-01-21,154.43
2025-01-22,154.47
2025-01-23,154.21
2025-01-24,153.95
2025-01-27,154.24
2025-01-28,154.31
2025-01-29,154.44
2025-01-30,154.83
2025-01-31,155.08
2025-02-03,155.42
2025-02-04,155.08
2025-02-05,155.26
2025-02-06,154.97
2025-02-07,154.79
2025-02-10,154.86
2025-02-11,154.62
2025-02-12,154.54
2025-02-13,154.75
2025-02-14,154.64
2025-02-17,154.57
2025-02-18,154.64
2025-02-19,154.47
2025-02-20,154.47
2025-02-21,154.63
2025-02-24,154.69
2025-02-25,154.81
2025-02-26,154.88
2025-02-27,155.14
2025-02-28,155.1
2025-03-03,154.85
2025-03-04,155.07
2025-03-05,154.23
2025-03-06,153.53
2025-03-07,153.77
2025-03-10,153.67
2025-03-11,153.47
2025-03-12,153.5
2025-03-13,153.51
2025-03-14,153.38
2025-03-17,153.59
2025-03-18,153.44
2025-03-19,153.26
2025-03-20,153.41
2025-03-21,153.32
2025-03-24,153.28
2025-03-25,153.27
2025-03-26,153.34
2025-03-27,153.5
2025-03-28,153.75
2025-03-31,153.9
2025-04-01,153.97
2025-04-02,153.96
2025-04-03,154.11
2025-04-04,154.84
2025-04-07,155.05
2025-04-08,154.62
2025-04-09,154.97
2025-04-10,155.01
2025-04-11,155.37
2025-04-14,155.44
2025-04-15,155.34
2025-04-16,155.36
2025-04-17,155.16
2025-04-22,155.56
2025-04-23,155.38
2025-04-24,155.64
2025-04-25,155.58
2025-04-28,155.52
2025-04-29,155.66
2025-04-30,155.83
2025-05-02,155.65
2025-05-05,155.62
2025-05-06,155.59
2025-05-07,155.91
2025-05-08,156.02
2025-05-09,156.02
2025-05-12,155.5
2025-05-13,155.46
2025-05-14,155.52
2025-05-15,155.69
2025-05-16,155.92
2025-05-19,155.92
2025-05-20,155.83
2025-05-21,155.7
2025-05-22,155.6
2025-05-23,155.94
2025-05-26,155.95
2025-05-27,156.1
2025-05-28,156.1
2025-05-30,156.34
2025-06-02,156.47
2025-06-03,156.68
2025-06-04,156.56
2025-06-05,156.82
2025-06-09,156.45
2025-06-10,156.8
2025-06-11,156.7
2025-06-12,156.85
2025-06-13,156.82
2025-06-16,156.73
2025-06-17,156.68
2025-06-18,157.06
2025-06-19,157.03
2025-06-23,157.25
2025-06-24,157.32
2025-06-25,157.34
2025-06-26,157.58
2025-06-27,157.73
2025-06-30,157.88
2025-07-01,158.07
2025-07-02,157.99
2025-07-03,157.98
2025-07-04,157.99
2025-07-07,157.58
2025-07-08,157.47
2025-07-09,157.56
2025-07-10,157.51
2025-07-11,157.4
2025-07-14,157.59
2025-07-15,157.74
2025-07-16,157.71
2025-07-17,157.55
2025-07-18,157.22
2025-07-21,157.42
2025-07-22,157.46
2025-07-23,157.6
2025-07-24,157.25
2025-07-25,157.09
2025-07-28,157.23
2025-07-29,157.14
2025-07-30,157.04
2025-07-31,157.03
2025-08-01,157.26
2025-08-04,157.46
2025-08-05,157.55
2025-08-06,157.54
2025-08-07,157.63
2025-08-08,157.5
2025-08-11,157.7
2025-08-12,157.61
2025-08-13,157.88
2025-08-14,157.87
2025-08-15,157.76
2025-08-18,157.88
2025-08-19,157.98
2025-08-20,157.95
2025-08-21,157.74
2025-08-22,157.81
2025-08-25,157.72
2025-08-26,157.83
2025-08-27,157.74
2025-08-28,157.7
2025-08-29,157.83
2025-09-01,157.86
2025-09-02,157.76
2025-09-03,157.77
2025-09-04,157.91
2025-09-05,158.08
2025-09-08,158.38
2025-09-09,158.33
2025-09-10,158.3
2025-09-11,158.09
2025-09-12,157.92
2025-09-15,157.99
2025-09-16,158.05
2025-09-17,158.22
2025-09-18,158.05
2025-09-19,157.9
2025-09-22,157.89
2025-09-23,157.78
2025-09-24,157.81
2025-09-25,157.58
2025-09-26,157.58
2025-09-29,157.78
2025-09-30,157.83
2025-10-01,157.97
2025-10-02,157.87
2025-10-03,157.96
2025-10-06,157.94
2025-10-07,157.9
2025-10-08,158.12
2025-10-09,158.07
2025-10-10,158.16
2025-10-13,158.37
2025-10-14,158.52
2025-10-15,158.61
2025-10-16,158.62
2025-10-17,158.61
2025-10-20,158.58
2025-10-21,158.67
2025-10-22,158.73
2025-10-23,158.65
2025-10-24,158.44
2025-10-27,158.48
2025-10-28,158.56
2025-10-29,158.55
2025-10-30,158.34
2025-10-31,158.27
2025-11-03,158.23
2025-11-04,158.26
2025-11-05,158.2
2025-11-06,158.07
2025-11-07,157.99
2025-11-10,158.02
2025-11-11,158.02
2025-11-12,158.03
2025-11-13,157.89
2025-11-14,157.85
2025-11-17,157.92
2025-11-18,158.08
2025-11-19,158.14
2025-11-20,157.96
2025-11-21,158.12
2025-11-24,158.14
2025-11-25,158.22
2025-11-26,158.16
2025-11-27,158.09
2025-11-28,157.92
2025-12-01,157.63
2025-12-02,157.59
2025-12-03,157.6
2025-12-04,157.68
2025-12-05,157.54
2025-12-08,157.37
2025-12-09,157.4
2025-12-10,157.23
2025-12-11,157.45
2025-12-12,157.45
2025-12-15,157.66
2025-12-16,157.71
2025-12-17,157.79
2025-12-18,157.9
2025-12-19,157.83
2025-12-22,157.85
2025-12-23,158.02
2025-12-29,158.25
2025-12-30,158.29
2026-01-02,158.16
2026-01-05,158
2026-01-07,158.3
2026-01-08,158.31
2026-01-09,158.28
2026-01-12,158.42
2026-01-13,158.51
2026-01-14,158.61
2026-01-15,158.67
2026-01-16,158.55
2026-01-19,158.7
2026-01-20,158.59
2026-01-21,158.57
2026-01-22,158.51
2026-01-23,158.45
2026-01-26,158.58
2026-01-27,158.63
2026-01-28,158.83
2026-01-29,159.02
2026-01-30,159.13
2026-02-02,159.11
2026-02-03,158.99
2026-02-04,159.36
2026-02-05,159.58
2026-02-06,159.63
2026-02-09,159.74
2026-02-10,159.88
2026-02-11,159.81
2026-02-12,160.05
2026-02-13,160.29
2026-02-16,160.38
2026-02-17,160.44
2026-02-18,160.47
2026-02-19,160.27
2026-02-20,160.16
2026-02-23,160.22
2026-02-24,160.38
2026-02-25,160.42
2026-02-26,160.48
2026-02-27,160.7
2026-03-02,160.38
2026-03-03,159.57
2026-03-04,159.84
2026-03-05,159.58
2026-03-06,159.16
2026-03-09,158.63
2026-03-10,159.19
2026-03-11,158.73
2026-03-12,158.66
2026-03-13,158.63
2026-03-16,158.72
2026-03-17,158.88
2026-03-18,158.66
2026-03-19,158.17
2026-03-20,157.38
2026-03-23,157.67
2026-03-24,157.32
2026-03-25,157.49
2026-03-26,157.06
2026-03-27,156.95
2026-03-30,157.37
2026-03-31,157.66
2026-04-01,157.97
2026-04-02,157.58
2026-04-07,157.54
2026-04-08,158.87
2026-04-09,158.6
2026-04-10,158.65
2026-04-13,158.57
2026-04-14,158.8
2026-04-15,159.13
2026-04-16,159.19
2026-04-17,159.6
2026-04-20,159.59
2026-04-21,159.46
2026-04-22,159.32
2026-04-23,159.25
2026-04-24,159.16
2026-04-27,159.27
2026-04-28,158.94
2026-04-29,158.62
2026-04-30,158.59
2026-05-04,158.8
2026-05-05,158.75
2026-05-06,159.86
2026-05-07,160.16
2026-05-08,160.12
2026-05-11,159.86
2026-05-12,159.45
2026-05-13,159.55
2026-05-15,159.28
2026-05-18,159.48
2026-05-19,159.27
2026-05-20,159.52
2026-05-21,159.83
2026-05-22,160.16
2026-05-25,160.75
2026-05-26,160.64
2026-05-27,160.78
2026-05-28,160.54
2026-05-29,160.54
2026-06-01,160.21
2026-06-02,160.44
2026-06-03,160.18
2026-06-04,160.13
2026-06-05,160.07
2026-06-08,159.96
2026-06-09,160.11
2026-06-10,160.06
2026-06-11,160.27
2026-06-12,160.33
2026-06-15,160.83
2026-06-16,160.76
2026-06-17,161.08
2026-06-18,160.95
2026-06-22,161.13
2026-06-23,161.5
2026-06-24,161.64
2026-06-25,161.81
2026-06-26,161.76
2026-06-29,161.75
2026-06-30,161.73
2026-07-01,161.62
2026-07-02,161.55
2026-07-03,161.44
2026-07-06,161.5
2026-07-07,161.35
2026-07-08,160.7
2026-07-09,160.74
2026-07-10,160.93
2026-07-13,160.71
2026-07-14,160.43
2026-07-15,160.32
2026-07-16,160.35
2026-07-17,160.53
2026-07-20,160.53
2026-07-21,160.22
2026-07-22,160.02
2026-07-23,159.79
2026-07-24,159.91
2026-07-27,160.35
2026-07-28,160.55
2026-07-29,160.37
2026-07-30,160.27
2026-07-31,160.06
2026-08-03,160.38
2026-08-04,160.65
2026-08-05,160.67
2026-08-06,160.41
2026-08-07,160.38
2026-08-10,160.25
2026-08-11,160.37
2026-08-12,160.51
2026-08-13,160.63
2026-08-14,160.46
2026-08-17,160.44
2026-08-18,160.16
2026-08-19,160.21
2026-08-20,160.52
2026-08-21,160.58
2026-08-24,160.53
2026-08-25,160.63
2026-08-26,160.68
2026-08-27,160.56
2026-08-28,160.33
2026-08-31,160.04
2026-09-01,159.88
2026-09-02,159.73
2026-09-03,159.99
2026-09-04,160.16
2026-09-07,160.21
2026-09-08,160.29
2026-09-09,159.86
2026-09-10,159.25
2026-09-11,159.16
2026-09-14,158.83
2026-09-15,158.82
2026-09-16,158.87
2026-09-17,159.12
2026-09-18,158.92
2026-09-21,159.4
2026-09-22,159.63
2026-09-23,159.03
