date,nav_sek
2004-05-17,100
2004-05-24,100.05
2004-05-25,100.06
2004-05-26,100.06
2004-05-27,100.08
2004-05-28,100.09
2004-05-31,100.09
2004-06-01,100.09
2004-06-02,100.1
2004-06-03,100.11
2004-06-04,100.12
2004-06-07,100.12
2004-06-08,100.13
2004-06-09,100.14
2004-06-10,100.14
2004-06-11,100.15
2004-06-14,100.15
2004-06-15,100.17
2004-06-16,100.17
2004-06-17,100.18
2004-06-18,100.19
2004-06-21,100.21
2004-06-22,100.2
2004-06-23,100.22
2004-06-24,100.24
2004-06-25,100.24
2004-06-28,100.25
2004-06-29,100.25
2004-06-30,100.26
2004-07-01,100.28
2004-07-02,100.3
2004-07-05,100.31
2004-07-06,100.32
2004-07-07,100.31
2004-07-08,100.33
2004-07-09,100.34
2004-07-12,100.36
2004-07-13,100.35
2004-07-14,100.36
2004-07-15,100.37
2004-07-16,100.38
2004-07-19,100.4
2004-07-20,100.4
2004-07-21,100.39
2004-07-22,100.41
2004-07-23,100.42
2004-07-26,100.43
2004-07-27,100.43
2004-07-28,100.43
2004-07-29,100.45
2004-07-30,100.46
2004-08-02,100.48
2004-08-03,100.48
2004-08-04,100.49
2004-08-05,100.5
2004-08-06,100.52
2004-08-09,100.53
2004-08-10,100.53
2004-08-11,100.53
2004-08-12,100.55
2004-08-13,100.56
2004-08-16,100.57
2004-08-17,100.58
2004-08-18,100.59
2004-08-19,100.57
2004-08-20,100.58
2004-08-23,100.59
2004-08-24,100.59
2004-08-25,100.6
2004-08-26,100.62
2004-08-27,100.62
2004-08-30,100.63
2004-08-31,100.63
2004-09-01,100.64
2004-09-02,100.63
2004-09-03,100.65
2004-09-06,100.66
2004-09-07,100.66
2004-09-08,100.67
2004-09-09,100.69
2004-09-10,100.7
2004-09-13,100.71
2004-09-14,100.72
2004-09-15,100.72
2004-09-16,100.73
2004-09-17,100.72
2004-09-20,100.75
2004-09-21,100.75
2004-09-22,100.75
2004-09-23,100.77
2004-09-24,100.78
2004-09-27,100.79
2004-09-28,100.79
2004-09-29,100.79
2004-09-30,100.81
2004-10-01,100.81
2004-10-04,100.82
2004-10-05,100.83
2004-10-06,100.83
2004-10-07,100.84
2004-10-08,100.85
2004-10-11,100.86
2004-10-12,100.87
2004-10-13,100.87
2004-10-14,100.89
2004-10-15,100.89
2004-10-18,100.9
2004-10-19,100.91
2004-10-20,100.91
2004-10-21,100.93
2004-10-22,100.95
2004-10-25,100.96
2004-10-26,100.97
2004-10-27,100.98
2004-10-28,100.96
2004-10-29,100.97
2004-11-01,100.96
2004-11-02,100.96
2004-11-03,100.98
2004-11-04,100.99
2004-11-05,101
2004-11-08,101.01
2004-11-09,101.01
2004-11-10,101.01
2004-11-11,101.03
2004-11-12,101.04
2004-11-15,101.05
2004-11-16,101.05
2004-11-17,101.05
2004-11-18,101.07
2004-11-19,101.08
2004-11-22,101.08
2004-11-23,101.09
2004-11-24,101.09
2004-11-25,101.11
2004-11-26,101.12
2004-11-29,101.12
2004-11-30,101.13
2004-12-01,101.14
2004-12-02,101.16
2004-12-03,101.16
2004-12-06,101.18
2004-12-07,101.19
2004-12-08,101.19
2004-12-09,101.2
2004-12-10,101.21
2004-12-13,101.23
2004-12-14,101.24
2004-12-15,101.26
2004-12-16,101.25
2004-12-17,101.24
2004-12-20,101.26
2004-12-21,101.27
2004-12-22,101.28
2004-12-23,101.29
2004-12-24,101.29
2004-12-27,101.32
2004-12-28,101.33
2004-12-29,101.33
2004-12-30,101.34
2004-12-31,101.33
2005-01-03,101.35
2005-01-04,101.36
2005-01-05,101.37
2005-01-06,101.37
2005-01-07,101.38
2005-01-10,101.39
2005-01-11,101.4
2005-01-12,101.4
2005-01-13,101.41
2005-01-14,101.42
2005-01-17,101.43
2005-01-19,101.44
2005-01-20,101.46
2005-01-21,101.46
2005-01-24,101.49
2005-01-25,101.49
2005-01-26,101.47
2005-01-27,101.48
2005-01-28,101.48
2005-01-31,101.5
2005-02-01,101.5
2005-02-02,101.51
2005-02-03,101.52
2005-02-04,101.52
2005-02-07,101.52
2005-02-08,101.53
2005-02-09,101.53
2005-02-10,101.54
2005-02-11,101.57
2005-02-14,101.58
2005-02-15,101.59
2005-02-16,101.59
2005-02-17,101.6
2005-02-18,101.6
2005-02-21,101.62
2005-02-22,101.62
2005-02-23,101.62
2005-02-24,101.62
2005-02-25,101.63
2005-02-28,101.66
2005-03-01,101.66
2005-03-02,101.66
2005-03-03,101.67
2005-03-04,101.68
2005-03-07,101.71
2005-03-08,101.72
2005-03-09,101.72
2005-03-10,101.73
2005-03-11,101.72
2005-03-14,101.74
2005-03-15,101.75
2005-03-16,101.74
2005-03-17,101.75
2005-03-18,101.74
2005-03-21,101.75
2005-03-22,101.75
2005-03-23,101.76
2005-03-24,101.77
2005-03-25,101.77
2005-03-28,101.77
2005-03-29,101.8
2005-03-30,101.81
2005-03-31,101.82
2005-04-01,101.84
2005-04-04,101.87
2005-04-05,101.87
2005-04-06,101.88
2005-04-07,101.87
2005-04-08,101.88
2005-04-11,101.91
2005-04-12,101.91
2005-04-13,101.92
2005-04-14,101.94
2005-04-15,101.95
2005-04-18,101.97
2005-04-19,101.98
2005-04-20,101.97
2005-04-21,101.98
2005-04-22,101.99
2005-04-25,102.02
2005-04-26,102.03
2005-04-27,102.04
2005-04-28,102.07
2005-04-29,102.08
2005-05-02,102.12
2005-05-03,102.13
2005-05-04,102.13
2005-05-05,102.13
2005-05-06,102.13
2005-05-09,102.16
2005-05-10,102.2
2005-05-11,102.19
2005-05-12,102.18
2005-05-13,102.21
2005-05-16,102.24
2005-05-17,102.24
2005-05-18,102.27
2005-05-19,102.29
2005-05-20,102.26
2005-05-23,102.29
2005-05-24,102.3
2005-05-25,102.31
2005-05-26,102.31
2005-05-27,102.31
2005-05-30,102.32
2005-05-31,102.35
2005-06-01,102.35
2005-06-02,102.37
2005-06-03,102.36
2005-06-06,102.36
2005-06-07,102.44
2005-06-08,101.51
2005-06-09,101.52
2005-06-10,101.53
2005-06-13,101.54
2005-06-14,101.54
2005-06-15,101.55
2005-06-16,101.56
2005-06-17,101.58
2005-06-20,101.61
2005-06-21,101.67
2005-06-22,101.71
2005-06-23,101.7
2005-06-24,101.7
2005-06-27,101.7
2005-06-28,101.73
2005-06-29,101.73
2005-06-30,101.73
2005-07-01,101.73
2005-07-04,101.73
2005-07-05,101.73
2005-07-06,101.74
2005-07-07,101.76
2005-07-08,101.77
2005-07-11,101.77
2005-07-12,101.77
2005-07-13,101.77
2005-07-14,101.78
2005-07-15,101.77
2005-07-18,101.8
2005-07-19,101.78
2005-07-20,101.8
2005-07-21,101.81
2005-07-22,101.81
2005-07-25,101.84
2005-07-26,101.84
2005-07-27,101.84
2005-07-28,101.83
2005-07-29,101.82
2005-08-01,101.82
2005-08-02,101.81
2005-08-03,101.81
2005-08-04,101.81
2005-08-05,101.8
2005-08-08,101.82
2005-08-09,101.83
2005-08-10,101.84
2005-08-11,101.82
2005-08-12,101.83
2005-08-15,101.85
2005-08-16,101.85
2005-08-17,101.85
2005-08-18,101.85
2005-08-19,101.85
2005-08-22,101.87
2005-08-23,101.88
2005-08-24,101.89
2005-08-25,101.88
2005-08-26,101.88
2005-08-29,101.89
2005-08-30,101.9
2005-08-31,101.89
2005-09-01,101.91
2005-09-02,101.93
2005-09-05,101.95
2005-09-06,101.99
2005-09-07,101.99
2005-09-08,102
2005-09-09,102
2005-09-12,102.01
2005-09-13,102.01
2005-09-14,102.01
2005-09-15,102.02
2005-09-16,102.02
2005-09-19,102.04
2005-09-20,102.05
2005-09-21,102.05
2005-09-22,102.06
2005-09-23,102.06
2005-09-26,102.07
2005-09-27,102.08
2005-09-28,102.08
2005-09-29,102.08
2005-09-30,102.08
2005-10-03,102.09
2005-10-04,102.1
2005-10-05,102.1
2005-10-06,102.1
2005-10-07,102.11
2005-10-10,102.12
2005-10-11,102.13
2005-10-12,102.13
2005-10-13,102.14
2005-10-14,102.15
2005-10-17,102.16
2005-10-18,102.16
2005-10-19,102.17
2005-10-20,102.18
2005-10-21,102.18
2005-10-24,102.2
2005-10-25,102.2
2005-10-26,102.2
2005-10-27,102.21
2005-10-28,102.21
2005-10-31,102.22
2005-11-01,102.23
2005-11-02,102.23
2005-11-03,102.24
2005-11-04,102.24
2005-11-07,102.25
2005-11-08,102.25
2005-11-09,102.25
2005-11-10,102.26
2005-11-11,102.27
2005-11-14,102.28
2005-11-15,102.28
2005-11-16,102.29
2005-11-17,102.29
2005-11-18,102.3
2005-11-21,102.31
2005-11-22,102.31
2005-11-23,102.32
2005-11-24,102.33
2005-11-25,102.33
2005-11-28,102.34
2005-11-29,102.34
2005-11-30,102.35
2005-12-01,102.36
2005-12-02,102.36
2005-12-05,102.37
2005-12-06,102.37
2005-12-07,102.38
2005-12-08,102.39
2005-12-09,102.39
2005-12-12,102.4
2005-12-13,102.4
2005-12-14,102.41
2005-12-15,102.42
2005-12-16,102.42
2005-12-19,102.43
2005-12-20,102.44
2005-12-21,102.44
2005-12-22,102.45
2005-12-23,102.46
2005-12-27,102.47
2005-12-28,102.47
2005-12-29,102.48
2005-12-30,102.48
2006-01-02,102.5
2006-01-03,102.5
2006-01-04,102.51
2006-01-05,102.51
2006-01-09,102.52
2006-01-10,102.53
2006-01-11,102.53
2006-01-12,102.54
2006-01-13,102.55
2006-01-16,102.56
2006-01-17,102.56
2006-01-18,102.57
2006-01-19,102.58
2006-01-20,102.58
2006-01-23,102.59
2006-01-24,102.6
2006-01-25,102.6
2006-01-26,102.61
2006-01-27,102.61
2006-01-30,102.62
2006-01-31,102.63
2006-02-01,102.63
2006-02-02,102.64
2006-02-03,102.65
2006-02-06,102.66
2006-02-07,102.67
2006-02-08,102.67
2006-02-09,102.68
2006-02-10,102.69
2006-02-13,102.7
2006-02-14,102.7
2006-02-15,102.71
2006-02-16,102.72
2006-02-17,102.72
2006-02-20,102.73
2006-02-21,102.73
2006-02-22,102.73
2006-02-23,102.74
2006-02-24,102.74
2006-02-27,102.76
2006-02-28,102.78
2006-03-01,102.78
2006-03-02,102.79
2006-03-03,102.79
2006-03-06,102.8
2006-03-07,102.81
2006-03-08,102.81
2006-03-09,102.82
2006-03-10,102.83
2006-03-13,102.84
2006-03-14,102.85
2006-03-15,102.85
2006-03-16,102.87
2006-03-17,102.87
2006-03-20,102.88
2006-03-21,102.89
2006-03-22,102.89
2006-03-23,102.91
2006-03-24,102.91
2006-03-27,102.93
2006-03-28,102.93
2006-03-29,102.93
2006-03-30,102.95
2006-03-31,102.95
2006-04-03,102.94
2006-04-04,102.95
2006-04-05,102.95
2006-04-06,102.96
2006-04-07,102.97
2006-04-10,102.98
2006-04-11,102.99
2006-04-12,103.01
2006-04-13,103.01
2006-04-18,103.03
2006-04-19,103.03
2006-04-20,103.05
2006-04-21,103.05
2006-04-24,103.05
2006-04-25,103.06
2006-04-26,103.06
2006-04-27,103.07
2006-04-28,103.07
2006-05-02,103.1
2006-05-03,103.11
2006-05-04,103.12
2006-05-05,103.12
2006-05-08,103.14
2006-05-09,103.14
2006-05-10,103.15
2006-05-11,103.15
2006-05-12,103.16
2006-05-15,103.18
2006-05-16,103.19
2006-05-17,103.2
2006-05-18,103.2
2006-05-19,103.21
2006-05-22,103.23
2006-05-23,103.23
2006-05-24,103.24
2006-05-26,103.25
2006-05-30,103.27
2006-05-31,103.28
2006-06-01,103.28
2006-06-02,103.29
2006-06-05,103.3
2006-06-07,102.78
2006-06-08,102.79
2006-06-09,102.8
2006-06-12,102.81
2006-06-13,102.82
2006-06-14,102.83
2006-06-15,102.79
2006-06-16,102.8
2006-06-19,102.81
2006-06-20,102.82
2006-06-21,102.84
2006-06-22,102.84
2006-06-26,102.88
2006-06-27,102.89
2006-06-28,102.9
2006-06-29,102.91
2006-06-30,102.91
2006-07-03,102.94
2006-07-04,102.95
2006-07-05,102.96
2006-07-06,102.98
2006-07-07,102.99
2006-07-10,103.01
2006-07-11,103.01
2006-07-12,103.02
2006-07-13,103.03
2006-07-14,103.03
2006-07-17,103.05
2006-07-18,103.06
2006-07-19,103.06
2006-07-20,103.07
2006-07-21,103.08
2006-07-24,103.1
2006-07-25,103.1
2006-07-26,103.11
2006-07-27,103.11
2006-07-28,103.12
2006-07-31,103.14
2006-08-01,103.14
2006-08-02,103.13
2006-08-03,103.14
2006-08-04,103.14
2006-08-07,103.16
2006-08-08,103.17
2006-08-09,103.18
2006-08-10,103.18
2006-08-11,103.19
2006-08-14,103.21
2006-08-15,103.22
2006-08-16,103.23
2006-08-17,103.23
2006-08-18,103.24
2006-08-21,103.26
2006-08-22,103.27
2006-08-23,103.27
2006-08-24,103.28
2006-08-25,103.28
2006-08-28,103.3
2006-08-29,103.31
2006-08-30,103.31
2006-08-31,103.32
2006-09-01,103.32
2006-09-04,103.34
2006-09-05,103.35
2006-09-06,103.36
2006-09-07,103.36
2006-09-08,103.37
2006-09-11,103.39
2006-09-12,103.4
2006-09-13,103.41
2006-09-14,103.41
2006-09-15,103.42
2006-09-18,103.44
2006-09-20,103.46
2006-09-21,103.46
2006-09-22,103.47
2006-09-25,103.49
2006-09-26,103.5
2006-09-27,103.51
2006-09-28,103.52
2006-09-29,103.52
2006-10-02,103.52
2006-10-03,103.52
2006-10-04,103.53
2006-10-05,103.54
2006-10-06,103.55
2006-10-09,103.57
2006-10-10,103.57
2006-10-11,103.58
2006-10-12,103.59
2006-10-13,103.6
2006-10-16,103.62
2006-10-19,103.64
2006-10-20,103.65
2006-10-23,103.67
2006-10-24,103.68
2006-10-25,103.68
2006-10-26,103.69
2006-10-27,103.7
2006-10-30,103.72
2006-10-31,103.73
2006-11-01,103.74
2006-11-02,103.74
2006-11-03,103.75
2006-11-06,103.77
2006-11-07,103.78
2006-11-09,103.8
2006-11-10,103.81
2006-11-13,103.83
2006-11-14,103.84
2006-11-15,103.85
2006-11-16,103.86
2006-11-17,103.86
2006-11-20,103.89
2006-11-21,103.9
2006-11-22,103.9
2006-11-23,103.91
2006-11-24,103.92
2006-11-27,103.94
2006-11-28,103.95
2006-11-29,103.96
2006-11-30,103.96
2006-12-01,103.97
2006-12-04,104
2006-12-05,104.01
2006-12-06,104.01
2006-12-07,104.02
2006-12-08,104.03
2006-12-11,104.05
2006-12-12,104.06
2006-12-13,104.07
2006-12-14,104.08
2006-12-15,104.08
2006-12-18,104.11
2006-12-19,104.12
2006-12-20,104.13
2006-12-21,104.13
2006-12-22,104.14
2006-12-27,104.19
2006-12-28,104.2
2006-12-29,104.2
2007-01-02,104.24
2007-01-03,104.25
2007-01-04,104.26
2007-01-05,104.27
2007-01-08,104.29
2007-01-09,104.31
2007-01-10,104.32
2007-01-11,104.32
2007-01-12,104.33
2007-01-15,104.36
2007-01-16,104.37
2007-01-17,104.38
2007-01-18,104.39
2007-01-19,104.4
2007-01-22,104.42
2007-01-23,104.43
2007-01-24,104.44
2007-01-25,104.45
2007-01-26,104.46
2007-01-29,104.49
2007-01-30,104.49
2007-01-31,104.5
2007-02-01,104.51
2007-02-02,104.52
2007-02-05,104.55
2007-02-06,104.56
2007-02-07,104.57
2007-02-08,104.57
2007-02-09,104.58
2007-02-12,104.61
2007-02-13,104.62
2007-02-14,104.63
2007-02-15,104.65
2007-02-16,104.66
2007-02-19,104.68
2007-02-20,104.69
2007-02-21,104.7
2007-02-22,104.71
2007-02-23,104.72
2007-02-26,104.75
2007-02-27,104.76
2007-02-28,104.77
2007-03-01,104.77
2007-03-02,104.78
2007-03-05,104.81
2007-03-06,104.82
2007-03-07,104.83
2007-03-08,104.84
2007-03-09,104.85
2007-03-12,104.88
2007-03-13,104.89
2007-03-14,104.9
2007-03-15,104.91
2007-03-16,104.92
2007-03-19,104.95
2007-03-20,104.95
2007-03-21,104.96
2007-03-22,104.97
2007-03-23,104.98
2007-03-26,105.01
2007-03-27,105.02
2007-03-28,105.02
2007-03-29,105.03
2007-03-30,105.04
2007-04-02,105.1
2007-04-03,105.11
2007-04-04,105.12
2007-04-05,105.13
2007-04-10,105.17
2007-04-11,105.18
2007-04-12,105.19
2007-04-13,105.2
2007-04-16,105.23
2007-04-17,105.24
2007-04-18,105.25
2007-04-19,105.26
2007-04-20,105.27
2007-04-23,105.3
2007-04-24,105.31
2007-04-25,105.32
2007-04-26,105.32
2007-04-27,105.33
2007-04-30,105.36
2007-05-02,105.38
2007-05-03,105.39
2007-05-04,105.41
2007-05-07,105.43
2007-05-08,105.44
2007-05-09,105.45
2007-05-10,105.46
2007-05-11,105.47
2007-05-14,105.5
2007-05-15,105.51
2007-05-16,105.52
2007-05-18,105.54
2007-05-21,105.57
2007-05-22,105.58
2007-05-23,105.59
2007-05-24,105.6
2007-05-25,105.61
2007-05-28,105.64
2007-05-29,105.65
2007-05-30,105.66
2007-05-31,105.67
2007-06-01,105.68
2007-06-04,104.31
2007-06-05,104.32
2007-06-07,104.34
2007-06-08,104.35
2007-06-11,104.38
2007-06-12,104.39
2007-06-13,104.4
2007-06-14,104.42
2007-06-15,104.43
2007-06-18,104.46
2007-06-19,104.47
2007-06-20,104.47
2007-06-21,104.48
2007-06-25,104.52
2007-06-26,104.53
2007-06-27,104.54
2007-06-28,104.55
2007-06-29,104.56
2007-07-02,104.58
2007-07-03,104.59
2007-07-04,104.6
2007-07-05,104.61
2007-07-06,104.62
2007-07-09,104.65
2007-07-10,104.66
2007-07-11,104.67
2007-07-12,104.68
2007-07-13,104.69
2007-07-16,104.72
2007-07-17,104.73
2007-07-18,104.75
2007-07-19,104.75
2007-07-20,104.76
2007-07-23,104.8
2007-07-24,104.81
2007-07-25,104.82
2007-07-26,104.83
2007-07-27,104.84
2007-07-30,104.87
2007-07-31,104.87
2007-08-01,104.88
2007-08-02,104.89
2007-08-03,104.9
2007-08-06,104.93
2007-08-07,104.94
2007-08-08,104.95
2007-08-09,104.96
2007-08-10,104.97
2007-08-13,105
2007-08-14,104.95
2007-08-15,105.01
2007-08-16,105.03
2007-08-17,105.02
2007-08-20,105.05
2007-08-21,105.06
2007-08-22,105.07
2007-08-23,105.07
2007-08-24,105.09
2007-08-27,105.12
2007-08-28,105.13
2007-08-29,105.14
2007-08-30,105.15
2007-08-31,105.15
2007-09-03,105.18
2007-09-04,105.19
2007-09-05,105.2
2007-09-06,105.21
2007-09-07,105.22
2007-09-10,105.24
2007-09-11,105.25
2007-09-12,105.26
2007-09-13,105.27
2007-09-14,105.29
2007-09-17,105.32
2007-09-18,105.33
2007-09-19,105.35
2007-09-20,105.36
2007-09-21,105.37
2007-09-24,105.41
2007-09-25,105.42
2007-09-26,105.43
2007-09-27,105.44
2007-09-28,105.45
2007-10-01,105.48
2007-10-02,105.49
2007-10-03,105.5
2007-10-04,105.51
2007-10-05,105.52
2007-10-08,105.55
2007-10-09,105.56
2007-10-10,105.57
2007-10-11,105.58
2007-10-12,105.59
2007-10-15,105.63
2007-10-16,105.64
2007-10-17,105.65
2007-10-18,105.67
2007-10-19,105.68
2007-10-22,105.71
2007-10-23,105.73
2007-10-24,105.74
2007-10-25,105.75
2007-10-26,105.76
2007-10-29,105.8
2007-10-30,105.81
2007-10-31,105.82
2007-11-01,105.85
2007-11-02,105.85
2007-11-05,105.88
2007-11-06,105.89
2007-11-07,105.9
2007-11-08,105.91
2007-11-09,105.92
2007-11-12,105.96
2007-11-13,105.97
2007-11-14,105.98
2007-11-15,105.99
2007-11-16,106
2007-11-19,106.04
2007-11-20,106.04
2007-11-21,106.05
2007-11-22,106.06
2007-11-23,106.07
2007-11-26,106.1
2007-11-27,106.11
2007-11-28,106.12
2007-11-29,106.13
2007-11-30,106.14
2007-12-03,106.18
2007-12-04,106.19
2007-12-05,106.21
2007-12-06,106.23
2007-12-07,106.24
2007-12-10,106.28
2007-12-11,106.28
2007-12-12,106.29
2007-12-13,106.31
2007-12-14,106.31
2007-12-17,106.35
2007-12-18,106.34
2007-12-19,106.35
2007-12-20,106.36
2007-12-21,106.38
2007-12-27,106.45
2007-12-28,106.46
2008-01-02,106.52
2008-01-03,106.54
2008-01-04,106.55
2008-01-07,106.58
2008-01-08,106.6
2008-01-09,106.61
2008-01-10,106.59
2008-01-11,106.55
2008-01-14,106.5
2008-01-15,106.52
2008-01-16,106.54
2008-01-17,106.56
2008-01-18,106.55
2008-01-21,106.56
2008-01-22,106.58
2008-01-23,106.59
2008-01-24,106.6
2008-01-25,106.62
2008-01-28,106.62
2008-01-29,106.63
2008-01-30,106.66
2008-01-31,106.66
2008-02-01,106.68
2008-02-04,106.72
2008-02-05,106.73
2008-02-06,106.74
2008-02-07,106.75
2008-02-08,106.76
2008-02-11,106.78
2008-02-12,106.77
2008-02-13,106.75
2008-02-14,106.77
2008-02-15,106.79
2008-02-18,106.83
2008-02-19,106.85
2008-02-20,106.84
2008-02-21,106.86
2008-02-22,106.87
2008-02-25,106.91
2008-02-26,106.92
2008-02-27,106.94
2008-02-28,106.95
2008-02-29,106.98
2008-03-03,107.02
2008-03-04,107.03
2008-03-05,107.05
2008-03-06,107.07
2008-03-07,107.08
2008-03-10,107.12
2008-03-11,107.14
2008-03-12,107.15
2008-03-13,107.17
2008-03-14,107.19
2008-03-17,107.2
2008-03-18,107.22
2008-03-19,107.23
2008-03-20,107.25
2008-03-25,107.36
2008-03-26,107.37
2008-03-27,107.38
2008-03-28,107.4
2008-03-31,107.43
2008-04-01,107.44
2008-04-02,107.45
2008-04-03,107.47
2008-04-04,107.49
2008-04-07,107.53
2008-04-08,107.55
2008-04-09,107.56
2008-04-10,107.58
2008-04-11,107.59
2008-04-14,107.64
2008-04-15,107.65
2008-04-16,107.66
2008-04-17,107.67
2008-04-18,107.69
2008-04-21,107.73
2008-04-22,107.75
2008-04-23,107.76
2008-04-24,107.78
2008-04-25,107.79
2008-04-28,107.83
2008-04-29,107.85
2008-04-30,107.87
2008-05-02,107.89
2008-05-05,107.94
2008-05-06,107.93
2008-05-07,107.99
2008-05-08,107.98
2008-05-09,108.03
2008-05-12,108.04
2008-05-13,108.06
2008-05-14,108.07
2008-05-15,108.09
2008-05-16,108.1
2008-05-19,108.14
2008-05-20,108.07
2008-05-21,108.09
2008-05-22,108.11
2008-05-23,108.13
2008-05-26,108.17
2008-05-27,108.18
2008-05-28,108.21
2008-05-29,108.22
2008-05-30,108.24
2008-06-02,108.28
2008-06-03,108.29
2008-06-04,108.32
2008-06-05,108.33
2008-06-09,108.38
2008-06-10,106.23
2008-06-11,106.25
2008-06-12,106.26
2008-06-13,106.27
2008-06-16,106.32
2008-06-17,106.37
2008-06-19,106.41
2008-06-23,106.43
2008-06-24,106.45
2008-06-25,106.46
2008-06-26,106.48
2008-06-27,106.5
2008-06-30,106.55
2008-07-01,106.56
2008-07-02,106.57
2008-07-03,106.55
2008-07-04,106.57
2008-07-07,106.61
2008-07-08,106.62
2008-07-09,106.64
2008-07-10,106.66
2008-07-11,106.66
2008-07-14,106.72
2008-07-15,106.73
2008-07-16,106.75
2008-07-17,106.76
2008-07-18,106.78
2008-07-21,106.81
2008-07-22,106.83
2008-07-23,106.84
2008-07-24,106.88
2008-07-25,106.89
2008-07-28,106.94
2008-07-29,106.95
2008-07-30,106.97
2008-07-31,106.99
2008-08-01,107
2008-08-04,107.04
2008-08-05,107.05
2008-08-06,107.07
2008-08-07,107.09
2008-08-08,107.1
2008-08-11,107.15
2008-08-12,107.16
2008-08-13,107.18
2008-08-14,107.19
2008-08-15,107.21
2008-08-18,107.25
2008-08-19,107.27
2008-08-20,107.28
2008-08-21,107.29
2008-08-22,107.31
2008-08-25,107.35
2008-08-26,107.36
2008-08-27,107.38
2008-08-28,107.4
2008-08-29,107.41
2008-09-01,107.45
2008-09-02,107.46
2008-09-03,107.48
2008-09-04,107.48
2008-09-05,107.49
2008-09-08,107.54
2008-09-09,107.56
2008-09-10,107.57
2008-09-11,107.58
2008-09-12,107.6
2008-09-15,107.62
2008-09-16,107.63
2008-09-17,107.56
2008-09-18,107.45
2008-09-19,107.3
2008-09-22,107.39
2008-09-23,107.42
2008-09-24,107.43
2008-09-25,107.4
2008-09-26,107.43
2008-09-29,107.46
2008-09-30,107.22
2008-10-01,107.211
2008-10-02,107.09
2008-10-03,107.19
2008-10-06,107.24
2008-10-07,107.21
2008-10-08,107.28
2008-10-09,107.29
2008-10-10,107.31
2008-10-13,107.37
2008-10-14,107.44
2008-10-15,107.41
2008-10-16,107.44
2008-10-17,107.46
2008-10-20,107.5
2008-10-21,107.53
2008-10-22,107.45
2008-10-23,107.35
2008-10-24,107.24
2008-10-27,107.16
2008-10-28,107.18
2008-10-29,107.19
2008-10-30,107.27
2008-10-31,107.29
2008-11-03,107.33
2008-11-04,107.33
2008-11-05,107.4
2008-11-06,107.48
2008-11-07,107.51
2008-11-10,107.56
2008-11-11,107.58
2008-11-12,107.63
2008-11-13,107.62
2008-11-14,107.5
2008-11-17,107.54
2008-11-18,107.53
2008-11-19,107.53
2008-11-20,107.52
2008-11-21,107.54
2008-11-24,107.6
2008-11-25,107.59
2008-11-26,107.78
2008-11-27,107.79
2008-11-28,107.8
2008-12-01,107.86
2008-12-02,107.89
2008-12-03,107.8
2008-12-04,107.97
2008-12-05,107.95
2008-12-08,107.97
2008-12-09,107.97
2008-12-10,108.01
2008-12-11,108.07
2008-12-12,108.1
2008-12-15,108.1
2008-12-16,108.15
2008-12-17,108.25
2008-12-18,108.25
2008-12-19,108.27
2008-12-22,108.31
2008-12-23,108.33
2008-12-29,108.4
2008-12-30,108.41
2009-01-02,108.47
2009-01-05,108.5
2009-01-07,108.63
2009-01-08,108.64
2009-01-09,108.71
2009-01-12,108.73
2009-01-13,108.82
2009-01-14,108.84
2009-01-15,108.87
2009-01-16,108.86
2009-01-19,108.9
2009-01-20,108.95
2009-01-21,108.95
2009-01-22,109.04
2009-01-23,109.07
2009-01-26,109.09
2009-01-27,109.1
2009-01-28,109.13
2009-01-29,109.16
2009-01-30,109.19
2009-02-02,109.32
2009-02-03,109.27
2009-02-04,109.27
2009-02-05,109.29
2009-02-06,109.28
2009-02-09,109.32
2009-02-10,109.38
2009-02-11,109.64
2009-02-12,109.68
2009-02-13,109.71
2009-02-16,109.77
2009-02-17,109.82
2009-02-18,109.82
2009-02-19,109.81
2009-02-20,109.85
2009-02-23,109.89
2009-02-24,109.89
2009-02-25,109.85
2009-02-26,109.78
2009-02-27,109.8
2009-03-02,109.82
2009-03-03,109.56
2009-03-04,109.56
2009-03-05,109.58
2009-03-06,109.56
2009-03-09,109.56
2009-03-10,109.57
2009-03-11,109.59
2009-03-12,109.59
2009-03-13,109.6
2009-03-16,109.62
2009-03-17,109.62
2009-03-18,109.62
2009-03-19,109.65
2009-03-20,109.7
2009-03-23,109.69
2009-03-24,109.71
2009-03-25,109.72
2009-03-26,109.74
2009-03-27,109.78
2009-03-30,109.82
2009-03-31,109.86
2009-04-01,109.88
2009-04-02,109.9
2009-04-03,109.92
2009-04-06,109.96
2009-04-07,109.98
2009-04-08,110.02
2009-04-09,110.11
2009-04-14,110.16
2009-04-15,110.21
2009-04-16,110.24
2009-04-17,110.24
2009-04-20,110.26
2009-04-21,110.24
2009-04-22,110.25
2009-04-23,110.26
2009-04-24,110.25
2009-04-27,110.27
2009-04-28,110.28
2009-04-29,110.3
2009-04-30,110.33
2009-05-04,110.35
2009-05-05,110.4
2009-05-06,110.43
2009-05-07,110.44
2009-05-08,110.49
2009-05-11,110.51
2009-05-12,110.51
2009-05-13,110.54
2009-05-14,110.55
2009-05-15,110.57
2009-05-18,110.58
2009-05-19,110.6
2009-05-20,110.61
2009-05-22,110.63
2009-05-25,110.63
2009-05-26,110.66
2009-05-27,110.67
2009-05-28,110.67
2009-05-29,110.69
2009-06-01,110.7
2009-06-02,110.73
2009-06-03,110.74
2009-06-04,110.74
2009-06-05,110.74
2009-06-08,110.73
2009-06-09,110.73
2009-06-10,105.42
2009-06-11,105.44
2009-06-12,105.46
2009-06-15,105.48
2009-06-16,105.48
2009-06-17,105.5
2009-06-18,105.54
2009-06-22,105.56
2009-06-23,105.57
2009-06-24,105.59
2009-06-25,105.67
2009-06-26,105.69
2009-06-29,105.71
2009-06-30,105.72
2009-07-01,105.72
2009-07-02,105.9
2009-07-03,105.9
2009-07-06,105.92
2009-07-07,105.94
2009-07-08,105.95
2009-07-09,105.96
2009-07-10,105.99
2009-07-13,106.02
2009-07-14,106.03
2009-07-15,106.03
2009-07-16,106.06
2009-07-17,106.06
2009-07-20,106.08
2009-07-21,106.09
2009-07-22,106.1
2009-07-23,106.1
2009-07-24,106.1
2009-07-27,106.1
2009-07-28,106.13
2009-07-29,106.15
2009-07-30,106.15
2009-07-31,106.15
2009-08-03,106.16
2009-08-04,106.15
2009-08-05,106.15
2009-08-06,106.23
2009-08-07,106.25
2009-08-10,106.26
2009-08-11,106.26
2009-08-12,106.26
2009-08-13,106.27
2009-08-14,106.27
2009-08-17,106.27
2009-08-18,106.3
2009-08-19,106.32
2009-08-20,106.32
2009-08-21,106.32
2009-08-24,106.32
2009-08-25,106.34
2009-08-26,106.35
2009-08-27,106.38
2009-08-28,106.4
2009-08-31,106.39
2009-09-01,106.41
2009-09-02,106.41
2009-09-03,106.44
2009-09-04,106.44
2009-09-07,106.46
2009-09-08,106.46
2009-09-09,106.47
2009-09-10,106.48
2009-09-11,106.47
2009-09-14,106.48
2009-09-15,106.48
2009-09-16,106.55
2009-09-17,106.56
2009-09-18,106.58
2009-09-21,106.59
2009-09-22,106.6
2009-09-23,106.6
2009-09-24,106.61
2009-09-25,106.61
2009-09-28,106.62
2009-09-29,106.62
2009-09-30,106.63
2009-10-01,106.67
2009-10-02,106.71
2009-10-05,106.74
2009-10-06,106.74
2009-10-07,106.73
2009-10-08,106.74
2009-10-09,106.74
2009-10-12,106.76
2009-10-13,106.76
2009-10-14,106.77
2009-10-15,106.77
2009-10-16,106.78
2009-10-19,106.79
2009-10-20,106.79
2009-10-21,106.8
2009-10-22,106.82
2009-10-23,106.82
2009-10-26,106.83
2009-10-27,106.84
2009-10-28,106.85
2009-10-29,106.85
2009-10-30,106.86
2009-11-02,106.86
2009-11-03,106.87
2009-11-04,106.87
2009-11-05,106.88
2009-11-06,106.87
2009-11-09,106.89
2009-11-10,106.89
2009-11-11,106.89
2009-11-12,106.89
2009-11-13,106.89
2009-11-16,106.9
2009-11-17,106.9
2009-11-18,106.91
2009-11-19,106.91
2009-11-20,106.91
2009-11-23,106.91
2009-11-24,106.92
2009-11-25,106.92
2009-11-26,106.93
2009-11-27,106.93
2009-11-30,106.93
2009-12-01,106.94
2009-12-02,106.94
2009-12-03,106.95
2009-12-04,106.96
2009-12-07,106.96
2009-12-08,106.97
2009-12-09,106.97
2009-12-10,106.97
2009-12-11,106.98
2009-12-14,106.98
2009-12-15,106.98
2009-12-16,106.98
2009-12-17,106.99
2009-12-18,107
2009-12-21,106.99
2009-12-22,107.03
2009-12-23,107.03
2009-12-28,107.04
2009-12-29,107.04
2009-12-30,107.04
2010-01-04,107.05
2010-01-05,107.06
2010-01-07,107.07
2010-01-08,107.07
2010-01-11,107.09
2010-01-12,107.08
2010-01-13,107.09
2010-01-14,107.1
2010-01-15,107.11
2010-01-18,107.11
2010-01-19,107.11
2010-01-20,107.11
2010-01-21,107.12
2010-01-22,107.12
2010-01-25,107.12
2010-01-26,107.13
2010-01-27,107.13
2010-01-28,107.13
2010-01-29,107.12
2010-02-01,107.12
2010-02-02,107.13
2010-02-03,107.12
2010-02-04,107.13
2010-02-05,107.11
2010-02-08,107.12
2010-02-09,107.12
2010-02-10,107.12
2010-02-11,107.11
2010-02-12,107.11
2010-02-15,107.12
2010-02-16,107.12
2010-02-17,107.12
2010-02-18,107.12
2010-02-19,107.12
2010-02-22,107.13
2010-02-23,107.14
2010-02-24,107.13
2010-02-25,107.14
2010-02-26,107.14
2010-03-01,107.16
2010-03-02,107.16
2010-03-03,107.16
2010-03-04,107.16
2010-03-05,107.16
2010-03-08,107.16
2010-03-09,107.17
2010-03-10,107.16
2010-03-11,107.17
2010-03-12,107.17
2010-03-15,107.18
2010-03-16,107.18
2010-03-17,107.2
2010-03-18,107.21
2010-03-19,107.21
2010-03-22,107.22
2010-03-23,107.22
2010-03-24,107.22
2010-03-25,107.22
2010-03-26,107.22
2010-03-29,107.23
2010-03-30,107.23
2010-03-31,107.23
2010-04-01,107.24
2010-04-06,107.25
2010-04-07,107.25
2010-04-08,107.26
2010-04-09,107.26
2010-04-12,107.27
2010-04-13,107.27
2010-04-14,107.28
2010-04-15,107.28
2010-04-16,107.28
2010-04-19,107.28
2010-04-20,107.29
2010-04-21,107.29
2010-04-22,107.29
2010-04-23,107.3
2010-04-26,107.31
2010-04-27,107.3
2010-04-28,107.3
2010-04-29,107.3
2010-04-30,107.3
2010-05-03,107.29
2010-05-04,107.3
2010-05-05,107.31
2010-05-06,107.31
2010-05-07,107.32
2010-05-10,107.32
2010-05-11,107.32
2010-05-12,107.33
2010-05-14,107.33
2010-05-17,107.34
2010-05-18,107.34
2010-05-19,107.34
2010-05-20,107.34
2010-05-21,107.34
2010-05-24,107.34
2010-05-25,107.34
2010-05-26,107.34
2010-05-27,107.33
2010-05-28,107.33
2010-05-31,107.32
2010-06-01,107.32
2010-06-02,107.32
2010-06-03,107.32
2010-06-04,107.33
2010-06-07,107.34
2010-06-08,105.26
2010-06-09,105.26
2010-06-10,105.26
2010-06-11,105.27
2010-06-14,105.28
2010-06-15,105.28
2010-06-16,105.28
2010-06-17,105.28
2010-06-18,105.28
2010-06-21,105.29
2010-06-22,105.29
2010-06-23,105.29
2010-06-24,105.29
2010-06-28,105.3
2010-06-29,105.3
2010-06-30,105.29
2010-07-01,105.3
2010-07-02,105.3
2010-07-05,105.31
2010-07-06,105.31
2010-07-07,105.31
2010-07-08,105.31
2010-07-09,105.31
2010-07-12,105.32
2010-07-13,105.32
2010-07-14,105.33
2010-07-15,105.33
2010-07-16,105.33
2010-07-19,105.34
2010-07-20,105.34
2010-07-21,105.35
2010-07-22,105.35
2010-07-23,105.35
2010-07-26,105.36
2010-07-27,105.36
2010-07-28,105.36
2010-07-29,105.37
2010-07-30,105.37
2010-08-02,105.38
2010-08-03,105.38
2010-08-04,105.38
2010-08-05,105.39
2010-08-06,105.39
2010-08-09,105.4
2010-08-10,105.4
2010-08-11,105.41
2010-08-12,105.41
2010-08-13,105.41
2010-08-16,105.42
2010-08-17,105.42
2010-08-18,105.43
2010-08-19,105.43
2010-08-20,105.43
2010-08-23,105.44
2010-08-24,105.44
2010-08-25,105.44
2010-08-26,105.44
2010-08-27,105.44
2010-08-30,105.44
2010-08-31,105.45
2010-09-01,105.45
2010-09-02,105.45
2010-09-03,105.45
2010-09-06,105.46
2010-09-07,105.46
2010-09-08,105.46
2010-09-09,105.47
2010-09-10,105.47
2010-09-13,105.52
2010-09-14,105.53
2010-09-15,105.52
2010-09-16,105.52
2010-09-17,105.52
2010-09-20,105.52
2010-09-21,105.53
2010-09-22,105.53
2010-09-23,105.54
2010-09-24,105.54
2010-09-27,105.56
2010-09-28,105.56
2010-09-29,105.55
2010-09-30,105.55
2010-10-01,105.55
2010-10-04,105.56
2010-10-05,105.67
2010-10-06,105.57
2010-10-07,105.57
2010-10-08,105.58
2010-10-11,105.59
2010-10-12,105.59
2010-10-13,105.61
2010-10-14,105.6
2010-10-15,105.6
2010-10-18,105.62
2010-10-19,105.61
2010-10-20,105.59
2010-10-21,105.59
2010-10-22,105.57
2010-10-25,105.55
2010-10-26,105.56
2010-10-27,105.56
2010-10-28,105.56
2010-10-29,105.56
2010-11-01,105.57
2010-11-02,105.58
2010-11-03,105.57
2010-11-04,105.57
2010-11-05,105.57
2010-11-08,105.59
2010-11-09,105.6
2010-11-10,105.61
2010-11-11,105.61
2010-11-12,105.62
2010-11-15,105.63
2010-11-16,105.64
2010-11-17,105.63
2010-11-18,105.64
2010-11-19,105.65
2010-11-22,105.66
2010-11-23,105.67
2010-11-24,105.67
2010-11-25,105.67
2010-11-26,105.67
2010-11-29,105.67
2010-11-30,105.68
2010-12-01,105.68
2010-12-02,105.68
2010-12-03,105.69
2010-12-06,105.71
2010-12-07,105.71
2010-12-08,105.68
2010-12-09,105.68
2010-12-10,105.67
2010-12-13,105.69
2010-12-14,105.69
2010-12-15,105.7
2010-12-16,105.7
2010-12-17,105.72
2010-12-20,105.73
2010-12-21,105.73
2010-12-22,105.74
2010-12-23,105.76
2010-12-27,105.78
2010-12-28,105.78
2010-12-29,105.8
2010-12-30,105.81
2011-01-03,105.82
2011-01-04,105.83
2011-01-05,105.85
2011-01-07,105.85
2011-01-10,105.87
2011-01-11,105.88
2011-01-12,105.88
2011-01-13,105.89
2011-01-14,105.9
2011-01-17,105.92
2011-01-18,105.93
2011-01-19,105.94
2011-01-20,105.96
2011-01-21,105.96
2011-01-24,105.98
2011-01-25,105.98
2011-01-26,105.99
2011-01-27,105.99
2011-01-28,106
2011-01-31,106.02
2011-02-01,106.02
2011-02-02,106.02
2011-02-03,106.04
2011-02-04,106.03
2011-02-07,106.05
2011-02-08,106.06
2011-02-09,106.06
2011-02-10,106.07
2011-02-11,106.07
2011-02-14,106.09
2011-02-15,106.09
2011-02-16,106.1
2011-02-17,106.11
2011-02-18,106.12
2011-02-21,106.14
2011-02-22,106.15
2011-02-23,106.14
2011-02-24,106.15
2011-02-25,106.16
2011-02-28,106.17
2011-03-01,106.19
2011-03-02,106.19
2011-03-03,106.2
2011-03-04,106.21
2011-03-07,106.22
2011-03-08,106.23
2011-03-09,106.24
2011-03-10,106.25
2011-03-11,106.25
2011-03-14,106.28
2011-03-15,106.29
2011-03-16,106.28
2011-03-17,106.28
2011-03-18,106.28
2011-03-21,106.3
2011-03-22,106.33
2011-03-23,106.34
2011-03-24,106.36
2011-03-25,106.37
2011-03-28,106.39
2011-03-29,106.4
2011-03-30,106.4
2011-03-31,106.42
2011-04-01,106.43
2011-04-04,106.46
2011-04-05,106.47
2011-04-06,106.48
2011-04-07,106.49
2011-04-08,106.5
2011-04-11,106.53
2011-04-12,106.54
2011-04-13,106.55
2011-04-14,106.55
2011-04-15,106.56
2011-04-18,106.56
2011-04-19,106.58
2011-04-20,106.6
2011-04-21,106.61
2011-04-26,106.65
2011-04-27,106.65
2011-04-28,106.66
2011-04-29,106.67
2011-05-02,106.69
2011-05-03,106.7
2011-05-04,106.7
2011-05-05,106.73
2011-05-06,106.74
2011-05-09,106.77
2011-05-10,106.78
2011-05-11,106.78
2011-05-12,106.81
2011-05-13,106.81
2011-05-16,106.84
2011-05-17,106.84
2011-05-18,106.85
2011-05-19,106.86
2011-05-20,106.86
2011-05-23,106.89
2011-05-24,106.91
2011-05-25,106.91
2011-05-26,106.92
2011-05-27,106.93
2011-05-30,106.95
2011-05-31,106.95
2011-06-01,106.96
2011-06-03,106.98
2011-06-07,107.01
2011-06-08,106.04
2011-06-09,106.05
2011-06-10,106.06
2011-06-13,106.1
2011-06-14,106.11
2011-06-15,106.1
2011-06-16,106.11
2011-06-17,106.11
2011-06-20,106.14
2011-06-21,106.12
2011-06-22,106.13
2011-06-23,106.15
2011-06-27,106.17
2011-06-28,106.17
2011-06-29,106.19
2011-06-30,106.2
2011-07-01,106.21
2011-07-04,106.23
2011-07-05,106.24
2011-07-06,106.24
2011-07-07,106.24
2011-07-08,106.25
2011-07-11,106.28
2011-07-12,106.29
2011-07-13,106.31
2011-07-14,106.33
2011-07-15,106.34
2011-07-18,106.36
2011-07-19,106.35
2011-07-20,106.36
2011-07-21,106.37
2011-07-22,106.39
2011-07-25,106.39
2011-07-26,106.42
2011-07-27,106.43
2011-07-28,106.45
2011-07-29,106.46
2011-08-01,106.47
2011-08-02,106.47
2011-08-03,106.46
2011-08-04,106.48
2011-08-05,106.47
2011-08-08,106.52
2011-08-09,106.53
2011-08-10,106.52
2011-08-11,106.53
2011-08-12,106.52
2011-08-15,106.55
2011-08-16,106.56
2011-08-17,106.57
2011-08-18,106.58
2011-08-19,106.58
2011-08-22,106.59
2011-08-23,106.6
2011-08-24,106.61
2011-08-25,106.62
2011-08-26,106.62
2011-08-29,106.66
2011-08-30,106.65
2011-08-31,106.63
2011-09-01,106.64
2011-09-02,106.67
2011-09-05,106.69
2011-09-06,106.7
2011-09-07,106.69
2011-09-08,106.71
2011-09-09,106.73
2011-09-12,106.73
2011-09-13,106.73
2011-09-14,106.74
2011-09-15,106.74
2011-09-16,106.75
2011-09-19,106.79
2011-09-20,106.84
2011-09-21,106.84
2011-09-22,106.88
2011-09-23,106.87
2011-09-26,106.88
2011-09-27,106.91
2011-09-28,106.9
2011-09-29,106.9
2011-09-30,106.89
2011-10-03,106.94
2011-10-04,106.94
2011-10-05,106.94
2011-10-06,106.96
2011-10-07,106.97
2011-10-10,106.99
2011-10-11,106.99
2011-10-12,107
2011-10-13,107.01
2011-10-14,107.01
2011-10-17,107.04
2011-10-18,107.02
2011-10-19,107.05
2011-10-20,107.06
2011-10-21,107.07
2011-10-24,107.09
2011-10-25,107.1
2011-10-26,107.12
2011-10-27,107.12
2011-10-28,107.14
2011-10-31,107.17
2011-11-01,107.18
2011-11-02,107.16
2011-11-03,107.18
2011-11-04,107.19
2011-11-07,107.2
2011-11-08,107.22
2011-11-09,107.21
2011-11-10,107.21
2011-11-11,107.22
2011-11-14,107.25
2011-11-15,107.26
2011-11-16,107.27
2011-11-17,107.27
2011-11-18,107.28
2011-11-21,107.31
2011-11-22,107.32
2011-11-23,107.32
2011-11-24,107.34
2011-11-25,107.35
2011-11-28,107.37
2011-11-29,107.37
2011-11-30,107.26
2011-12-01,107.33
2011-12-02,107.34
2011-12-05,107.35
2011-12-06,107.36
2011-12-07,107.36
2011-12-08,107.35
2011-12-09,107.38
2011-12-12,107.4
2011-12-13,107.4
2011-12-14,107.4
2011-12-15,107.4
2011-12-16,107.41
2011-12-19,107.45
2011-12-20,107.46
2011-12-21,107.47
2011-12-22,107.48
2011-12-23,107.49
2011-12-27,107.53
2011-12-28,107.51
2011-12-29,107.54
2011-12-30,107.55
2012-01-02,107.57
2012-01-03,107.58
2012-01-04,107.57
2012-01-05,107.59
2012-01-09,107.53
2012-01-10,107.64
2012-01-11,107.65
2012-01-12,107.66
2012-01-13,107.67
2012-01-16,107.7
2012-01-17,107.7
2012-01-18,107.7
2012-01-19,107.71
2012-01-20,107.74
2012-01-23,107.77
2012-01-24,107.78
2012-01-25,107.8
2012-01-26,107.8
2012-01-27,107.81
2012-01-30,107.85
2012-01-31,107.87
2012-02-01,107.89
2012-02-02,107.95
2012-02-03,107.94
2012-02-06,107.98
2012-02-07,107.98
2012-02-08,108
2012-02-09,108.01
2012-02-10,108.02
2012-02-13,108.04
2012-02-14,108.01
2012-02-15,108.08
2012-02-16,108.07
2012-02-17,108.08
2012-02-20,108.13
2012-02-21,108.13
2012-02-22,108.12
2012-02-23,108.15
2012-02-24,108.13
2012-02-27,108.16
2012-02-28,108.16
2012-02-29,108.17
2012-03-01,108.2
2012-03-02,108.22
2012-03-05,108.25
2012-03-06,108.29
2012-03-07,108.28
2012-03-08,108.31
2012-03-09,108.32
2012-03-12,108.35
2012-03-13,108.36
2012-03-14,108.36
2012-03-15,108.4
2012-03-16,108.41
2012-03-19,108.46
2012-03-20,108.47
2012-03-21,108.47
2012-03-22,108.5
2012-03-23,108.54
2012-03-26,108.56
2012-03-27,108.56
2012-03-28,108.57
2012-03-29,108.59
2012-03-30,108.61
2012-04-02,108.62
2012-04-03,108.67
2012-04-04,108.7
2012-04-05,108.7
2012-04-10,108.76
2012-04-11,108.77
2012-04-12,108.79
2012-04-13,108.81
2012-04-16,108.84
2012-04-17,108.84
2012-04-18,108.84
2012-04-19,108.84
2012-04-20,108.86
2012-04-23,108.89
2012-04-24,108.89
2012-04-25,108.91
2012-04-26,108.92
2012-04-27,108.94
2012-04-30,108.96
2012-05-02,108.99
2012-05-03,109.01
2012-05-04,109.02
2012-05-07,109.05
2012-05-08,109.06
2012-05-09,109.06
2012-05-10,109.07
2012-05-11,109.09
2012-05-14,109.14
2012-05-15,109.14
2012-05-16,109.17
2012-05-18,109.13
2012-05-21,109.2
2012-05-22,109.2
2012-05-23,109.21
2012-05-24,109.22
2012-05-25,109.22
2012-05-28,109.25
2012-05-29,109.24
2012-05-30,109.25
2012-05-31,109.24
2012-06-01,109.24
2012-06-04,106.7
2012-06-05,106.72
2012-06-07,106.71
2012-06-08,106.73
2012-06-11,106.76
2012-06-12,106.76
2012-06-13,106.76
2012-06-14,106.78
2012-06-15,106.79
2012-06-18,106.82
2012-06-19,106.82
2012-06-20,106.84
2012-06-21,106.86
2012-06-25,106.89
2012-06-26,106.9
2012-06-27,106.91
2012-06-28,106.91
2012-06-29,106.91
2012-07-02,106.94
2012-07-03,106.95
2012-07-04,106.95
2012-07-05,106.97
2012-07-06,106.99
2012-07-09,107.01
2012-07-10,107.02
2012-07-11,107.02
2012-07-12,107.03
2012-07-13,107.05
2012-07-16,107.08
2012-07-17,107.08
2012-07-18,107.09
2012-07-19,107.1
2012-07-20,107.11
2012-07-23,107.14
2012-07-24,107.16
2012-07-25,107.16
2012-07-26,107.17
2012-07-27,107.18
2012-07-30,107.2
2012-07-31,107.22
2012-08-01,107.24
2012-08-02,107.27
2012-08-03,107.27
2012-08-06,107.29
2012-08-07,107.31
2012-08-08,107.33
2012-08-09,107.35
2012-08-10,107.38
2012-08-13,107.4
2012-08-14,107.41
2012-08-15,107.43
2012-08-16,107.44
2012-08-17,107.45
2012-08-20,107.47
2012-08-21,107.5
2012-08-22,107.5
2012-08-23,107.51
2012-08-24,107.54
2012-08-27,107.56
2012-08-28,107.58
2012-08-29,107.59
2012-08-30,107.62
2012-08-31,107.62
2012-09-03,107.66
2012-09-04,107.68
2012-09-05,107.69
2012-09-06,107.72
2012-09-07,107.73
2012-09-10,107.75
2012-09-11,107.76
2012-09-12,107.77
2012-09-13,107.8
2012-09-14,107.82
2012-09-17,107.85
2012-09-18,107.87
2012-09-19,107.89
2012-09-20,107.9
2012-09-21,107.92
2012-09-24,107.97
2012-09-25,107.95
2012-09-26,107.97
2012-09-27,107.99
2012-09-28,108.01
2012-10-01,108.03
2012-10-02,108.06
2012-10-03,108.07
2012-10-04,108.09
2012-10-05,108.13
2012-10-08,108.14
2012-10-09,108.17
2012-10-10,108.17
2012-10-11,108.18
2012-10-12,108.18
2012-10-15,108.21
2012-10-16,108.23
2012-10-17,108.23
2012-10-18,108.22
2012-10-19,108.23
2012-10-22,108.25
2012-10-23,108.25
2012-10-24,108.25
2012-10-25,108.26
2012-10-26,108.28
2012-10-29,108.29
2012-10-30,108.31
2012-10-31,108.3
2012-11-01,108.3
2012-11-02,108.31
2012-11-05,108.34
2012-11-06,108.34
2012-11-07,108.33
2012-11-08,108.34
2012-11-09,108.35
2012-11-12,108.37
2012-11-13,108.39
2012-11-14,108.4
2012-11-15,108.43
2012-11-16,108.44
2012-11-19,108.46
2012-11-20,108.45
2012-11-21,108.45
2012-11-22,108.44
2012-11-23,108.47
2012-11-26,108.49
2012-11-27,108.31
2012-11-28,108.48
2012-11-29,108.48
2012-11-30,108.5
2012-12-03,108.52
2012-12-04,108.52
2012-12-05,108.52
2012-12-06,108.53
2012-12-07,108.53
2012-12-10,108.58
2012-12-11,108.6
2012-12-12,108.61
2012-12-13,108.61
2012-12-14,108.62
2012-12-17,108.64
2012-12-18,108.67
2012-12-19,108.67
2012-12-20,108.67
2012-12-21,108.66
2012-12-27,108.71
2012-12-28,108.72
2013-01-02,108.76
2013-01-03,108.79
2013-01-04,108.8
2013-01-07,108.84
2013-01-08,108.84
2013-01-09,108.84
2013-01-10,108.89
2013-01-11,108.89
2013-01-14,108.91
2013-01-15,108.93
2013-01-16,108.93
2013-01-17,108.92
2013-01-18,108.94
2013-01-21,108.97
2013-01-22,108.94
2013-01-23,108.95
2013-01-24,108.98
2013-01-25,108.96
2013-01-28,108.98
2013-01-29,109
2013-01-30,109.03
2013-01-31,109.04
2013-02-01,109.06
2013-02-04,109.07
2013-02-05,109.07
2013-02-06,109.07
2013-02-07,109.07
2013-02-08,109.08
2013-02-11,109.1
2013-02-12,109.1
2013-02-13,109.1
2013-02-14,109.12
2013-02-15,109.12
2013-02-18,109.14
2013-02-19,109.14
2013-02-20,109.14
2013-02-21,109.13
2013-02-22,109.14
2013-02-25,109.16
2013-02-26,109.17
2013-02-27,109.16
2013-02-28,109.17
2013-03-01,109.18
2013-03-04,109.19
2013-03-05,109.21
2013-03-06,109.21
2013-03-07,109.23
2013-03-08,109.23
2013-03-11,109.24
2013-03-12,109.26
2013-03-13,109.26
2013-03-14,109.28
2013-03-15,109.27
2013-03-18,109.29
2013-03-19,109.28
2013-03-20,109.28
2013-03-21,109.29
2013-03-22,109.3
2013-03-25,109.32
2013-03-26,109.31
2013-03-27,109.31
2013-03-28,109.31
2013-04-02,109.34
2013-04-03,109.34
2013-04-04,109.36
2013-04-05,109.36
2013-04-08,109.37
2013-04-09,109.39
2013-04-10,109.39
2013-04-11,109.41
2013-04-12,109.4
2013-04-15,109.42
2013-04-16,109.43
2013-04-17,109.42
2013-04-18,109.42
2013-04-19,109.38
2013-04-22,109.44
2013-04-23,109.46
2013-04-24,109.47
2013-04-25,109.47
2013-04-26,109.48
2013-04-29,109.5
2013-04-30,109.51
2013-05-02,109.53
2013-05-03,109.56
2013-05-06,109.58
2013-05-07,109.58
2013-05-08,109.58
2013-05-10,109.61
2013-05-13,109.62
2013-05-14,109.63
2013-05-15,109.64
2013-05-16,109.64
2013-05-17,109.66
2013-05-20,109.69
2013-05-21,109.69
2013-05-22,109.71
2013-05-23,109.72
2013-05-24,109.72
2013-05-27,109.74
2013-05-28,109.75
2013-05-29,109.74
2013-05-30,109.75
2013-05-31,109.75
2013-06-03,109.76
2013-06-04,109.76
2013-06-05,109.77
2013-06-07,109.79
2013-06-10,109.81
2013-06-11,109.8
2013-06-12,109.8
2013-06-13,109.8
2013-06-14,109.8
2013-06-17,109.81
2013-06-18,109.82
2013-06-19,109.84
2013-06-20,109.81
2013-06-24,109.82
2013-06-25,109.82
2013-06-26,109.82
2013-06-27,109.82
2013-06-28,109.83
2013-07-01,109.84
2013-07-02,109.86
2013-07-03,109.87
2013-07-04,109.87
2013-07-05,109.9
2013-07-08,109.91
2013-07-09,109.9
2013-07-10,109.91
2013-07-11,109.92
2013-07-12,109.92
2013-07-15,109.94
2013-07-16,109.95
2013-07-17,109.95
2013-07-18,109.98
2013-07-19,109.97
2013-07-22,110.01
2013-07-23,110.01
2013-07-24,110.01
2013-07-25,110.01
2013-07-26,110.01
2013-07-29,110.03
2013-07-30,110.03
2013-07-31,110.04
2013-08-01,110.05
2013-08-02,110.07
2013-08-05,110.09
2013-08-06,110.1
2013-08-07,110.1
2013-08-08,110.11
2013-08-09,110.13
2013-08-12,110.15
2013-08-13,110.16
2013-08-14,110.15
2013-08-15,110.15
2013-08-16,110.17
2013-08-19,110.18
2013-08-20,110.19
2013-08-21,110.2
2013-08-22,110.2
2013-08-23,110.2
2013-08-26,110.22
2013-08-27,110.22
2013-08-28,110.23
2013-08-29,110.22
2013-08-30,110.22
2013-09-02,110.25
2013-09-03,110.26
2013-09-04,110.25
2013-09-05,110.26
2013-09-06,110.26
2013-09-09,110.27
2013-09-10,110.29
2013-09-11,110.3
2013-09-12,110.31
2013-09-13,110.32
2013-09-16,110.35
2013-09-17,110.34
2013-09-18,110.35
2013-09-19,110.38
2013-09-20,110.38
2013-09-23,110.39
2013-09-24,110.41
2013-09-25,110.41
2013-09-26,110.42
2013-09-27,110.43
2013-09-30,110.45
2013-10-01,110.46
2013-10-02,110.46
2013-10-03,110.44
2013-10-04,110.44
2013-10-07,110.47
2013-10-08,110.48
2013-10-09,110.48
2013-10-10,110.49
2013-10-11,110.49
2013-10-14,110.52
2013-10-15,110.52
2013-10-16,110.52
2013-10-17,110.52
2013-10-18,110.53
2013-10-21,110.56
2013-10-22,110.58
2013-10-23,110.58
2013-10-24,110.59
2013-10-25,110.6
2013-10-28,110.63
2013-10-29,110.62
2013-10-30,110.62
2013-10-31,110.63
2013-11-01,110.64
2013-11-04,110.66
2013-11-05,110.66
2013-11-06,110.66
2013-11-07,110.69
2013-11-08,110.7
2013-11-11,110.75
2013-11-12,110.74
2013-11-13,110.76
2013-11-14,110.78
2013-11-15,110.79
2013-11-18,110.81
2013-11-19,110.82
2013-11-20,110.82
2013-11-21,110.81
2013-11-22,110.81
2013-11-25,110.83
2013-11-26,110.84
2013-11-27,110.85
2013-11-28,110.86
2013-11-29,110.86
2013-12-02,110.87
2013-12-03,110.89
2013-12-04,110.89
2013-12-05,110.9
2013-12-06,110.9
2013-12-09,110.91
2013-12-10,110.93
2013-12-11,110.94
2013-12-12,110.95
2013-12-13,110.96
2013-12-16,110.96
2013-12-17,111
2013-12-18,111
2013-12-19,110.99
2013-12-20,110.97
2013-12-23,110.99
2013-12-27,111.02
2013-12-30,111.05
2014-01-02,111.06
2014-01-03,111.07
2014-01-07,111.1
2014-01-08,111.12
2014-01-09,111.16
2014-01-10,111.17
2014-01-13,111.19
2014-01-14,111.2
2014-01-15,111.19
2014-01-16,111.2
2014-01-17,111.22
2014-01-20,111.24
2014-01-21,111.25
2014-01-22,111.25
2014-01-23,111.27
2014-01-24,111.26
2014-01-27,111.27
2014-01-28,111.27
2014-01-29,111.26
2014-01-30,111.26
2014-01-31,111.27
2014-02-03,111.29
2014-02-04,111.29
2014-02-05,111.28
2014-02-06,111.3
2014-02-07,111.31
2014-02-10,111.33
2014-02-11,111.34
2014-02-12,111.34
2014-02-13,111.34
2014-02-14,111.35
2014-02-17,111.36
2014-02-18,111.37
2014-02-19,111.38
2014-02-20,111.39
2014-02-21,111.4
2014-02-24,111.42
2014-02-25,111.42
2014-02-26,111.42
2014-02-27,111.43
2014-02-28,111.44
2014-03-03,111.45
2014-03-04,111.46
2014-03-05,111.46
2014-03-06,111.47
2014-03-07,111.48
2014-03-10,111.49
2014-03-11,111.49
2014-03-12,111.49
2014-03-13,111.49
2014-03-14,111.48
2014-03-17,111.5
2014-03-18,111.5
2014-03-19,111.5
2014-03-20,111.51
2014-03-21,111.51
2014-03-24,111.52
2014-03-25,111.53
2014-03-26,111.53
2014-03-27,111.53
2014-03-28,111.54
2014-03-31,111.56
2014-04-01,111.58
2014-04-02,111.58
2014-04-03,111.59
2014-04-04,111.59
2014-04-07,111.61
2014-04-08,111.61
2014-04-09,111.63
2014-04-10,111.64
2014-04-11,111.64
2014-04-14,111.66
2014-04-15,111.65
2014-04-16,111.65
2014-04-17,111.67
2014-04-22,111.7
2014-04-23,111.71
2014-04-24,111.72
2014-04-25,111.71
2014-04-28,111.73
2014-04-29,111.72
2014-04-30,111.73
2014-05-02,111.74
2014-05-05,111.75
2014-05-06,111.77
2014-05-07,111.76
2014-05-08,111.76
2014-05-09,111.77
2014-05-12,111.8
2014-05-13,111.81
2014-05-14,111.82
2014-05-15,111.81
2014-05-16,111.81
2014-05-19,111.83
2014-05-20,111.83
2014-05-21,111.82
2014-05-22,111.82
2014-05-23,111.82
2014-05-26,111.84
2014-05-27,111.82
2014-05-28,111.83
2014-05-30,111.85
2014-06-02,111.87
2014-06-03,111.86
2014-06-04,111.86
2014-06-05,111.87
2014-06-09,111.92
2014-06-10,111.92
2014-06-11,111.91
2014-06-12,111.91
2014-06-13,111.91
2014-06-16,111.92
2014-06-17,111.92
2014-06-18,111.91
2014-06-19,111.94
2014-06-23,111.97
2014-06-24,111.99
2014-06-25,111.99
2014-06-26,112
2014-06-27,112.01
2014-06-30,112.04
2014-07-01,112.04
2014-07-02,112.04
2014-07-03,112.13
2014-07-04,112.14
2014-07-07,112.14
2014-07-08,112.16
2014-07-09,112.14
2014-07-10,112.15
2014-07-11,112.15
2014-07-14,112.17
2014-07-15,112.16
2014-07-16,112.16
2014-07-17,112.16
2014-07-18,112.17
2014-07-21,112.18
2014-07-22,112.2
2014-07-23,112.19
2014-07-24,112.2
2014-07-25,112.2
2014-07-28,112.22
2014-07-29,112.22
2014-07-30,112.23
2014-07-31,112.23
2014-08-01,112.22
2014-08-04,112.24
2014-08-05,112.25
2014-08-06,112.25
2014-08-07,112.24
2014-08-08,112.24
2014-08-11,112.25
2014-08-12,112.24
2014-08-13,112.25
2014-08-14,112.25
2014-08-15,112.24
2014-08-18,112.25
2014-08-19,112.26
2014-08-20,112.26
2014-08-21,112.27
2014-08-22,112.28
2014-08-25,112.29
2014-08-26,112.3
2014-08-27,112.31
2014-08-28,112.32
2014-08-29,112.33
2014-09-01,112.33
2014-09-02,112.33
2014-09-03,112.33
2014-09-04,112.35
2014-09-05,112.36
2014-09-08,112.37
2014-09-09,112.38
2014-09-10,112.37
2014-09-11,112.38
2014-09-12,112.38
2014-09-15,112.39
2014-09-16,112.4
2014-09-17,112.39
2014-09-18,112.41
2014-09-19,112.42
2014-09-22,112.43
2014-09-23,112.43
2014-09-24,112.43
2014-09-25,112.43
2014-09-26,112.44
2014-09-29,112.45
2014-09-30,112.45
2014-10-01,112.45
2014-10-02,112.45
2014-10-03,112.45
2014-10-06,112.47
2014-10-07,112.47
2014-10-08,112.48
2014-10-09,112.48
2014-10-10,112.49
2014-10-13,112.5
2014-10-14,112.51
2014-10-15,112.53
2014-10-16,112.51
2014-10-17,112.5
2014-10-20,112.52
2014-10-21,112.53
2014-10-22,112.53
2014-10-23,112.53
2014-10-24,112.53
2014-10-27,112.55
2014-10-28,112.59
2014-10-29,112.6
2014-10-30,112.59
2014-10-31,112.58
2014-11-03,112.6
2014-11-04,112.61
2014-11-05,112.61
2014-11-06,112.61
2014-11-07,112.61
2014-11-10,112.63
2014-11-11,112.63
2014-11-12,112.63
2014-11-13,112.63
2014-11-14,112.63
2014-11-17,112.64
2014-11-18,112.64
2014-11-19,112.64
2014-11-20,112.64
2014-11-21,112.65
2014-11-24,112.68
2014-11-25,112.69
2014-11-26,112.69
2014-11-27,112.69
2014-11-28,112.69
2014-12-01,112.7
2014-12-02,112.7
2014-12-03,112.7
2014-12-04,112.7
2014-12-05,112.7
2014-12-08,112.7
2014-12-09,112.7
2014-12-10,112.71
2014-12-11,112.71
2014-12-12,112.72
2014-12-15,112.73
2014-12-16,112.73
2014-12-17,112.71
2014-12-18,112.71
2014-12-19,112.72
2014-12-22,112.72
2014-12-23,112.72
2014-12-29,112.73
2014-12-30,112.73
2015-01-02,112.75
2015-01-05,112.76
2015-01-07,112.77
2015-01-08,112.76
2015-01-09,112.77
2015-01-12,112.79
2015-01-13,112.79
2015-01-14,112.8
2015-01-15,112.8
2015-01-16,112.82
2015-01-19,112.83
2015-01-20,112.83
2015-01-21,112.84
2015-01-22,112.85
2015-01-23,112.87
2015-01-26,112.88
2015-01-27,112.88
2015-01-28,112.88
2015-01-29,112.88
2015-01-30,112.88
2015-02-02,112.89
2015-02-03,112.9
2015-02-04,112.9
2015-02-05,112.89
2015-02-06,112.9
2015-02-09,112.91
2015-02-10,112.9
2015-02-11,112.9
2015-02-12,112.91
2015-02-13,112.91
2015-02-16,112.91
2015-02-17,112.91
2015-02-18,112.91
2015-02-19,112.91
2015-02-20,112.91
2015-02-23,112.91
2015-02-24,112.91
2015-02-25,112.92
2015-02-26,112.9
2015-02-27,112.88
2015-03-02,112.89
2015-03-03,112.89
2015-03-04,112.89
2015-03-05,112.88
2015-03-06,112.88
2015-03-09,112.89
2015-03-10,112.9
2015-03-11,112.9
2015-03-12,112.88
2015-03-13,112.88
2015-03-16,112.89
2015-03-17,112.89
2015-03-18,112.93
2015-03-19,112.92
2015-03-20,112.91
2015-03-23,112.92
2015-03-24,112.92
2015-03-25,112.92
2015-03-26,112.92
2015-03-27,112.92
2015-03-30,112.93
2015-03-31,112.93
2015-04-01,112.91
2015-04-02,112.92
2015-04-07,112.94
2015-04-08,112.94
2015-04-09,112.94
2015-04-10,112.95
2015-04-13,112.97
2015-04-14,112.98
2015-04-15,112.98
2015-04-16,112.99
2015-04-17,112.99
2015-04-20,113.01
2015-04-21,113.01
2015-04-22,113.01
2015-04-23,113.01
2015-04-24,113.02
2015-04-27,113.03
2015-04-28,113.04
2015-04-29,113.02
2015-04-30,113.03
2015-05-04,113.04
2015-05-05,113.03
2015-05-06,113.03
2015-05-07,113.02
2015-05-08,113.02
2015-05-11,113.02
2015-05-12,113.01
2015-05-13,113
2015-05-15,113.01
2015-05-18,113.02
2015-05-19,113.02
2015-05-20,113.02
2015-05-21,113.01
2015-05-22,113.02
2015-05-25,113.01
2015-05-26,113.01
2015-05-27,113
2015-05-28,112.99
2015-05-29,112.98
2015-06-01,112.97
2015-06-02,112.96
2015-06-03,112.97
2015-06-04,112.94
2015-06-08,112.91
2015-06-10,112.89
2015-06-11,112.87
2015-06-12,112.85
2015-06-15,112.83
2015-06-16,112.81
2015-06-17,112.77
2015-06-18,112.75
2015-06-22,112.71
2015-06-23,112.71
2015-06-24,112.72
2015-06-25,112.72
2015-06-26,112.71
2015-06-29,112.73
2015-06-30,112.73
2015-07-01,112.72
2015-07-02,112.73
2015-07-03,112.7
2015-07-06,112.71
2015-07-07,112.71
2015-07-08,112.71
2015-07-09,112.7
2015-07-10,112.71
2015-07-13,112.75
2015-07-14,112.75
2015-07-15,112.74
2015-07-16,112.73
2015-07-17,112.73
2015-07-20,112.75
2015-07-21,112.75
2015-07-22,112.75
2015-07-23,112.73
2015-07-24,112.73
2015-07-27,112.75
2015-07-28,112.75
2015-07-29,112.75
2015-07-30,112.73
2015-07-31,112.74
2015-08-03,112.76
2015-08-04,112.76
2015-08-05,112.76
2015-08-06,112.73
2015-08-07,112.72
2015-08-10,112.74
2015-08-11,112.74
2015-08-12,112.74
2015-08-13,112.75
2015-08-14,112.75
2015-08-17,112.76
2015-08-18,112.75
2015-08-19,112.75
2015-08-20,112.73
2015-08-21,112.73
2015-08-24,112.76
2015-08-25,112.75
2015-08-26,112.75
2015-08-27,112.74
2015-08-28,112.74
2015-08-31,112.76
2015-09-01,112.76
2015-09-02,112.76
2015-09-03,112.74
2015-09-04,112.74
2015-09-07,112.75
2015-09-08,112.75
2015-09-09,112.74
2015-09-10,112.72
2015-09-11,112.71
2015-09-14,112.72
2015-09-15,112.71
2015-09-16,112.69
2015-09-17,112.68
2015-09-18,112.66
2015-09-21,112.68
2015-09-22,112.65
2015-09-23,112.62
2015-09-24,112.57
2015-09-25,112.52
2015-09-28,112.52
2015-09-29,112.5
2015-09-30,112.5
2015-10-01,112.47
2015-10-02,112.48
2015-10-05,112.49
2015-10-06,112.47
2015-10-07,112.46
2015-10-08,112.44
2015-10-09,112.44
2015-10-12,112.45
2015-10-13,112.45
2015-10-14,112.45
2015-10-15,112.41
2015-10-16,112.39
2015-10-19,112.4
2015-10-20,112.42
2015-10-21,112.38
2015-10-22,112.35
2015-10-23,112.37
2015-10-26,112.39
2015-10-27,112.39
2015-10-28,112.37
2015-10-29,112.37
2015-10-30,112.38
2015-11-02,112.4
2015-11-03,112.38
2015-11-04,112.4
2015-11-05,112.39
2015-11-06,112.4
2015-11-09,112.42
2015-11-10,112.41
2015-11-11,112.41
2015-11-12,112.4
2015-11-13,112.39
2015-11-16,112.41
2015-11-17,112.41
2015-11-18,112.41
2015-11-19,112.39
2015-11-20,112.38
2015-11-23,112.4
2015-11-24,112.37
2015-11-25,112.37
2015-11-26,112.35
2015-11-27,112.34
2015-11-30,112.34
2015-12-01,112.33
2015-12-02,112.33
2015-12-03,112.34
2015-12-04,112.34
2015-12-07,112.34
2015-12-08,112.33
2015-12-09,112.32
2015-12-10,112.3
2015-12-11,112.3
2015-12-14,112.3
2015-12-15,112.3
2015-12-16,112.3
2015-12-17,112.3
2015-12-18,112.3
2015-12-21,112.32
2015-12-22,112.32
2015-12-23,112.32
2015-12-28,112.35
2015-12-29,112.33
2015-12-30,112.33
2016-01-04,112.34
2016-01-05,112.34
2016-01-07,112.34
2016-01-08,112.34
2016-01-11,112.35
2016-01-12,112.34
2016-01-13,112.35
2016-01-14,112.34
2016-01-15,112.34
2016-01-18,112.35
2016-01-19,112.34
2016-01-20,112.35
2016-01-21,112.34
2016-01-22,112.34
2016-01-25,112.35
2016-01-26,112.34
2016-01-27,112.34
2016-01-28,112.34
2016-01-29,112.34
2016-02-01,112.35
2016-02-02,112.35
2016-02-03,112.35
2016-02-04,112.34
2016-02-05,112.34
2016-02-08,112.36
2016-02-09,112.36
2016-02-10,112.36
2016-02-11,112.38
2016-02-12,112.38
2016-02-15,112.39
2016-02-16,112.39
2016-02-17,112.38
2016-02-18,112.37
2016-02-19,112.38
2016-02-22,112.38
2016-02-23,112.39
2016-02-24,112.39
2016-02-25,112.37
2016-02-26,112.37
2016-02-29,112.38
2016-03-01,112.39
2016-03-02,112.38
2016-03-03,112.37
2016-03-04,112.37
2016-03-07,112.38
2016-03-08,112.38
2016-03-09,112.38
2016-03-10,112.39
2016-03-11,112.39
2016-03-14,112.41
2016-03-15,112.41
2016-03-16,112.41
2016-03-17,112.4
2016-03-18,112.39
2016-03-21,112.41
2016-03-22,112.41
2016-03-23,112.39
2016-03-24,112.38
2016-03-29,112.41
2016-03-30,112.43
2016-03-31,112.41
2016-04-01,112.4
2016-04-04,112.41
2016-04-05,112.42
2016-04-06,112.42
2016-04-07,112.41
2016-04-08,112.41
2016-04-11,112.42
2016-04-12,112.42
2016-04-13,112.42
2016-04-14,112.4
2016-04-15,112.42
2016-04-18,112.42
2016-04-19,112.43
2016-04-20,112.43
2016-04-21,112.42
2016-04-22,112.42
2016-04-25,112.43
2016-04-26,112.43
2016-04-27,112.43
2016-04-28,112.42
2016-04-29,112.42
2016-05-02,112.43
2016-05-03,112.42
2016-05-04,112.41
2016-05-06,112.42
2016-05-09,112.43
2016-05-10,112.43
2016-05-11,112.43
2016-05-12,112.43
2016-05-13,112.42
2016-05-16,112.44
2016-05-17,112.44
2016-05-18,112.44
2016-05-19,112.43
2016-05-20,112.43
2016-05-23,112.44
2016-05-24,112.44
2016-05-25,112.44
2016-05-26,112.44
2016-05-27,112.44
2016-05-30,112.45
2016-05-31,112.45
2016-06-01,112.45
2016-06-02,112.44
2016-06-03,112.43
2016-06-07,112.44
2016-06-08,112.43
2016-06-09,112.43
2016-06-10,112.42
2016-06-13,112.44
2016-06-14,112.43
2016-06-15,112.43
2016-06-16,112.43
2016-06-17,112.43
2016-06-20,112.44
2016-06-21,112.44
2016-06-22,112.44
2016-06-23,112.43
2016-06-27,112.46
2016-06-28,112.48
2016-06-29,112.48
2016-06-30,112.48
2016-07-01,112.48
2016-07-04,112.49
2016-07-05,112.49
2016-07-06,112.49
2016-07-07,112.49
2016-07-08,112.49
2016-07-11,112.5
2016-07-12,112.5
2016-07-13,112.5
2016-07-14,112.49
2016-07-15,112.49
2016-07-18,112.5
2016-07-19,112.5
2016-07-20,112.5
2016-07-21,112.49
2016-07-22,112.49
2016-07-25,112.51
2016-07-26,112.51
2016-07-27,112.52
2016-07-28,112.53
2016-07-29,112.51
2016-08-01,112.52
2016-08-02,112.52
2016-08-03,112.52
2016-08-04,112.51
2016-08-05,112.5
2016-08-08,112.51
2016-08-09,112.51
2016-08-10,112.51
2016-08-11,112.49
2016-08-12,112.49
2016-08-15,112.49
2016-08-16,112.5
2016-08-17,112.5
2016-08-18,112.49
2016-08-19,112.49
2016-08-22,112.49
2016-08-23,112.5
2016-08-24,112.5
2016-08-25,112.49
2016-08-26,112.48
2016-08-29,112.5
2016-08-30,112.52
2016-08-31,112.5
2016-09-01,112.49
2016-09-02,112.49
2016-09-05,112.5
2016-09-06,112.5
2016-09-07,112.49
2016-09-08,112.48
2016-09-09,112.48
2016-09-12,112.49
2016-09-13,112.49
2016-09-14,112.49
2016-09-15,112.48
2016-09-16,112.48
2016-09-19,112.49
2016-09-20,112.49
2016-09-21,112.49
2016-09-22,112.49
2016-09-23,112.48
2016-09-26,112.49
2016-09-27,112.49
2016-09-28,112.49
2016-09-29,112.48
2016-09-30,112.48
2016-10-03,112.49
2016-10-04,112.48
2016-10-05,112.48
2016-10-06,112.47
2016-10-07,112.48
2016-10-10,112.49
2016-10-11,112.49
2016-10-12,112.49
2016-10-13,112.47
2016-10-14,112.47
2016-10-17,112.48
2016-10-18,112.48
2016-10-19,112.47
2016-10-20,112.46
2016-10-21,112.46
2016-10-24,112.47
2016-10-25,112.46
2016-10-26,112.48
2016-10-27,112.48
2016-10-28,112.5
2016-10-31,112.5
2016-11-01,112.5
2016-11-02,112.5
2016-11-03,112.48
2016-11-04,112.49
2016-11-07,112.5
2016-11-08,112.5
2016-11-09,112.5
2016-11-10,112.48
2016-11-11,112.48
2016-11-14,112.48
2016-11-15,112.48
2016-11-16,112.48
2016-11-17,112.46
2016-11-18,112.46
2016-11-21,112.47
2016-11-22,112.47
2016-11-23,112.46
2016-11-24,112.46
2016-11-25,112.46
2016-11-28,112.46
2016-11-29,112.46
2016-11-30,112.47
2016-12-01,112.44
2016-12-02,112.44
2016-12-05,112.45
2016-12-06,112.45
2016-12-07,112.45
2016-12-08,112.45
2016-12-09,112.44
2016-12-12,112.45
2016-12-13,112.44
2016-12-14,112.44
2016-12-15,112.43
2016-12-16,112.43
2016-12-19,112.44
2016-12-20,112.43
2016-12-21,112.43
2016-12-22,112.41
2016-12-23,112.41
2016-12-27,112.43
2016-12-28,112.43
2016-12-29,112.42
2016-12-30,112.42
2017-01-02,112.42
2017-01-03,112.42
2017-01-04,112.4
2017-01-05,112.39
2017-01-09,112.4
2017-01-10,112.41
2017-01-11,112.4
2017-01-12,112.39
2017-01-13,112.38
2017-01-16,112.39
2017-01-17,112.38
2017-01-18,112.39
2017-01-19,112.39
2017-01-20,112.38
2017-01-23,112.39
2017-01-24,112.36
2017-01-25,112.35
2017-01-26,112.34
2017-01-27,112.35
2017-01-30,112.35
2017-01-31,112.35
2017-02-01,112.34
2017-02-02,112.33
2017-02-03,112.33
2017-02-06,112.33
2017-02-07,112.34
2017-02-08,112.32
2017-02-09,112.31
2017-02-10,112.32
2017-02-13,112.33
2017-02-14,112.32
2017-02-15,112.33
2017-02-16,112.32
2017-02-17,112.34
2017-02-20,112.34
2017-02-21,112.35
2017-02-22,112.35
2017-02-23,112.34
2017-02-24,112.32
2017-02-27,112.32
2017-02-28,112.32
2017-03-01,112.31
2017-03-02,112.32
2017-03-03,112.31
2017-03-06,112.32
2017-03-07,112.32
2017-03-08,112.32
2017-03-09,112.32
2017-03-10,112.31
2017-03-13,112.31
2017-03-14,112.3
2017-03-15,112.31
2017-03-16,112.3
2017-03-17,112.3
2017-03-20,112.31
2017-03-21,112.31
2017-03-22,112.3
2017-03-23,112.29
2017-03-24,112.28
2017-03-27,112.28
2017-03-28,112.27
2017-03-29,112.27
2017-03-30,112.27
2017-03-31,112.26
2017-04-03,112.26
2017-04-04,112.26
2017-04-05,112.27
2017-04-06,112.26
2017-04-07,112.26
2017-04-10,112.27
2017-04-11,112.28
2017-04-12,112.26
2017-04-13,112.27
2017-04-18,112.27
2017-04-19,112.27
2017-04-20,112.27
2017-04-21,112.28
2017-04-24,112.27
2017-04-25,112.27
2017-04-26,112.27
2017-04-27,112.28
2017-04-28,112.29
2017-05-02,112.29
2017-05-03,112.29
2017-05-04,112.28
2017-05-05,112.28
2017-05-08,112.28
2017-05-09,112.28
2017-05-10,112.28
2017-05-11,112.27
2017-05-12,112.27
2017-05-15,112.27
2017-05-16,112.28
2017-05-17,112.28
2017-05-18,112.27
2017-05-19,112.28
2017-05-22,112.29
2017-05-23,112.29
2017-05-24,112.28
2017-05-26,112.29
2017-05-29,112.3
2017-05-30,112.3
2017-05-31,112.29
2017-06-01,112.27
2017-06-02,112.27
2017-06-05,112.28
2017-06-07,112.28
2017-06-08,112.27
2017-06-09,112.28
2017-06-12,112.28
2017-06-13,112.29
2017-06-14,112.28
2017-06-15,112.28
2017-06-16,112.28
2017-06-19,112.29
2017-06-20,112.3
2017-06-21,112.29
2017-06-22,112.29
2017-06-26,112.3
2017-06-27,112.29
2017-06-28,112.29
2017-06-29,112.28
2017-06-30,112.28
2017-07-03,112.28
2017-07-04,112.29
2017-07-05,112.29
2017-07-06,112.28
2017-07-07,112.29
2017-07-10,112.29
2017-07-11,112.29
2017-07-12,112.3
2017-07-13,112.27
2017-07-14,112.27
2017-07-17,112.28
2017-07-18,112.28
2017-07-19,112.29
2017-07-20,112.28
2017-07-21,112.28
2017-07-24,112.28
2017-07-25,112.28
2017-07-26,112.28
2017-07-27,112.28
2017-07-28,112.28
2017-07-31,112.28
2017-08-01,112.28
2017-08-02,112.29
2017-08-03,112.28
2017-08-04,112.28
2017-08-07,112.28
2017-08-08,112.28
2017-08-09,112.28
2017-08-10,112.26
2017-08-11,112.26
2017-08-14,112.26
2017-08-15,112.24
2017-08-16,112.25
2017-08-17,112.25
2017-08-18,112.25
2017-08-21,112.26
2017-08-22,112.26
2017-08-23,112.26
2017-08-24,112.25
2017-08-25,112.25
2017-08-28,112.25
2017-08-29,112.25
2017-08-30,112.25
2017-08-31,112.23
2017-09-01,112.22
2017-09-04,112.23
2017-09-05,112.22
2017-09-06,112.22
2017-09-07,112.22
2017-09-08,112.22
2017-09-11,112.24
2017-09-12,112.23
2017-09-13,112.24
2017-09-14,112.21
2017-09-15,112.22
2017-09-18,112.23
2017-09-19,112.23
2017-09-20,112.23
2017-09-21,112.22
2017-09-22,112.22
2017-09-25,112.22
2017-09-26,112.22
2017-09-27,112.21
2017-09-28,112.21
2017-09-29,112.21
2017-10-02,112.22
2017-10-03,112.22
2017-10-04,112.22
2017-10-05,112.21
2017-10-06,112.21
2017-10-09,112.23
2017-10-10,112.21
2017-10-11,112.21
2017-10-12,112.2
2017-10-13,112.21
2017-10-16,112.2
2017-10-17,112.19
2017-10-18,112.19
2017-10-19,112.19
2017-10-20,112.18
2017-10-23,112.19
2017-10-24,112.18
2017-10-25,112.15
2017-10-26,112.14
2017-10-27,112.17
2017-10-30,112.18
2017-10-31,112.18
2017-11-01,112.18
2017-11-02,112.19
2017-11-03,112.19
2017-11-06,112.21
2017-11-07,112.21
2017-11-08,112.21
2017-11-09,112.21
2017-11-10,112.21
2017-11-13,112.2
2017-11-14,112.21
2017-11-15,112.22
2017-11-16,112.2
2017-11-17,112.2
2017-11-20,112.19
2017-11-21,112.19
2017-11-22,112.18
2017-11-23,112.16
2017-11-24,112.17
2017-11-27,112.17
2017-11-28,112.18
2017-11-29,112.18
2017-11-30,112.17
2017-12-01,112.16
2017-12-04,112.15
2017-12-05,112.17
2017-12-06,112.16
2017-12-07,112.14
2017-12-08,112.14
2017-12-11,112.14
2017-12-12,112.13
2017-12-13,112.14
2017-12-14,112.12
2017-12-15,112.12
2017-12-18,112.1
2017-12-19,112.1
2017-12-20,112.1
2017-12-21,112.08
2017-12-22,112.09
2017-12-27,112.09
2017-12-28,112.06
2017-12-29,112.06
2018-01-02,112.06
2018-01-03,112.05
2018-01-04,112.04
2018-01-05,112.05
2018-01-08,112.05
2018-01-09,112.04
2018-01-10,112.05
2018-01-11,112.04
2018-01-12,112.04
2018-01-15,112.04
2018-01-16,112.04
2018-01-17,112.04
2018-01-18,112.03
2018-01-19,112.04
2018-01-22,112.06
2018-01-23,112.07
2018-01-24,112.06
2018-01-25,112.06
2018-01-26,112.06
2018-01-29,112.07
2018-01-30,112.07
2018-01-31,112.06
2018-02-01,112.05
2018-02-02,112.05
2018-02-05,112.06
2018-02-06,112.05
2018-02-07,112.05
2018-02-08,112.04
2018-02-09,112.04
2018-02-12,112.05
2018-02-13,112.04
2018-02-14,112.04
2018-02-15,112.04
2018-02-16,112.02
2018-02-19,112.04
2018-02-20,112.03
2018-02-21,112.03
2018-02-22,112.02
2018-02-23,112.02
2018-02-26,112.02
2018-02-27,112.02
2018-02-28,112.02
2018-03-01,112
2018-03-02,112
2018-03-05,112
2018-03-06,111.99
2018-03-07,112
2018-03-08,111.98
2018-03-09,111.98
2018-03-12,111.99
2018-03-13,111.98
2018-03-14,111.99
2018-03-15,111.99
2018-03-16,111.98
2018-03-19,111.98
2018-03-20,111.98
2018-03-21,111.96
2018-03-22,111.96
2018-03-23,111.97
2018-03-26,111.97
2018-03-27,111.97
2018-03-28,111.95
2018-03-29,111.96
2018-04-03,111.97
2018-04-04,111.97
2018-04-05,111.97
2018-04-06,111.97
2018-04-09,111.97
2018-04-10,111.97
2018-04-11,111.97
2018-04-12,111.97
2018-04-13,111.96
2018-04-16,111.94
2018-04-17,111.94
2018-04-18,111.93
2018-04-19,111.91
2018-04-20,111.91
2018-04-23,111.96
2018-04-24,111.96
2018-04-25,111.96
2018-04-26,111.96
2018-04-27,111.96
2018-04-30,111.97
2018-05-02,111.97
2018-05-03,111.96
2018-05-04,111.95
2018-05-07,111.95
2018-05-08,111.93
2018-05-09,111.92
2018-05-11,111.92
2018-05-14,111.93
2018-05-15,111.93
2018-05-16,111.93
2018-05-17,111.92
2018-05-18,111.92
2018-05-21,111.93
2018-05-22,111.93
2018-05-23,111.93
2018-05-24,111.91
2018-05-25,111.93
2018-05-28,111.93
2018-05-29,111.94
2018-05-30,111.93
2018-05-31,111.91
2018-06-01,111.91
2018-06-04,111.9
2018-06-05,111.91
2018-06-07,111.89
2018-06-08,111.91
2018-06-11,111.91
2018-06-12,111.89
2018-06-13,111.9
2018-06-14,111.9
2018-06-15,111.92
2018-06-18,111.92
2018-06-19,111.92
2018-06-20,111.91
2018-06-21,111.89
2018-06-25,111.91
2018-06-26,111.91
2018-06-27,111.91
2018-06-28,111.88
2018-06-29,111.88
2018-07-02,111.9
2018-07-03,111.87
2018-07-04,111.87
2018-07-05,111.86
2018-07-06,111.87
2018-07-09,111.88
2018-07-10,111.88
2018-07-11,111.87
2018-07-12,111.86
2018-07-13,111.87
2018-07-16,111.87
2018-07-17,111.87
2018-07-18,111.88
2018-07-19,111.87
2018-07-20,111.87
2018-07-23,111.87
2018-07-24,111.87
2018-07-25,111.86
2018-07-26,111.85
2018-07-27,111.85
2018-07-30,111.85
2018-07-31,111.85
2018-08-01,111.84
2018-08-02,111.83
2018-08-03,111.83
2018-08-06,111.84
2018-08-07,111.84
2018-08-08,111.84
2018-08-09,111.83
2018-08-10,111.84
2018-08-13,111.85
2018-08-14,111.85
2018-08-15,111.84
2018-08-16,111.83
2018-08-17,111.83
2018-08-20,111.84
2018-08-21,111.83
2018-08-22,111.83
2018-08-23,111.82
2018-08-24,111.82
2018-08-27,111.82
2018-08-28,111.82
2018-08-29,111.83
2018-08-30,111.82
2018-08-31,111.81
2018-09-03,111.82
2018-09-04,111.81
2018-09-05,111.8
2018-09-06,111.79
2018-09-07,111.77
2018-09-10,111.78
2018-09-11,111.79
2018-09-12,111.78
2018-09-13,111.75
2018-09-14,111.77
2018-09-17,111.77
2018-09-18,111.76
2018-09-19,111.76
2018-09-20,111.74
2018-09-21,111.74
2018-09-24,111.75
2018-09-25,111.74
2018-09-26,111.74
2018-09-27,111.74
2018-09-28,111.74
2018-10-01,111.74
2018-10-02,111.74
2018-10-03,111.74
2018-10-04,111.72
2018-10-05,111.72
2018-10-08,111.73
2018-10-09,111.72
2018-10-10,111.72
2018-10-11,111.68
2018-10-12,111.69
2018-10-15,111.69
2018-10-16,111.69
2018-10-17,111.69
2018-10-18,111.67
2018-10-19,111.67
2018-10-22,111.67
2018-10-23,111.66
2018-10-24,111.67
2018-10-25,111.66
2018-10-26,111.66
2018-10-29,111.67
2018-10-30,111.68
2018-10-31,111.67
2018-11-01,111.65
2018-11-02,111.64
2018-11-05,111.65
2018-11-06,111.66
2018-11-07,111.65
2018-11-08,111.64
2018-11-09,111.64
2018-11-12,111.64
2018-11-13,111.64
2018-11-14,111.64
2018-11-15,111.63
2018-11-16,111.63
2018-11-19,111.63
2018-11-20,111.63
2018-11-21,111.63
2018-11-22,111.61
2018-11-23,111.61
2018-11-26,111.61
2018-11-27,111.61
2018-11-28,111.61
2018-11-29,111.6
2018-11-30,111.6
2018-12-03,111.6
2018-12-04,111.61
2018-12-05,111.6
2018-12-06,111.58
2018-12-07,111.58
2018-12-10,111.6
2018-12-11,111.59
2018-12-12,111.6
2018-12-13,111.59
2018-12-14,111.58
2018-12-17,111.59
2018-12-18,111.58
2018-12-19,111.57
2018-12-20,111.52
2018-12-21,111.51
2018-12-27,111.52
2018-12-28,111.52
2019-01-02,111.54
2019-01-03,111.52
2019-01-04,111.52
2019-01-07,111.53
2019-01-08,111.54
2019-01-09,111.53
2019-01-10,111.52
2019-01-11,111.51
2019-01-14,111.52
2019-01-15,111.52
2019-01-16,111.52
2019-01-17,111.51
2019-01-18,111.5
2019-01-21,111.51
2019-01-22,111.51
2019-01-23,111.51
2019-01-24,111.5
2019-01-25,111.5
2019-01-28,111.51
2019-01-29,111.51
2019-01-30,111.51
2019-01-31,111.5
2019-02-01,111.5
2019-02-04,111.51
2019-02-05,111.5
2019-02-06,111.51
2019-02-07,111.5
2019-02-08,111.5
2019-02-11,111.51
2019-02-12,111.51
2019-02-13,111.51
2019-02-14,111.49
2019-02-15,111.49
2019-02-18,111.5
2019-02-19,111.51
2019-02-20,111.51
2019-02-21,111.5
2019-02-22,111.5
2019-02-25,111.51
2019-02-26,111.51
2019-02-27,111.5
2019-02-28,111.48
2019-03-01,111.48
2019-03-04,111.49
2019-03-05,111.49
2019-03-06,111.5
2019-03-07,111.48
2019-03-08,111.48
2019-03-11,111.49
2019-03-12,111.49
2019-03-13,111.49
2019-03-14,111.48
2019-03-15,111.47
2019-03-18,111.49
2019-03-19,111.49
2019-03-20,111.48
2019-03-21,111.47
2019-03-22,111.47
2019-03-25,111.48
2019-03-26,111.48
2019-03-27,111.49
2019-03-28,111.47
2019-03-29,111.47
2019-04-01,111.47
2019-04-02,111.48
2019-04-03,111.47
2019-04-04,111.46
2019-04-05,111.46
2019-04-08,111.47
2019-04-09,111.47
2019-04-10,111.47
2019-04-11,111.46
2019-04-12,111.46
2019-04-15,111.47
2019-04-16,111.47
2019-04-17,111.45
2019-04-18,111.44
2019-04-23,111.47
2019-04-24,111.47
2019-04-25,111.48
2019-04-26,111.49
2019-04-29,111.49
2019-04-30,111.49
2019-05-02,111.48
2019-05-03,111.48
2019-05-06,111.49
2019-05-07,111.49
2019-05-08,111.49
2019-05-09,111.48
2019-05-10,111.48
2019-05-13,111.49
2019-05-14,111.49
2019-05-15,111.48
2019-05-16,111.46
2019-05-17,111.46
2019-05-20,111.47
2019-05-21,111.47
2019-05-22,111.47
2019-05-23,111.45
2019-05-24,111.45
2019-05-27,111.46
2019-05-28,111.45
2019-05-29,111.42
2019-05-31,111.43
2019-06-03,111.44
2019-06-04,111.44
2019-06-05,111.41
2019-06-07,111.43
2019-06-10,111.45
2019-06-11,111.45
2019-06-12,111.46
2019-06-13,111.45
2019-06-14,111.45
2019-06-17,111.46
2019-06-18,111.48
2019-06-19,111.46
2019-06-20,111.47
2019-06-24,111.48
2019-06-25,111.48
2019-06-26,111.48
2019-06-27,111.46
2019-06-28,111.46
2019-07-01,111.48
2019-07-02,111.47
2019-07-03,111.47
2019-07-04,111.46
2019-07-05,111.46
2019-07-08,111.47
2019-07-09,111.47
2019-07-10,111.46
2019-07-11,111.43
2019-07-12,111.43
2019-07-15,111.45
2019-07-16,111.45
2019-07-17,111.46
2019-07-18,111.45
2019-07-19,111.46
2019-07-22,111.47
2019-07-23,111.47
2019-07-24,111.47
2019-07-25,111.46
2019-07-26,111.47
2019-07-29,111.48
2019-07-30,111.49
2019-07-31,111.48
2019-08-01,111.47
2019-08-02,111.47
2019-08-05,111.48
2019-08-06,111.48
2019-08-07,111.48
2019-08-08,111.46
2019-08-09,111.46
2019-08-12,111.47
2019-08-13,111.47
2019-08-14,111.47
2019-08-15,111.47
2019-08-16,111.47
2019-08-19,111.48
2019-08-20,111.48
2019-08-21,111.48
2019-08-22,111.46
2019-08-23,111.47
2019-08-26,111.48
2019-08-27,111.48
2019-08-28,111.48
2019-08-29,111.47
2019-08-30,111.48
2019-09-02,111.48
2019-09-03,111.48
2019-09-04,111.48
2019-09-05,111.43
2019-09-06,111.43
2019-09-09,111.44
2019-09-10,111.45
2019-09-11,111.45
2019-09-12,111.43
2019-09-13,111.42
2019-09-16,111.43
2019-09-17,111.44
2019-09-18,111.44
2019-09-19,111.41
2019-09-20,111.4
2019-09-23,111.41
2019-09-24,111.42
2019-09-25,111.42
2019-09-26,111.4
2019-09-27,111.4
2019-09-30,111.41
2019-10-01,111.42
2019-10-02,111.42
2019-10-03,111.42
2019-10-04,111.41
2019-10-07,111.43
2019-10-08,111.42
2019-10-09,111.42
2019-10-10,111.37
2019-10-11,111.36
2019-10-14,111.36
2019-10-15,111.36
2019-10-16,111.35
2019-10-17,111.35
2019-10-18,111.34
2019-10-21,111.34
2019-10-22,111.34
2019-10-23,111.33
2019-10-24,111.27
2019-10-25,111.26
2019-10-28,111.27
2019-10-29,111.28
2019-10-30,111.27
2019-10-31,111.26
2019-11-01,111.25
2019-11-04,111.26
2019-11-05,111.26
2019-11-06,111.27
2019-11-07,111.25
2019-11-08,111.25
2019-11-11,111.26
2019-11-12,111.26
2019-11-13,111.27
2019-11-14,111.25
2019-11-15,111.25
2019-11-18,111.26
2019-11-19,111.26
2019-11-20,111.27
2019-11-21,111.25
2019-11-22,111.24
2019-11-25,111.26
2019-11-26,111.26
2019-11-27,111.26
2019-11-28,111.24
2019-11-29,111.24
2019-12-02,111.25
2019-12-03,111.25
2019-12-04,111.25
2019-12-05,111.23
2019-12-06,111.23
2019-12-09,111.24
2019-12-10,111.25
2019-12-11,111.24
2019-12-12,111.23
2019-12-13,111.22
2019-12-16,111.24
2019-12-17,111.23
2019-12-18,111.23
2019-12-19,111.21
2019-12-20,111.19
2019-12-23,111.18
2019-12-27,111.18
2019-12-30,111.19
2020-01-02,111.19
2020-01-03,111.19
2020-01-07,111.21
2020-01-08,111.21
2020-01-09,111.19
2020-01-10,111.19
2020-01-13,111.2
2020-01-14,111.21
2020-01-15,111.22
2020-01-16,111.21
2020-01-17,111.21
2020-01-20,111.22
2020-01-21,111.22
2020-01-22,111.23
2020-01-23,111.22
2020-01-24,111.23
2020-01-27,111.24
2020-01-28,111.25
2020-01-29,111.26
2020-01-30,111.26
2020-01-31,111.25
2020-02-03,111.27
2020-02-04,111.27
2020-02-05,111.26
2020-02-06,111.25
2020-02-07,111.25
2020-02-10,111.26
2020-02-11,111.26
2020-02-12,111.26
2020-02-13,111.26
2020-02-14,111.27
2020-02-17,111.27
2020-02-18,111.28
2020-02-19,111.29
2020-02-20,111.3
2020-02-21,111.3
2020-02-24,111.31
2020-02-25,111.31
2020-02-26,111.32
2020-02-27,111.31
2020-02-28,111.3
2020-03-02,111.33
2020-03-03,111.32
2020-03-04,111.33
2020-03-05,111.34
2020-03-06,111.35
2020-03-09,111.34
2020-03-10,111.3
2020-03-11,111.29
2020-03-12,111.21
2020-03-13,111.13
2020-03-16,111.06
2020-03-17,111.05
2020-03-18,111.03
2020-03-19,111
2020-03-20,110.91
2020-03-23,110.87
2020-03-24,110.92
2020-03-25,110.91
2020-03-26,110.97
2020-03-27,110.99
2020-03-30,111.02
2020-03-31,111.01
2020-04-01,111.03
2020-04-02,111.05
2020-04-03,110.89
2020-04-06,111.05
2020-04-07,111.05
2020-04-08,111.05
2020-04-09,111.04
2020-04-14,111.05
2020-04-15,111.07
2020-04-16,111.06
2020-04-17,111.06
2020-04-20,111.06
2020-04-21,111.05
2020-04-22,111.04
2020-04-23,111.04
2020-04-24,111.05
2020-04-27,111.08
2020-04-28,111.08
2020-04-29,111.09
2020-04-30,111.13
2020-05-04,111.13
2020-05-05,111.14
2020-05-06,111.14
2020-05-07,111.11
2020-05-08,111.12
2020-05-11,111.12
2020-05-12,111.12
2020-05-13,111.15
2020-05-14,111.16
2020-05-15,111.16
2020-05-18,111.17
2020-05-19,111.18
2020-05-20,111.18
2020-05-22,111.18
2020-05-25,111.18
2020-05-26,111.19
2020-05-27,111.19
2020-05-28,111.18
2020-05-29,111.16
2020-06-01,111.16
2020-06-02,111.15
2020-06-03,111.15
2020-06-04,111.14
2020-06-05,111.14
2020-06-08,111.14
2020-06-09,111.15
2020-06-10,111.15
2020-06-11,111.15
2020-06-12,111.16
2020-06-15,111.18
2020-06-16,111.19
2020-06-17,111.18
2020-06-18,111.2
2020-06-22,111.22
2020-06-23,111.22
2020-06-24,111.22
2020-06-25,111.21
2020-06-26,111.22
2020-06-29,111.23
2020-06-30,111.24
2020-07-01,111.26
2020-07-02,111.27
2020-07-03,111.28
2020-07-06,111.3
2020-07-07,111.29
2020-07-08,111.3
2020-07-09,111.3
2020-07-10,111.3
2020-07-13,111.3
2020-07-14,111.3
2020-07-15,111.3
2020-07-16,111.3
2020-07-17,111.29
2020-07-20,111.3
2020-07-21,111.3
2020-07-22,111.32
2020-07-23,111.31
2020-07-24,111.3
2020-07-27,111.31
2020-07-28,111.31
2020-07-29,111.31
2020-07-30,111.31
2020-07-31,111.31
2020-08-03,111.31
2020-08-04,111.31
2020-08-05,111.32
2020-08-06,111.31
2020-08-07,111.31
2020-08-10,111.32
2020-08-11,111.32
2020-08-12,111.33
2020-08-13,111.33
2020-08-14,111.34
2020-08-17,111.35
2020-08-18,111.36
2020-08-19,111.36
2020-08-20,111.36
2020-08-21,111.37
2020-08-24,111.38
2020-08-25,111.38
2020-08-26,111.37
2020-08-27,111.37
2020-08-28,111.37
2020-08-31,111.38
2020-09-01,111.39
2020-09-02,111.38
2020-09-03,111.38
2020-09-04,111.39
2020-09-07,111.4
2020-09-08,111.4
2020-09-09,111.41
2020-09-10,111.4
2020-09-11,111.4
2020-09-14,111.41
2020-09-15,111.41
2020-09-16,111.41
2020-09-17,111.41
2020-09-18,111.4
2020-09-21,111.42
2020-09-22,111.41
2020-09-23,111.41
2020-09-24,111.4
2020-09-25,111.4
2020-09-28,111.4
2020-09-29,111.41
2020-09-30,111.4
2020-10-01,111.4
2020-10-02,111.4
2020-10-05,111.41
2020-10-06,111.41
2020-10-07,111.42
2020-10-08,111.4
2020-10-09,111.4
2020-10-12,111.41
2020-10-13,111.41
2020-10-14,111.42
2020-10-15,111.41
2020-10-16,111.41
2020-10-19,111.41
2020-10-20,111.42
2020-10-21,111.41
2020-10-22,111.41
2020-10-23,111.41
2020-10-26,111.42
2020-10-27,111.41
2020-10-28,111.41
2020-10-29,111.4
2020-10-30,111.42
2020-11-02,111.41
2020-11-03,111.41
2020-11-04,111.4
2020-11-05,111.4
2020-11-06,111.4
2020-11-09,111.4
2020-11-10,111.4
2020-11-11,111.4
2020-11-12,111.4
2020-11-13,111.4
2020-11-16,111.4
2020-11-17,111.41
2020-11-18,111.41
2020-11-19,111.4
2020-11-20,111.4
2020-11-23,111.41
2020-11-24,111.41
2020-11-25,111.41
2020-11-26,111.42
2020-11-27,111.45
2020-11-30,111.45
2020-12-01,111.47
2020-12-02,111.46
2020-12-03,111.46
2020-12-04,111.45
2020-12-07,111.46
2020-12-08,111.46
2020-12-09,111.46
2020-12-10,111.46
2020-12-11,111.46
2020-12-14,111.47
2020-12-15,111.47
2020-12-16,111.47
2020-12-17,111.46
2020-12-18,111.46
2020-12-21,111.47
2020-12-22,111.46
2020-12-23,111.45
2020-12-28,111.46
2020-12-29,111.44
2020-12-30,111.45
2021-01-04,111.45
2021-01-05,111.45
2021-01-07,111.45
2021-01-08,111.45
2021-01-11,111.46
2021-01-12,111.47
2021-01-13,111.47
2021-01-14,111.46
2021-01-15,111.46
2021-01-18,111.46
2021-01-19,111.46
2021-01-20,111.46
2021-01-21,111.45
2021-01-22,111.45
2021-01-25,111.46
2021-01-26,111.46
2021-01-27,111.46
2021-01-28,111.46
2021-01-29,111.46
2021-02-01,111.45
2021-02-02,111.45
2021-02-03,111.45
2021-02-04,111.45
2021-02-05,111.44
2021-02-08,111.46
2021-02-09,111.45
2021-02-10,111.45
2021-02-11,111.45
2021-02-12,111.45
2021-02-15,111.45
2021-02-16,111.45
2021-02-17,111.44
2021-02-18,111.44
2021-02-19,111.42
2021-02-22,111.43
2021-02-23,111.42
2021-02-24,111.43
2021-02-25,111.42
2021-02-26,111.41
2021-03-01,111.41
2021-03-02,111.41
2021-03-03,111.4
2021-03-04,111.4
2021-03-05,111.39
2021-03-08,111.4
2021-03-09,111.4
2021-03-10,111.4
2021-03-11,111.39
2021-03-12,111.39
2021-03-15,111.41
2021-03-16,111.41
2021-03-17,111.41
2021-03-18,111.4
2021-03-19,111.41
2021-03-22,111.41
2021-03-23,111.39
2021-03-24,111.4
2021-03-25,111.4
2021-03-26,111.4
2021-03-29,111.4
2021-03-30,111.4
2021-03-31,111.39
2021-04-01,111.38
2021-04-06,111.41
2021-04-07,111.43
2021-04-08,111.43
2021-04-09,111.43
2021-04-12,111.45
2021-04-13,111.45
2021-04-14,111.45
2021-04-15,111.44
2021-04-16,111.44
2021-04-19,111.44
2021-04-20,111.45
2021-04-21,111.44
2021-04-22,111.44
2021-04-23,111.44
2021-04-26,111.45
2021-04-27,111.45
2021-04-28,111.45
2021-04-29,111.43
2021-04-30,111.43
2021-05-03,111.43
2021-05-04,111.45
2021-05-05,111.45
2021-05-06,111.44
2021-05-07,111.44
2021-05-10,111.44
2021-05-11,111.44
2021-05-12,111.43
2021-05-14,111.43
2021-05-17,111.43
2021-05-18,111.44
2021-05-19,111.43
2021-05-20,111.43
2021-05-21,111.42
2021-05-24,111.42
2021-05-25,111.41
2021-05-26,111.41
2021-05-27,111.4
2021-05-28,111.41
2021-05-31,111.4
2021-06-01,111.4
2021-06-02,111.41
2021-06-03,111.41
2021-06-04,111.4
2021-06-07,111.41
2021-06-08,111.41
2021-06-09,111.41
2021-06-10,111.4
2021-06-11,111.4
2021-06-14,111.4
2021-06-15,111.4
2021-06-16,111.41
2021-06-17,111.4
2021-06-18,111.4
2021-06-21,111.41
2021-06-22,111.41
2021-06-23,111.4
2021-06-24,111.4
2021-06-28,111.4
2021-06-29,111.4
2021-06-30,111.4
2021-07-01,111.39
2021-07-02,111.39
2021-07-05,111.4
2021-07-06,111.4
2021-07-07,111.4
2021-07-08,111.41
2021-07-09,111.41
2021-07-12,111.42
2021-07-13,111.42
2021-07-14,111.41
2021-07-15,111.41
2021-07-16,111.42
2021-07-19,111.42
2021-07-20,111.42
2021-07-21,111.42
2021-07-22,111.42
2021-07-23,111.41
2021-07-26,111.41
2021-07-27,111.41
2021-07-28,111.41
2021-07-29,111.41
2021-07-30,111.41
2021-08-02,111.41
2021-08-03,111.41
2021-08-04,111.41
2021-08-05,111.4
2021-08-06,111.4
2021-08-09,111.41
2021-08-10,111.41
2021-08-11,111.42
2021-08-12,111.42
2021-08-13,111.42
2021-08-16,111.42
2021-08-17,111.43
2021-08-18,111.42
2021-08-19,111.43
2021-08-20,111.43
2021-08-23,111.43
2021-08-24,111.43
2021-08-25,111.43
2021-08-26,111.42
2021-08-27,111.42
2021-08-30,111.43
2021-08-31,111.43
2021-09-01,111.42
2021-09-02,111.42
2021-09-03,111.41
2021-09-06,111.42
2021-09-07,111.41
2021-09-08,111.41
2021-09-09,111.41
2021-09-10,111.4
2021-09-13,111.44
2021-09-14,111.42
2021-09-15,111.41
2021-09-16,111.41
2021-09-17,111.41
2021-09-20,111.41
2021-09-21,111.42
2021-09-22,111.42
2021-09-23,111.4
2021-09-24,111.42
2021-09-27,111.42
2021-09-28,111.42
2021-09-29,111.43
2021-09-30,111.43
2021-10-01,111.45
2021-10-04,111.47
2021-10-05,111.47
2021-10-06,111.47
2021-10-07,111.48
2021-10-08,111.49
2021-10-11,111.49
2021-10-12,111.49
2021-10-13,111.47
2021-10-14,111.49
2021-10-15,111.48
2021-10-18,111.48
2021-10-19,111.47
2021-10-20,111.48
2021-10-21,111.47
2021-10-22,111.47
2021-10-25,111.48
2021-10-26,111.48
2021-10-27,111.48
2021-10-28,111.44
2021-10-29,111.37
2021-11-01,111.39
2021-11-02,111.41
2021-11-03,111.41
2021-11-04,111.42
2021-11-05,111.42
2021-11-08,111.43
2021-11-09,111.43
2021-11-10,111.42
2021-11-11,111.4
2021-11-12,111.4
2021-11-15,111.39
2021-11-16,111.39
2021-11-17,111.39
2021-11-18,111.37
2021-11-19,111.38
2021-11-22,111.39
2021-11-23,111.38
2021-11-24,111.38
2021-11-25,111.35
2021-11-26,111.35
2021-11-29,111.36
2021-11-30,111.37
2021-12-01,111.37
2021-12-02,111.38
2021-12-03,111.39
2021-12-06,111.41
2021-12-07,111.41
2021-12-08,111.43
2021-12-09,111.44
2021-12-10,111.43
2021-12-13,111.42
2021-12-14,111.43
2021-12-15,111.42
2021-12-16,111.41
2021-12-17,111.41
2021-12-20,111.41
2021-12-21,111.4
2021-12-22,111.4
2021-12-23,111.4
2021-12-27,111.39
2021-12-28,111.41
2021-12-29,111.4
2021-12-30,111.38
2022-01-03,111.37
2022-01-04,111.35
2022-01-05,111.34
2022-01-07,111.34
2022-01-10,111.33
2022-01-11,111.32
2022-01-12,111.33
2022-01-13,111.33
2022-01-14,111.33
2022-01-17,111.34
2022-01-18,111.34
2022-01-19,111.33
2022-01-20,111.32
2022-01-21,111.33
2022-01-24,111.34
2022-01-25,111.33
2022-01-26,111.34
2022-01-27,111.34
2022-01-28,111.34
2022-01-31,111.32
2022-02-01,111.32
2022-02-02,111.32
2022-02-03,111.28
2022-02-04,111.26
2022-02-07,111.22
2022-02-08,111.21
2022-02-09,111.21
2022-02-10,111.23
2022-02-11,111.23
2022-02-14,111.24
2022-02-15,111.23
2022-02-16,111.23
2022-02-17,111.23
2022-02-18,111.2
2022-02-21,111.21
2022-02-22,111.17
2022-02-23,111.16
2022-02-24,111.11
2022-02-25,111.13
2022-02-28,111.13
2022-03-01,111.18
2022-03-02,111.18
2022-03-03,111.17
2022-03-04,111.17
2022-03-07,111.15
2022-03-08,111.13
2022-03-09,111.12
2022-03-10,111.05
2022-03-11,111.03
2022-03-14,111
2022-03-15,111
2022-03-16,110.98
2022-03-17,110.95
2022-03-18,110.95
2022-03-21,110.95
2022-03-22,110.9
2022-03-23,110.89
2022-03-24,110.84
2022-03-25,110.82
2022-03-28,110.8
2022-03-29,110.77
2022-03-30,110.74
2022-03-31,110.73
2022-04-01,110.75
2022-04-04,110.78
2022-04-05,110.77
2022-04-06,110.75
2022-04-07,110.74
2022-04-08,110.72
2022-04-11,110.72
2022-04-12,110.71
2022-04-13,110.69
2022-04-14,110.66
2022-04-19,110.67
2022-04-20,110.67
2022-04-21,110.66
2022-04-22,110.66
2022-04-25,110.66
2022-04-26,110.66
2022-04-27,110.64
2022-04-28,110.58
2022-04-29,110.55
2022-05-02,110.51
2022-05-03,110.42
2022-05-04,110.38
2022-05-05,110.38
2022-05-06,110.37
2022-05-09,110.34
2022-05-10,110.3
2022-05-11,110.26
2022-05-12,110.24
2022-05-13,110.23
2022-05-16,110.25
2022-05-17,110.24
2022-05-18,110.23
2022-05-19,110.22
2022-05-20,110.21
2022-05-23,110.22
2022-05-24,110.22
2022-05-25,110.22
2022-05-27,110.24
2022-05-30,110.28
2022-05-31,110.29
2022-06-01,110.3
2022-06-02,110.31
2022-06-03,110.32
2022-06-07,110.31
2022-06-08,110.32
2022-06-09,110.31
2022-06-10,110.29
2022-06-13,110.25
2022-06-14,110.12
2022-06-15,109.96
2022-06-16,109.85
2022-06-17,109.84
2022-06-20,109.83
2022-06-21,109.83
2022-06-22,109.83
2022-06-23,109.86
2022-06-27,109.88
2022-06-28,109.86
2022-06-29,109.91
2022-06-30,109.97
2022-07-01,110.02
2022-07-04,110.09
2022-07-05,110.11
2022-07-06,110.16
2022-07-07,110.15
2022-07-08,110.17
2022-07-11,110.17
2022-07-12,110.16
2022-07-13,110.16
2022-07-14,110.09
2022-07-15,110.08
2022-07-18,110.05
2022-07-19,110.01
2022-07-20,110
2022-07-21,109.96
2022-07-22,109.99
2022-07-25,110
2022-07-26,110.02
2022-07-27,110.03
2022-07-28,110.07
2022-07-29,110.07
2022-08-01,110.11
2022-08-02,110.13
2022-08-03,110.12
2022-08-04,110.12
2022-08-05,110.12
2022-08-08,110.14
2022-08-09,110.14
2022-08-10,110.16
2022-08-11,110.17
2022-08-12,110.22
2022-08-15,110.27
2022-08-16,110.3
2022-08-17,110.29
2022-08-18,110.29
2022-08-19,110.28
2022-08-22,110.28
2022-08-23,110.28
2022-08-24,110.22
2022-08-25,110.22
2022-08-26,110.21
2022-08-29,110.1
2022-08-30,110.13
2022-08-31,110.16
2022-09-01,110.15
2022-09-02,110.17
2022-09-05,110.18
2022-09-06,110.14
2022-09-07,110.15
2022-09-08,110.14
2022-09-09,110.13
2022-09-12,110.13
2022-09-13,110.14
2022-09-14,110.15
2022-09-15,110.18
2022-09-16,110.16
2022-09-19,110.17
2022-09-20,110.11
2022-09-21,110.11
2022-09-22,110.11
2022-09-23,110.08
2022-09-26,110.06
2022-09-27,110.06
2022-09-28,110.03
2022-09-29,109.99
2022-09-30,109.99
2022-10-03,110
2022-10-04,110.02
2022-10-05,110.03
2022-10-06,110.06
2022-10-07,110.08
2022-10-10,110.12
2022-10-11,110.09
2022-10-12,110.09
2022-10-13,110.09
2022-10-14,110.14
2022-10-17,110.16
2022-10-18,110.18
2022-10-19,110.22
2022-10-20,110.22
2022-10-21,110.24
2022-10-24,110.25
2022-10-25,110.22
2022-10-26,110.24
2022-10-27,110.25
2022-10-28,110.26
2022-10-31,110.25
2022-11-01,110.28
2022-11-02,110.29
2022-11-03,110.3
2022-11-04,110.33
2022-11-07,110.41
2022-11-08,110.4
2022-11-09,110.42
2022-11-10,110.45
2022-11-11,110.48
2022-11-14,110.5
2022-11-15,110.53
2022-11-16,110.52
2022-11-17,110.53
2022-11-18,110.51
2022-11-21,110.53
2022-11-22,110.54
2022-11-23,110.56
2022-11-24,110.59
2022-11-25,110.58
2022-11-28,110.6
2022-11-29,110.6
2022-11-30,110.6
2022-12-01,110.61
2022-12-02,110.62
2022-12-05,110.63
2022-12-06,110.63
2022-12-07,110.67
2022-12-08,110.7
2022-12-09,110.77
2022-12-12,110.76
2022-12-13,110.78
2022-12-14,110.76
2022-12-15,110.79
2022-12-16,110.71
2022-12-19,110.72
2022-12-20,110.72
2022-12-21,110.72
2022-12-22,110.71
2022-12-23,110.71
2022-12-27,110.72
2022-12-28,110.73
2022-12-29,110.75
2022-12-30,110.78
2023-01-02,110.74
2023-01-03,110.79
2023-01-04,110.83
2023-01-05,110.84
2023-01-09,110.86
2023-01-10,110.86
2023-01-11,110.9
2023-01-12,110.98
2023-01-13,110.95
2023-01-16,110.95
2023-01-17,110.97
2023-01-18,111.03
2023-01-19,111.05
2023-01-20,111.08
2023-01-23,111.1
2023-01-24,111.13
2023-01-25,111.15
2023-01-26,111.16
2023-01-27,111.17
2023-01-30,111.19
2023-01-31,111.2
2023-02-01,111.23
2023-02-02,111.29
2023-02-03,111.31
2023-02-06,111.32
2023-02-07,111.35
2023-02-08,111.34
2023-02-09,111.28
2023-02-10,111.16
2023-02-13,111.16
2023-02-14,111.14
2023-02-15,111.13
2023-02-16,111.16
2023-02-17,111.14
2023-02-20,111.09
2023-02-21,111.01
2023-02-22,111.02
2023-02-23,111.03
2023-02-24,111.03
2023-02-27,111.06
2023-02-28,111.04
2023-03-01,111.08
2023-03-02,111.11
2023-03-03,111.13
2023-03-06,111.13
2023-03-07,111.15
2023-03-08,111.14
2023-03-09,111.14
2023-03-10,111.14
2023-03-13,111.23
2023-03-14,111.18
2023-03-15,111.13
2023-03-16,111.14
2023-03-17,111.19
2023-03-20,111.2
2023-03-21,111.23
2023-03-22,111.18
2023-03-23,111.21
2023-03-24,111.24
2023-03-27,111.22
2023-03-28,111.23
2023-03-29,111.25
2023-03-30,111.27
2023-03-31,111.29
2023-04-03,111.33
2023-04-04,111.36
2023-04-05,111.43
2023-04-06,111.44
2023-04-11,111.45
2023-04-12,111.45
2023-04-13,111.5
2023-04-14,111.51
2023-04-17,111.51
2023-04-18,111.55
2023-04-19,111.55
2023-04-20,111.57
2023-04-21,111.58
2023-04-24,111.61
2023-04-25,111.63
2023-04-26,111.7
2023-04-27,111.72
2023-04-28,111.75
2023-05-02,111.79
2023-05-03,111.81
2023-05-04,111.84
2023-05-05,111.84
2023-05-08,111.84
2023-05-09,111.84
2023-05-10,111.86
2023-05-11,111.88
2023-05-12,111.89
2023-05-15,111.92
2023-05-16,111.93
2023-05-17,111.95
2023-05-19,111.93
2023-05-22,111.97
2023-05-23,111.94
2023-05-24,111.94
2023-05-25,111.87
2023-05-26,111.85
2023-05-29,111.89
2023-05-30,111.91
2023-05-31,111.93
2023-06-01,111.96
2023-06-02,111.97
2023-06-05,112
2023-06-07,112
2023-06-08,112.02
2023-06-09,112.05
2023-06-12,112.08
2023-06-13,112.08
2023-06-14,112.08
2023-06-15,112.09
2023-06-16,112.11
2023-06-19,112.13
2023-06-20,112.14
2023-06-21,112.15
2023-06-22,112.14
2023-06-26,112.22
2023-06-27,112.22
2023-06-28,112.24
2023-06-29,112.24
2023-06-30,112.27
2023-07-03,112.32
2023-07-04,112.33
2023-07-05,112.35
2023-07-06,112.34
2023-07-07,112.38
2023-07-10,112.39
2023-07-11,112.41
2023-07-12,112.44
2023-07-13,112.5
2023-07-14,112.49
2023-07-17,112.53
2023-07-18,112.58
2023-07-19,112.6
2023-07-20,112.6
2023-07-21,112.6
2023-07-24,112.63
2023-07-25,112.63
2023-07-26,112.64
2023-07-27,112.67
2023-07-28,112.69
2023-07-31,112.7
2023-08-01,112.72
2023-08-02,112.73
2023-08-03,112.75
2023-08-04,112.76
2023-08-07,112.78
2023-08-08,112.82
2023-08-09,112.83
2023-08-10,112.84
2023-08-11,112.84
2023-08-14,112.88
2023-08-15,112.91
2023-08-16,112.93
2023-08-17,112.96
2023-08-18,112.95
2023-08-21,112.97
2023-08-22,112.99
2023-08-23,113.02
2023-08-24,113.04
2023-08-25,113.03
2023-08-28,113.06
2023-08-29,113.08
2023-08-30,113.11
2023-08-31,113.16
2023-09-01,113.16
2023-09-04,113.16
2023-09-05,113.17
2023-09-06,113.19
2023-09-07,113.19
2023-09-08,113.21
2023-09-11,113.24
2023-09-12,113.25
2023-09-13,113.25
2023-09-14,113.3
2023-09-15,113.3
2023-09-18,113.3
2023-09-19,113.31
2023-09-20,113.36
2023-09-21,113.38
2023-09-22,113.41
2023-09-25,113.45
2023-09-26,113.48
2023-09-27,113.49
2023-09-28,113.44
2023-09-29,113.43
2023-10-02,113.44
2023-10-03,113.46
2023-10-04,113.45
2023-10-05,113.46
2023-10-06,113.46
2023-10-09,113.52
2023-10-10,113.51
2023-10-11,113.53
2023-10-12,113.56
2023-10-13,113.57
2023-10-16,113.63
2023-10-17,113.64
2023-10-18,113.64
2023-10-19,113.64
2023-10-20,113.62
2023-10-23,113.65
2023-10-24,113.68
2023-10-25,113.67
2023-10-26,113.68
2023-10-27,113.71
2023-10-30,113.79
2023-10-31,113.82
2023-11-01,113.84
2023-11-02,113.89
2023-11-03,113.89
2023-11-06,113.97
2023-11-07,113.99
2023-11-08,114.01
2023-11-09,114.03
2023-11-10,114.02
2023-11-13,114.05
2023-11-14,114.13
2023-11-15,114.26
2023-11-16,114.2
2023-11-17,114.22
2023-11-20,114.25
2023-11-21,114.27
2023-11-22,114.28
2023-11-23,114.31
2023-11-24,114.32
2023-11-27,114.38
2023-11-28,114.39
2023-11-29,114.47
2023-11-30,114.47
2023-12-01,114.52
2023-12-04,114.54
2023-12-05,114.65
2023-12-06,114.67
2023-12-07,114.68
2023-12-08,114.67
2023-12-11,114.72
2023-12-12,114.76
2023-12-13,114.8
2023-12-14,114.93
2023-12-15,114.98
2023-12-18,115.01
2023-12-19,115.1
2023-12-20,115.17
2023-12-21,115.18
2023-12-22,115.17
2023-12-27,115.25
2023-12-28,115.26
2023-12-29,115.24
2024-01-02,115.38
2024-01-03,115.39
2024-01-04,115.36
2024-01-05,115.33
2024-01-08,115.36
2024-01-09,115.35
2024-01-10,115.35
2024-01-11,115.35
2024-01-12,115.4
2024-01-15,115.4
2024-01-16,115.42
2024-01-17,115.39
2024-01-18,115.38
2024-01-19,115.37
2024-01-22,115.42
2024-01-23,115.4
2024-01-24,115.41
2024-01-25,115.43
2024-01-26,115.44
2024-01-29,115.51
2024-01-30,115.52
2024-01-31,115.57
2024-02-01,115.61
2024-02-02,115.6
2024-02-05,115.61
2024-02-06,115.61
2024-02-07,115.63
2024-02-08,115.61
2024-02-09,115.59
2024-02-12,115.64
2024-02-13,115.64
2024-02-14,115.67
2024-02-15,115.79
2024-02-16,115.68
2024-02-19,115.7
2024-02-20,115.73
2024-02-21,115.74
2024-02-22,115.74
2024-02-23,115.77
2024-02-26,115.8
2024-02-27,115.81
2024-02-28,115.81
2024-02-29,115.85
2024-03-01,115.87
2024-03-04,115.93
2024-03-05,115.99
2024-03-06,116.02
2024-03-07,116.04
2024-03-08,116.11
2024-03-11,116.14
2024-03-12,116.15
2024-03-13,116.15
2024-03-14,116.16
2024-03-15,116.18
2024-03-18,116.21
2024-03-19,116.21
2024-03-20,116.21
2024-03-21,116.26
2024-03-22,116.3
2024-03-25,116.3
2024-03-26,116.3
2024-03-27,116.38
2024-03-28,116.37
2024-04-02,116.43
2024-04-03,116.45
2024-04-04,116.46
2024-04-05,116.46
2024-04-08,116.46
2024-04-09,116.49
2024-04-10,116.49
2024-04-11,116.52
2024-04-12,116.61
2024-04-15,116.6
2024-04-16,116.61
2024-04-17,116.62
2024-04-18,116.62
2024-04-19,116.59
2024-04-22,116.62
2024-04-23,116.64
2024-04-24,116.64
2024-04-25,116.63
2024-04-26,116.69
2024-04-29,116.74
2024-04-30,116.75
2024-05-02,116.8
2024-05-03,116.89
2024-05-06,116.97
2024-05-07,117.01
2024-05-08,117.02
2024-05-10,117.04
2024-05-13,117.11
2024-05-14,117.12
2024-05-15,117.21
2024-05-16,117.22
2024-05-17,117.22
2024-05-20,117.23
2024-05-21,117.28
2024-05-22,117.31
2024-05-23,117.28
2024-05-24,117.28
2024-05-27,117.38
2024-05-28,117.41
2024-05-29,117.39
2024-05-30,117.38
2024-05-31,117.43
2024-06-03,117.51
2024-06-04,117.56
2024-06-05,117.56
2024-06-07,117.53
2024-06-10,117.56
2024-06-11,117.59
2024-06-12,117.64
2024-06-13,117.65
2024-06-14,117.69
2024-06-17,117.68
2024-06-18,117.7
2024-06-19,117.75
2024-06-20,117.74
2024-06-24,117.77
2024-06-25,117.78
2024-06-26,117.77
2024-06-27,117.84
2024-06-28,117.88
2024-07-01,117.9
2024-07-02,117.9
2024-07-03,117.93
2024-07-04,117.92
2024-07-05,117.96
2024-07-08,118.01
2024-07-09,118.01
2024-07-10,118.05
2024-07-11,118.1
2024-07-12,118.17
2024-07-15,118.23
2024-07-16,118.27
2024-07-17,118.29
2024-07-18,118.31
2024-07-19,118.3
2024-07-22,118.33
2024-07-23,118.37
2024-07-24,118.38
2024-07-25,118.41
2024-07-26,118.43
2024-07-29,118.47
2024-07-30,118.49
2024-07-31,118.5
2024-08-01,118.55
2024-08-02,118.61
2024-08-05,118.67
2024-08-06,118.62
2024-08-07,118.61
2024-08-08,118.63
2024-08-09,118.67
2024-08-12,118.71
2024-08-13,118.76
2024-08-14,118.75
2024-08-15,118.82
2024-08-16,118.79
2024-08-19,118.82
2024-08-20,118.84
2024-08-21,118.86
2024-08-22,118.88
2024-08-23,118.88
2024-08-26,118.92
2024-08-27,118.91
2024-08-28,118.92
2024-08-29,118.95
2024-08-30,118.96
2024-09-02,118.98
2024-09-03,118.99
2024-09-04,119.05
2024-09-05,119.07
2024-09-06,119.08
2024-09-09,119.13
2024-09-10,119.16
2024-09-11,119.21
2024-09-12,119.23
2024-09-13,119.23
2024-09-16,119.26
2024-09-17,119.28
2024-09-18,119.27
2024-09-19,119.31
2024-09-20,119.29
2024-09-23,119.37
2024-09-24,119.42
2024-09-25,119.39
2024-09-26,119.41
2024-09-27,119.42
2024-09-30,119.47
2024-10-01,119.46
2024-10-02,119.47
2024-10-03,119.46
2024-10-04,119.4
2024-10-07,119.37
2024-10-08,119.33
2024-10-09,119.35
2024-10-10,119.38
2024-10-11,119.41
2024-10-14,119.46
2024-10-15,119.5
2024-10-16,119.53
2024-10-17,119.54
2024-10-18,119.57
2024-10-21,119.58
2024-10-22,119.6
2024-10-23,119.61
2024-10-24,119.61
2024-10-25,119.63
2024-10-28,119.69
2024-10-29,119.7
2024-10-30,119.71
2024-10-31,119.65
2024-11-01,119.7
2024-11-04,119.68
2024-11-05,119.65
2024-11-06,119.65
2024-11-07,119.62
2024-11-08,119.61
2024-11-11,119.65
2024-11-12,119.69
2024-11-13,119.71
2024-11-14,119.74
2024-11-15,119.8
2024-11-18,119.76
2024-11-19,119.73
2024-11-20,119.73
2024-11-21,119.74
2024-11-22,119.83
2024-11-25,119.89
2024-11-26,119.88
2024-11-27,119.91
2024-11-28,119.89
2024-11-29,119.92
2024-12-02,119.97
2024-12-03,119.96
2024-12-04,119.95
2024-12-05,119.94
2024-12-06,119.94
2024-12-09,119.97
2024-12-10,120
2024-12-11,119.97
2024-12-12,119.95
2024-12-13,119.94
2024-12-16,119.96
2024-12-17,119.98
2024-12-18,119.96
2024-12-19,119.92
2024-12-20,119.95
2024-12-23,119.97
2024-12-27,119.97
2024-12-30,119.99
2025-01-02,120.06
2025-01-03,120.09
2025-01-07,120.16
2025-01-08,120.2
2025-01-09,120.22
2025-01-10,120.24
2025-01-13,120.26
2025-01-14,120.29
2025-01-15,120.34
2025-01-16,120.36
2025-01-17,120.4
2025-01-20,120.41
2025-01-21,120.44
2025-01-22,120.45
2025-01-23,120.42
2025-01-24,120.4
2025-01-27,120.45
2025-01-28,120.48
2025-01-29,120.5
2025-01-30,120.53
2025-01-31,120.56
2025-02-03,120.61
2025-02-04,120.59
2025-02-05,120.62
2025-02-06,120.59
2025-02-07,120.61
2025-02-10,120.63
2025-02-11,120.6
2025-02-12,120.61
2025-02-13,120.64
2025-02-14,120.65
2025-02-17,120.67
2025-02-18,120.69
2025-02-19,120.67
2025-02-20,120.67
2025-02-21,120.66
2025-02-24,120.69
2025-02-25,120.69
2025-02-26,120.69
2025-02-27,120.72
2025-02-28,120.72
2025-03-03,120.76
2025-03-04,120.76
2025-03-05,120.73
2025-03-06,120.72
2025-03-07,120.72
2025-03-10,120.74
2025-03-11,120.72
2025-03-12,120.72
2025-03-13,120.72
2025-03-14,120.74
2025-03-17,120.75
2025-03-18,120.75
2025-03-19,120.74
2025-03-20,120.77
2025-03-21,120.79
2025-03-24,120.84
2025-03-25,120.83
2025-03-26,120.88
2025-03-27,120.9
2025-03-28,120.91
2025-03-31,120.94
2025-04-01,120.94
2025-04-02,120.95
2025-04-03,120.93
2025-04-04,120.95
2025-04-07,120.91
2025-04-08,120.92
2025-04-09,120.84
2025-04-10,120.93
2025-04-11,120.96
2025-04-14,120.96
2025-04-15,120.98
2025-04-16,120.99
2025-04-17,121
2025-04-22,121.04
2025-04-23,121.06
2025-04-24,121.09
2025-04-25,121.09
2025-04-28,121.12
2025-04-29,121.15
2025-04-30,121.18
2025-05-02,121.19
2025-05-05,121.2
2025-05-06,121.21
2025-05-07,121.23
2025-05-08,121.25
2025-05-09,121.25
2025-05-12,121.23
2025-05-13,121.25
2025-05-14,121.25
2025-05-15,121.28
2025-05-16,121.31
2025-05-19,121.34
2025-05-20,121.34
2025-05-21,121.34
2025-05-22,121.33
2025-05-23,121.37
2025-05-26,121.39
2025-05-27,121.41
2025-05-28,121.42
2025-05-30,121.46
2025-06-02,121.48
2025-06-03,121.49
2025-06-04,121.5
2025-06-05,121.53
2025-06-09,121.54
2025-06-10,121.58
2025-06-11,121.59
2025-06-12,121.63
2025-06-13,121.62
2025-06-16,121.64
2025-06-17,121.65
2025-06-18,121.7
2025-06-19,121.7
2025-06-23,121.75
2025-06-24,121.79
2025-06-25,121.8
2025-06-26,121.83
2025-06-27,121.86
2025-06-30,121.9
2025-07-01,121.9
2025-07-02,121.93
2025-07-03,121.94
2025-07-04,121.95
2025-07-07,121.92
2025-07-08,121.94
2025-07-09,121.95
2025-07-10,121.95
2025-07-11,121.95
2025-07-14,121.98
2025-07-15,121.99
2025-07-16,122.01
2025-07-17,122
2025-07-18,122
2025-07-21,122.01
2025-07-22,122.02
2025-07-23,122.03
2025-07-24,122.03
2025-07-25,122.02
2025-07-28,122.04
2025-07-29,122.05
2025-07-30,122.05
2025-07-31,122.06
2025-08-01,122.05
2025-08-04,122.08
2025-08-05,122.09
2025-08-06,122.11
2025-08-07,122.12
2025-08-08,122.17
2025-08-11,122.17
2025-08-12,122.18
2025-08-13,122.19
2025-08-14,122.2
2025-08-15,122.22
2025-08-18,122.26
2025-08-19,122.26
2025-08-20,122.26
2025-08-21,122.25
2025-08-22,122.26
2025-08-25,122.29
2025-08-26,122.29
2025-08-27,122.3
2025-08-28,122.3
2025-08-29,122.32
2025-09-01,122.35
2025-09-02,122.35
2025-09-03,122.36
2025-09-04,122.38
2025-09-05,122.4
2025-09-08,122.44
2025-09-09,122.46
2025-09-10,122.45
2025-09-11,122.43
2025-09-12,122.42
2025-09-15,122.49
2025-09-16,122.47
2025-09-17,122.5
2025-09-18,122.52
2025-09-19,122.53
2025-09-22,122.55
2025-09-23,122.56
2025-09-24,122.58
2025-09-25,122.56
2025-09-26,122.58
2025-09-29,122.62
2025-09-30,122.63
2025-10-01,122.65
2025-10-02,122.66
2025-10-03,122.68
2025-10-06,122.7
2025-10-07,122.71
2025-10-08,122.72
2025-10-09,122.72
2025-10-10,122.74
2025-10-13,122.76
2025-10-14,122.76
2025-10-15,122.77
2025-10-16,122.78
2025-10-17,122.79
2025-10-20,122.81
2025-10-21,122.82
2025-10-22,122.83
2025-10-23,122.82
2025-10-24,122.81
2025-10-27,122.83
2025-10-28,122.84
2025-10-29,122.84
2025-10-30,122.83
2025-10-31,122.83
2025-11-03,122.87
2025-11-04,122.85
2025-11-05,122.86
2025-11-06,122.86
2025-11-07,122.85
2025-11-10,122.87
2025-11-11,122.88
2025-11-12,122.88
2025-11-13,122.88
2025-11-14,122.88
2025-11-17,122.91
2025-11-18,122.92
2025-11-19,122.93
2025-11-20,122.93
2025-11-21,122.93
2025-11-24,122.96
2025-11-25,122.97
2025-11-26,122.96
2025-11-27,122.97
2025-11-28,122.98
2025-12-01,122.99
2025-12-02,123
2025-12-03,123
2025-12-04,123.03
2025-12-05,123.04
2025-12-08,123.05
2025-12-09,123.06
2025-12-10,123.06
2025-12-11,123.07
2025-12-12,123.08
2025-12-15,123.1
2025-12-16,123.12
2025-12-17,123.14
2025-12-18,123.17
2025-12-19,123.16
2025-12-22,123.19
2025-12-23,123.19
2025-12-29,123.24
2025-12-30,123.25
2026-01-02,123.31
2026-01-05,123.33
2026-01-07,123.39
2026-01-08,123.39
2026-01-09,123.39
2026-01-12,123.41
2026-01-13,123.43
2026-01-14,123.45
2026-01-15,123.45
2026-01-16,123.46
2026-01-19,123.44
2026-01-20,123.45
2026-01-21,123.45
2026-01-22,123.49
2026-01-23,123.51
2026-01-26,123.53
2026-01-27,123.54
2026-01-28,123.55
2026-01-29,123.56
2026-01-30,123.57
2026-02-02,123.59
2026-02-03,123.62
2026-02-04,123.63
2026-02-05,123.65
2026-02-06,123.67
2026-02-09,123.73
2026-02-10,123.71
2026-02-11,123.72
2026-02-12,123.73
2026-02-13,123.75
2026-02-16,123.77
2026-02-17,123.78
2026-02-18,123.79
2026-02-19,123.8
2026-02-20,123.8
2026-02-23,123.82
2026-02-24,123.85
2026-02-25,123.86
2026-02-26,123.85
2026-02-27,123.86
2026-03-02,123.86
2026-03-03,123.82
2026-03-04,123.83
2026-03-05,123.82
2026-03-06,123.81
2026-03-09,123.71
2026-03-10,123.78
2026-03-11,123.77
2026-03-12,123.76
2026-03-13,123.75
2026-03-16,123.78
2026-03-17,123.8
2026-03-18,123.83
2026-03-19,123.79
2026-03-20,123.75
2026-03-23,123.74
2026-03-24,123.69
2026-03-25,123.72
2026-03-26,123.71
2026-03-27,123.72
2026-03-30,123.74
2026-03-31,123.77
2026-04-01,123.85
2026-04-02,123.85
2026-04-07,123.89
2026-04-08,123.98
2026-04-09,123.99
2026-04-10,124.02
2026-04-13,124.03
2026-04-14,124.05
2026-04-15,124.09
2026-04-16,124.11
2026-04-17,124.13
2026-04-20,124.16
2026-04-21,124.16
2026-04-22,124.15
2026-04-23,124.16
2026-04-24,124.16
2026-04-27,124.18
2026-04-28,124.16
2026-04-29,124.16
2026-04-30,124.17
2026-05-04,124.19
2026-05-05,124.21
2026-05-06,124.3
2026-05-07,124.32
2026-05-08,124.33
2026-05-11,124.35
2026-05-12,124.34
2026-05-13,124.36
2026-05-15,124.36
2026-05-18,124.38
2026-05-19,124.4
2026-05-20,124.42
2026-05-21,124.44
2026-05-22,124.45
2026-05-25,124.49
2026-05-26,124.49
2026-05-27,124.5
2026-05-28,124.51
2026-05-29,124.52
2026-06-01,124.55
2026-06-02,124.56
2026-06-03,124.56
2026-06-04,124.56
2026-06-05,124.57
2026-06-08,124.57
2026-06-09,124.58
2026-06-10,124.59
2026-06-11,124.59
2026-06-12,124.61
2026-06-15,124.65
2026-06-16,124.66
2026-06-17,124.68
2026-06-18,124.67
2026-06-22,124.7
2026-06-23,124.71
2026-06-24,124.71
2026-06-25,124.72
2026-06-26,124.72
2026-06-29,124.75
2026-06-30,124.75
2026-07-01,124.76
2026-07-02,124.77
2026-07-03,124.77
2026-07-06,124.8
2026-07-07,124.8
2026-07-08,124.79
2026-07-09,124.79
2026-07-10,124.8
2026-07-13,124.83
2026-07-14,124.82
2026-07-15,124.83
2026-07-16,124.85
2026-07-17,124.87
2026-07-20,124.9
2026-07-21,124.9
2026-07-22,124.91
2026-07-23,124.9
2026-07-24,124.91
2026-07-27,124.95
2026-07-28,124.96
2026-07-29,124.95
2026-07-30,124.97
2026-07-31,124.96
2026-08-03,124.97
2026-08-04,124.99
2026-08-05,125.02
2026-08-06,125.02
2026-08-07,125.03
2026-08-10,125.04
2026-08-11,125.04
2026-08-12,125.05
2026-08-13,125.06
2026-08-14,125.07
2026-08-17,125.1
2026-08-18,125.1
2026-08-19,125.1
2026-08-20,125.13
2026-08-21,125.14
2026-08-24,125.14
2026-08-25,125.14
2026-08-26,125.16
2026-08-27,125.16
2026-08-28,125.16
2026-08-31,125.15
2026-09-01,125.15
2026-09-02,125.15
2026-09-03,125.18
2026-09-04,125.19
2026-09-07,125.22
2026-09-08,125.23
2026-09-09,125.21
2026-09-10,125.2
2026-09-11,125.18
2026-09-14,125.22
2026-09-15,125.22
2026-09-16,125.19
2026-09-17,125.2
2026-09-18,125.21
2026-09-21,125.24
2026-09-22,125.25
2026-09-23,125.24
