date,sek_per_eur,nok_per_eur,source
1999-01-04,9.4696,8.855,ECB EXR daily reference rate
1999-01-05,9.4025,8.7745,ECB EXR daily reference rate
1999-01-06,9.305,8.7335,ECB EXR daily reference rate
1999-01-07,9.18,8.6295,ECB EXR daily reference rate
1999-01-08,9.165,8.59,ECB EXR daily reference rate
1999-01-11,9.0985,8.5585,ECB EXR daily reference rate
1999-01-12,9.0955,8.61,ECB EXR daily reference rate
1999-01-13,9.14,8.747,ECB EXR daily reference rate
1999-01-14,9.135,8.7245,ECB EXR daily reference rate
1999-01-15,9.157,8.715,ECB EXR daily reference rate
1999-01-18,9.093,8.6575,ECB EXR daily reference rate
1999-01-19,9.0045,8.63,ECB EXR daily reference rate
1999-01-20,8.9645,8.6,ECB EXR daily reference rate
1999-01-21,8.943,8.605,ECB EXR daily reference rate
1999-01-22,9.011,8.6225,ECB EXR daily reference rate
1999-01-25,8.94,8.6125,ECB EXR daily reference rate
1999-01-26,8.921,8.6125,ECB EXR daily reference rate
1999-01-27,8.882,8.5985,ECB EXR daily reference rate
1999-01-28,8.865,8.57,ECB EXR daily reference rate
1999-01-29,8.88,8.5785,ECB EXR daily reference rate
1999-02-01,8.86,8.5395,ECB EXR daily reference rate
1999-02-02,8.8775,8.5845,ECB EXR daily reference rate
1999-02-03,8.915,8.625,ECB EXR daily reference rate
1999-02-04,8.899,8.6425,ECB EXR daily reference rate
1999-02-05,8.872,8.6725,ECB EXR daily reference rate
1999-02-08,8.857,8.62,ECB EXR daily reference rate
1999-02-09,8.907,8.6505,ECB EXR daily reference rate
1999-02-10,8.933,8.6425,ECB EXR daily reference rate
1999-02-11,8.919,8.6435,ECB EXR daily reference rate
1999-02-12,8.9305,8.6075,ECB EXR daily reference rate
1999-02-15,8.8815,8.593,ECB EXR daily reference rate
1999-02-16,8.853,8.6205,ECB EXR daily reference rate
1999-02-17,8.907,8.6955,ECB EXR daily reference rate
1999-02-18,8.9275,8.7385,ECB EXR daily reference rate
1999-02-19,8.911,8.7075,ECB EXR daily reference rate
1999-02-22,8.9075,8.6885,ECB EXR daily reference rate
1999-02-23,8.9085,8.6745,ECB EXR daily reference rate
1999-02-24,8.9115,8.654,ECB EXR daily reference rate
1999-02-25,8.974,8.6965,ECB EXR daily reference rate
1999-02-26,9.0025,8.6965,ECB EXR daily reference rate
1999-03-01,9.0005,8.6475,ECB EXR daily reference rate
1999-03-02,8.985,8.652,ECB EXR daily reference rate
1999-03-03,8.99,8.6475,ECB EXR daily reference rate
1999-03-04,8.96,8.6155,ECB EXR daily reference rate
1999-03-05,8.9355,8.58,ECB EXR daily reference rate
1999-03-08,8.948,8.5785,ECB EXR daily reference rate
1999-03-09,8.938,8.5605,ECB EXR daily reference rate
1999-03-10,8.8925,8.5435,ECB EXR daily reference rate
1999-03-11,8.831,8.501,ECB EXR daily reference rate
1999-03-12,8.8615,8.5285,ECB EXR daily reference rate
1999-03-15,8.8785,8.5275,ECB EXR daily reference rate
1999-03-16,8.969,8.5515,ECB EXR daily reference rate
1999-03-17,8.978,8.54,ECB EXR daily reference rate
1999-03-18,8.938,8.479,ECB EXR daily reference rate
1999-03-19,8.937,8.4515,ECB EXR daily reference rate
1999-03-22,8.9325,8.4445,ECB EXR daily reference rate
1999-03-23,8.932,8.4435,ECB EXR daily reference rate
1999-03-24,8.9695,8.448,ECB EXR daily reference rate
1999-03-25,9.007,8.4635,ECB EXR daily reference rate
1999-03-26,8.95,8.376,ECB EXR daily reference rate
1999-03-29,8.955,8.3635,ECB EXR daily reference rate
1999-03-30,8.9525,8.3585,ECB EXR daily reference rate
1999-03-31,8.887,8.3475,ECB EXR daily reference rate
1999-04-01,8.889,8.3425,ECB EXR daily reference rate
1999-04-02,8.8811,8.346,ECB EXR daily reference rate
1999-04-05,8.8846,8.3505,ECB EXR daily reference rate
1999-04-06,8.8705,8.3345,ECB EXR daily reference rate
1999-04-07,8.929,8.3685,ECB EXR daily reference rate
1999-04-08,8.964,8.4105,ECB EXR daily reference rate
1999-04-09,8.944,8.412,ECB EXR daily reference rate
1999-04-12,9.02,8.4048,ECB EXR daily reference rate
1999-04-13,8.9575,8.3645,ECB EXR daily reference rate
1999-04-14,8.938,8.341,ECB EXR daily reference rate
1999-04-15,8.929,8.345,ECB EXR daily reference rate
1999-04-16,8.8825,8.2875,ECB EXR daily reference rate
1999-04-19,8.883,8.2685,ECB EXR daily reference rate
1999-04-20,8.899,8.2755,ECB EXR daily reference rate
1999-04-21,8.905,8.256,ECB EXR daily reference rate
1999-04-22,8.909,8.2645,ECB EXR daily reference rate
1999-04-23,8.8945,8.2765,ECB EXR daily reference rate
1999-04-26,8.8945,8.2668,ECB EXR daily reference rate
1999-04-27,8.903,8.2765,ECB EXR daily reference rate
1999-04-28,8.913,8.296,ECB EXR daily reference rate
1999-04-29,8.911,8.2695,ECB EXR daily reference rate
1999-04-30,8.9075,8.2515,ECB EXR daily reference rate
1999-05-03,8.9185,8.2445,ECB EXR daily reference rate
1999-05-04,8.9485,8.2385,ECB EXR daily reference rate
1999-05-05,8.9845,8.2565,ECB EXR daily reference rate
1999-05-06,9.005,8.2685,ECB EXR daily reference rate
1999-05-07,8.9575,8.2585,ECB EXR daily reference rate
1999-05-10,8.9445,8.211,ECB EXR daily reference rate
1999-05-11,8.942,8.2215,ECB EXR daily reference rate
1999-05-12,8.944,8.1982,ECB EXR daily reference rate
1999-05-13,8.9634,8.219,ECB EXR daily reference rate
1999-05-14,8.949,8.1825,ECB EXR daily reference rate
1999-05-17,8.9775,8.2007,ECB EXR daily reference rate
1999-05-18,9.003,8.2115,ECB EXR daily reference rate
1999-05-19,9.028,8.2643,ECB EXR daily reference rate
1999-05-20,8.9965,8.26,ECB EXR daily reference rate
1999-05-21,8.962,8.2255,ECB EXR daily reference rate
1999-05-24,8.9754,8.2435,ECB EXR daily reference rate
1999-05-25,8.9895,8.2565,ECB EXR daily reference rate
1999-05-26,8.987,8.238,ECB EXR daily reference rate
1999-05-27,8.978,8.2505,ECB EXR daily reference rate
1999-05-28,8.995,8.2445,ECB EXR daily reference rate
1999-05-31,8.968,8.2375,ECB EXR daily reference rate
1999-06-01,8.9675,8.2355,ECB EXR daily reference rate
1999-06-02,8.983,8.2415,ECB EXR daily reference rate
1999-06-03,8.934,8.241,ECB EXR daily reference rate
1999-06-04,8.9115,8.2275,ECB EXR daily reference rate
1999-06-07,8.8965,8.195,ECB EXR daily reference rate
1999-06-08,8.9035,8.1925,ECB EXR daily reference rate
1999-06-09,8.9285,8.212,ECB EXR daily reference rate
1999-06-10,8.902,8.2,ECB EXR daily reference rate
1999-06-11,8.8785,8.1965,ECB EXR daily reference rate
1999-06-14,8.853,8.1805,ECB EXR daily reference rate
1999-06-15,8.863,8.189,ECB EXR daily reference rate
1999-06-16,8.81,8.1685,ECB EXR daily reference rate
1999-06-17,8.7945,8.151,ECB EXR daily reference rate
1999-06-18,8.7485,8.137,ECB EXR daily reference rate
1999-06-21,8.7295,8.104,ECB EXR daily reference rate
1999-06-22,8.6655,8.0895,ECB EXR daily reference rate
1999-06-23,8.7165,8.106,ECB EXR daily reference rate
1999-06-24,8.7315,8.11,ECB EXR daily reference rate
1999-06-25,8.7572,8.153,ECB EXR daily reference rate
1999-06-28,8.7545,8.1315,ECB EXR daily reference rate
1999-06-29,8.7485,8.121,ECB EXR daily reference rate
1999-06-30,8.747,8.1045,ECB EXR daily reference rate
1999-07-01,8.7215,8.0855,ECB EXR daily reference rate
1999-07-02,8.7005,8.081,ECB EXR daily reference rate
1999-07-05,8.7015,8.07,ECB EXR daily reference rate
1999-07-06,8.7015,8.0645,ECB EXR daily reference rate
1999-07-07,8.695,8.0865,ECB EXR daily reference rate
1999-07-08,8.6905,8.095,ECB EXR daily reference rate
1999-07-09,8.7075,8.1145,ECB EXR daily reference rate
1999-07-12,8.717,8.1075,ECB EXR daily reference rate
1999-07-13,8.7315,8.1155,ECB EXR daily reference rate
1999-07-14,8.75,8.142,ECB EXR daily reference rate
1999-07-15,8.7775,8.1685,ECB EXR daily reference rate
1999-07-16,8.737,8.127,ECB EXR daily reference rate
1999-07-19,8.7135,8.0985,ECB EXR daily reference rate
1999-07-20,8.7175,8.15,ECB EXR daily reference rate
1999-07-21,8.764,8.263,ECB EXR daily reference rate
1999-07-22,8.7795,8.271,ECB EXR daily reference rate
1999-07-23,8.775,8.239,ECB EXR daily reference rate
1999-07-26,8.82,8.341,ECB EXR daily reference rate
1999-07-27,8.8055,8.3275,ECB EXR daily reference rate
1999-07-28,8.814,8.3475,ECB EXR daily reference rate
1999-07-29,8.788,8.3537,ECB EXR daily reference rate
1999-07-30,8.7735,8.3345,ECB EXR daily reference rate
1999-08-02,8.7575,8.278,ECB EXR daily reference rate
1999-08-03,8.749,8.25,ECB EXR daily reference rate
1999-08-04,8.7555,8.303,ECB EXR daily reference rate
1999-08-05,8.777,8.3095,ECB EXR daily reference rate
1999-08-06,8.796,8.3125,ECB EXR daily reference rate
1999-08-09,8.782,8.2635,ECB EXR daily reference rate
1999-08-10,8.811,8.2745,ECB EXR daily reference rate
1999-08-11,8.797,8.2385,ECB EXR daily reference rate
1999-08-12,8.7735,8.2265,ECB EXR daily reference rate
1999-08-13,8.7925,8.2595,ECB EXR daily reference rate
1999-08-16,8.7675,8.2205,ECB EXR daily reference rate
1999-08-17,8.737,8.199,ECB EXR daily reference rate
1999-08-18,8.742,8.2075,ECB EXR daily reference rate
1999-08-19,8.7485,8.2045,ECB EXR daily reference rate
1999-08-20,8.777,8.247,ECB EXR daily reference rate
1999-08-23,8.761,8.2515,ECB EXR daily reference rate
1999-08-24,8.7215,8.2375,ECB EXR daily reference rate
1999-08-25,8.683,8.2435,ECB EXR daily reference rate
1999-08-26,8.713,8.3245,ECB EXR daily reference rate
1999-08-27,8.693,8.2945,ECB EXR daily reference rate
1999-08-30,8.7155,8.2995,ECB EXR daily reference rate
1999-08-31,8.691,8.2795,ECB EXR daily reference rate
1999-09-01,8.701,8.2775,ECB EXR daily reference rate
1999-09-02,8.699,8.321,ECB EXR daily reference rate
1999-09-03,8.7165,8.3395,ECB EXR daily reference rate
1999-09-06,8.656,8.285,ECB EXR daily reference rate
1999-09-07,8.63,8.2725,ECB EXR daily reference rate
1999-09-08,8.617,8.2245,ECB EXR daily reference rate
1999-09-09,8.6125,8.222,ECB EXR daily reference rate
1999-09-10,8.6075,8.224,ECB EXR daily reference rate
1999-09-13,8.5815,8.1715,ECB EXR daily reference rate
1999-09-14,8.596,8.181,ECB EXR daily reference rate
1999-09-15,8.6245,8.229,ECB EXR daily reference rate
1999-09-16,8.638,8.2155,ECB EXR daily reference rate
1999-09-17,8.622,8.2135,ECB EXR daily reference rate
1999-09-20,8.5785,8.183,ECB EXR daily reference rate
1999-09-21,8.577,8.1795,ECB EXR daily reference rate
1999-09-22,8.628,8.222,ECB EXR daily reference rate
1999-09-23,8.5935,8.181,ECB EXR daily reference rate
1999-09-24,8.6215,8.1915,ECB EXR daily reference rate
1999-09-27,8.6155,8.1945,ECB EXR daily reference rate
1999-09-28,8.627,8.173,ECB EXR daily reference rate
1999-09-29,8.6755,8.211,ECB EXR daily reference rate
1999-09-30,8.7235,8.281,ECB EXR daily reference rate
1999-10-01,8.7425,8.247,ECB EXR daily reference rate
1999-10-04,8.757,8.238,ECB EXR daily reference rate
1999-10-05,8.6855,8.2325,ECB EXR daily reference rate
1999-10-06,8.718,8.265,ECB EXR daily reference rate
1999-10-07,8.727,8.2745,ECB EXR daily reference rate
1999-10-08,8.696,8.3175,ECB EXR daily reference rate
1999-10-11,8.671,8.2905,ECB EXR daily reference rate
1999-10-12,8.687,8.3005,ECB EXR daily reference rate
1999-10-13,8.7225,8.319,ECB EXR daily reference rate
1999-10-14,8.745,8.307,ECB EXR daily reference rate
1999-10-15,8.779,8.3425,ECB EXR daily reference rate
1999-10-18,8.8645,8.368,ECB EXR daily reference rate
1999-10-19,8.83,8.3565,ECB EXR daily reference rate
1999-10-20,8.7945,8.3145,ECB EXR daily reference rate
1999-10-21,8.805,8.329,ECB EXR daily reference rate
1999-10-22,8.7405,8.283,ECB EXR daily reference rate
1999-10-25,8.6925,8.2725,ECB EXR daily reference rate
1999-10-26,8.6815,8.2645,ECB EXR daily reference rate
1999-10-27,8.638,8.2395,ECB EXR daily reference rate
1999-10-28,8.635,8.25,ECB EXR daily reference rate
1999-10-29,8.66,8.246,ECB EXR daily reference rate
1999-11-01,8.6795,8.2545,ECB EXR daily reference rate
1999-11-02,8.6705,8.2635,ECB EXR daily reference rate
1999-11-03,8.6625,8.256,ECB EXR daily reference rate
1999-11-04,8.7215,8.259,ECB EXR daily reference rate
1999-11-05,8.6725,8.2355,ECB EXR daily reference rate
1999-11-08,8.6705,8.228,ECB EXR daily reference rate
1999-11-09,8.6595,8.2015,ECB EXR daily reference rate
1999-11-10,8.6575,8.1825,ECB EXR daily reference rate
1999-11-11,8.6475,8.1925,ECB EXR daily reference rate
1999-11-12,8.635,8.1905,ECB EXR daily reference rate
1999-11-15,8.6165,8.1665,ECB EXR daily reference rate
1999-11-16,8.643,8.1925,ECB EXR daily reference rate
1999-11-17,8.669,8.2105,ECB EXR daily reference rate
1999-11-18,8.625,8.1855,ECB EXR daily reference rate
1999-11-19,8.602,8.1795,ECB EXR daily reference rate
1999-11-22,8.613,8.1735,ECB EXR daily reference rate
1999-11-23,8.5975,8.17,ECB EXR daily reference rate
1999-11-24,8.593,8.1675,ECB EXR daily reference rate
1999-11-25,8.587,8.143,ECB EXR daily reference rate
1999-11-26,8.567,8.1055,ECB EXR daily reference rate
1999-11-29,8.58,8.1125,ECB EXR daily reference rate
1999-11-30,8.556,8.1245,ECB EXR daily reference rate
1999-12-01,8.606,8.1365,ECB EXR daily reference rate
1999-12-02,8.6185,8.132,ECB EXR daily reference rate
1999-12-03,8.608,8.105,ECB EXR daily reference rate
1999-12-06,8.6055,8.131,ECB EXR daily reference rate
1999-12-07,8.6175,8.1135,ECB EXR daily reference rate
1999-12-08,8.573,8.115,ECB EXR daily reference rate
1999-12-09,8.57,8.1065,ECB EXR daily reference rate
1999-12-10,8.5775,8.1065,ECB EXR daily reference rate
1999-12-13,8.571,8.095,ECB EXR daily reference rate
1999-12-14,8.587,8.091,ECB EXR daily reference rate
1999-12-15,8.6085,8.105,ECB EXR daily reference rate
1999-12-16,8.6125,8.1155,ECB EXR daily reference rate
1999-12-17,8.596,8.0905,ECB EXR daily reference rate
1999-12-20,8.588,8.069,ECB EXR daily reference rate
1999-12-21,8.599,8.081,ECB EXR daily reference rate
1999-12-22,8.568,8.0435,ECB EXR daily reference rate
1999-12-23,8.55,8.0605,ECB EXR daily reference rate
1999-12-24,8.5754,8.11,ECB EXR daily reference rate
1999-12-27,8.57,8.107,ECB EXR daily reference rate
1999-12-28,8.575,8.088,ECB EXR daily reference rate
1999-12-29,8.564,8.071,ECB EXR daily reference rate
1999-12-30,8.5625,8.0765,ECB EXR daily reference rate
2000-01-03,8.552,8.062,ECB EXR daily reference rate
2000-01-04,8.6215,8.15,ECB EXR daily reference rate
2000-01-05,8.6415,8.206,ECB EXR daily reference rate
2000-01-06,8.6445,8.203,ECB EXR daily reference rate
2000-01-07,8.645,8.1945,ECB EXR daily reference rate
2000-01-10,8.657,8.19,ECB EXR daily reference rate
2000-01-11,8.662,8.2075,ECB EXR daily reference rate
2000-01-12,8.6725,8.216,ECB EXR daily reference rate
2000-01-13,8.6475,8.1795,ECB EXR daily reference rate
2000-01-14,8.623,8.1365,ECB EXR daily reference rate
2000-01-17,8.564,8.0965,ECB EXR daily reference rate
2000-01-18,8.5705,8.1065,ECB EXR daily reference rate
2000-01-19,8.5835,8.0755,ECB EXR daily reference rate
2000-01-20,8.591,8.0865,ECB EXR daily reference rate
2000-01-21,8.5865,8.077,ECB EXR daily reference rate
2000-01-24,8.559,8.0455,ECB EXR daily reference rate
2000-01-25,8.5125,8.0415,ECB EXR daily reference rate
2000-01-26,8.5395,8.069,ECB EXR daily reference rate
2000-01-27,8.5355,8.0815,ECB EXR daily reference rate
2000-01-28,8.524,8.044,ECB EXR daily reference rate
2000-01-31,8.6,8.0825,ECB EXR daily reference rate
2000-02-01,8.586,8.073,ECB EXR daily reference rate
2000-02-02,8.518,8.0175,ECB EXR daily reference rate
2000-02-03,8.4845,8.0475,ECB EXR daily reference rate
2000-02-04,8.4715,8.083,ECB EXR daily reference rate
2000-02-07,8.463,8.059,ECB EXR daily reference rate
2000-02-08,8.475,8.072,ECB EXR daily reference rate
2000-02-09,8.4955,8.0825,ECB EXR daily reference rate
2000-02-10,8.48,8.0695,ECB EXR daily reference rate
2000-02-11,8.4425,8.0395,ECB EXR daily reference rate
2000-02-14,8.485,8.0795,ECB EXR daily reference rate
2000-02-15,8.494,8.0685,ECB EXR daily reference rate
2000-02-16,8.547,8.1125,ECB EXR daily reference rate
2000-02-17,8.577,8.1565,ECB EXR daily reference rate
2000-02-18,8.5375,8.1455,ECB EXR daily reference rate
2000-02-21,8.572,8.17,ECB EXR daily reference rate
2000-02-22,8.5855,8.1915,ECB EXR daily reference rate
2000-02-23,8.5935,8.1955,ECB EXR daily reference rate
2000-02-24,8.557,8.1475,ECB EXR daily reference rate
2000-02-25,8.5255,8.1275,ECB EXR daily reference rate
2000-02-28,8.417,8.0625,ECB EXR daily reference rate
2000-02-29,8.432,8.0805,ECB EXR daily reference rate
2000-03-01,8.425,8.0825,ECB EXR daily reference rate
2000-03-02,8.4415,8.07,ECB EXR daily reference rate
2000-03-03,8.47,8.084,ECB EXR daily reference rate
2000-03-06,8.4425,8.0765,ECB EXR daily reference rate
2000-03-07,8.4345,8.084,ECB EXR daily reference rate
2000-03-08,8.431,8.085,ECB EXR daily reference rate
2000-03-09,8.448,8.1175,ECB EXR daily reference rate
2000-03-10,8.4415,8.0995,ECB EXR daily reference rate
2000-03-13,8.421,8.1205,ECB EXR daily reference rate
2000-03-14,8.398,8.121,ECB EXR daily reference rate
2000-03-15,8.415,8.14,ECB EXR daily reference rate
2000-03-16,8.4325,8.1585,ECB EXR daily reference rate
2000-03-17,8.417,8.154,ECB EXR daily reference rate
2000-03-20,8.4225,8.1705,ECB EXR daily reference rate
2000-03-21,8.3925,8.166,ECB EXR daily reference rate
2000-03-22,8.364,8.1475,ECB EXR daily reference rate
2000-03-23,8.3725,8.106,ECB EXR daily reference rate
2000-03-24,8.375,8.13,ECB EXR daily reference rate
2000-03-27,8.34,8.127,ECB EXR daily reference rate
2000-03-28,8.271,8.081,ECB EXR daily reference rate
2000-03-29,8.2455,8.0625,ECB EXR daily reference rate
2000-03-30,8.25,8.0815,ECB EXR daily reference rate
2000-03-31,8.2825,8.0885,ECB EXR daily reference rate
2000-04-03,8.295,8.109,ECB EXR daily reference rate
2000-04-04,8.3005,8.1145,ECB EXR daily reference rate
2000-04-05,8.329,8.157,ECB EXR daily reference rate
2000-04-06,8.3015,8.133,ECB EXR daily reference rate
2000-04-07,8.2728,8.127,ECB EXR daily reference rate
2000-04-10,8.277,8.1465,ECB EXR daily reference rate
2000-04-11,8.268,8.1765,ECB EXR daily reference rate
2000-04-12,8.2915,8.1585,ECB EXR daily reference rate
2000-04-13,8.2895,8.148,ECB EXR daily reference rate
2000-04-14,8.2965,8.149,ECB EXR daily reference rate
2000-04-17,8.3295,8.2075,ECB EXR daily reference rate
2000-04-18,8.297,8.1775,ECB EXR daily reference rate
2000-04-19,8.263,8.1733,ECB EXR daily reference rate
2000-04-20,8.2442,8.1655,ECB EXR daily reference rate
2000-04-25,8.243,8.163,ECB EXR daily reference rate
2000-04-26,8.1825,8.1535,ECB EXR daily reference rate
2000-04-27,8.188,8.175,ECB EXR daily reference rate
2000-04-28,8.14,8.1475,ECB EXR daily reference rate
2000-05-02,8.1435,8.1385,ECB EXR daily reference rate
2000-05-03,8.055,8.06,ECB EXR daily reference rate
2000-05-04,8.117,8.1055,ECB EXR daily reference rate
2000-05-05,8.1465,8.125,ECB EXR daily reference rate
2000-05-08,8.1415,8.1375,ECB EXR daily reference rate
2000-05-09,8.1645,8.1495,ECB EXR daily reference rate
2000-05-10,8.2055,8.1935,ECB EXR daily reference rate
2000-05-11,8.23,8.224,ECB EXR daily reference rate
2000-05-12,8.2375,8.1715,ECB EXR daily reference rate
2000-05-15,8.27,8.199,ECB EXR daily reference rate
2000-05-16,8.251,8.175,ECB EXR daily reference rate
2000-05-17,8.18,8.154,ECB EXR daily reference rate
2000-05-18,8.187,8.1565,ECB EXR daily reference rate
2000-05-19,8.1585,8.1505,ECB EXR daily reference rate
2000-05-22,8.302,8.2155,ECB EXR daily reference rate
2000-05-23,8.3195,8.2665,ECB EXR daily reference rate
2000-05-24,8.332,8.2745,ECB EXR daily reference rate
2000-05-25,8.3075,8.249,ECB EXR daily reference rate
2000-05-26,8.354,8.286,ECB EXR daily reference rate
2000-05-29,8.404,8.3075,ECB EXR daily reference rate
2000-05-30,8.412,8.3425,ECB EXR daily reference rate
2000-05-31,8.3845,8.305,ECB EXR daily reference rate
2000-06-01,8.356,8.321,ECB EXR daily reference rate
2000-06-02,8.3615,8.312,ECB EXR daily reference rate
2000-06-05,8.328,8.287,ECB EXR daily reference rate
2000-06-06,8.339,8.279,ECB EXR daily reference rate
2000-06-07,8.3325,8.2715,ECB EXR daily reference rate
2000-06-08,8.357,8.3095,ECB EXR daily reference rate
2000-06-09,8.3515,8.3245,ECB EXR daily reference rate
2000-06-12,8.317,8.305,ECB EXR daily reference rate
2000-06-13,8.2895,8.284,ECB EXR daily reference rate
2000-06-14,8.2185,8.2485,ECB EXR daily reference rate
2000-06-15,8.236,8.224,ECB EXR daily reference rate
2000-06-16,8.28,8.2485,ECB EXR daily reference rate
2000-06-19,8.3065,8.267,ECB EXR daily reference rate
2000-06-20,8.249,8.2265,ECB EXR daily reference rate
2000-06-21,8.254,8.223,ECB EXR daily reference rate
2000-06-22,8.2705,8.2135,ECB EXR daily reference rate
2000-06-23,8.2765,8.2025,ECB EXR daily reference rate
2000-06-26,8.284,8.179,ECB EXR daily reference rate
2000-06-27,8.3715,8.2125,ECB EXR daily reference rate
2000-06-28,8.386,8.175,ECB EXR daily reference rate
2000-06-29,8.404,8.1785,ECB EXR daily reference rate
2000-06-30,8.421,8.185,ECB EXR daily reference rate
2000-07-03,8.3885,8.169,ECB EXR daily reference rate
2000-07-04,8.3835,8.18,ECB EXR daily reference rate
2000-07-05,8.408,8.187,ECB EXR daily reference rate
2000-07-06,8.44,8.18,ECB EXR daily reference rate
2000-07-07,8.431,8.173,ECB EXR daily reference rate
2000-07-10,8.446,8.1655,ECB EXR daily reference rate
2000-07-11,8.421,8.1755,ECB EXR daily reference rate
2000-07-12,8.392,8.1515,ECB EXR daily reference rate
2000-07-13,8.3485,8.1475,ECB EXR daily reference rate
2000-07-14,8.3485,8.1515,ECB EXR daily reference rate
2000-07-17,8.3585,8.166,ECB EXR daily reference rate
2000-07-18,8.387,8.1895,ECB EXR daily reference rate
2000-07-19,8.399,8.1735,ECB EXR daily reference rate
2000-07-20,8.409,8.189,ECB EXR daily reference rate
2000-07-21,8.388,8.1835,ECB EXR daily reference rate
2000-07-24,8.422,8.1915,ECB EXR daily reference rate
2000-07-25,8.388,8.168,ECB EXR daily reference rate
2000-07-26,8.394,8.1825,ECB EXR daily reference rate
2000-07-27,8.4415,8.195,ECB EXR daily reference rate
2000-07-28,8.4585,8.1835,ECB EXR daily reference rate
2000-07-31,8.495,8.199,ECB EXR daily reference rate
2000-08-01,8.474,8.1985,ECB EXR daily reference rate
2000-08-02,8.4575,8.18,ECB EXR daily reference rate
2000-08-03,8.439,8.1585,ECB EXR daily reference rate
2000-08-04,8.411,8.1215,ECB EXR daily reference rate
2000-08-07,8.3725,8.0945,ECB EXR daily reference rate
2000-08-08,8.3535,8.1165,ECB EXR daily reference rate
2000-08-09,8.3125,8.067,ECB EXR daily reference rate
2000-08-10,8.3295,8.087,ECB EXR daily reference rate
2000-08-11,8.363,8.1195,ECB EXR daily reference rate
2000-08-14,8.3065,8.07,ECB EXR daily reference rate
2000-08-15,8.3455,8.114,ECB EXR daily reference rate
2000-08-16,8.3915,8.099,ECB EXR daily reference rate
2000-08-17,8.428,8.09,ECB EXR daily reference rate
2000-08-18,8.3955,8.061,ECB EXR daily reference rate
2000-08-21,8.412,8.0435,ECB EXR daily reference rate
2000-08-22,8.383,8.0435,ECB EXR daily reference rate
2000-08-23,8.356,8.0525,ECB EXR daily reference rate
2000-08-24,8.364,8.1015,ECB EXR daily reference rate
2000-08-25,8.38,8.0955,ECB EXR daily reference rate
2000-08-28,8.428,8.0745,ECB EXR daily reference rate
2000-08-29,8.4545,8.0715,ECB EXR daily reference rate
2000-08-30,8.4355,8.0715,ECB EXR daily reference rate
2000-08-31,8.416,8.0745,ECB EXR daily reference rate
2000-09-01,8.3795,8.0725,ECB EXR daily reference rate
2000-09-04,8.395,8.0815,ECB EXR daily reference rate
2000-09-05,8.3775,8.074,ECB EXR daily reference rate
2000-09-06,8.411,8.0515,ECB EXR daily reference rate
2000-09-07,8.35,8.0155,ECB EXR daily reference rate
2000-09-08,8.3655,8.0385,ECB EXR daily reference rate
2000-09-11,8.378,8.024,ECB EXR daily reference rate
2000-09-12,8.388,7.98,ECB EXR daily reference rate
2000-09-13,8.417,8.0435,ECB EXR daily reference rate
2000-09-14,8.4145,8.0405,ECB EXR daily reference rate
2000-09-15,8.3915,8.018,ECB EXR daily reference rate
2000-09-18,8.393,7.991,ECB EXR daily reference rate
2000-09-19,8.378,8.0055,ECB EXR daily reference rate
2000-09-20,8.3725,7.9665,ECB EXR daily reference rate
2000-09-21,8.384,7.992,ECB EXR daily reference rate
2000-09-22,8.428,8.0345,ECB EXR daily reference rate
2000-09-25,8.453,8.027,ECB EXR daily reference rate
2000-09-26,8.4693,8.0215,ECB EXR daily reference rate
2000-09-27,8.509,8.044,ECB EXR daily reference rate
2000-09-28,8.5245,8.0125,ECB EXR daily reference rate
2000-09-29,8.5265,8.0255,ECB EXR daily reference rate
2000-10-02,8.527,8.043,ECB EXR daily reference rate
2000-10-03,8.535,8.0345,ECB EXR daily reference rate
2000-10-04,8.5723,8.035,ECB EXR daily reference rate
2000-10-05,8.565,8.048,ECB EXR daily reference rate
2000-10-06,8.5283,8.0355,ECB EXR daily reference rate
2000-10-09,8.5545,8.045,ECB EXR daily reference rate
2000-10-10,8.5925,8.0575,ECB EXR daily reference rate
2000-10-11,8.6185,8.073,ECB EXR daily reference rate
2000-10-12,8.573,8.054,ECB EXR daily reference rate
2000-10-13,8.5303,8.047,ECB EXR daily reference rate
2000-10-16,8.525,8.009,ECB EXR daily reference rate
2000-10-17,8.5045,8.0375,ECB EXR daily reference rate
2000-10-18,8.535,8.0465,ECB EXR daily reference rate
2000-10-19,8.505,8.007,ECB EXR daily reference rate
2000-10-20,8.535,8.004,ECB EXR daily reference rate
2000-10-23,8.4904,7.9415,ECB EXR daily reference rate
2000-10-24,8.4507,7.9465,ECB EXR daily reference rate
2000-10-25,8.4602,7.946,ECB EXR daily reference rate
2000-10-26,8.4888,7.927,ECB EXR daily reference rate
2000-10-27,8.4735,7.9265,ECB EXR daily reference rate
2000-10-30,8.4898,7.933,ECB EXR daily reference rate
2000-10-31,8.4843,7.8735,ECB EXR daily reference rate
2000-11-01,8.474,7.8765,ECB EXR daily reference rate
2000-11-02,8.521,7.9395,ECB EXR daily reference rate
2000-11-03,8.5408,7.977,ECB EXR daily reference rate
2000-11-06,8.5668,7.977,ECB EXR daily reference rate
2000-11-07,8.595,7.9785,ECB EXR daily reference rate
2000-11-08,8.5845,7.9635,ECB EXR daily reference rate
2000-11-09,8.57,7.939,ECB EXR daily reference rate
2000-11-10,8.5978,8.0,ECB EXR daily reference rate
2000-11-13,8.6168,7.989,ECB EXR daily reference rate
2000-11-14,8.6548,8.0225,ECB EXR daily reference rate
2000-11-15,8.6443,8.0365,ECB EXR daily reference rate
2000-11-16,8.65,8.0135,ECB EXR daily reference rate
2000-11-17,8.67,8.0035,ECB EXR daily reference rate
2000-11-20,8.6485,7.9865,ECB EXR daily reference rate
2000-11-21,8.698,8.0345,ECB EXR daily reference rate
2000-11-22,8.67,8.0085,ECB EXR daily reference rate
2000-11-23,8.6545,8.009,ECB EXR daily reference rate
2000-11-24,8.6883,8.022,ECB EXR daily reference rate
2000-11-27,8.6914,8.015,ECB EXR daily reference rate
2000-11-28,8.7012,8.019,ECB EXR daily reference rate
2000-11-29,8.683,8.028,ECB EXR daily reference rate
2000-11-30,8.715,8.0525,ECB EXR daily reference rate
2000-12-01,8.6825,8.0815,ECB EXR daily reference rate
2000-12-04,8.63,8.1075,ECB EXR daily reference rate
2000-12-05,8.5805,8.1035,ECB EXR daily reference rate
2000-12-06,8.566,8.0655,ECB EXR daily reference rate
2000-12-07,8.6275,8.115,ECB EXR daily reference rate
2000-12-08,8.621,8.112,ECB EXR daily reference rate
2000-12-11,8.5513,8.0905,ECB EXR daily reference rate
2000-12-12,8.5003,8.072,ECB EXR daily reference rate
2000-12-13,8.5538,8.1085,ECB EXR daily reference rate
2000-12-14,8.575,8.1115,ECB EXR daily reference rate
2000-12-15,8.582,8.14,ECB EXR daily reference rate
2000-12-18,8.641,8.08,ECB EXR daily reference rate
2000-12-19,8.698,8.1085,ECB EXR daily reference rate
2000-12-20,8.7025,8.1365,ECB EXR daily reference rate
2000-12-21,8.7275,8.177,ECB EXR daily reference rate
2000-12-22,8.8089,8.1915,ECB EXR daily reference rate
2000-12-27,8.86,8.2485,ECB EXR daily reference rate
2000-12-28,8.8428,8.2525,ECB EXR daily reference rate
2000-12-29,8.8313,8.2335,ECB EXR daily reference rate
2001-01-02,8.888,8.3065,ECB EXR daily reference rate
2001-01-03,8.9467,8.3145,ECB EXR daily reference rate
2001-01-04,8.9153,8.271,ECB EXR daily reference rate
2001-01-05,8.932,8.291,ECB EXR daily reference rate
2001-01-08,8.9286,8.298,ECB EXR daily reference rate
2001-01-09,8.95,8.2495,ECB EXR daily reference rate
2001-01-10,8.9233,8.205,ECB EXR daily reference rate
2001-01-11,8.8875,8.2,ECB EXR daily reference rate
2001-01-12,8.857,8.185,ECB EXR daily reference rate
2001-01-15,8.8695,8.211,ECB EXR daily reference rate
2001-01-16,8.9295,8.208,ECB EXR daily reference rate
2001-01-17,8.932,8.223,ECB EXR daily reference rate
2001-01-18,8.927,8.227,ECB EXR daily reference rate
2001-01-19,8.887,8.227,ECB EXR daily reference rate
2001-01-22,8.9325,8.211,ECB EXR daily reference rate
2001-01-23,8.959,8.2755,ECB EXR daily reference rate
2001-01-24,8.91,8.256,ECB EXR daily reference rate
2001-01-25,8.9,8.226,ECB EXR daily reference rate
2001-01-26,8.9068,8.21,ECB EXR daily reference rate
2001-01-29,8.86,8.195,ECB EXR daily reference rate
2001-01-30,8.8408,8.1865,ECB EXR daily reference rate
2001-01-31,8.8395,8.205,ECB EXR daily reference rate
2001-02-01,8.8968,8.213,ECB EXR daily reference rate
2001-02-02,8.914,8.205,ECB EXR daily reference rate
2001-02-05,8.9363,8.204,ECB EXR daily reference rate
2001-02-06,8.9165,8.175,ECB EXR daily reference rate
2001-02-07,8.9125,8.1875,ECB EXR daily reference rate
2001-02-08,8.8795,8.1715,ECB EXR daily reference rate
2001-02-09,8.9115,8.1855,ECB EXR daily reference rate
2001-02-12,8.949,8.202,ECB EXR daily reference rate
2001-02-13,8.993,8.2165,ECB EXR daily reference rate
2001-02-14,9.0355,8.219,ECB EXR daily reference rate
2001-02-15,9.018,8.2075,ECB EXR daily reference rate
2001-02-16,8.9615,8.195,ECB EXR daily reference rate
2001-02-19,8.993,8.206,ECB EXR daily reference rate
2001-02-20,8.9645,8.2195,ECB EXR daily reference rate
2001-02-21,9.005,8.2425,ECB EXR daily reference rate
2001-02-22,9.0528,8.26,ECB EXR daily reference rate
2001-02-23,9.0818,8.2455,ECB EXR daily reference rate
2001-02-26,9.023,8.223,ECB EXR daily reference rate
2001-02-27,9.036,8.2285,ECB EXR daily reference rate
2001-02-28,9.0588,8.244,ECB EXR daily reference rate
2001-03-01,9.0477,8.232,ECB EXR daily reference rate
2001-03-02,9.041,8.2195,ECB EXR daily reference rate
2001-03-05,9.0663,8.226,ECB EXR daily reference rate
2001-03-06,9.0347,8.2315,ECB EXR daily reference rate
2001-03-07,9.054,8.2155,ECB EXR daily reference rate
2001-03-08,9.0513,8.221,ECB EXR daily reference rate
2001-03-09,9.086,8.207,ECB EXR daily reference rate
2001-03-12,9.1128,8.222,ECB EXR daily reference rate
2001-03-13,9.176,8.2345,ECB EXR daily reference rate
2001-03-14,9.1797,8.213,ECB EXR daily reference rate
2001-03-15,9.147,8.1835,ECB EXR daily reference rate
2001-03-16,9.145,8.1695,ECB EXR daily reference rate
2001-03-19,9.1373,8.123,ECB EXR daily reference rate
2001-03-20,9.144,8.1265,ECB EXR daily reference rate
2001-03-21,9.1875,8.1235,ECB EXR daily reference rate
2001-03-22,9.2393,8.1165,ECB EXR daily reference rate
2001-03-23,9.1833,8.0855,ECB EXR daily reference rate
2001-03-26,9.138,8.083,ECB EXR daily reference rate
2001-03-27,9.121,8.085,ECB EXR daily reference rate
2001-03-28,9.1378,8.081,ECB EXR daily reference rate
2001-03-29,9.1935,8.065,ECB EXR daily reference rate
2001-03-30,9.157,8.057,ECB EXR daily reference rate
2001-04-02,9.147,8.058,ECB EXR daily reference rate
2001-04-03,9.169,8.0975,ECB EXR daily reference rate
2001-04-04,9.227,8.1815,ECB EXR daily reference rate
2001-04-05,9.191,8.167,ECB EXR daily reference rate
2001-04-06,9.1405,8.1285,ECB EXR daily reference rate
2001-04-09,9.0969,8.141,ECB EXR daily reference rate
2001-04-10,9.069,8.1045,ECB EXR daily reference rate
2001-04-11,9.0125,8.0665,ECB EXR daily reference rate
2001-04-12,9.001,8.0725,ECB EXR daily reference rate
2001-04-17,9.055,8.048,ECB EXR daily reference rate
2001-04-18,9.0455,8.059,ECB EXR daily reference rate
2001-04-19,9.022,8.0605,ECB EXR daily reference rate
2001-04-20,9.095,8.123,ECB EXR daily reference rate
2001-04-23,9.1345,8.1465,ECB EXR daily reference rate
2001-04-24,9.166,8.147,ECB EXR daily reference rate
2001-04-25,9.166,8.1625,ECB EXR daily reference rate
2001-04-26,9.1572,8.1665,ECB EXR daily reference rate
2001-04-27,9.1195,8.155,ECB EXR daily reference rate
2001-04-30,9.1135,8.0925,ECB EXR daily reference rate
2001-05-02,9.1478,8.103,ECB EXR daily reference rate
2001-05-03,9.118,8.099,ECB EXR daily reference rate
2001-05-04,9.1353,8.0925,ECB EXR daily reference rate
2001-05-07,9.1089,8.079,ECB EXR daily reference rate
2001-05-08,9.1069,8.054,ECB EXR daily reference rate
2001-05-09,9.116,8.04,ECB EXR daily reference rate
2001-05-10,9.0725,8.071,ECB EXR daily reference rate
2001-05-11,8.9695,8.0185,ECB EXR daily reference rate
2001-05-14,9.0025,7.99,ECB EXR daily reference rate
2001-05-15,8.9995,8.019,ECB EXR daily reference rate
2001-05-16,9.0712,8.0335,ECB EXR daily reference rate
2001-05-17,9.0317,8.003,ECB EXR daily reference rate
2001-05-18,9.012,7.9605,ECB EXR daily reference rate
2001-05-21,8.98,7.931,ECB EXR daily reference rate
2001-05-22,8.9725,7.9315,ECB EXR daily reference rate
2001-05-23,9.0515,7.944,ECB EXR daily reference rate
2001-05-24,9.0195,7.9325,ECB EXR daily reference rate
2001-05-25,9.0525,7.901,ECB EXR daily reference rate
2001-05-28,9.0595,7.9115,ECB EXR daily reference rate
2001-05-29,9.035,7.8865,ECB EXR daily reference rate
2001-05-30,9.08,7.908,ECB EXR daily reference rate
2001-05-31,9.125,7.93,ECB EXR daily reference rate
2001-06-01,9.1725,7.982,ECB EXR daily reference rate
2001-06-04,9.24,7.98,ECB EXR daily reference rate
2001-06-05,9.2412,7.969,ECB EXR daily reference rate
2001-06-06,9.2275,7.9675,ECB EXR daily reference rate
2001-06-07,9.3182,7.9555,ECB EXR daily reference rate
2001-06-08,9.3229,7.951,ECB EXR daily reference rate
2001-06-11,9.311,7.9535,ECB EXR daily reference rate
2001-06-12,9.32,7.9835,ECB EXR daily reference rate
2001-06-13,9.2605,7.995,ECB EXR daily reference rate
2001-06-14,9.2511,7.9545,ECB EXR daily reference rate
2001-06-15,9.16,7.998,ECB EXR daily reference rate
2001-06-18,9.1,7.9225,ECB EXR daily reference rate
2001-06-19,9.0719,7.9,ECB EXR daily reference rate
2001-06-20,9.1139,7.8565,ECB EXR daily reference rate
2001-06-21,9.1475,7.894,ECB EXR daily reference rate
2001-06-22,9.151,7.86,ECB EXR daily reference rate
2001-06-25,9.1495,7.9285,ECB EXR daily reference rate
2001-06-26,9.2192,7.936,ECB EXR daily reference rate
2001-06-27,9.24,7.899,ECB EXR daily reference rate
2001-06-28,9.1925,7.884,ECB EXR daily reference rate
2001-06-29,9.2125,7.8865,ECB EXR daily reference rate
2001-07-02,9.2326,7.9345,ECB EXR daily reference rate
2001-07-03,9.2416,7.9505,ECB EXR daily reference rate
2001-07-04,9.2032,7.924,ECB EXR daily reference rate
2001-07-05,9.222,7.9115,ECB EXR daily reference rate
2001-07-06,9.2575,7.928,ECB EXR daily reference rate
2001-07-09,9.3005,7.918,ECB EXR daily reference rate
2001-07-10,9.2882,7.9455,ECB EXR daily reference rate
2001-07-11,9.3164,7.9825,ECB EXR daily reference rate
2001-07-12,9.262,7.964,ECB EXR daily reference rate
2001-07-13,9.232,7.9565,ECB EXR daily reference rate
2001-07-16,9.2107,7.9775,ECB EXR daily reference rate
2001-07-17,9.2152,7.9805,ECB EXR daily reference rate
2001-07-18,9.2314,8.0075,ECB EXR daily reference rate
2001-07-19,9.2565,8.011,ECB EXR daily reference rate
2001-07-20,9.2631,8.017,ECB EXR daily reference rate
2001-07-23,9.2907,7.9865,ECB EXR daily reference rate
2001-07-24,9.3118,8.002,ECB EXR daily reference rate
2001-07-25,9.3472,8.013,ECB EXR daily reference rate
2001-07-26,9.3009,8.0125,ECB EXR daily reference rate
2001-07-27,9.2825,7.984,ECB EXR daily reference rate
2001-07-30,9.256,7.98,ECB EXR daily reference rate
2001-07-31,9.2785,7.985,ECB EXR daily reference rate
2001-08-01,9.3092,8.012,ECB EXR daily reference rate
2001-08-02,9.229,7.996,ECB EXR daily reference rate
2001-08-03,9.1721,7.9685,ECB EXR daily reference rate
2001-08-06,9.1637,7.9775,ECB EXR daily reference rate
2001-08-07,9.1885,7.969,ECB EXR daily reference rate
2001-08-08,9.1509,7.958,ECB EXR daily reference rate
2001-08-09,9.1734,7.985,ECB EXR daily reference rate
2001-08-10,9.1795,8.015,ECB EXR daily reference rate
2001-08-13,9.2049,8.0625,ECB EXR daily reference rate
2001-08-14,9.211,8.068,ECB EXR daily reference rate
2001-08-15,9.2593,8.1235,ECB EXR daily reference rate
2001-08-16,9.2581,8.1035,ECB EXR daily reference rate
2001-08-17,9.335,8.1325,ECB EXR daily reference rate
2001-08-20,9.4235,8.1135,ECB EXR daily reference rate
2001-08-21,9.431,8.1215,ECB EXR daily reference rate
2001-08-22,9.4707,8.1105,ECB EXR daily reference rate
2001-08-23,9.424,8.112,ECB EXR daily reference rate
2001-08-24,9.3873,8.106,ECB EXR daily reference rate
2001-08-27,9.3829,8.083,ECB EXR daily reference rate
2001-08-28,9.366,8.068,ECB EXR daily reference rate
2001-08-29,9.425,8.068,ECB EXR daily reference rate
2001-08-30,9.4669,8.0485,ECB EXR daily reference rate
2001-08-31,9.5345,8.0675,ECB EXR daily reference rate
2001-09-03,9.5099,8.0305,ECB EXR daily reference rate
2001-09-04,9.5517,7.963,ECB EXR daily reference rate
2001-09-05,9.5165,7.9305,ECB EXR daily reference rate
2001-09-06,9.452,7.949,ECB EXR daily reference rate
2001-09-07,9.495,7.9775,ECB EXR daily reference rate
2001-09-10,9.5406,8.0025,ECB EXR daily reference rate
2001-09-11,9.4974,7.947,ECB EXR daily reference rate
2001-09-12,9.5769,7.987,ECB EXR daily reference rate
2001-09-13,9.5832,7.999,ECB EXR daily reference rate
2001-09-14,9.5911,8.028,ECB EXR daily reference rate
2001-09-17,9.7095,8.0655,ECB EXR daily reference rate
2001-09-18,9.7209,7.9935,ECB EXR daily reference rate
2001-09-19,9.7215,7.967,ECB EXR daily reference rate
2001-09-20,9.7783,7.9315,ECB EXR daily reference rate
2001-09-21,9.9631,7.929,ECB EXR daily reference rate
2001-09-24,9.9185,7.979,ECB EXR daily reference rate
2001-09-25,9.8338,8.045,ECB EXR daily reference rate
2001-09-26,9.92,8.051,ECB EXR daily reference rate
2001-09-27,9.8752,8.085,ECB EXR daily reference rate
2001-09-28,9.7321,8.11,ECB EXR daily reference rate
2001-10-01,9.7331,8.0855,ECB EXR daily reference rate
2001-10-02,9.7785,8.089,ECB EXR daily reference rate
2001-10-03,9.7392,8.0835,ECB EXR daily reference rate
2001-10-04,9.6897,8.0605,ECB EXR daily reference rate
2001-10-05,9.7341,8.07,ECB EXR daily reference rate
2001-10-08,9.7397,8.06,ECB EXR daily reference rate
2001-10-09,9.6785,8.0235,ECB EXR daily reference rate
2001-10-10,9.6509,7.996,ECB EXR daily reference rate
2001-10-11,9.5635,7.972,ECB EXR daily reference rate
2001-10-12,9.521,7.9555,ECB EXR daily reference rate
2001-10-15,9.5033,7.9735,ECB EXR daily reference rate
2001-10-16,9.4865,7.9705,ECB EXR daily reference rate
2001-10-17,9.4515,7.9495,ECB EXR daily reference rate
2001-10-18,9.4936,7.9575,ECB EXR daily reference rate
2001-10-19,9.4715,7.969,ECB EXR daily reference rate
2001-10-22,9.5069,7.98,ECB EXR daily reference rate
2001-10-23,9.5085,7.949,ECB EXR daily reference rate
2001-10-24,9.4942,7.945,ECB EXR daily reference rate
2001-10-25,9.4482,7.949,ECB EXR daily reference rate
2001-10-26,9.4315,7.9525,ECB EXR daily reference rate
2001-10-29,9.4742,7.968,ECB EXR daily reference rate
2001-10-30,9.5832,7.9745,ECB EXR daily reference rate
2001-10-31,9.6122,7.9985,ECB EXR daily reference rate
2001-11-01,9.585,7.985,ECB EXR daily reference rate
2001-11-02,9.5336,7.969,ECB EXR daily reference rate
2001-11-05,9.5117,7.9515,ECB EXR daily reference rate
2001-11-06,9.48,7.9265,ECB EXR daily reference rate
2001-11-07,9.474,7.9585,ECB EXR daily reference rate
2001-11-08,9.38,7.892,ECB EXR daily reference rate
2001-11-09,9.4244,7.8935,ECB EXR daily reference rate
2001-11-12,9.4107,7.897,ECB EXR daily reference rate
2001-11-13,9.3595,7.884,ECB EXR daily reference rate
2001-11-14,9.334,7.844,ECB EXR daily reference rate
2001-11-15,9.3345,7.9,ECB EXR daily reference rate
2001-11-16,9.377,7.92,ECB EXR daily reference rate
2001-11-19,9.3665,7.922,ECB EXR daily reference rate
2001-11-20,9.366,7.9125,ECB EXR daily reference rate
2001-11-21,9.4082,7.894,ECB EXR daily reference rate
2001-11-22,9.3868,7.883,ECB EXR daily reference rate
2001-11-23,9.3611,7.929,ECB EXR daily reference rate
2001-11-26,9.3641,7.9495,ECB EXR daily reference rate
2001-11-27,9.3412,7.941,ECB EXR daily reference rate
2001-11-28,9.4084,7.9415,ECB EXR daily reference rate
2001-11-29,9.468,7.948,ECB EXR daily reference rate
2001-11-30,9.491,7.951,ECB EXR daily reference rate
2001-12-03,9.5736,8.0015,ECB EXR daily reference rate
2001-12-04,9.4739,7.9665,ECB EXR daily reference rate
2001-12-05,9.4457,8.0,ECB EXR daily reference rate
2001-12-06,9.3619,7.976,ECB EXR daily reference rate
2001-12-07,9.3573,7.977,ECB EXR daily reference rate
2001-12-10,9.3443,7.9895,ECB EXR daily reference rate
2001-12-11,9.3669,8.002,ECB EXR daily reference rate
2001-12-12,9.3833,8.0065,ECB EXR daily reference rate
2001-12-13,9.3588,8.0235,ECB EXR daily reference rate
2001-12-14,9.4642,8.028,ECB EXR daily reference rate
2001-12-17,9.4817,8.037,ECB EXR daily reference rate
2001-12-18,9.4648,7.9935,ECB EXR daily reference rate
2001-12-19,9.5029,7.9805,ECB EXR daily reference rate
2001-12-20,9.512,7.984,ECB EXR daily reference rate
2001-12-21,9.5065,7.987,ECB EXR daily reference rate
2001-12-24,9.505,7.9755,ECB EXR daily reference rate
2001-12-27,9.4413,7.961,ECB EXR daily reference rate
2001-12-28,9.3012,7.9515,ECB EXR daily reference rate
2002-01-02,9.2825,8.0115,ECB EXR daily reference rate
2002-01-03,9.2337,8.0105,ECB EXR daily reference rate
2002-01-04,9.2353,7.9865,ECB EXR daily reference rate
2002-01-07,9.211,7.975,ECB EXR daily reference rate
2002-01-08,9.2353,7.9585,ECB EXR daily reference rate
2002-01-09,9.246,7.9475,ECB EXR daily reference rate
2002-01-10,9.1795,7.951,ECB EXR daily reference rate
2002-01-11,9.1505,7.952,ECB EXR daily reference rate
2002-01-14,9.2021,7.944,ECB EXR daily reference rate
2002-01-15,9.2287,7.9495,ECB EXR daily reference rate
2002-01-16,9.2141,7.912,ECB EXR daily reference rate
2002-01-17,9.2802,7.901,ECB EXR daily reference rate
2002-01-18,9.2458,7.9105,ECB EXR daily reference rate
2002-01-21,9.2175,7.914,ECB EXR daily reference rate
2002-01-22,9.2422,7.903,ECB EXR daily reference rate
2002-01-23,9.2868,7.9225,ECB EXR daily reference rate
2002-01-24,9.2355,7.876,ECB EXR daily reference rate
2002-01-25,9.2463,7.857,ECB EXR daily reference rate
2002-01-28,9.2275,7.8395,ECB EXR daily reference rate
2002-01-29,9.2251,7.8405,ECB EXR daily reference rate
2002-01-30,9.209,7.8535,ECB EXR daily reference rate
2002-01-31,9.17,7.841,ECB EXR daily reference rate
2002-02-01,9.188,7.8405,ECB EXR daily reference rate
2002-02-04,9.2148,7.8375,ECB EXR daily reference rate
2002-02-05,9.2574,7.855,ECB EXR daily reference rate
2002-02-06,9.213,7.829,ECB EXR daily reference rate
2002-02-07,9.229,7.802,ECB EXR daily reference rate
2002-02-08,9.2601,7.8315,ECB EXR daily reference rate
2002-02-11,9.2598,7.836,ECB EXR daily reference rate
2002-02-12,9.25,7.832,ECB EXR daily reference rate
2002-02-13,9.2303,7.827,ECB EXR daily reference rate
2002-02-14,9.1915,7.7795,ECB EXR daily reference rate
2002-02-15,9.1788,7.764,ECB EXR daily reference rate
2002-02-18,9.1955,7.7475,ECB EXR daily reference rate
2002-02-19,9.1922,7.7485,ECB EXR daily reference rate
2002-02-20,9.194,7.7635,ECB EXR daily reference rate
2002-02-21,9.1314,7.7375,ECB EXR daily reference rate
2002-02-22,9.1548,7.762,ECB EXR daily reference rate
2002-02-25,9.11,7.753,ECB EXR daily reference rate
2002-02-26,9.0649,7.735,ECB EXR daily reference rate
2002-02-27,9.0779,7.713,ECB EXR daily reference rate
2002-02-28,9.0625,7.712,ECB EXR daily reference rate
2002-03-01,9.089,7.706,ECB EXR daily reference rate
2002-03-04,9.065,7.6915,ECB EXR daily reference rate
2002-03-05,9.041,7.6885,ECB EXR daily reference rate
2002-03-06,9.04,7.7065,ECB EXR daily reference rate
2002-03-07,9.0665,7.712,ECB EXR daily reference rate
2002-03-08,9.0675,7.72,ECB EXR daily reference rate
2002-03-11,9.084,7.726,ECB EXR daily reference rate
2002-03-12,9.0852,7.7165,ECB EXR daily reference rate
2002-03-13,9.12,7.7455,ECB EXR daily reference rate
2002-03-14,9.1335,7.7645,ECB EXR daily reference rate
2002-03-15,9.133,7.7675,ECB EXR daily reference rate
2002-03-18,9.0771,7.7485,ECB EXR daily reference rate
2002-03-19,9.0689,7.7395,ECB EXR daily reference rate
2002-03-20,9.0284,7.7155,ECB EXR daily reference rate
2002-03-21,9.0139,7.699,ECB EXR daily reference rate
2002-03-22,9.0175,7.693,ECB EXR daily reference rate
2002-03-25,9.0038,7.7025,ECB EXR daily reference rate
2002-03-26,9.0015,7.709,ECB EXR daily reference rate
2002-03-27,9.0221,7.711,ECB EXR daily reference rate
2002-03-28,9.0304,7.703,ECB EXR daily reference rate
2002-04-02,9.0231,7.6965,ECB EXR daily reference rate
2002-04-03,9.0632,7.6675,ECB EXR daily reference rate
2002-04-04,9.0752,7.6455,ECB EXR daily reference rate
2002-04-05,9.0311,7.646,ECB EXR daily reference rate
2002-04-08,9.0561,7.632,ECB EXR daily reference rate
2002-04-09,9.0806,7.634,ECB EXR daily reference rate
2002-04-10,9.0922,7.641,ECB EXR daily reference rate
2002-04-11,9.0867,7.623,ECB EXR daily reference rate
2002-04-12,9.098,7.6235,ECB EXR daily reference rate
2002-04-15,9.1096,7.614,ECB EXR daily reference rate
2002-04-16,9.1453,7.633,ECB EXR daily reference rate
2002-04-17,9.1438,7.6375,ECB EXR daily reference rate
2002-04-18,9.1535,7.634,ECB EXR daily reference rate
2002-04-19,9.1671,7.604,ECB EXR daily reference rate
2002-04-22,9.208,7.6095,ECB EXR daily reference rate
2002-04-23,9.1913,7.5925,ECB EXR daily reference rate
2002-04-24,9.1707,7.6235,ECB EXR daily reference rate
2002-04-25,9.2307,7.585,ECB EXR daily reference rate
2002-04-26,9.231,7.5745,ECB EXR daily reference rate
2002-04-29,9.24,7.5745,ECB EXR daily reference rate
2002-04-30,9.254,7.573,ECB EXR daily reference rate
2002-05-02,9.2685,7.557,ECB EXR daily reference rate
2002-05-03,9.2645,7.5645,ECB EXR daily reference rate
2002-05-06,9.2753,7.587,ECB EXR daily reference rate
2002-05-07,9.3725,7.623,ECB EXR daily reference rate
2002-05-08,9.312,7.5815,ECB EXR daily reference rate
2002-05-09,9.3086,7.58,ECB EXR daily reference rate
2002-05-10,9.3055,7.5645,ECB EXR daily reference rate
2002-05-13,9.343,7.548,ECB EXR daily reference rate
2002-05-14,9.2895,7.5475,ECB EXR daily reference rate
2002-05-15,9.213,7.536,ECB EXR daily reference rate
2002-05-16,9.2315,7.541,ECB EXR daily reference rate
2002-05-17,9.219,7.545,ECB EXR daily reference rate
2002-05-20,9.2125,7.551,ECB EXR daily reference rate
2002-05-21,9.1733,7.536,ECB EXR daily reference rate
2002-05-22,9.1694,7.505,ECB EXR daily reference rate
2002-05-23,9.1273,7.483,ECB EXR daily reference rate
2002-05-24,9.1128,7.4435,ECB EXR daily reference rate
2002-05-27,9.1416,7.44,ECB EXR daily reference rate
2002-05-28,9.1392,7.404,ECB EXR daily reference rate
2002-05-29,9.1575,7.406,ECB EXR daily reference rate
2002-05-30,9.1133,7.434,ECB EXR daily reference rate
2002-05-31,9.107,7.478,ECB EXR daily reference rate
2002-06-03,9.0748,7.4385,ECB EXR daily reference rate
2002-06-04,9.1451,7.4435,ECB EXR daily reference rate
2002-06-05,9.1268,7.4035,ECB EXR daily reference rate
2002-06-06,9.152,7.389,ECB EXR daily reference rate
2002-06-07,9.2247,7.443,ECB EXR daily reference rate
2002-06-10,9.2104,7.4255,ECB EXR daily reference rate
2002-06-11,9.1515,7.424,ECB EXR daily reference rate
2002-06-12,9.1678,7.413,ECB EXR daily reference rate
2002-06-13,9.1413,7.413,ECB EXR daily reference rate
2002-06-14,9.1664,7.4155,ECB EXR daily reference rate
2002-06-17,9.0785,7.415,ECB EXR daily reference rate
2002-06-18,9.0588,7.421,ECB EXR daily reference rate
2002-06-19,9.078,7.376,ECB EXR daily reference rate
2002-06-20,9.0585,7.3505,ECB EXR daily reference rate
2002-06-21,9.0445,7.376,ECB EXR daily reference rate
2002-06-24,9.0978,7.4005,ECB EXR daily reference rate
2002-06-25,9.0245,7.345,ECB EXR daily reference rate
2002-06-26,9.0965,7.365,ECB EXR daily reference rate
2002-06-27,9.0736,7.398,ECB EXR daily reference rate
2002-06-28,9.1015,7.4305,ECB EXR daily reference rate
2002-07-01,9.079,7.414,ECB EXR daily reference rate
2002-07-02,9.0441,7.3535,ECB EXR daily reference rate
2002-07-03,9.1293,7.3415,ECB EXR daily reference rate
2002-07-04,9.1285,7.3225,ECB EXR daily reference rate
2002-07-05,9.1253,7.307,ECB EXR daily reference rate
2002-07-08,9.1587,7.305,ECB EXR daily reference rate
2002-07-09,9.185,7.3095,ECB EXR daily reference rate
2002-07-10,9.2402,7.296,ECB EXR daily reference rate
2002-07-11,9.2757,7.285,ECB EXR daily reference rate
2002-07-12,9.228,7.329,ECB EXR daily reference rate
2002-07-15,9.24,7.357,ECB EXR daily reference rate
2002-07-16,9.304,7.3725,ECB EXR daily reference rate
2002-07-17,9.3234,7.3775,ECB EXR daily reference rate
2002-07-18,9.278,7.381,ECB EXR daily reference rate
2002-07-19,9.3665,7.438,ECB EXR daily reference rate
2002-07-22,9.4794,7.482,ECB EXR daily reference rate
2002-07-23,9.4645,7.548,ECB EXR daily reference rate
2002-07-24,9.5451,7.5485,ECB EXR daily reference rate
2002-07-25,9.4182,7.547,ECB EXR daily reference rate
2002-07-26,9.4421,7.563,ECB EXR daily reference rate
2002-07-29,9.262,7.505,ECB EXR daily reference rate
2002-07-30,9.2235,7.505,ECB EXR daily reference rate
2002-07-31,9.2445,7.427,ECB EXR daily reference rate
2002-08-01,9.3205,7.449,ECB EXR daily reference rate
2002-08-02,9.4737,7.5075,ECB EXR daily reference rate
2002-08-05,9.4471,7.528,ECB EXR daily reference rate
2002-08-06,9.3565,7.5,ECB EXR daily reference rate
2002-08-07,9.3125,7.508,ECB EXR daily reference rate
2002-08-08,9.2955,7.478,ECB EXR daily reference rate
2002-08-09,9.312,7.4635,ECB EXR daily reference rate
2002-08-12,9.282,7.466,ECB EXR daily reference rate
2002-08-13,9.259,7.4495,ECB EXR daily reference rate
2002-08-14,9.2853,7.448,ECB EXR daily reference rate
2002-08-15,9.2153,7.429,ECB EXR daily reference rate
2002-08-16,9.2356,7.374,ECB EXR daily reference rate
2002-08-19,9.2218,7.382,ECB EXR daily reference rate
2002-08-20,9.1985,7.355,ECB EXR daily reference rate
2002-08-21,9.1671,7.3575,ECB EXR daily reference rate
2002-08-22,9.152,7.396,ECB EXR daily reference rate
2002-08-23,9.1999,7.4065,ECB EXR daily reference rate
2002-08-26,9.1325,7.3895,ECB EXR daily reference rate
2002-08-27,9.134,7.3805,ECB EXR daily reference rate
2002-08-28,9.1425,7.381,ECB EXR daily reference rate
2002-08-29,9.1585,7.3945,ECB EXR daily reference rate
2002-08-30,9.1731,7.3815,ECB EXR daily reference rate
2002-09-02,9.2303,7.3925,ECB EXR daily reference rate
2002-09-03,9.2835,7.4375,ECB EXR daily reference rate
2002-09-04,9.344,7.4425,ECB EXR daily reference rate
2002-09-05,9.2951,7.3815,ECB EXR daily reference rate
2002-09-06,9.2255,7.3535,ECB EXR daily reference rate
2002-09-09,9.2039,7.358,ECB EXR daily reference rate
2002-09-10,9.2085,7.391,ECB EXR daily reference rate
2002-09-11,9.1675,7.379,ECB EXR daily reference rate
2002-09-12,9.1761,7.371,ECB EXR daily reference rate
2002-09-13,9.2475,7.359,ECB EXR daily reference rate
2002-09-16,9.1035,7.3415,ECB EXR daily reference rate
2002-09-17,9.0978,7.356,ECB EXR daily reference rate
2002-09-18,9.1281,7.3645,ECB EXR daily reference rate
2002-09-19,9.0955,7.3245,ECB EXR daily reference rate
2002-09-20,9.0937,7.362,ECB EXR daily reference rate
2002-09-23,9.058,7.355,ECB EXR daily reference rate
2002-09-24,9.089,7.321,ECB EXR daily reference rate
2002-09-25,9.1035,7.3145,ECB EXR daily reference rate
2002-09-26,9.1176,7.322,ECB EXR daily reference rate
2002-09-27,9.106,7.3325,ECB EXR daily reference rate
2002-09-30,9.1516,7.3415,ECB EXR daily reference rate
2002-10-01,9.108,7.315,ECB EXR daily reference rate
2002-10-02,9.07,7.302,ECB EXR daily reference rate
2002-10-03,9.096,7.3125,ECB EXR daily reference rate
2002-10-04,9.0906,7.304,ECB EXR daily reference rate
2002-10-07,9.0918,7.2885,ECB EXR daily reference rate
2002-10-08,9.1565,7.276,ECB EXR daily reference rate
2002-10-09,9.1561,7.262,ECB EXR daily reference rate
2002-10-10,9.172,7.305,ECB EXR daily reference rate
2002-10-11,9.111,7.283,ECB EXR daily reference rate
2002-10-14,9.095,7.2815,ECB EXR daily reference rate
2002-10-15,9.0695,7.2975,ECB EXR daily reference rate
2002-10-16,9.0681,7.3095,ECB EXR daily reference rate
2002-10-17,9.0947,7.412,ECB EXR daily reference rate
2002-10-18,9.096,7.4015,ECB EXR daily reference rate
2002-10-21,9.0678,7.398,ECB EXR daily reference rate
2002-10-22,9.109,7.434,ECB EXR daily reference rate
2002-10-23,9.14,7.4015,ECB EXR daily reference rate
2002-10-24,9.135,7.374,ECB EXR daily reference rate
2002-10-25,9.1286,7.358,ECB EXR daily reference rate
2002-10-28,9.082,7.371,ECB EXR daily reference rate
2002-10-29,9.1056,7.391,ECB EXR daily reference rate
2002-10-30,9.0834,7.39,ECB EXR daily reference rate
2002-10-31,9.09,7.365,ECB EXR daily reference rate
2002-11-01,9.0888,7.3685,ECB EXR daily reference rate
2002-11-04,9.1424,7.3705,ECB EXR daily reference rate
2002-11-05,9.1423,7.3715,ECB EXR daily reference rate
2002-11-06,9.1275,7.3595,ECB EXR daily reference rate
2002-11-07,9.1393,7.3545,ECB EXR daily reference rate
2002-11-08,9.1215,7.332,ECB EXR daily reference rate
2002-11-11,9.097,7.2975,ECB EXR daily reference rate
2002-11-12,9.0833,7.3025,ECB EXR daily reference rate
2002-11-13,9.0728,7.321,ECB EXR daily reference rate
2002-11-14,9.0973,7.3145,ECB EXR daily reference rate
2002-11-15,9.0835,7.3025,ECB EXR daily reference rate
2002-11-18,9.0725,7.3135,ECB EXR daily reference rate
2002-11-19,9.0723,7.327,ECB EXR daily reference rate
2002-11-20,9.078,7.331,ECB EXR daily reference rate
2002-11-21,9.0633,7.3155,ECB EXR daily reference rate
2002-11-22,9.0181,7.3045,ECB EXR daily reference rate
2002-11-25,9.0117,7.304,ECB EXR daily reference rate
2002-11-26,9.0354,7.264,ECB EXR daily reference rate
2002-11-27,9.0608,7.275,ECB EXR daily reference rate
2002-11-28,9.0654,7.288,ECB EXR daily reference rate
2002-11-29,9.0453,7.282,ECB EXR daily reference rate
2002-12-02,9.0071,7.2625,ECB EXR daily reference rate
2002-12-03,9.0365,7.275,ECB EXR daily reference rate
2002-12-04,9.0543,7.2655,ECB EXR daily reference rate
2002-12-05,9.0582,7.2745,ECB EXR daily reference rate
2002-12-06,9.0525,7.264,ECB EXR daily reference rate
2002-12-09,9.0655,7.308,ECB EXR daily reference rate
2002-12-10,9.1095,7.328,ECB EXR daily reference rate
2002-12-11,9.0695,7.344,ECB EXR daily reference rate
2002-12-12,9.107,7.335,ECB EXR daily reference rate
2002-12-13,9.1205,7.3295,ECB EXR daily reference rate
2002-12-16,9.1288,7.31,ECB EXR daily reference rate
2002-12-17,9.094,7.2945,ECB EXR daily reference rate
2002-12-18,9.09,7.313,ECB EXR daily reference rate
2002-12-19,9.097,7.285,ECB EXR daily reference rate
2002-12-20,9.0975,7.287,ECB EXR daily reference rate
2002-12-23,9.138,7.2895,ECB EXR daily reference rate
2002-12-24,9.1326,7.2763,ECB EXR daily reference rate
2002-12-27,9.155,7.306,ECB EXR daily reference rate
2002-12-30,9.1558,7.2725,ECB EXR daily reference rate
2002-12-31,9.1528,7.2756,ECB EXR daily reference rate
2003-01-02,9.127,7.267,ECB EXR daily reference rate
2003-01-03,9.106,7.236,ECB EXR daily reference rate
2003-01-06,9.0913,7.242,ECB EXR daily reference rate
2003-01-07,9.067,7.237,ECB EXR daily reference rate
2003-01-08,9.0702,7.2225,ECB EXR daily reference rate
2003-01-09,9.111,7.2255,ECB EXR daily reference rate
2003-01-10,9.1385,7.252,ECB EXR daily reference rate
2003-01-13,9.1722,7.2895,ECB EXR daily reference rate
2003-01-14,9.1705,7.3285,ECB EXR daily reference rate
2003-01-15,9.172,7.302,ECB EXR daily reference rate
2003-01-16,9.18,7.266,ECB EXR daily reference rate
2003-01-17,9.175,7.274,ECB EXR daily reference rate
2003-01-20,9.1968,7.318,ECB EXR daily reference rate
2003-01-21,9.1887,7.343,ECB EXR daily reference rate
2003-01-22,9.2535,7.389,ECB EXR daily reference rate
2003-01-23,9.2458,7.406,ECB EXR daily reference rate
2003-01-24,9.2503,7.457,ECB EXR daily reference rate
2003-01-27,9.246,7.4555,ECB EXR daily reference rate
2003-01-28,9.2228,7.47,ECB EXR daily reference rate
2003-01-29,9.2135,7.458,ECB EXR daily reference rate
2003-01-30,9.187,7.4315,ECB EXR daily reference rate
2003-01-31,9.2285,7.452,ECB EXR daily reference rate
2003-02-03,9.2334,7.479,ECB EXR daily reference rate
2003-02-04,9.2427,7.487,ECB EXR daily reference rate
2003-02-05,9.2489,7.5635,ECB EXR daily reference rate
2003-02-06,9.1989,7.5145,ECB EXR daily reference rate
2003-02-07,9.1617,7.469,ECB EXR daily reference rate
2003-02-10,9.1594,7.4625,ECB EXR daily reference rate
2003-02-11,9.145,7.466,ECB EXR daily reference rate
2003-02-12,9.1338,7.4615,ECB EXR daily reference rate
2003-02-13,9.1065,7.4935,ECB EXR daily reference rate
2003-02-14,9.1066,7.5355,ECB EXR daily reference rate
2003-02-17,9.1045,7.515,ECB EXR daily reference rate
2003-02-18,9.1215,7.5215,ECB EXR daily reference rate
2003-02-19,9.1013,7.5255,ECB EXR daily reference rate
2003-02-20,9.1073,7.536,ECB EXR daily reference rate
2003-02-21,9.13,7.547,ECB EXR daily reference rate
2003-02-24,9.1248,7.553,ECB EXR daily reference rate
2003-02-25,9.118,7.6295,ECB EXR daily reference rate
2003-02-26,9.0996,7.6115,ECB EXR daily reference rate
2003-02-27,9.1203,7.7825,ECB EXR daily reference rate
2003-02-28,9.1458,7.725,ECB EXR daily reference rate
2003-03-03,9.193,7.7335,ECB EXR daily reference rate
2003-03-04,9.1925,7.777,ECB EXR daily reference rate
2003-03-05,9.189,7.7775,ECB EXR daily reference rate
2003-03-06,9.2155,7.831,ECB EXR daily reference rate
2003-03-07,9.2395,7.883,ECB EXR daily reference rate
2003-03-10,9.2517,7.934,ECB EXR daily reference rate
2003-03-11,9.2955,7.934,ECB EXR daily reference rate
2003-03-12,9.3133,7.8665,ECB EXR daily reference rate
2003-03-13,9.2735,7.8195,ECB EXR daily reference rate
2003-03-14,9.2055,7.776,ECB EXR daily reference rate
2003-03-17,9.2223,7.804,ECB EXR daily reference rate
2003-03-18,9.2367,7.856,ECB EXR daily reference rate
2003-03-19,9.196,7.8785,ECB EXR daily reference rate
2003-03-20,9.1857,7.92,ECB EXR daily reference rate
2003-03-21,9.164,7.8615,ECB EXR daily reference rate
2003-03-24,9.1875,7.852,ECB EXR daily reference rate
2003-03-25,9.238,7.829,ECB EXR daily reference rate
2003-03-26,9.217,7.8135,ECB EXR daily reference rate
2003-03-27,9.2527,7.8415,ECB EXR daily reference rate
2003-03-28,9.2271,7.857,ECB EXR daily reference rate
2003-03-31,9.2608,7.8995,ECB EXR daily reference rate
2003-04-01,9.2284,7.925,ECB EXR daily reference rate
2003-04-02,9.2468,7.833,ECB EXR daily reference rate
2003-04-03,9.2017,7.825,ECB EXR daily reference rate
2003-04-04,9.1982,7.798,ECB EXR daily reference rate
2003-04-07,9.1755,7.772,ECB EXR daily reference rate
2003-04-08,9.1691,7.7735,ECB EXR daily reference rate
2003-04-09,9.1377,7.802,ECB EXR daily reference rate
2003-04-10,9.1458,7.886,ECB EXR daily reference rate
2003-04-11,9.138,7.9,ECB EXR daily reference rate
2003-04-14,9.1275,7.876,ECB EXR daily reference rate
2003-04-15,9.137,7.879,ECB EXR daily reference rate
2003-04-16,9.1572,7.839,ECB EXR daily reference rate
2003-04-17,9.1655,7.836,ECB EXR daily reference rate
2003-04-22,9.141,7.8475,ECB EXR daily reference rate
2003-04-23,9.1115,7.835,ECB EXR daily reference rate
2003-04-24,9.1102,7.831,ECB EXR daily reference rate
2003-04-25,9.1095,7.812,ECB EXR daily reference rate
2003-04-28,9.1337,7.756,ECB EXR daily reference rate
2003-04-29,9.1305,7.7705,ECB EXR daily reference rate
2003-04-30,9.1175,7.838,ECB EXR daily reference rate
2003-05-02,9.1168,7.8535,ECB EXR daily reference rate
2003-05-05,9.0833,7.866,ECB EXR daily reference rate
2003-05-06,9.0968,7.883,ECB EXR daily reference rate
2003-05-07,9.108,7.8675,ECB EXR daily reference rate
2003-05-08,9.116,7.86,ECB EXR daily reference rate
2003-05-09,9.1748,7.8655,ECB EXR daily reference rate
2003-05-12,9.194,7.8755,ECB EXR daily reference rate
2003-05-13,9.185,7.874,ECB EXR daily reference rate
2003-05-14,9.1785,7.873,ECB EXR daily reference rate
2003-05-15,9.1578,7.849,ECB EXR daily reference rate
2003-05-16,9.149,7.854,ECB EXR daily reference rate
2003-05-19,9.1869,7.92,ECB EXR daily reference rate
2003-05-20,9.17,7.9305,ECB EXR daily reference rate
2003-05-21,9.183,7.8415,ECB EXR daily reference rate
2003-05-22,9.1478,7.8475,ECB EXR daily reference rate
2003-05-23,9.1679,7.879,ECB EXR daily reference rate
2003-05-26,9.1984,7.868,ECB EXR daily reference rate
2003-05-27,9.193,7.86,ECB EXR daily reference rate
2003-05-28,9.1535,7.8755,ECB EXR daily reference rate
2003-05-29,9.1625,7.8793,ECB EXR daily reference rate
2003-05-30,9.15,7.8785,ECB EXR daily reference rate
2003-06-02,9.1128,7.8695,ECB EXR daily reference rate
2003-06-03,9.125,7.965,ECB EXR daily reference rate
2003-06-04,9.1055,8.078,ECB EXR daily reference rate
2003-06-05,9.126,8.137,ECB EXR daily reference rate
2003-06-06,9.1254,8.1485,ECB EXR daily reference rate
2003-06-09,9.1152,8.1565,ECB EXR daily reference rate
2003-06-10,9.1157,8.2175,ECB EXR daily reference rate
2003-06-11,9.106,8.175,ECB EXR daily reference rate
2003-06-12,9.0914,8.195,ECB EXR daily reference rate
2003-06-13,9.068,8.1515,ECB EXR daily reference rate
2003-06-16,9.094,8.21,ECB EXR daily reference rate
2003-06-17,9.072,8.212,ECB EXR daily reference rate
2003-06-18,9.068,8.178,ECB EXR daily reference rate
2003-06-19,9.0773,8.1295,ECB EXR daily reference rate
2003-06-20,9.0675,8.158,ECB EXR daily reference rate
2003-06-23,9.0965,8.1775,ECB EXR daily reference rate
2003-06-24,9.145,8.169,ECB EXR daily reference rate
2003-06-25,9.1535,8.24,ECB EXR daily reference rate
2003-06-26,9.1855,8.2655,ECB EXR daily reference rate
2003-06-27,9.1828,8.273,ECB EXR daily reference rate
2003-06-30,9.2488,8.2935,ECB EXR daily reference rate
2003-07-01,9.197,8.3075,ECB EXR daily reference rate
2003-07-02,9.1831,8.242,ECB EXR daily reference rate
2003-07-03,9.1745,8.271,ECB EXR daily reference rate
2003-07-04,9.1783,8.267,ECB EXR daily reference rate
2003-07-07,9.202,8.287,ECB EXR daily reference rate
2003-07-08,9.1575,8.286,ECB EXR daily reference rate
2003-07-09,9.143,8.263,ECB EXR daily reference rate
2003-07-10,9.1255,8.32,ECB EXR daily reference rate
2003-07-11,9.135,8.319,ECB EXR daily reference rate
2003-07-14,9.1323,8.322,ECB EXR daily reference rate
2003-07-15,9.1465,8.3575,ECB EXR daily reference rate
2003-07-16,9.1542,8.359,ECB EXR daily reference rate
2003-07-17,9.2037,8.349,ECB EXR daily reference rate
2003-07-18,9.2374,8.3595,ECB EXR daily reference rate
2003-07-21,9.2763,8.358,ECB EXR daily reference rate
2003-07-22,9.2718,8.343,ECB EXR daily reference rate
2003-07-23,9.244,8.321,ECB EXR daily reference rate
2003-07-24,9.1977,8.27,ECB EXR daily reference rate
2003-07-25,9.1925,8.2285,ECB EXR daily reference rate
2003-07-28,9.1666,8.208,ECB EXR daily reference rate
2003-07-29,9.184,8.248,ECB EXR daily reference rate
2003-07-30,9.178,8.2065,ECB EXR daily reference rate
2003-07-31,9.188,8.161,ECB EXR daily reference rate
2003-08-01,9.2302,8.157,ECB EXR daily reference rate
2003-08-04,9.2597,8.171,ECB EXR daily reference rate
2003-08-05,9.22,8.227,ECB EXR daily reference rate
2003-08-06,9.1997,8.182,ECB EXR daily reference rate
2003-08-07,9.2085,8.165,ECB EXR daily reference rate
2003-08-08,9.202,8.1625,ECB EXR daily reference rate
2003-08-11,9.2355,8.202,ECB EXR daily reference rate
2003-08-12,9.2671,8.2425,ECB EXR daily reference rate
2003-08-13,9.2467,8.281,ECB EXR daily reference rate
2003-08-14,9.2273,8.315,ECB EXR daily reference rate
2003-08-15,9.2322,8.2825,ECB EXR daily reference rate
2003-08-18,9.2411,8.3045,ECB EXR daily reference rate
2003-08-19,9.3148,8.332,ECB EXR daily reference rate
2003-08-20,9.2533,8.306,ECB EXR daily reference rate
2003-08-21,9.2093,8.2765,ECB EXR daily reference rate
2003-08-22,9.2089,8.286,ECB EXR daily reference rate
2003-08-25,9.2435,8.297,ECB EXR daily reference rate
2003-08-26,9.278,8.323,ECB EXR daily reference rate
2003-08-27,9.267,8.333,ECB EXR daily reference rate
2003-08-28,9.22,8.2785,ECB EXR daily reference rate
2003-08-29,9.23,8.247,ECB EXR daily reference rate
2003-09-01,9.1713,8.225,ECB EXR daily reference rate
2003-09-02,9.181,8.225,ECB EXR daily reference rate
2003-09-03,9.149,8.235,ECB EXR daily reference rate
2003-09-04,9.13,8.1925,ECB EXR daily reference rate
2003-09-05,9.12,8.2365,ECB EXR daily reference rate
2003-09-08,9.1285,8.2475,ECB EXR daily reference rate
2003-09-09,9.1328,8.256,ECB EXR daily reference rate
2003-09-10,9.1555,8.283,ECB EXR daily reference rate
2003-09-11,9.084,8.26,ECB EXR daily reference rate
2003-09-12,9.095,8.2585,ECB EXR daily reference rate
2003-09-15,9.142,8.277,ECB EXR daily reference rate
2003-09-16,9.1464,8.27,ECB EXR daily reference rate
2003-09-17,9.0783,8.209,ECB EXR daily reference rate
2003-09-18,9.0318,8.176,ECB EXR daily reference rate
2003-09-19,9.0375,8.157,ECB EXR daily reference rate
2003-09-22,9.063,8.17,ECB EXR daily reference rate
2003-09-23,9.03,8.1385,ECB EXR daily reference rate
2003-09-24,8.9385,8.078,ECB EXR daily reference rate
2003-09-25,8.8848,8.0445,ECB EXR daily reference rate
2003-09-26,8.934,8.083,ECB EXR daily reference rate
2003-09-29,8.9038,8.0875,ECB EXR daily reference rate
2003-09-30,8.9625,8.184,ECB EXR daily reference rate
2003-10-01,9.085,8.2325,ECB EXR daily reference rate
2003-10-02,8.988,8.181,ECB EXR daily reference rate
2003-10-03,8.9883,8.158,ECB EXR daily reference rate
2003-10-06,8.971,8.164,ECB EXR daily reference rate
2003-10-07,8.9682,8.203,ECB EXR daily reference rate
2003-10-08,8.9845,8.213,ECB EXR daily reference rate
2003-10-09,8.9784,8.219,ECB EXR daily reference rate
2003-10-10,9.002,8.227,ECB EXR daily reference rate
2003-10-13,9.006,8.225,ECB EXR daily reference rate
2003-10-14,8.959,8.2375,ECB EXR daily reference rate
2003-10-15,8.9634,8.2655,ECB EXR daily reference rate
2003-10-16,8.942,8.25,ECB EXR daily reference rate
2003-10-17,8.986,8.2445,ECB EXR daily reference rate
2003-10-20,9.0645,8.273,ECB EXR daily reference rate
2003-10-21,9.0435,8.274,ECB EXR daily reference rate
2003-10-22,9.0255,8.253,ECB EXR daily reference rate
2003-10-23,9.0355,8.235,ECB EXR daily reference rate
2003-10-24,9.0505,8.24,ECB EXR daily reference rate
2003-10-27,9.0705,8.25,ECB EXR daily reference rate
2003-10-28,9.0377,8.236,ECB EXR daily reference rate
2003-10-29,9.0285,8.212,ECB EXR daily reference rate
2003-10-30,9.0152,8.226,ECB EXR daily reference rate
2003-10-31,9.0474,8.211,ECB EXR daily reference rate
2003-11-03,9.073,8.227,ECB EXR daily reference rate
2003-11-04,9.0548,8.233,ECB EXR daily reference rate
2003-11-05,9.0338,8.248,ECB EXR daily reference rate
2003-11-06,9.003,8.2425,ECB EXR daily reference rate
2003-11-07,8.969,8.234,ECB EXR daily reference rate
2003-11-10,8.9757,8.232,ECB EXR daily reference rate
2003-11-11,8.988,8.21,ECB EXR daily reference rate
2003-11-12,8.9777,8.201,ECB EXR daily reference rate
2003-11-13,8.9525,8.182,ECB EXR daily reference rate
2003-11-14,8.957,8.215,ECB EXR daily reference rate
2003-11-17,8.9665,8.205,ECB EXR daily reference rate
2003-11-18,8.9665,8.189,ECB EXR daily reference rate
2003-11-19,8.9969,8.186,ECB EXR daily reference rate
2003-11-20,8.974,8.173,ECB EXR daily reference rate
2003-11-21,8.9625,8.1625,ECB EXR daily reference rate
2003-11-24,8.962,8.1645,ECB EXR daily reference rate
2003-11-25,8.9847,8.157,ECB EXR daily reference rate
2003-11-26,8.9955,8.15,ECB EXR daily reference rate
2003-11-27,9.0373,8.1645,ECB EXR daily reference rate
2003-11-28,9.0475,8.1625,ECB EXR daily reference rate
2003-12-01,9.0187,8.175,ECB EXR daily reference rate
2003-12-02,9.0117,8.1635,ECB EXR daily reference rate
2003-12-03,8.987,8.1425,ECB EXR daily reference rate
2003-12-04,8.963,8.0905,ECB EXR daily reference rate
2003-12-05,8.9523,8.08,ECB EXR daily reference rate
2003-12-08,8.9327,8.0795,ECB EXR daily reference rate
2003-12-09,8.9398,8.11,ECB EXR daily reference rate
2003-12-10,8.937,8.13,ECB EXR daily reference rate
2003-12-11,8.9817,8.1735,ECB EXR daily reference rate
2003-12-12,8.9655,8.185,ECB EXR daily reference rate
2003-12-15,8.992,8.203,ECB EXR daily reference rate
2003-12-16,9.04,8.222,ECB EXR daily reference rate
2003-12-17,9.033,8.275,ECB EXR daily reference rate
2003-12-18,9.0825,8.335,ECB EXR daily reference rate
2003-12-19,9.1085,8.332,ECB EXR daily reference rate
2003-12-22,9.0927,8.327,ECB EXR daily reference rate
2003-12-23,9.1036,8.3715,ECB EXR daily reference rate
2003-12-24,9.0905,8.4198,ECB EXR daily reference rate
2003-12-29,9.0891,8.434,ECB EXR daily reference rate
2003-12-30,9.077,8.421,ECB EXR daily reference rate
2003-12-31,9.08,8.4141,ECB EXR daily reference rate
2004-01-02,9.05,8.3935,ECB EXR daily reference rate
2004-01-05,9.068,8.406,ECB EXR daily reference rate
2004-01-06,9.1278,8.566,ECB EXR daily reference rate
2004-01-07,9.1053,8.5695,ECB EXR daily reference rate
2004-01-08,9.08725,8.608,ECB EXR daily reference rate
2004-01-09,9.1119,8.6475,ECB EXR daily reference rate
2004-01-12,9.1115,8.6065,ECB EXR daily reference rate
2004-01-13,9.1342,8.569,ECB EXR daily reference rate
2004-01-14,9.1755,8.567,ECB EXR daily reference rate
2004-01-15,9.164,8.5415,ECB EXR daily reference rate
2004-01-16,9.1902,8.601,ECB EXR daily reference rate
2004-01-19,9.176,8.6065,ECB EXR daily reference rate
2004-01-20,9.1631,8.6045,ECB EXR daily reference rate
2004-01-21,9.1639,8.64,ECB EXR daily reference rate
2004-01-22,9.106,8.543,ECB EXR daily reference rate
2004-01-23,9.1436,8.593,ECB EXR daily reference rate
2004-01-26,9.1513,8.614,ECB EXR daily reference rate
2004-01-27,9.1591,8.601,ECB EXR daily reference rate
2004-01-28,9.1255,8.682,ECB EXR daily reference rate
2004-01-29,9.164,8.764,ECB EXR daily reference rate
2004-01-30,9.194,8.719,ECB EXR daily reference rate
2004-02-02,9.2182,8.6975,ECB EXR daily reference rate
2004-02-03,9.1767,8.683,ECB EXR daily reference rate
2004-02-04,9.1838,8.721,ECB EXR daily reference rate
2004-02-05,9.1759,8.737,ECB EXR daily reference rate
2004-02-06,9.1175,8.7355,ECB EXR daily reference rate
2004-02-09,9.1062,8.6975,ECB EXR daily reference rate
2004-02-10,9.126,8.819,ECB EXR daily reference rate
2004-02-11,9.1118,8.8155,ECB EXR daily reference rate
2004-02-12,9.1567,8.86,ECB EXR daily reference rate
2004-02-13,9.1462,8.82,ECB EXR daily reference rate
2004-02-16,9.1719,8.812,ECB EXR daily reference rate
2004-02-17,9.1935,8.784,ECB EXR daily reference rate
2004-02-18,9.1956,8.7985,ECB EXR daily reference rate
2004-02-19,9.18,8.796,ECB EXR daily reference rate
2004-02-20,9.1866,8.823,ECB EXR daily reference rate
2004-02-23,9.1975,8.783,ECB EXR daily reference rate
2004-02-24,9.1983,8.7775,ECB EXR daily reference rate
2004-02-25,9.2337,8.826,ECB EXR daily reference rate
2004-02-26,9.2191,8.78,ECB EXR daily reference rate
2004-02-27,9.2315,8.737,ECB EXR daily reference rate
2004-03-01,9.251,8.717,ECB EXR daily reference rate
2004-03-02,9.2481,8.685,ECB EXR daily reference rate
2004-03-03,9.255,8.6985,ECB EXR daily reference rate
2004-03-04,9.2151,8.6365,ECB EXR daily reference rate
2004-03-05,9.2,8.665,ECB EXR daily reference rate
2004-03-08,9.1652,8.651,ECB EXR daily reference rate
2004-03-09,9.1653,8.644,ECB EXR daily reference rate
2004-03-10,9.1748,8.656,ECB EXR daily reference rate
2004-03-11,9.207,8.584,ECB EXR daily reference rate
2004-03-12,9.2376,8.56,ECB EXR daily reference rate
2004-03-15,9.2563,8.4895,ECB EXR daily reference rate
2004-03-16,9.238,8.479,ECB EXR daily reference rate
2004-03-17,9.2438,8.462,ECB EXR daily reference rate
2004-03-18,9.2493,8.502,ECB EXR daily reference rate
2004-03-19,9.2713,8.515,ECB EXR daily reference rate
2004-03-22,9.2185,8.429,ECB EXR daily reference rate
2004-03-23,9.2272,8.432,ECB EXR daily reference rate
2004-03-24,9.2414,8.429,ECB EXR daily reference rate
2004-03-25,9.281,8.458,ECB EXR daily reference rate
2004-03-26,9.2665,8.446,ECB EXR daily reference rate
2004-03-29,9.2665,8.4525,ECB EXR daily reference rate
2004-03-30,9.2596,8.4085,ECB EXR daily reference rate
2004-03-31,9.2581,8.436,ECB EXR daily reference rate
2004-04-01,9.234,8.474,ECB EXR daily reference rate
2004-04-02,9.2231,8.408,ECB EXR daily reference rate
2004-04-05,9.193,8.3735,ECB EXR daily reference rate
2004-04-06,9.2018,8.375,ECB EXR daily reference rate
2004-04-07,9.1615,8.3835,ECB EXR daily reference rate
2004-04-08,9.1645,8.3616,ECB EXR daily reference rate
2004-04-13,9.1363,8.308,ECB EXR daily reference rate
2004-04-14,9.1755,8.306,ECB EXR daily reference rate
2004-04-15,9.1868,8.272,ECB EXR daily reference rate
2004-04-16,9.2072,8.282,ECB EXR daily reference rate
2004-04-19,9.2088,8.2955,ECB EXR daily reference rate
2004-04-20,9.1688,8.278,ECB EXR daily reference rate
2004-04-21,9.1585,8.28,ECB EXR daily reference rate
2004-04-22,9.1432,8.253,ECB EXR daily reference rate
2004-04-23,9.1375,8.238,ECB EXR daily reference rate
2004-04-26,9.1083,8.2415,ECB EXR daily reference rate
2004-04-27,9.1142,8.227,ECB EXR daily reference rate
2004-04-28,9.1163,8.203,ECB EXR daily reference rate
2004-04-29,9.1188,8.171,ECB EXR daily reference rate
2004-04-30,9.1483,8.221,ECB EXR daily reference rate
2004-05-03,9.1425,8.2105,ECB EXR daily reference rate
2004-05-04,9.1383,8.232,ECB EXR daily reference rate
2004-05-05,9.1389,8.173,ECB EXR daily reference rate
2004-05-06,9.106,8.161,ECB EXR daily reference rate
2004-05-07,9.1028,8.093,ECB EXR daily reference rate
2004-05-10,9.1259,8.099,ECB EXR daily reference rate
2004-05-11,9.1703,8.197,ECB EXR daily reference rate
2004-05-12,9.1698,8.2015,ECB EXR daily reference rate
2004-05-13,9.1415,8.163,ECB EXR daily reference rate
2004-05-14,9.164,8.185,ECB EXR daily reference rate
2004-05-17,9.192,8.2775,ECB EXR daily reference rate
2004-05-18,9.162,8.274,ECB EXR daily reference rate
2004-05-19,9.1243,8.301,ECB EXR daily reference rate
2004-05-20,9.0735,8.2685,ECB EXR daily reference rate
2004-05-21,9.1051,8.251,ECB EXR daily reference rate
2004-05-24,9.097,8.235,ECB EXR daily reference rate
2004-05-25,9.1262,8.222,ECB EXR daily reference rate
2004-05-26,9.1106,8.217,ECB EXR daily reference rate
2004-05-27,9.087,8.184,ECB EXR daily reference rate
2004-05-28,9.115,8.212,ECB EXR daily reference rate
2004-05-31,9.0893,8.1993,ECB EXR daily reference rate
2004-06-01,9.102,8.18,ECB EXR daily reference rate
2004-06-02,9.131,8.193,ECB EXR daily reference rate
2004-06-03,9.1475,8.191,ECB EXR daily reference rate
2004-06-04,9.1467,8.182,ECB EXR daily reference rate
2004-06-07,9.1333,8.186,ECB EXR daily reference rate
2004-06-08,9.104,8.1885,ECB EXR daily reference rate
2004-06-09,9.0925,8.183,ECB EXR daily reference rate
2004-06-10,9.1475,8.28,ECB EXR daily reference rate
2004-06-11,9.1589,8.2925,ECB EXR daily reference rate
2004-06-14,9.1794,8.3325,ECB EXR daily reference rate
2004-06-15,9.1495,8.304,ECB EXR daily reference rate
2004-06-16,9.1458,8.297,ECB EXR daily reference rate
2004-06-17,9.1495,8.348,ECB EXR daily reference rate
2004-06-18,9.1485,8.381,ECB EXR daily reference rate
2004-06-21,9.1453,8.3515,ECB EXR daily reference rate
2004-06-22,9.162,8.324,ECB EXR daily reference rate
2004-06-23,9.1635,8.354,ECB EXR daily reference rate
2004-06-24,9.1688,8.358,ECB EXR daily reference rate
2004-06-25,9.1488,8.2785,ECB EXR daily reference rate
2004-06-28,9.1493,8.3145,ECB EXR daily reference rate
2004-06-29,9.1275,8.3285,ECB EXR daily reference rate
2004-06-30,9.1451,8.4365,ECB EXR daily reference rate
2004-07-01,9.1615,8.441,ECB EXR daily reference rate
2004-07-02,9.1785,8.4925,ECB EXR daily reference rate
2004-07-05,9.1859,8.489,ECB EXR daily reference rate
2004-07-06,9.1885,8.4665,ECB EXR daily reference rate
2004-07-07,9.1813,8.4405,ECB EXR daily reference rate
2004-07-08,9.1755,8.462,ECB EXR daily reference rate
2004-07-09,9.1845,8.4545,ECB EXR daily reference rate
2004-07-12,9.2002,8.458,ECB EXR daily reference rate
2004-07-13,9.2048,8.4735,ECB EXR daily reference rate
2004-07-14,9.212,8.518,ECB EXR daily reference rate
2004-07-15,9.1955,8.515,ECB EXR daily reference rate
2004-07-16,9.1981,8.478,ECB EXR daily reference rate
2004-07-19,9.1975,8.477,ECB EXR daily reference rate
2004-07-20,9.2091,8.487,ECB EXR daily reference rate
2004-07-21,9.1815,8.505,ECB EXR daily reference rate
2004-07-22,9.1923,8.48,ECB EXR daily reference rate
2004-07-23,9.1906,8.477,ECB EXR daily reference rate
2004-07-26,9.203,8.507,ECB EXR daily reference rate
2004-07-27,9.2033,8.494,ECB EXR daily reference rate
2004-07-28,9.2105,8.4605,ECB EXR daily reference rate
2004-07-29,9.2274,8.456,ECB EXR daily reference rate
2004-07-30,9.2357,8.42,ECB EXR daily reference rate
2004-08-02,9.214,8.442,ECB EXR daily reference rate
2004-08-03,9.2092,8.426,ECB EXR daily reference rate
2004-08-04,9.1938,8.4145,ECB EXR daily reference rate
2004-08-05,9.1803,8.3675,ECB EXR daily reference rate
2004-08-06,9.1821,8.34,ECB EXR daily reference rate
2004-08-09,9.1978,8.3205,ECB EXR daily reference rate
2004-08-10,9.1823,8.3215,ECB EXR daily reference rate
2004-08-11,9.2,8.329,ECB EXR daily reference rate
2004-08-12,9.202,8.319,ECB EXR daily reference rate
2004-08-13,9.2198,8.289,ECB EXR daily reference rate
2004-08-16,9.2389,8.28,ECB EXR daily reference rate
2004-08-17,9.2324,8.281,ECB EXR daily reference rate
2004-08-18,9.2187,8.319,ECB EXR daily reference rate
2004-08-19,9.2185,8.2945,ECB EXR daily reference rate
2004-08-20,9.1985,8.246,ECB EXR daily reference rate
2004-08-23,9.1783,8.262,ECB EXR daily reference rate
2004-08-24,9.1613,8.283,ECB EXR daily reference rate
2004-08-25,9.1546,8.313,ECB EXR daily reference rate
2004-08-26,9.1405,8.336,ECB EXR daily reference rate
2004-08-27,9.1226,8.353,ECB EXR daily reference rate
2004-08-30,9.1222,8.355,ECB EXR daily reference rate
2004-08-31,9.1263,8.401,ECB EXR daily reference rate
2004-09-01,9.137,8.3695,ECB EXR daily reference rate
2004-09-02,9.1211,8.3475,ECB EXR daily reference rate
2004-09-03,9.137,8.3115,ECB EXR daily reference rate
2004-09-06,9.1318,8.3225,ECB EXR daily reference rate
2004-09-07,9.1335,8.3365,ECB EXR daily reference rate
2004-09-08,9.101,8.3335,ECB EXR daily reference rate
2004-09-09,9.1171,8.3055,ECB EXR daily reference rate
2004-09-10,9.0981,8.3225,ECB EXR daily reference rate
2004-09-13,9.0915,8.3495,ECB EXR daily reference rate
2004-09-14,9.1003,8.363,ECB EXR daily reference rate
2004-09-15,9.1175,8.398,ECB EXR daily reference rate
2004-09-16,9.127,8.4375,ECB EXR daily reference rate
2004-09-17,9.1091,8.435,ECB EXR daily reference rate
2004-09-20,9.0816,8.42,ECB EXR daily reference rate
2004-09-21,9.0573,8.395,ECB EXR daily reference rate
2004-09-22,9.0536,8.3935,ECB EXR daily reference rate
2004-09-23,9.0539,8.341,ECB EXR daily reference rate
2004-09-24,9.039,8.339,ECB EXR daily reference rate
2004-09-27,9.0484,8.3655,ECB EXR daily reference rate
2004-09-28,9.0558,8.3505,ECB EXR daily reference rate
2004-09-29,9.0526,8.351,ECB EXR daily reference rate
2004-09-30,9.0588,8.341,ECB EXR daily reference rate
2004-10-01,9.0288,8.328,ECB EXR daily reference rate
2004-10-04,9.0448,8.295,ECB EXR daily reference rate
2004-10-05,9.04,8.278,ECB EXR daily reference rate
2004-10-06,9.0353,8.27,ECB EXR daily reference rate
2004-10-07,9.0463,8.2855,ECB EXR daily reference rate
2004-10-08,9.068,8.3,ECB EXR daily reference rate
2004-10-11,9.0515,8.226,ECB EXR daily reference rate
2004-10-12,9.0578,8.1925,ECB EXR daily reference rate
2004-10-13,9.0633,8.226,ECB EXR daily reference rate
2004-10-14,9.0916,8.1955,ECB EXR daily reference rate
2004-10-15,9.1078,8.216,ECB EXR daily reference rate
2004-10-18,9.0985,8.239,ECB EXR daily reference rate
2004-10-19,9.0817,8.24,ECB EXR daily reference rate
2004-10-20,9.0734,8.23,ECB EXR daily reference rate
2004-10-21,9.0789,8.2345,ECB EXR daily reference rate
2004-10-22,9.094,8.2115,ECB EXR daily reference rate
2004-10-25,9.0775,8.2265,ECB EXR daily reference rate
2004-10-26,9.0427,8.237,ECB EXR daily reference rate
2004-10-27,9.0238,8.162,ECB EXR daily reference rate
2004-10-28,9.0426,8.1935,ECB EXR daily reference rate
2004-10-29,9.053,8.1465,ECB EXR daily reference rate
2004-11-01,9.0525,8.127,ECB EXR daily reference rate
2004-11-02,9.0422,8.178,ECB EXR daily reference rate
2004-11-03,9.063,8.193,ECB EXR daily reference rate
2004-11-04,9.0793,8.154,ECB EXR daily reference rate
2004-11-05,9.108,8.179,ECB EXR daily reference rate
2004-11-08,9.0886,8.191,ECB EXR daily reference rate
2004-11-09,9.116,8.23,ECB EXR daily reference rate
2004-11-10,9.0665,8.178,ECB EXR daily reference rate
2004-11-11,9.0233,8.145,ECB EXR daily reference rate
2004-11-12,8.9663,8.113,ECB EXR daily reference rate
2004-11-15,8.9613,8.083,ECB EXR daily reference rate
2004-11-16,8.9625,8.0935,ECB EXR daily reference rate
2004-11-17,8.971,8.1265,ECB EXR daily reference rate
2004-11-18,8.9645,8.1265,ECB EXR daily reference rate
2004-11-19,8.9695,8.132,ECB EXR daily reference rate
2004-11-22,8.9569,8.168,ECB EXR daily reference rate
2004-11-23,8.9465,8.156,ECB EXR daily reference rate
2004-11-24,8.927,8.132,ECB EXR daily reference rate
2004-11-25,8.926,8.1195,ECB EXR daily reference rate
2004-11-26,8.9214,8.106,ECB EXR daily reference rate
2004-11-29,8.921,8.07,ECB EXR daily reference rate
2004-11-30,8.9238,8.105,ECB EXR daily reference rate
2004-12-01,8.9396,8.1295,ECB EXR daily reference rate
2004-12-02,8.9755,8.1665,ECB EXR daily reference rate
2004-12-03,8.951,8.175,ECB EXR daily reference rate
2004-12-06,8.8992,8.143,ECB EXR daily reference rate
2004-12-07,8.9065,8.1355,ECB EXR daily reference rate
2004-12-08,8.9627,8.2105,ECB EXR daily reference rate
2004-12-09,8.994,8.241,ECB EXR daily reference rate
2004-12-10,9.014,8.218,ECB EXR daily reference rate
2004-12-13,8.9675,8.204,ECB EXR daily reference rate
2004-12-14,8.9573,8.2,ECB EXR daily reference rate
2004-12-15,8.9963,8.226,ECB EXR daily reference rate
2004-12-16,8.9615,8.1855,ECB EXR daily reference rate
2004-12-17,8.998,8.217,ECB EXR daily reference rate
2004-12-20,8.963,8.229,ECB EXR daily reference rate
2004-12-21,8.9695,8.2575,ECB EXR daily reference rate
2004-12-22,9.0245,8.283,ECB EXR daily reference rate
2004-12-23,9.0275,8.2825,ECB EXR daily reference rate
2004-12-24,9.035,8.2815,ECB EXR daily reference rate
2004-12-27,9.0292,8.265,ECB EXR daily reference rate
2004-12-28,8.987,8.272,ECB EXR daily reference rate
2004-12-29,8.9883,8.275,ECB EXR daily reference rate
2004-12-30,9.0155,8.2435,ECB EXR daily reference rate
2004-12-31,9.0206,8.2365,ECB EXR daily reference rate
2005-01-03,8.9758,8.2135,ECB EXR daily reference rate
2005-01-04,9.0385,8.246,ECB EXR daily reference rate
2005-01-05,9.0373,8.2835,ECB EXR daily reference rate
2005-01-06,9.0339,8.2535,ECB EXR daily reference rate
2005-01-07,9.0298,8.221,ECB EXR daily reference rate
2005-01-10,9.043,8.227,ECB EXR daily reference rate
2005-01-11,9.028,8.2045,ECB EXR daily reference rate
2005-01-12,9.055,8.194,ECB EXR daily reference rate
2005-01-13,9.0481,8.186,ECB EXR daily reference rate
2005-01-14,9.0483,8.175,ECB EXR daily reference rate
2005-01-17,9.0432,8.195,ECB EXR daily reference rate
2005-01-18,9.035,8.161,ECB EXR daily reference rate
2005-01-19,9.0295,8.1475,ECB EXR daily reference rate
2005-01-20,9.0217,8.179,ECB EXR daily reference rate
2005-01-21,9.057,8.197,ECB EXR daily reference rate
2005-01-24,9.0615,8.1915,ECB EXR daily reference rate
2005-01-25,9.0701,8.2065,ECB EXR daily reference rate
2005-01-26,9.0725,8.228,ECB EXR daily reference rate
2005-01-27,9.078,8.243,ECB EXR daily reference rate
2005-01-28,9.0875,8.25,ECB EXR daily reference rate
2005-01-31,9.1057,8.26,ECB EXR daily reference rate
2005-02-01,9.0945,8.2945,ECB EXR daily reference rate
2005-02-02,9.0763,8.269,ECB EXR daily reference rate
2005-02-03,9.0633,8.26,ECB EXR daily reference rate
2005-02-04,9.0853,8.292,ECB EXR daily reference rate
2005-02-07,9.0723,8.346,ECB EXR daily reference rate
2005-02-08,9.0883,8.396,ECB EXR daily reference rate
2005-02-09,9.0755,8.354,ECB EXR daily reference rate
2005-02-10,9.091,8.4305,ECB EXR daily reference rate
2005-02-11,9.0975,8.422,ECB EXR daily reference rate
2005-02-14,9.0972,8.4165,ECB EXR daily reference rate
2005-02-15,9.0706,8.372,ECB EXR daily reference rate
2005-02-16,9.0761,8.359,ECB EXR daily reference rate
2005-02-17,9.1048,8.366,ECB EXR daily reference rate
2005-02-18,9.0914,8.288,ECB EXR daily reference rate
2005-02-21,9.12,8.2855,ECB EXR daily reference rate
2005-02-22,9.0993,8.27,ECB EXR daily reference rate
2005-02-23,9.098,8.2605,ECB EXR daily reference rate
2005-02-24,9.0734,8.235,ECB EXR daily reference rate
2005-02-25,9.0724,8.2615,ECB EXR daily reference rate
2005-02-28,9.0576,8.22,ECB EXR daily reference rate
2005-03-01,9.0517,8.212,ECB EXR daily reference rate
2005-03-02,9.0627,8.206,ECB EXR daily reference rate
2005-03-03,9.0464,8.221,ECB EXR daily reference rate
2005-03-04,9.0555,8.2275,ECB EXR daily reference rate
2005-03-07,9.0365,8.216,ECB EXR daily reference rate
2005-03-08,9.0499,8.201,ECB EXR daily reference rate
2005-03-09,9.053,8.175,ECB EXR daily reference rate
2005-03-10,9.0693,8.174,ECB EXR daily reference rate
2005-03-11,9.063,8.177,ECB EXR daily reference rate
2005-03-14,9.075,8.176,ECB EXR daily reference rate
2005-03-15,9.0958,8.186,ECB EXR daily reference rate
2005-03-16,9.09,8.201,ECB EXR daily reference rate
2005-03-17,9.1023,8.141,ECB EXR daily reference rate
2005-03-18,9.1144,8.128,ECB EXR daily reference rate
2005-03-21,9.1371,8.14,ECB EXR daily reference rate
2005-03-22,9.1392,8.1735,ECB EXR daily reference rate
2005-03-23,9.1114,8.1818,ECB EXR daily reference rate
2005-03-24,9.1087,8.2,ECB EXR daily reference rate
2005-03-29,9.1197,8.219,ECB EXR daily reference rate
2005-03-30,9.1325,8.186,ECB EXR daily reference rate
2005-03-31,9.143,8.206,ECB EXR daily reference rate
2005-04-01,9.1687,8.195,ECB EXR daily reference rate
2005-04-04,9.1818,8.198,ECB EXR daily reference rate
2005-04-05,9.1765,8.164,ECB EXR daily reference rate
2005-04-06,9.1612,8.167,ECB EXR daily reference rate
2005-04-07,9.1478,8.162,ECB EXR daily reference rate
2005-04-08,9.1597,8.1635,ECB EXR daily reference rate
2005-04-11,9.1703,8.173,ECB EXR daily reference rate
2005-04-12,9.1578,8.176,ECB EXR daily reference rate
2005-04-13,9.1515,8.191,ECB EXR daily reference rate
2005-04-14,9.168,8.2465,ECB EXR daily reference rate
2005-04-15,9.1785,8.232,ECB EXR daily reference rate
2005-04-18,9.177,8.22,ECB EXR daily reference rate
2005-04-19,9.2005,8.2075,ECB EXR daily reference rate
2005-04-20,9.1923,8.1865,ECB EXR daily reference rate
2005-04-21,9.1855,8.156,ECB EXR daily reference rate
2005-04-22,9.1704,8.1625,ECB EXR daily reference rate
2005-04-25,9.1523,8.155,ECB EXR daily reference rate
2005-04-26,9.1453,8.1315,ECB EXR daily reference rate
2005-04-27,9.1403,8.127,ECB EXR daily reference rate
2005-04-28,9.1413,8.145,ECB EXR daily reference rate
2005-04-29,9.1805,8.143,ECB EXR daily reference rate
2005-05-02,9.1994,8.1365,ECB EXR daily reference rate
2005-05-03,9.2249,8.144,ECB EXR daily reference rate
2005-05-04,9.1718,8.1115,ECB EXR daily reference rate
2005-05-05,9.168,8.1119,ECB EXR daily reference rate
2005-05-06,9.1633,8.1115,ECB EXR daily reference rate
2005-05-09,9.1823,8.1265,ECB EXR daily reference rate
2005-05-10,9.2005,8.091,ECB EXR daily reference rate
2005-05-11,9.2008,8.083,ECB EXR daily reference rate
2005-05-12,9.2105,8.092,ECB EXR daily reference rate
2005-05-13,9.2067,8.096,ECB EXR daily reference rate
2005-05-16,9.224,8.1136,ECB EXR daily reference rate
2005-05-17,9.226,8.0956,ECB EXR daily reference rate
2005-05-18,9.2162,8.094,ECB EXR daily reference rate
2005-05-19,9.191,8.1135,ECB EXR daily reference rate
2005-05-20,9.1885,8.1345,ECB EXR daily reference rate
2005-05-23,9.18,8.113,ECB EXR daily reference rate
2005-05-24,9.1812,8.0885,ECB EXR daily reference rate
2005-05-25,9.1783,8.056,ECB EXR daily reference rate
2005-05-26,9.2,8.009,ECB EXR daily reference rate
2005-05-27,9.1975,7.971,ECB EXR daily reference rate
2005-05-30,9.1768,7.9585,ECB EXR daily reference rate
2005-05-31,9.1608,7.939,ECB EXR daily reference rate
2005-06-01,9.14,7.917,ECB EXR daily reference rate
2005-06-02,9.1528,7.906,ECB EXR daily reference rate
2005-06-03,9.141,7.898,ECB EXR daily reference rate
2005-06-06,9.1357,7.8725,ECB EXR daily reference rate
2005-06-07,9.1304,7.857,ECB EXR daily reference rate
2005-06-08,9.193,7.9,ECB EXR daily reference rate
2005-06-09,9.201,7.9135,ECB EXR daily reference rate
2005-06-10,9.2228,7.8375,ECB EXR daily reference rate
2005-06-13,9.2665,7.8485,ECB EXR daily reference rate
2005-06-14,9.2835,7.8765,ECB EXR daily reference rate
2005-06-15,9.264,7.871,ECB EXR daily reference rate
2005-06-16,9.275,7.8615,ECB EXR daily reference rate
2005-06-17,9.2403,7.863,ECB EXR daily reference rate
2005-06-20,9.2273,7.877,ECB EXR daily reference rate
2005-06-21,9.2373,7.874,ECB EXR daily reference rate
2005-06-22,9.2711,7.876,ECB EXR daily reference rate
2005-06-23,9.3735,7.93,ECB EXR daily reference rate
2005-06-24,9.4015,7.9725,ECB EXR daily reference rate
2005-06-27,9.3723,7.939,ECB EXR daily reference rate
2005-06-28,9.393,7.9465,ECB EXR daily reference rate
2005-06-29,9.4333,7.897,ECB EXR daily reference rate
2005-06-30,9.4259,7.9155,ECB EXR daily reference rate
2005-07-01,9.4866,7.881,ECB EXR daily reference rate
2005-07-04,9.474,7.8815,ECB EXR daily reference rate
2005-07-05,9.4352,7.914,ECB EXR daily reference rate
2005-07-06,9.3693,7.914,ECB EXR daily reference rate
2005-07-07,9.4287,7.916,ECB EXR daily reference rate
2005-07-08,9.4296,7.8755,ECB EXR daily reference rate
2005-07-11,9.4744,7.912,ECB EXR daily reference rate
2005-07-12,9.456,7.8965,ECB EXR daily reference rate
2005-07-13,9.3855,7.8895,ECB EXR daily reference rate
2005-07-14,9.3809,7.922,ECB EXR daily reference rate
2005-07-15,9.4148,7.9695,ECB EXR daily reference rate
2005-07-18,9.373,7.9515,ECB EXR daily reference rate
2005-07-19,9.4254,8.016,ECB EXR daily reference rate
2005-07-20,9.422,7.961,ECB EXR daily reference rate
2005-07-21,9.457,7.952,ECB EXR daily reference rate
2005-07-22,9.4528,7.974,ECB EXR daily reference rate
2005-07-25,9.421,7.9155,ECB EXR daily reference rate
2005-07-26,9.4493,7.89,ECB EXR daily reference rate
2005-07-27,9.4385,7.9035,ECB EXR daily reference rate
2005-07-28,9.4,7.8985,ECB EXR daily reference rate
2005-07-29,9.4048,7.887,ECB EXR daily reference rate
2005-08-01,9.393,7.8575,ECB EXR daily reference rate
2005-08-02,9.3721,7.8465,ECB EXR daily reference rate
2005-08-03,9.3803,7.8425,ECB EXR daily reference rate
2005-08-04,9.3385,7.879,ECB EXR daily reference rate
2005-08-05,9.3338,7.8955,ECB EXR daily reference rate
2005-08-08,9.3242,7.93,ECB EXR daily reference rate
2005-08-09,9.359,7.8905,ECB EXR daily reference rate
2005-08-10,9.3545,7.8965,ECB EXR daily reference rate
2005-08-11,9.3223,7.8975,ECB EXR daily reference rate
2005-08-12,9.3016,7.8885,ECB EXR daily reference rate
2005-08-15,9.3064,7.951,ECB EXR daily reference rate
2005-08-16,9.3084,7.9515,ECB EXR daily reference rate
2005-08-17,9.3309,7.9215,ECB EXR daily reference rate
2005-08-18,9.3233,7.944,ECB EXR daily reference rate
2005-08-19,9.3425,7.9805,ECB EXR daily reference rate
2005-08-22,9.3658,7.9835,ECB EXR daily reference rate
2005-08-23,9.3674,8.0085,ECB EXR daily reference rate
2005-08-24,9.3333,7.964,ECB EXR daily reference rate
2005-08-25,9.3313,7.9255,ECB EXR daily reference rate
2005-08-26,9.3291,7.926,ECB EXR daily reference rate
2005-08-29,9.3193,7.897,ECB EXR daily reference rate
2005-08-30,9.3386,7.9355,ECB EXR daily reference rate
2005-08-31,9.3401,7.866,ECB EXR daily reference rate
2005-09-01,9.3325,7.8445,ECB EXR daily reference rate
2005-09-02,9.2905,7.7825,ECB EXR daily reference rate
2005-09-05,9.294,7.825,ECB EXR daily reference rate
2005-09-06,9.3124,7.827,ECB EXR daily reference rate
2005-09-07,9.328,7.8065,ECB EXR daily reference rate
2005-09-08,9.32,7.7895,ECB EXR daily reference rate
2005-09-09,9.337,7.798,ECB EXR daily reference rate
2005-09-12,9.2834,7.8015,ECB EXR daily reference rate
2005-09-13,9.309,7.821,ECB EXR daily reference rate
2005-09-14,9.333,7.814,ECB EXR daily reference rate
2005-09-15,9.316,7.7915,ECB EXR daily reference rate
2005-09-16,9.3305,7.7945,ECB EXR daily reference rate
2005-09-19,9.33,7.794,ECB EXR daily reference rate
2005-09-20,9.3393,7.777,ECB EXR daily reference rate
2005-09-21,9.3345,7.7925,ECB EXR daily reference rate
2005-09-22,9.3615,7.779,ECB EXR daily reference rate
2005-09-23,9.3683,7.791,ECB EXR daily reference rate
2005-09-26,9.357,7.8215,ECB EXR daily reference rate
2005-09-27,9.3875,7.8205,ECB EXR daily reference rate
2005-09-28,9.3887,7.8265,ECB EXR daily reference rate
2005-09-29,9.3715,7.816,ECB EXR daily reference rate
2005-09-30,9.3267,7.877,ECB EXR daily reference rate
2005-10-03,9.3086,7.8855,ECB EXR daily reference rate
2005-10-04,9.321,7.8815,ECB EXR daily reference rate
2005-10-05,9.3014,7.891,ECB EXR daily reference rate
2005-10-06,9.3108,7.8735,ECB EXR daily reference rate
2005-10-07,9.3375,7.888,ECB EXR daily reference rate
2005-10-10,9.3537,7.8715,ECB EXR daily reference rate
2005-10-11,9.3353,7.845,ECB EXR daily reference rate
2005-10-12,9.3507,7.802,ECB EXR daily reference rate
2005-10-13,9.372,7.8145,ECB EXR daily reference rate
2005-10-14,9.4369,7.8335,ECB EXR daily reference rate
2005-10-17,9.463,7.8175,ECB EXR daily reference rate
2005-10-18,9.4712,7.821,ECB EXR daily reference rate
2005-10-19,9.4695,7.8035,ECB EXR daily reference rate
2005-10-20,9.465,7.8,ECB EXR daily reference rate
2005-10-21,9.49,7.7925,ECB EXR daily reference rate
2005-10-24,9.5297,7.8265,ECB EXR daily reference rate
2005-10-25,9.488,7.834,ECB EXR daily reference rate
2005-10-26,9.493,7.822,ECB EXR daily reference rate
2005-10-27,9.5045,7.811,ECB EXR daily reference rate
2005-10-28,9.5295,7.809,ECB EXR daily reference rate
2005-10-31,9.536,7.806,ECB EXR daily reference rate
2005-11-01,9.578,7.7825,ECB EXR daily reference rate
2005-11-02,9.5973,7.785,ECB EXR daily reference rate
2005-11-03,9.6148,7.8075,ECB EXR daily reference rate
2005-11-04,9.5915,7.7975,ECB EXR daily reference rate
2005-11-07,9.6045,7.782,ECB EXR daily reference rate
2005-11-08,9.5525,7.794,ECB EXR daily reference rate
2005-11-09,9.5645,7.7485,ECB EXR daily reference rate
2005-11-10,9.5918,7.737,ECB EXR daily reference rate
2005-11-11,9.5888,7.745,ECB EXR daily reference rate
2005-11-14,9.5458,7.779,ECB EXR daily reference rate
2005-11-15,9.6325,7.793,ECB EXR daily reference rate
2005-11-16,9.6126,7.8135,ECB EXR daily reference rate
2005-11-17,9.6133,7.8545,ECB EXR daily reference rate
2005-11-18,9.5675,7.882,ECB EXR daily reference rate
2005-11-21,9.5722,7.8935,ECB EXR daily reference rate
2005-11-22,9.5426,7.8505,ECB EXR daily reference rate
2005-11-23,9.5162,7.863,ECB EXR daily reference rate
2005-11-24,9.511,7.873,ECB EXR daily reference rate
2005-11-25,9.4647,7.877,ECB EXR daily reference rate
2005-11-28,9.4585,7.87,ECB EXR daily reference rate
2005-11-29,9.502,7.949,ECB EXR daily reference rate
2005-11-30,9.5272,7.9715,ECB EXR daily reference rate
2005-12-01,9.5163,7.972,ECB EXR daily reference rate
2005-12-02,9.426,7.917,ECB EXR daily reference rate
2005-12-05,9.4243,7.894,ECB EXR daily reference rate
2005-12-06,9.3862,7.875,ECB EXR daily reference rate
2005-12-07,9.3949,7.926,ECB EXR daily reference rate
2005-12-08,9.4217,7.925,ECB EXR daily reference rate
2005-12-09,9.4224,7.927,ECB EXR daily reference rate
2005-12-12,9.4405,7.9775,ECB EXR daily reference rate
2005-12-13,9.4415,7.952,ECB EXR daily reference rate
2005-12-14,9.44,7.951,ECB EXR daily reference rate
2005-12-15,9.418,7.9595,ECB EXR daily reference rate
2005-12-16,9.479,7.9685,ECB EXR daily reference rate
2005-12-19,9.4295,8.011,ECB EXR daily reference rate
2005-12-20,9.3887,8.033,ECB EXR daily reference rate
2005-12-21,9.43,8.0495,ECB EXR daily reference rate
2005-12-22,9.4327,8.0325,ECB EXR daily reference rate
2005-12-23,9.46,8.029,ECB EXR daily reference rate
2005-12-27,9.4753,8.018,ECB EXR daily reference rate
2005-12-28,9.4367,8.029,ECB EXR daily reference rate
2005-12-29,9.4104,8.0165,ECB EXR daily reference rate
2005-12-30,9.3885,7.985,ECB EXR daily reference rate
2006-01-02,9.3977,7.9805,ECB EXR daily reference rate
2006-01-03,9.355,7.9615,ECB EXR daily reference rate
2006-01-04,9.3521,7.9335,ECB EXR daily reference rate
2006-01-05,9.3263,7.9325,ECB EXR daily reference rate
2006-01-06,9.3139,7.9295,ECB EXR daily reference rate
2006-01-09,9.338,7.935,ECB EXR daily reference rate
2006-01-10,9.353,7.981,ECB EXR daily reference rate
2006-01-11,9.3499,8.031,ECB EXR daily reference rate
2006-01-12,9.3322,8.078,ECB EXR daily reference rate
2006-01-13,9.3063,8.0475,ECB EXR daily reference rate
2006-01-16,9.3293,8.049,ECB EXR daily reference rate
2006-01-17,9.3325,8.1065,ECB EXR daily reference rate
2006-01-18,9.3297,8.124,ECB EXR daily reference rate
2006-01-19,9.3395,8.129,ECB EXR daily reference rate
2006-01-20,9.3035,8.0845,ECB EXR daily reference rate
2006-01-23,9.26,8.0495,ECB EXR daily reference rate
2006-01-24,9.2698,8.046,ECB EXR daily reference rate
2006-01-25,9.2687,8.031,ECB EXR daily reference rate
2006-01-26,9.2512,8.069,ECB EXR daily reference rate
2006-01-27,9.2584,8.088,ECB EXR daily reference rate
2006-01-30,9.2265,8.1275,ECB EXR daily reference rate
2006-01-31,9.2503,8.092,ECB EXR daily reference rate
2006-02-01,9.2352,8.0585,ECB EXR daily reference rate
2006-02-02,9.2835,8.0505,ECB EXR daily reference rate
2006-02-03,9.278,8.0225,ECB EXR daily reference rate
2006-02-06,9.2972,8.047,ECB EXR daily reference rate
2006-02-07,9.307,8.0465,ECB EXR daily reference rate
2006-02-08,9.2713,8.0165,ECB EXR daily reference rate
2006-02-09,9.2617,8.0155,ECB EXR daily reference rate
2006-02-10,9.2623,8.0755,ECB EXR daily reference rate
2006-02-13,9.3379,8.102,ECB EXR daily reference rate
2006-02-14,9.335,8.136,ECB EXR daily reference rate
2006-02-15,9.3325,8.1375,ECB EXR daily reference rate
2006-02-16,9.394,8.107,ECB EXR daily reference rate
2006-02-17,9.381,8.06,ECB EXR daily reference rate
2006-02-20,9.3635,8.0555,ECB EXR daily reference rate
2006-02-21,9.3887,8.0545,ECB EXR daily reference rate
2006-02-22,9.3762,8.0575,ECB EXR daily reference rate
2006-02-23,9.4103,8.046,ECB EXR daily reference rate
2006-02-24,9.42,8.0465,ECB EXR daily reference rate
2006-02-27,9.444,8.0265,ECB EXR daily reference rate
2006-02-28,9.449,8.024,ECB EXR daily reference rate
2006-03-01,9.4475,8.029,ECB EXR daily reference rate
2006-03-02,9.4623,8.0095,ECB EXR daily reference rate
2006-03-03,9.4603,8.012,ECB EXR daily reference rate
2006-03-06,9.4543,7.979,ECB EXR daily reference rate
2006-03-07,9.4733,7.9875,ECB EXR daily reference rate
2006-03-08,9.472,8.0075,ECB EXR daily reference rate
2006-03-09,9.4299,8.0235,ECB EXR daily reference rate
2006-03-10,9.3925,7.9735,ECB EXR daily reference rate
2006-03-13,9.3786,7.9755,ECB EXR daily reference rate
2006-03-14,9.382,7.96,ECB EXR daily reference rate
2006-03-15,9.3875,7.968,ECB EXR daily reference rate
2006-03-16,9.3637,7.9995,ECB EXR daily reference rate
2006-03-17,9.3396,7.9765,ECB EXR daily reference rate
2006-03-20,9.334,7.9535,ECB EXR daily reference rate
2006-03-21,9.373,7.953,ECB EXR daily reference rate
2006-03-22,9.3775,7.9435,ECB EXR daily reference rate
2006-03-23,9.3525,7.967,ECB EXR daily reference rate
2006-03-24,9.373,7.969,ECB EXR daily reference rate
2006-03-27,9.355,7.967,ECB EXR daily reference rate
2006-03-28,9.3677,7.9385,ECB EXR daily reference rate
2006-03-29,9.4148,7.945,ECB EXR daily reference rate
2006-03-30,9.4163,7.977,ECB EXR daily reference rate
2006-03-31,9.4315,7.9675,ECB EXR daily reference rate
2006-04-03,9.4195,7.9165,ECB EXR daily reference rate
2006-04-04,9.382,7.884,ECB EXR daily reference rate
2006-04-05,9.3584,7.8865,ECB EXR daily reference rate
2006-04-06,9.322,7.892,ECB EXR daily reference rate
2006-04-07,9.3415,7.876,ECB EXR daily reference rate
2006-04-10,9.3669,7.8575,ECB EXR daily reference rate
2006-04-11,9.3345,7.8225,ECB EXR daily reference rate
2006-04-12,9.3285,7.8263,ECB EXR daily reference rate
2006-04-13,9.326,7.8562,ECB EXR daily reference rate
2006-04-18,9.3068,7.854,ECB EXR daily reference rate
2006-04-19,9.322,7.8105,ECB EXR daily reference rate
2006-04-20,9.2882,7.79,ECB EXR daily reference rate
2006-04-21,9.308,7.843,ECB EXR daily reference rate
2006-04-24,9.342,7.831,ECB EXR daily reference rate
2006-04-25,9.3326,7.8475,ECB EXR daily reference rate
2006-04-26,9.3135,7.797,ECB EXR daily reference rate
2006-04-27,9.3328,7.796,ECB EXR daily reference rate
2006-04-28,9.297,7.757,ECB EXR daily reference rate
2006-05-02,9.3173,7.775,ECB EXR daily reference rate
2006-05-03,9.309,7.7615,ECB EXR daily reference rate
2006-05-04,9.3255,7.748,ECB EXR daily reference rate
2006-05-05,9.322,7.767,ECB EXR daily reference rate
2006-05-08,9.2985,7.7865,ECB EXR daily reference rate
2006-05-09,9.321,7.7995,ECB EXR daily reference rate
2006-05-10,9.3266,7.767,ECB EXR daily reference rate
2006-05-11,9.3379,7.761,ECB EXR daily reference rate
2006-05-12,9.37,7.7645,ECB EXR daily reference rate
2006-05-15,9.3865,7.7885,ECB EXR daily reference rate
2006-05-16,9.3985,7.836,ECB EXR daily reference rate
2006-05-17,9.3777,7.821,ECB EXR daily reference rate
2006-05-18,9.3755,7.839,ECB EXR daily reference rate
2006-05-19,9.3705,7.805,ECB EXR daily reference rate
2006-05-22,9.3513,7.806,ECB EXR daily reference rate
2006-05-23,9.3095,7.823,ECB EXR daily reference rate
2006-05-24,9.3189,7.8255,ECB EXR daily reference rate
2006-05-25,9.3156,7.816,ECB EXR daily reference rate
2006-05-26,9.3065,7.823,ECB EXR daily reference rate
2006-05-29,9.2955,7.8195,ECB EXR daily reference rate
2006-05-30,9.2726,7.825,ECB EXR daily reference rate
2006-05-31,9.2757,7.8155,ECB EXR daily reference rate
2006-06-01,9.2655,7.7835,ECB EXR daily reference rate
2006-06-02,9.2315,7.7765,ECB EXR daily reference rate
2006-06-05,9.1893,7.7603,ECB EXR daily reference rate
2006-06-06,9.2095,7.7655,ECB EXR daily reference rate
2006-06-07,9.223,7.8045,ECB EXR daily reference rate
2006-06-08,9.2123,7.831,ECB EXR daily reference rate
2006-06-09,9.2243,7.8165,ECB EXR daily reference rate
2006-06-12,9.208,7.788,ECB EXR daily reference rate
2006-06-13,9.2553,7.808,ECB EXR daily reference rate
2006-06-14,9.2708,7.837,ECB EXR daily reference rate
2006-06-15,9.2765,7.8475,ECB EXR daily reference rate
2006-06-16,9.2689,7.8605,ECB EXR daily reference rate
2006-06-19,9.2809,7.8555,ECB EXR daily reference rate
2006-06-20,9.2345,7.898,ECB EXR daily reference rate
2006-06-21,9.2023,7.914,ECB EXR daily reference rate
2006-06-22,9.2349,7.971,ECB EXR daily reference rate
2006-06-23,9.2213,7.918,ECB EXR daily reference rate
2006-06-26,9.2182,7.9285,ECB EXR daily reference rate
2006-06-27,9.2313,7.9435,ECB EXR daily reference rate
2006-06-28,9.2337,7.9035,ECB EXR daily reference rate
2006-06-29,9.2373,7.8825,ECB EXR daily reference rate
2006-06-30,9.2385,7.936,ECB EXR daily reference rate
2006-07-03,9.2165,7.98,ECB EXR daily reference rate
2006-07-04,9.1883,7.97,ECB EXR daily reference rate
2006-07-05,9.1776,7.9545,ECB EXR daily reference rate
2006-07-06,9.1818,7.939,ECB EXR daily reference rate
2006-07-07,9.1693,7.953,ECB EXR daily reference rate
2006-07-10,9.1716,7.986,ECB EXR daily reference rate
2006-07-11,9.1891,7.9905,ECB EXR daily reference rate
2006-07-12,9.1625,7.9475,ECB EXR daily reference rate
2006-07-13,9.1818,7.928,ECB EXR daily reference rate
2006-07-14,9.2043,7.9155,ECB EXR daily reference rate
2006-07-17,9.2365,7.905,ECB EXR daily reference rate
2006-07-18,9.2527,7.9295,ECB EXR daily reference rate
2006-07-19,9.2585,7.969,ECB EXR daily reference rate
2006-07-20,9.2305,7.932,ECB EXR daily reference rate
2006-07-21,9.2441,7.933,ECB EXR daily reference rate
2006-07-24,9.2595,7.954,ECB EXR daily reference rate
2006-07-25,9.2655,7.94,ECB EXR daily reference rate
2006-07-26,9.2452,7.934,ECB EXR daily reference rate
2006-07-27,9.2495,7.9065,ECB EXR daily reference rate
2006-07-28,9.24,7.8825,ECB EXR daily reference rate
2006-07-31,9.233,7.8615,ECB EXR daily reference rate
2006-08-01,9.2103,7.8745,ECB EXR daily reference rate
2006-08-02,9.1991,7.8745,ECB EXR daily reference rate
2006-08-03,9.2035,7.8705,ECB EXR daily reference rate
2006-08-04,9.2287,7.8835,ECB EXR daily reference rate
2006-08-07,9.185,7.8785,ECB EXR daily reference rate
2006-08-08,9.183,7.9095,ECB EXR daily reference rate
2006-08-09,9.1655,7.945,ECB EXR daily reference rate
2006-08-10,9.189,7.95,ECB EXR daily reference rate
2006-08-11,9.1948,7.9565,ECB EXR daily reference rate
2006-08-14,9.2005,7.998,ECB EXR daily reference rate
2006-08-15,9.216,8.029,ECB EXR daily reference rate
2006-08-16,9.2107,8.016,ECB EXR daily reference rate
2006-08-17,9.194,8.078,ECB EXR daily reference rate
2006-08-18,9.2085,8.072,ECB EXR daily reference rate
2006-08-21,9.2095,8.048,ECB EXR daily reference rate
2006-08-22,9.1973,8.0275,ECB EXR daily reference rate
2006-08-23,9.201,8.043,ECB EXR daily reference rate
2006-08-24,9.1906,8.0755,ECB EXR daily reference rate
2006-08-25,9.2231,8.0655,ECB EXR daily reference rate
2006-08-28,9.2465,8.0345,ECB EXR daily reference rate
2006-08-29,9.2493,8.0425,ECB EXR daily reference rate
2006-08-30,9.252,8.0655,ECB EXR daily reference rate
2006-08-31,9.2667,8.0795,ECB EXR daily reference rate
2006-09-01,9.316,8.107,ECB EXR daily reference rate
2006-09-04,9.3177,8.126,ECB EXR daily reference rate
2006-09-05,9.3225,8.132,ECB EXR daily reference rate
2006-09-06,9.3013,8.1465,ECB EXR daily reference rate
2006-09-07,9.3285,8.1875,ECB EXR daily reference rate
2006-09-08,9.3195,8.2185,ECB EXR daily reference rate
2006-09-11,9.2685,8.308,ECB EXR daily reference rate
2006-09-12,9.229,8.295,ECB EXR daily reference rate
2006-09-13,9.2478,8.3825,ECB EXR daily reference rate
2006-09-14,9.2488,8.332,ECB EXR daily reference rate
2006-09-15,9.225,8.2775,ECB EXR daily reference rate
2006-09-18,9.1928,8.283,ECB EXR daily reference rate
2006-09-19,9.174,8.2735,ECB EXR daily reference rate
2006-09-20,9.2168,8.279,ECB EXR daily reference rate
2006-09-21,9.2193,8.281,ECB EXR daily reference rate
2006-09-22,9.258,8.3455,ECB EXR daily reference rate
2006-09-25,9.3019,8.3895,ECB EXR daily reference rate
2006-09-26,9.2895,8.3135,ECB EXR daily reference rate
2006-09-27,9.277,8.265,ECB EXR daily reference rate
2006-09-28,9.2623,8.223,ECB EXR daily reference rate
2006-09-29,9.2797,8.235,ECB EXR daily reference rate
2006-10-02,9.3317,8.3425,ECB EXR daily reference rate
2006-10-03,9.326,8.3735,ECB EXR daily reference rate
2006-10-04,9.3225,8.3995,ECB EXR daily reference rate
2006-10-05,9.2895,8.378,ECB EXR daily reference rate
2006-10-06,9.2778,8.4315,ECB EXR daily reference rate
2006-10-09,9.28,8.42,ECB EXR daily reference rate
2006-10-10,9.274,8.361,ECB EXR daily reference rate
2006-10-11,9.256,8.418,ECB EXR daily reference rate
2006-10-12,9.24,8.453,ECB EXR daily reference rate
2006-10-13,9.2564,8.4285,ECB EXR daily reference rate
2006-10-16,9.243,8.461,ECB EXR daily reference rate
2006-10-17,9.2694,8.471,ECB EXR daily reference rate
2006-10-18,9.263,8.471,ECB EXR daily reference rate
2006-10-19,9.2485,8.476,ECB EXR daily reference rate
2006-10-20,9.2108,8.4135,ECB EXR daily reference rate
2006-10-23,9.2045,8.426,ECB EXR daily reference rate
2006-10-24,9.2002,8.3855,ECB EXR daily reference rate
2006-10-25,9.2125,8.338,ECB EXR daily reference rate
2006-10-26,9.2265,8.2875,ECB EXR daily reference rate
2006-10-27,9.2215,8.311,ECB EXR daily reference rate
2006-10-30,9.2073,8.3335,ECB EXR daily reference rate
2006-10-31,9.212,8.332,ECB EXR daily reference rate
2006-11-01,9.2017,8.3005,ECB EXR daily reference rate
2006-11-02,9.1966,8.243,ECB EXR daily reference rate
2006-11-03,9.1685,8.2445,ECB EXR daily reference rate
2006-11-06,9.1465,8.251,ECB EXR daily reference rate
2006-11-07,9.1445,8.251,ECB EXR daily reference rate
2006-11-08,9.1465,8.243,ECB EXR daily reference rate
2006-11-09,9.1195,8.2315,ECB EXR daily reference rate
2006-11-10,9.0888,8.2005,ECB EXR daily reference rate
2006-11-13,9.0936,8.197,ECB EXR daily reference rate
2006-11-14,9.0723,8.212,ECB EXR daily reference rate
2006-11-15,9.087,8.246,ECB EXR daily reference rate
2006-11-16,9.0705,8.2225,ECB EXR daily reference rate
2006-11-17,9.0621,8.268,ECB EXR daily reference rate
2006-11-20,9.0823,8.262,ECB EXR daily reference rate
2006-11-21,9.087,8.266,ECB EXR daily reference rate
2006-11-22,9.0965,8.252,ECB EXR daily reference rate
2006-11-23,9.0595,8.26,ECB EXR daily reference rate
2006-11-24,9.0375,8.2625,ECB EXR daily reference rate
2006-11-27,9.0423,8.269,ECB EXR daily reference rate
2006-11-28,9.0683,8.281,ECB EXR daily reference rate
2006-11-29,9.0801,8.252,ECB EXR daily reference rate
2006-11-30,9.0661,8.166,ECB EXR daily reference rate
2006-12-01,9.036,8.1625,ECB EXR daily reference rate
2006-12-04,9.033,8.1565,ECB EXR daily reference rate
2006-12-05,9.0495,8.13,ECB EXR daily reference rate
2006-12-06,9.0757,8.135,ECB EXR daily reference rate
2006-12-07,9.0345,8.0945,ECB EXR daily reference rate
2006-12-08,9.0555,8.118,ECB EXR daily reference rate
2006-12-11,9.0585,8.122,ECB EXR daily reference rate
2006-12-12,9.0605,8.132,ECB EXR daily reference rate
2006-12-13,9.0407,8.152,ECB EXR daily reference rate
2006-12-14,9.0602,8.15,ECB EXR daily reference rate
2006-12-15,9.0633,8.16,ECB EXR daily reference rate
2006-12-18,9.0555,8.141,ECB EXR daily reference rate
2006-12-19,9.0252,8.164,ECB EXR daily reference rate
2006-12-20,9.0038,8.161,ECB EXR daily reference rate
2006-12-21,8.9661,8.133,ECB EXR daily reference rate
2006-12-22,8.9888,8.177,ECB EXR daily reference rate
2006-12-27,9.023,8.228,ECB EXR daily reference rate
2006-12-28,9.0463,8.2375,ECB EXR daily reference rate
2006-12-29,9.0404,8.238,ECB EXR daily reference rate
2007-01-02,9.0245,8.208,ECB EXR daily reference rate
2007-01-03,9.019,8.2385,ECB EXR daily reference rate
2007-01-04,9.0696,8.273,ECB EXR daily reference rate
2007-01-05,9.0726,8.283,ECB EXR daily reference rate
2007-01-08,9.061,8.264,ECB EXR daily reference rate
2007-01-09,9.096,8.2555,ECB EXR daily reference rate
2007-01-10,9.1198,8.2985,ECB EXR daily reference rate
2007-01-11,9.1431,8.3525,ECB EXR daily reference rate
2007-01-12,9.1115,8.3435,ECB EXR daily reference rate
2007-01-15,9.0829,8.329,ECB EXR daily reference rate
2007-01-16,9.0621,8.314,ECB EXR daily reference rate
2007-01-17,9.0776,8.348,ECB EXR daily reference rate
2007-01-18,9.0995,8.364,ECB EXR daily reference rate
2007-01-19,9.1195,8.368,ECB EXR daily reference rate
2007-01-22,9.1249,8.3675,ECB EXR daily reference rate
2007-01-23,9.0855,8.35,ECB EXR daily reference rate
2007-01-24,9.0595,8.2635,ECB EXR daily reference rate
2007-01-25,9.075,8.212,ECB EXR daily reference rate
2007-01-26,9.0835,8.1935,ECB EXR daily reference rate
2007-01-29,9.0725,8.175,ECB EXR daily reference rate
2007-01-30,9.0383,8.168,ECB EXR daily reference rate
2007-01-31,9.052,8.148,ECB EXR daily reference rate
2007-02-01,9.0395,8.1255,ECB EXR daily reference rate
2007-02-02,9.0575,8.1355,ECB EXR daily reference rate
2007-02-05,9.1163,8.12,ECB EXR daily reference rate
2007-02-06,9.1365,8.112,ECB EXR daily reference rate
2007-02-07,9.1175,8.0895,ECB EXR daily reference rate
2007-02-08,9.0947,8.0955,ECB EXR daily reference rate
2007-02-09,9.0933,8.131,ECB EXR daily reference rate
2007-02-12,9.105,8.0955,ECB EXR daily reference rate
2007-02-13,9.166,8.111,ECB EXR daily reference rate
2007-02-14,9.141,8.089,ECB EXR daily reference rate
2007-02-15,9.2235,8.0825,ECB EXR daily reference rate
2007-02-16,9.2701,8.0445,ECB EXR daily reference rate
2007-02-19,9.2425,8.044,ECB EXR daily reference rate
2007-02-20,9.253,8.0415,ECB EXR daily reference rate
2007-02-21,9.3099,8.0625,ECB EXR daily reference rate
2007-02-22,9.3155,8.0635,ECB EXR daily reference rate
2007-02-23,9.306,8.066,ECB EXR daily reference rate
2007-02-26,9.2815,8.063,ECB EXR daily reference rate
2007-02-27,9.246,8.059,ECB EXR daily reference rate
2007-02-28,9.2763,8.12,ECB EXR daily reference rate
2007-03-01,9.2777,8.109,ECB EXR daily reference rate
2007-03-02,9.2927,8.116,ECB EXR daily reference rate
2007-03-05,9.3308,8.183,ECB EXR daily reference rate
2007-03-06,9.2785,8.1615,ECB EXR daily reference rate
2007-03-07,9.2648,8.1475,ECB EXR daily reference rate
2007-03-08,9.285,8.153,ECB EXR daily reference rate
2007-03-09,9.2933,8.112,ECB EXR daily reference rate
2007-03-12,9.293,8.122,ECB EXR daily reference rate
2007-03-13,9.291,8.0945,ECB EXR daily reference rate
2007-03-14,9.3068,8.1225,ECB EXR daily reference rate
2007-03-15,9.268,8.087,ECB EXR daily reference rate
2007-03-16,9.2625,8.1395,ECB EXR daily reference rate
2007-03-19,9.2916,8.148,ECB EXR daily reference rate
2007-03-20,9.3019,8.165,ECB EXR daily reference rate
2007-03-21,9.3034,8.195,ECB EXR daily reference rate
2007-03-22,9.2983,8.168,ECB EXR daily reference rate
2007-03-23,9.3135,8.115,ECB EXR daily reference rate
2007-03-26,9.3083,8.127,ECB EXR daily reference rate
2007-03-27,9.3182,8.127,ECB EXR daily reference rate
2007-03-28,9.319,8.1335,ECB EXR daily reference rate
2007-03-29,9.337,8.102,ECB EXR daily reference rate
2007-03-30,9.3462,8.119,ECB EXR daily reference rate
2007-04-02,9.367,8.1585,ECB EXR daily reference rate
2007-04-03,9.3631,8.17,ECB EXR daily reference rate
2007-04-04,9.3355,8.1675,ECB EXR daily reference rate
2007-04-05,9.2715,8.133,ECB EXR daily reference rate
2007-04-10,9.2826,8.106,ECB EXR daily reference rate
2007-04-11,9.257,8.093,ECB EXR daily reference rate
2007-04-12,9.258,8.0885,ECB EXR daily reference rate
2007-04-13,9.2823,8.0985,ECB EXR daily reference rate
2007-04-16,9.224,8.0925,ECB EXR daily reference rate
2007-04-17,9.2204,8.079,ECB EXR daily reference rate
2007-04-18,9.2176,8.11,ECB EXR daily reference rate
2007-04-19,9.2195,8.1075,ECB EXR daily reference rate
2007-04-20,9.1953,8.1075,ECB EXR daily reference rate
2007-04-23,9.1979,8.107,ECB EXR daily reference rate
2007-04-24,9.193,8.103,ECB EXR daily reference rate
2007-04-25,9.1746,8.164,ECB EXR daily reference rate
2007-04-26,9.152,8.1185,ECB EXR daily reference rate
2007-04-27,9.1435,8.138,ECB EXR daily reference rate
2007-04-30,9.1523,8.1265,ECB EXR daily reference rate
2007-05-02,9.165,8.1265,ECB EXR daily reference rate
2007-05-03,9.1413,8.122,ECB EXR daily reference rate
2007-05-04,9.1575,8.128,ECB EXR daily reference rate
2007-05-07,9.1655,8.122,ECB EXR daily reference rate
2007-05-08,9.189,8.136,ECB EXR daily reference rate
2007-05-09,9.1935,8.134,ECB EXR daily reference rate
2007-05-10,9.2065,8.159,ECB EXR daily reference rate
2007-05-11,9.226,8.177,ECB EXR daily reference rate
2007-05-14,9.2313,8.1985,ECB EXR daily reference rate
2007-05-15,9.196,8.1935,ECB EXR daily reference rate
2007-05-16,9.1985,8.1725,ECB EXR daily reference rate
2007-05-17,9.2065,8.1721,ECB EXR daily reference rate
2007-05-18,9.219,8.175,ECB EXR daily reference rate
2007-05-21,9.2187,8.167,ECB EXR daily reference rate
2007-05-22,9.192,8.1325,ECB EXR daily reference rate
2007-05-23,9.1909,8.121,ECB EXR daily reference rate
2007-05-24,9.1957,8.1055,ECB EXR daily reference rate
2007-05-25,9.1912,8.0945,ECB EXR daily reference rate
2007-05-28,9.2032,8.0951,ECB EXR daily reference rate
2007-05-29,9.2555,8.099,ECB EXR daily reference rate
2007-05-30,9.2965,8.1175,ECB EXR daily reference rate
2007-05-31,9.2945,8.1195,ECB EXR daily reference rate
2007-06-01,9.316,8.111,ECB EXR daily reference rate
2007-06-04,9.3243,8.1085,ECB EXR daily reference rate
2007-06-05,9.325,8.084,ECB EXR daily reference rate
2007-06-06,9.34,8.08,ECB EXR daily reference rate
2007-06-07,9.3205,8.082,ECB EXR daily reference rate
2007-06-08,9.3425,8.1005,ECB EXR daily reference rate
2007-06-11,9.3367,8.1195,ECB EXR daily reference rate
2007-06-12,9.3923,8.1115,ECB EXR daily reference rate
2007-06-13,9.4157,8.101,ECB EXR daily reference rate
2007-06-14,9.4166,8.1075,ECB EXR daily reference rate
2007-06-15,9.427,8.0935,ECB EXR daily reference rate
2007-06-18,9.4345,8.075,ECB EXR daily reference rate
2007-06-19,9.4172,8.079,ECB EXR daily reference rate
2007-06-20,9.299,8.0525,ECB EXR daily reference rate
2007-06-21,9.2543,8.0345,ECB EXR daily reference rate
2007-06-22,9.2448,7.987,ECB EXR daily reference rate
2007-06-25,9.2452,8.004,ECB EXR daily reference rate
2007-06-26,9.2816,8.01,ECB EXR daily reference rate
2007-06-27,9.2815,7.9725,ECB EXR daily reference rate
2007-06-28,9.2415,7.952,ECB EXR daily reference rate
2007-06-29,9.2525,7.9725,ECB EXR daily reference rate
2007-07-02,9.2655,7.969,ECB EXR daily reference rate
2007-07-03,9.2373,7.938,ECB EXR daily reference rate
2007-07-04,9.173,7.9365,ECB EXR daily reference rate
2007-07-05,9.157,7.924,ECB EXR daily reference rate
2007-07-06,9.1585,7.9125,ECB EXR daily reference rate
2007-07-09,9.1677,7.913,ECB EXR daily reference rate
2007-07-10,9.1873,7.966,ECB EXR daily reference rate
2007-07-11,9.1663,7.9655,ECB EXR daily reference rate
2007-07-12,9.1448,7.9325,ECB EXR daily reference rate
2007-07-13,9.156,7.913,ECB EXR daily reference rate
2007-07-16,9.1503,7.9025,ECB EXR daily reference rate
2007-07-17,9.1613,7.8845,ECB EXR daily reference rate
2007-07-18,9.172,7.9225,ECB EXR daily reference rate
2007-07-19,9.1757,7.9035,ECB EXR daily reference rate
2007-07-20,9.1677,7.902,ECB EXR daily reference rate
2007-07-23,9.1855,7.912,ECB EXR daily reference rate
2007-07-24,9.1775,7.9135,ECB EXR daily reference rate
2007-07-25,9.2103,7.951,ECB EXR daily reference rate
2007-07-26,9.2266,7.976,ECB EXR daily reference rate
2007-07-27,9.2272,8.04,ECB EXR daily reference rate
2007-07-30,9.1945,8.0,ECB EXR daily reference rate
2007-07-31,9.19,7.9595,ECB EXR daily reference rate
2007-08-01,9.2597,7.993,ECB EXR daily reference rate
2007-08-02,9.2325,7.9635,ECB EXR daily reference rate
2007-08-03,9.2137,7.9305,ECB EXR daily reference rate
2007-08-06,9.2192,7.9425,ECB EXR daily reference rate
2007-08-07,9.2162,7.9765,ECB EXR daily reference rate
2007-08-08,9.2347,7.9625,ECB EXR daily reference rate
2007-08-09,9.2788,7.942,ECB EXR daily reference rate
2007-08-10,9.2924,7.9985,ECB EXR daily reference rate
2007-08-13,9.3143,7.9845,ECB EXR daily reference rate
2007-08-14,9.315,7.975,ECB EXR daily reference rate
2007-08-15,9.3633,7.991,ECB EXR daily reference rate
2007-08-16,9.413,8.035,ECB EXR daily reference rate
2007-08-17,9.359,8.0375,ECB EXR daily reference rate
2007-08-20,9.3296,7.991,ECB EXR daily reference rate
2007-08-21,9.3645,7.9985,ECB EXR daily reference rate
2007-08-22,9.3852,7.992,ECB EXR daily reference rate
2007-08-23,9.369,7.9645,ECB EXR daily reference rate
2007-08-24,9.378,7.954,ECB EXR daily reference rate
2007-08-27,9.372,7.9515,ECB EXR daily reference rate
2007-08-28,9.3721,7.9475,ECB EXR daily reference rate
2007-08-29,9.3987,7.9565,ECB EXR daily reference rate
2007-08-30,9.3832,7.959,ECB EXR daily reference rate
2007-08-31,9.3662,7.944,ECB EXR daily reference rate
2007-09-03,9.382,7.9315,ECB EXR daily reference rate
2007-09-04,9.389,7.929,ECB EXR daily reference rate
2007-09-05,9.3948,7.9105,ECB EXR daily reference rate
2007-09-06,9.345,7.9075,ECB EXR daily reference rate
2007-09-07,9.326,7.9085,ECB EXR daily reference rate
2007-09-10,9.3725,7.896,ECB EXR daily reference rate
2007-09-11,9.32,7.8515,ECB EXR daily reference rate
2007-09-12,9.2903,7.8325,ECB EXR daily reference rate
2007-09-13,9.2766,7.8345,ECB EXR daily reference rate
2007-09-14,9.2735,7.8275,ECB EXR daily reference rate
2007-09-17,9.2845,7.802,ECB EXR daily reference rate
2007-09-18,9.2953,7.807,ECB EXR daily reference rate
2007-09-19,9.2565,7.7775,ECB EXR daily reference rate
2007-09-20,9.214,7.7815,ECB EXR daily reference rate
2007-09-21,9.206,7.7865,ECB EXR daily reference rate
2007-09-24,9.1815,7.783,ECB EXR daily reference rate
2007-09-25,9.2181,7.806,ECB EXR daily reference rate
2007-09-26,9.2095,7.771,ECB EXR daily reference rate
2007-09-27,9.2207,7.75,ECB EXR daily reference rate
2007-09-28,9.2147,7.7185,ECB EXR daily reference rate
2007-10-01,9.194,7.6875,ECB EXR daily reference rate
2007-10-02,9.2163,7.6965,ECB EXR daily reference rate
2007-10-03,9.2037,7.699,ECB EXR daily reference rate
2007-10-04,9.1755,7.693,ECB EXR daily reference rate
2007-10-05,9.1848,7.653,ECB EXR daily reference rate
2007-10-08,9.1665,7.67,ECB EXR daily reference rate
2007-10-09,9.163,7.7055,ECB EXR daily reference rate
2007-10-10,9.1532,7.697,ECB EXR daily reference rate
2007-10-11,9.1093,7.6815,ECB EXR daily reference rate
2007-10-12,9.1145,7.649,ECB EXR daily reference rate
2007-10-15,9.0923,7.661,ECB EXR daily reference rate
2007-10-16,9.1538,7.666,ECB EXR daily reference rate
2007-10-17,9.1456,7.672,ECB EXR daily reference rate
2007-10-18,9.153,7.6705,ECB EXR daily reference rate
2007-10-19,9.1677,7.6715,ECB EXR daily reference rate
2007-10-22,9.2145,7.7335,ECB EXR daily reference rate
2007-10-23,9.19,7.69,ECB EXR daily reference rate
2007-10-24,9.2127,7.7455,ECB EXR daily reference rate
2007-10-25,9.2103,7.73,ECB EXR daily reference rate
2007-10-26,9.18,7.7095,ECB EXR daily reference rate
2007-10-29,9.192,7.722,ECB EXR daily reference rate
2007-10-30,9.1782,7.721,ECB EXR daily reference rate
2007-10-31,9.2191,7.791,ECB EXR daily reference rate
2007-11-01,9.2225,7.8295,ECB EXR daily reference rate
2007-11-02,9.253,7.843,ECB EXR daily reference rate
2007-11-05,9.258,7.8155,ECB EXR daily reference rate
2007-11-06,9.25,7.78,ECB EXR daily reference rate
2007-11-07,9.2535,7.766,ECB EXR daily reference rate
2007-11-08,9.262,7.741,ECB EXR daily reference rate
2007-11-09,9.2908,7.8115,ECB EXR daily reference rate
2007-11-12,9.3214,7.874,ECB EXR daily reference rate
2007-11-13,9.2805,7.909,ECB EXR daily reference rate
2007-11-14,9.247,7.9275,ECB EXR daily reference rate
2007-11-15,9.248,7.9935,ECB EXR daily reference rate
2007-11-16,9.2587,8.0315,ECB EXR daily reference rate
2007-11-19,9.2829,8.078,ECB EXR daily reference rate
2007-11-20,9.2823,7.995,ECB EXR daily reference rate
2007-11-21,9.317,8.0415,ECB EXR daily reference rate
2007-11-22,9.329,8.0255,ECB EXR daily reference rate
2007-11-23,9.3188,8.0485,ECB EXR daily reference rate
2007-11-26,9.289,8.0375,ECB EXR daily reference rate
2007-11-27,9.3135,8.08,ECB EXR daily reference rate
2007-11-28,9.3367,8.1075,ECB EXR daily reference rate
2007-11-29,9.3689,8.0925,ECB EXR daily reference rate
2007-11-30,9.3715,8.114,ECB EXR daily reference rate
2007-12-03,9.3775,8.102,ECB EXR daily reference rate
2007-12-04,9.42,8.109,ECB EXR daily reference rate
2007-12-05,9.3985,8.07,ECB EXR daily reference rate
2007-12-06,9.3905,8.046,ECB EXR daily reference rate
2007-12-07,9.401,8.017,ECB EXR daily reference rate
2007-12-10,9.4182,7.992,ECB EXR daily reference rate
2007-12-11,9.405,7.9975,ECB EXR daily reference rate
2007-12-12,9.4289,7.9565,ECB EXR daily reference rate
2007-12-13,9.4398,7.932,ECB EXR daily reference rate
2007-12-14,9.4217,7.975,ECB EXR daily reference rate
2007-12-17,9.4593,7.978,ECB EXR daily reference rate
2007-12-18,9.4381,8.026,ECB EXR daily reference rate
2007-12-19,9.4754,8.0385,ECB EXR daily reference rate
2007-12-20,9.461,8.03,ECB EXR daily reference rate
2007-12-21,9.4453,8.034,ECB EXR daily reference rate
2007-12-24,9.4685,7.9918,ECB EXR daily reference rate
2007-12-27,9.4685,7.9955,ECB EXR daily reference rate
2007-12-28,9.4483,7.974,ECB EXR daily reference rate
2007-12-31,9.4415,7.958,ECB EXR daily reference rate
2008-01-02,9.4257,7.9855,ECB EXR daily reference rate
2008-01-03,9.4078,7.925,ECB EXR daily reference rate
2008-01-04,9.3755,7.865,ECB EXR daily reference rate
2008-01-07,9.3625,7.8685,ECB EXR daily reference rate
2008-01-08,9.3806,7.8895,ECB EXR daily reference rate
2008-01-09,9.403,7.891,ECB EXR daily reference rate
2008-01-10,9.4087,7.839,ECB EXR daily reference rate
2008-01-11,9.398,7.8185,ECB EXR daily reference rate
2008-01-14,9.3987,7.8275,ECB EXR daily reference rate
2008-01-15,9.3965,7.833,ECB EXR daily reference rate
2008-01-16,9.4194,7.942,ECB EXR daily reference rate
2008-01-17,9.4097,7.954,ECB EXR daily reference rate
2008-01-18,9.4283,7.9915,ECB EXR daily reference rate
2008-01-21,9.4752,8.0265,ECB EXR daily reference rate
2008-01-22,9.4995,8.044,ECB EXR daily reference rate
2008-01-23,9.5105,8.063,ECB EXR daily reference rate
2008-01-24,9.486,8.036,ECB EXR daily reference rate
2008-01-25,9.4603,8.024,ECB EXR daily reference rate
2008-01-28,9.483,8.0655,ECB EXR daily reference rate
2008-01-29,9.4487,8.035,ECB EXR daily reference rate
2008-01-30,9.4399,8.045,ECB EXR daily reference rate
2008-01-31,9.4725,8.076,ECB EXR daily reference rate
2008-02-01,9.451,8.0265,ECB EXR daily reference rate
2008-02-04,9.41,8.029,ECB EXR daily reference rate
2008-02-05,9.4074,8.0095,ECB EXR daily reference rate
2008-02-06,9.4288,8.0555,ECB EXR daily reference rate
2008-02-07,9.4403,8.07,ECB EXR daily reference rate
2008-02-08,9.4125,8.0245,ECB EXR daily reference rate
2008-02-11,9.4202,8.0265,ECB EXR daily reference rate
2008-02-12,9.4163,8.003,ECB EXR daily reference rate
2008-02-13,9.3493,7.983,ECB EXR daily reference rate
2008-02-14,9.3288,7.951,ECB EXR daily reference rate
2008-02-15,9.314,7.9255,ECB EXR daily reference rate
2008-02-18,9.3001,7.915,ECB EXR daily reference rate
2008-02-19,9.3164,7.8605,ECB EXR daily reference rate
2008-02-20,9.3196,7.877,ECB EXR daily reference rate
2008-02-21,9.3136,7.8615,ECB EXR daily reference rate
2008-02-22,9.304,7.8895,ECB EXR daily reference rate
2008-02-25,9.3154,7.881,ECB EXR daily reference rate
2008-02-26,9.3005,7.8845,ECB EXR daily reference rate
2008-02-27,9.3356,7.854,ECB EXR daily reference rate
2008-02-28,9.3686,7.8665,ECB EXR daily reference rate
2008-02-29,9.3948,7.914,ECB EXR daily reference rate
2008-03-03,9.3655,7.925,ECB EXR daily reference rate
2008-03-04,9.361,7.8535,ECB EXR daily reference rate
2008-03-05,9.3627,7.8565,ECB EXR daily reference rate
2008-03-06,9.3581,7.834,ECB EXR daily reference rate
2008-03-07,9.3911,7.9145,ECB EXR daily reference rate
2008-03-10,9.3918,7.8855,ECB EXR daily reference rate
2008-03-11,9.3765,7.878,ECB EXR daily reference rate
2008-03-12,9.3978,7.8905,ECB EXR daily reference rate
2008-03-13,9.451,7.9005,ECB EXR daily reference rate
2008-03-14,9.4361,7.9885,ECB EXR daily reference rate
2008-03-17,9.473,8.057,ECB EXR daily reference rate
2008-03-18,9.455,8.0675,ECB EXR daily reference rate
2008-03-19,9.4241,8.0448,ECB EXR daily reference rate
2008-03-20,9.4121,8.1178,ECB EXR daily reference rate
2008-03-25,9.419,8.0865,ECB EXR daily reference rate
2008-03-26,9.3964,8.0475,ECB EXR daily reference rate
2008-03-27,9.3937,8.017,ECB EXR daily reference rate
2008-03-28,9.3769,8.0475,ECB EXR daily reference rate
2008-03-31,9.397,8.051,ECB EXR daily reference rate
2008-04-01,9.3945,8.072,ECB EXR daily reference rate
2008-04-02,9.3697,8.065,ECB EXR daily reference rate
2008-04-03,9.342,8.003,ECB EXR daily reference rate
2008-04-04,9.368,7.998,ECB EXR daily reference rate
2008-04-07,9.3687,7.9685,ECB EXR daily reference rate
2008-04-08,9.361,7.9565,ECB EXR daily reference rate
2008-04-09,9.3622,7.941,ECB EXR daily reference rate
2008-04-10,9.386,7.927,ECB EXR daily reference rate
2008-04-11,9.412,7.9415,ECB EXR daily reference rate
2008-04-14,9.406,7.9445,ECB EXR daily reference rate
2008-04-15,9.419,7.9105,ECB EXR daily reference rate
2008-04-16,9.4038,7.8985,ECB EXR daily reference rate
2008-04-17,9.3845,7.9105,ECB EXR daily reference rate
2008-04-18,9.394,7.951,ECB EXR daily reference rate
2008-04-21,9.3805,7.9445,ECB EXR daily reference rate
2008-04-22,9.3605,7.923,ECB EXR daily reference rate
2008-04-23,9.3185,7.925,ECB EXR daily reference rate
2008-04-24,9.302,7.9595,ECB EXR daily reference rate
2008-04-25,9.338,8.024,ECB EXR daily reference rate
2008-04-28,9.3514,7.9655,ECB EXR daily reference rate
2008-04-29,9.3578,7.98,ECB EXR daily reference rate
2008-04-30,9.3575,7.974,ECB EXR daily reference rate
2008-05-02,9.3555,7.926,ECB EXR daily reference rate
2008-05-05,9.3485,7.915,ECB EXR daily reference rate
2008-05-06,9.336,7.869,ECB EXR daily reference rate
2008-05-07,9.2953,7.8545,ECB EXR daily reference rate
2008-05-08,9.302,7.874,ECB EXR daily reference rate
2008-05-09,9.2904,7.844,ECB EXR daily reference rate
2008-05-12,9.2873,7.8413,ECB EXR daily reference rate
2008-05-13,9.294,7.846,ECB EXR daily reference rate
2008-05-14,9.3078,7.844,ECB EXR daily reference rate
2008-05-15,9.322,7.859,ECB EXR daily reference rate
2008-05-16,9.337,7.856,ECB EXR daily reference rate
2008-05-19,9.2875,7.7885,ECB EXR daily reference rate
2008-05-20,9.279,7.819,ECB EXR daily reference rate
2008-05-21,9.2993,7.855,ECB EXR daily reference rate
2008-05-22,9.3045,7.8545,ECB EXR daily reference rate
2008-05-23,9.3024,7.901,ECB EXR daily reference rate
2008-05-26,9.309,7.8895,ECB EXR daily reference rate
2008-05-27,9.2845,7.876,ECB EXR daily reference rate
2008-05-28,9.322,7.8655,ECB EXR daily reference rate
2008-05-29,9.33,7.876,ECB EXR daily reference rate
2008-05-30,9.328,7.908,ECB EXR daily reference rate
2008-06-02,9.3454,7.9425,ECB EXR daily reference rate
2008-06-03,9.3408,7.9615,ECB EXR daily reference rate
2008-06-04,9.3448,7.9755,ECB EXR daily reference rate
2008-06-05,9.3118,7.968,ECB EXR daily reference rate
2008-06-06,9.3338,7.9415,ECB EXR daily reference rate
2008-06-09,9.348,7.937,ECB EXR daily reference rate
2008-06-10,9.3145,7.969,ECB EXR daily reference rate
2008-06-11,9.3571,7.99,ECB EXR daily reference rate
2008-06-12,9.3805,8.0375,ECB EXR daily reference rate
2008-06-13,9.365,8.05,ECB EXR daily reference rate
2008-06-16,9.3458,8.031,ECB EXR daily reference rate
2008-06-17,9.3581,8.0235,ECB EXR daily reference rate
2008-06-18,9.3838,8.0405,ECB EXR daily reference rate
2008-06-19,9.403,8.0365,ECB EXR daily reference rate
2008-06-20,9.398,8.0435,ECB EXR daily reference rate
2008-06-23,9.3931,8.013,ECB EXR daily reference rate
2008-06-24,9.4026,7.9745,ECB EXR daily reference rate
2008-06-25,9.4128,7.9405,ECB EXR daily reference rate
2008-06-26,9.4162,7.959,ECB EXR daily reference rate
2008-06-27,9.4263,7.979,ECB EXR daily reference rate
2008-06-30,9.4703,8.009,ECB EXR daily reference rate
2008-07-01,9.4578,8.004,ECB EXR daily reference rate
2008-07-02,9.4538,8.04,ECB EXR daily reference rate
2008-07-03,9.4538,8.0475,ECB EXR daily reference rate
2008-07-04,9.3935,7.986,ECB EXR daily reference rate
2008-07-07,9.4065,7.9855,ECB EXR daily reference rate
2008-07-08,9.4185,8.0135,ECB EXR daily reference rate
2008-07-09,9.4484,8.048,ECB EXR daily reference rate
2008-07-10,9.44,8.0605,ECB EXR daily reference rate
2008-07-11,9.4795,8.0605,ECB EXR daily reference rate
2008-07-14,9.4674,8.0525,ECB EXR daily reference rate
2008-07-15,9.4932,8.037,ECB EXR daily reference rate
2008-07-16,9.5163,8.066,ECB EXR daily reference rate
2008-07-17,9.4778,8.064,ECB EXR daily reference rate
2008-07-18,9.4496,8.059,ECB EXR daily reference rate
2008-07-21,9.4539,8.0585,ECB EXR daily reference rate
2008-07-22,9.4763,8.0555,ECB EXR daily reference rate
2008-07-23,9.47,8.09,ECB EXR daily reference rate
2008-07-24,9.4665,8.1,ECB EXR daily reference rate
2008-07-25,9.461,8.0815,ECB EXR daily reference rate
2008-07-28,9.4538,8.075,ECB EXR daily reference rate
2008-07-29,9.45,8.0725,ECB EXR daily reference rate
2008-07-30,9.449,8.043,ECB EXR daily reference rate
2008-07-31,9.4649,8.0205,ECB EXR daily reference rate
2008-08-01,9.4451,7.996,ECB EXR daily reference rate
2008-08-04,9.456,7.9995,ECB EXR daily reference rate
2008-08-05,9.4622,8.0315,ECB EXR daily reference rate
2008-08-06,9.4458,8.028,ECB EXR daily reference rate
2008-08-07,9.4127,7.997,ECB EXR daily reference rate
2008-08-08,9.3945,7.9915,ECB EXR daily reference rate
2008-08-11,9.3977,7.9975,ECB EXR daily reference rate
2008-08-12,9.3889,8.012,ECB EXR daily reference rate
2008-08-13,9.3771,7.996,ECB EXR daily reference rate
2008-08-14,9.3838,8.006,ECB EXR daily reference rate
2008-08-15,9.355,7.9665,ECB EXR daily reference rate
2008-08-18,9.3475,7.974,ECB EXR daily reference rate
2008-08-19,9.36,7.9525,ECB EXR daily reference rate
2008-08-20,9.3895,7.956,ECB EXR daily reference rate
2008-08-21,9.3825,7.945,ECB EXR daily reference rate
2008-08-22,9.3777,7.9335,ECB EXR daily reference rate
2008-08-25,9.351,7.933,ECB EXR daily reference rate
2008-08-26,9.3755,7.9155,ECB EXR daily reference rate
2008-08-27,9.3877,7.926,ECB EXR daily reference rate
2008-08-28,9.438,7.917,ECB EXR daily reference rate
2008-08-29,9.4381,7.9435,ECB EXR daily reference rate
2008-09-01,9.4608,7.9635,ECB EXR daily reference rate
2008-09-02,9.462,8.0065,ECB EXR daily reference rate
2008-09-03,9.4661,8.011,ECB EXR daily reference rate
2008-09-04,9.4839,8.022,ECB EXR daily reference rate
2008-09-05,9.4789,8.0065,ECB EXR daily reference rate
2008-09-08,9.4591,7.9975,ECB EXR daily reference rate
2008-09-09,9.4684,8.033,ECB EXR daily reference rate
2008-09-10,9.5115,8.06,ECB EXR daily reference rate
2008-09-11,9.5135,8.097,ECB EXR daily reference rate
2008-09-12,9.5173,8.1165,ECB EXR daily reference rate
2008-09-15,9.5519,8.183,ECB EXR daily reference rate
2008-09-16,9.6408,8.246,ECB EXR daily reference rate
2008-09-17,9.6125,8.29,ECB EXR daily reference rate
2008-09-18,9.5995,8.334,ECB EXR daily reference rate
2008-09-19,9.5383,8.258,ECB EXR daily reference rate
2008-09-22,9.536,8.1675,ECB EXR daily reference rate
2008-09-23,9.5924,8.215,ECB EXR daily reference rate
2008-09-24,9.6435,8.259,ECB EXR daily reference rate
2008-09-25,9.6829,8.271,ECB EXR daily reference rate
2008-09-26,9.687,8.268,ECB EXR daily reference rate
2008-09-29,9.7009,8.308,ECB EXR daily reference rate
2008-09-30,9.7943,8.333,ECB EXR daily reference rate
2008-10-01,9.7268,8.26,ECB EXR daily reference rate
2008-10-02,9.7273,8.291,ECB EXR daily reference rate
2008-10-03,9.7017,8.292,ECB EXR daily reference rate
2008-10-06,9.766,8.348,ECB EXR daily reference rate
2008-10-07,9.6586,8.381,ECB EXR daily reference rate
2008-10-08,9.68,8.3975,ECB EXR daily reference rate
2008-10-09,9.6575,8.364,ECB EXR daily reference rate
2008-10-10,9.651,8.4175,ECB EXR daily reference rate
2008-10-13,9.6689,8.4285,ECB EXR daily reference rate
2008-10-14,9.677,8.4375,ECB EXR daily reference rate
2008-10-15,9.8413,8.6035,ECB EXR daily reference rate
2008-10-16,10.0475,8.9,ECB EXR daily reference rate
2008-10-17,10.0191,8.895,ECB EXR daily reference rate
2008-10-20,9.919,8.787,ECB EXR daily reference rate
2008-10-21,9.992,8.894,ECB EXR daily reference rate
2008-10-22,10.1225,9.0135,ECB EXR daily reference rate
2008-10-23,10.0615,9.155,ECB EXR daily reference rate
2008-10-24,9.9815,8.8,ECB EXR daily reference rate
2008-10-27,10.096,8.815,ECB EXR daily reference rate
2008-10-28,9.9473,8.55,ECB EXR daily reference rate
2008-10-29,9.9045,8.554,ECB EXR daily reference rate
2008-10-30,9.811,8.52,ECB EXR daily reference rate
2008-10-31,9.906,8.53,ECB EXR daily reference rate
2008-11-03,9.8512,8.48,ECB EXR daily reference rate
2008-11-04,9.8978,8.5615,ECB EXR daily reference rate
2008-11-05,9.9369,8.66,ECB EXR daily reference rate
2008-11-06,10.0075,8.718,ECB EXR daily reference rate
2008-11-07,10.0545,8.721,ECB EXR daily reference rate
2008-11-10,9.9747,8.689,ECB EXR daily reference rate
2008-11-11,10.039,8.744,ECB EXR daily reference rate
2008-11-12,10.1065,8.7825,ECB EXR daily reference rate
2008-11-13,10.118,8.867,ECB EXR daily reference rate
2008-11-14,9.9948,8.7525,ECB EXR daily reference rate
2008-11-17,10.0126,8.792,ECB EXR daily reference rate
2008-11-18,10.1845,8.9,ECB EXR daily reference rate
2008-11-19,10.1375,8.87,ECB EXR daily reference rate
2008-11-20,10.2395,8.87,ECB EXR daily reference rate
2008-11-21,10.371,8.927,ECB EXR daily reference rate
2008-11-24,10.4025,8.938,ECB EXR daily reference rate
2008-11-25,10.3445,9.0815,ECB EXR daily reference rate
2008-11-26,10.3173,9.034,ECB EXR daily reference rate
2008-11-27,10.2543,8.88,ECB EXR daily reference rate
2008-11-28,10.3057,8.92,ECB EXR daily reference rate
2008-12-01,10.3588,8.8915,ECB EXR daily reference rate
2008-12-02,10.534,8.965,ECB EXR daily reference rate
2008-12-03,10.4545,8.905,ECB EXR daily reference rate
2008-12-04,10.5315,9.0365,ECB EXR daily reference rate
2008-12-05,10.5788,9.142,ECB EXR daily reference rate
2008-12-08,10.415,9.127,ECB EXR daily reference rate
2008-12-09,10.5063,9.15,ECB EXR daily reference rate
2008-12-10,10.567,9.1285,ECB EXR daily reference rate
2008-12-11,10.58,9.2065,ECB EXR daily reference rate
2008-12-12,10.6625,9.211,ECB EXR daily reference rate
2008-12-15,10.865,9.322,ECB EXR daily reference rate
2008-12-16,11.044,9.515,ECB EXR daily reference rate
2008-12-17,11.0075,9.515,ECB EXR daily reference rate
2008-12-18,11.0475,9.865,ECB EXR daily reference rate
2008-12-19,10.8585,9.8335,ECB EXR daily reference rate
2008-12-22,10.8335,9.855,ECB EXR daily reference rate
2008-12-23,10.9555,9.76,ECB EXR daily reference rate
2008-12-24,11.2305,9.915,ECB EXR daily reference rate
2008-12-29,10.9795,9.945,ECB EXR daily reference rate
2008-12-30,10.95,9.84,ECB EXR daily reference rate
2008-12-31,10.87,9.75,ECB EXR daily reference rate
2009-01-02,10.8425,9.695,ECB EXR daily reference rate
2009-01-05,10.7075,9.395,ECB EXR daily reference rate
2009-01-06,10.5675,9.385,ECB EXR daily reference rate
2009-01-07,10.5763,9.3915,ECB EXR daily reference rate
2009-01-08,10.712,9.4825,ECB EXR daily reference rate
2009-01-09,10.7215,9.4975,ECB EXR daily reference rate
2009-01-12,10.7605,9.413,ECB EXR daily reference rate
2009-01-13,10.9242,9.4575,ECB EXR daily reference rate
2009-01-14,10.9475,9.431,ECB EXR daily reference rate
2009-01-15,10.9925,9.4275,ECB EXR daily reference rate
2009-01-16,10.7665,9.2125,ECB EXR daily reference rate
2009-01-19,10.787,9.12,ECB EXR daily reference rate
2009-01-20,10.8895,9.1915,ECB EXR daily reference rate
2009-01-21,10.768,9.0555,ECB EXR daily reference rate
2009-01-22,10.6905,9.03,ECB EXR daily reference rate
2009-01-23,10.7058,8.994,ECB EXR daily reference rate
2009-01-26,10.6,8.8935,ECB EXR daily reference rate
2009-01-27,10.5375,8.8975,ECB EXR daily reference rate
2009-01-28,10.6145,8.887,ECB EXR daily reference rate
2009-01-29,10.5341,8.8,ECB EXR daily reference rate
2009-01-30,10.609,8.8875,ECB EXR daily reference rate
2009-02-02,10.6765,8.9415,ECB EXR daily reference rate
2009-02-03,10.7506,9.039,ECB EXR daily reference rate
2009-02-04,10.6693,8.892,ECB EXR daily reference rate
2009-02-05,10.6265,8.779,ECB EXR daily reference rate
2009-02-06,10.5655,8.773,ECB EXR daily reference rate
2009-02-09,10.4375,8.662,ECB EXR daily reference rate
2009-02-10,10.5205,8.641,ECB EXR daily reference rate
2009-02-11,10.8175,8.69,ECB EXR daily reference rate
2009-02-12,10.7945,8.8155,ECB EXR daily reference rate
2009-02-13,10.7455,8.719,ECB EXR daily reference rate
2009-02-16,10.923,8.777,ECB EXR daily reference rate
2009-02-17,10.978,8.794,ECB EXR daily reference rate
2009-02-18,11.1088,8.86,ECB EXR daily reference rate
2009-02-19,10.8987,8.679,ECB EXR daily reference rate
2009-02-20,11.0728,8.7495,ECB EXR daily reference rate
2009-02-23,11.135,8.719,ECB EXR daily reference rate
2009-02-24,11.3423,8.735,ECB EXR daily reference rate
2009-02-25,11.306,8.746,ECB EXR daily reference rate
2009-02-26,11.3175,8.778,ECB EXR daily reference rate
2009-02-27,11.4524,8.886,ECB EXR daily reference rate
2009-03-02,11.5755,9.028,ECB EXR daily reference rate
2009-03-03,11.4853,9.0125,ECB EXR daily reference rate
2009-03-04,11.5175,8.94,ECB EXR daily reference rate
2009-03-05,11.4825,8.906,ECB EXR daily reference rate
2009-03-06,11.7135,8.953,ECB EXR daily reference rate
2009-03-09,11.5655,8.974,ECB EXR daily reference rate
2009-03-10,11.4625,8.936,ECB EXR daily reference rate
2009-03-11,11.2475,8.832,ECB EXR daily reference rate
2009-03-12,11.2122,8.892,ECB EXR daily reference rate
2009-03-13,11.1025,8.823,ECB EXR daily reference rate
2009-03-16,10.9869,8.765,ECB EXR daily reference rate
2009-03-17,11.0265,8.8315,ECB EXR daily reference rate
2009-03-18,10.963,8.809,ECB EXR daily reference rate
2009-03-19,10.8663,8.645,ECB EXR daily reference rate
2009-03-20,11.056,8.65,ECB EXR daily reference rate
2009-03-23,11.076,8.6345,ECB EXR daily reference rate
2009-03-24,10.9165,8.6365,ECB EXR daily reference rate
2009-03-25,10.9565,8.7275,ECB EXR daily reference rate
2009-03-26,10.8765,8.8175,ECB EXR daily reference rate
2009-03-27,10.8935,8.8,ECB EXR daily reference rate
2009-03-30,10.9662,8.951,ECB EXR daily reference rate
2009-03-31,10.94,8.89,ECB EXR daily reference rate
2009-04-01,10.9303,8.885,ECB EXR daily reference rate
2009-04-02,10.8215,8.848,ECB EXR daily reference rate
2009-04-03,10.7751,8.7975,ECB EXR daily reference rate
2009-04-06,10.74,8.785,ECB EXR daily reference rate
2009-04-07,10.878,8.8085,ECB EXR daily reference rate
2009-04-08,10.8975,8.896,ECB EXR daily reference rate
2009-04-09,10.859,8.793,ECB EXR daily reference rate
2009-04-14,10.846,8.788,ECB EXR daily reference rate
2009-04-15,10.865,8.8405,ECB EXR daily reference rate
2009-04-16,10.934,8.837,ECB EXR daily reference rate
2009-04-17,11.0405,8.744,ECB EXR daily reference rate
2009-04-20,11.118,8.7925,ECB EXR daily reference rate
2009-04-21,11.176,8.794,ECB EXR daily reference rate
2009-04-22,11.0375,8.7605,ECB EXR daily reference rate
2009-04-23,10.9158,8.69,ECB EXR daily reference rate
2009-04-24,10.831,8.69,ECB EXR daily reference rate
2009-04-27,10.7273,8.763,ECB EXR daily reference rate
2009-04-28,10.7475,8.764,ECB EXR daily reference rate
2009-04-29,10.7597,8.732,ECB EXR daily reference rate
2009-04-30,10.6915,8.7245,ECB EXR daily reference rate
2009-05-04,10.6665,8.69,ECB EXR daily reference rate
2009-05-05,10.5865,8.687,ECB EXR daily reference rate
2009-05-06,10.616,8.735,ECB EXR daily reference rate
2009-05-07,10.477,8.62,ECB EXR daily reference rate
2009-05-08,10.512,8.6415,ECB EXR daily reference rate
2009-05-11,10.5205,8.702,ECB EXR daily reference rate
2009-05-12,10.6218,8.751,ECB EXR daily reference rate
2009-05-13,10.6525,8.84,ECB EXR daily reference rate
2009-05-14,10.771,8.832,ECB EXR daily reference rate
2009-05-15,10.6372,8.817,ECB EXR daily reference rate
2009-05-18,10.6049,8.7785,ECB EXR daily reference rate
2009-05-19,10.4705,8.745,ECB EXR daily reference rate
2009-05-20,10.4915,8.81,ECB EXR daily reference rate
2009-05-21,10.4476,8.8382,ECB EXR daily reference rate
2009-05-22,10.48,8.875,ECB EXR daily reference rate
2009-05-25,10.472,8.862,ECB EXR daily reference rate
2009-05-26,10.5545,8.951,ECB EXR daily reference rate
2009-05-27,10.654,8.871,ECB EXR daily reference rate
2009-05-28,10.7353,8.9615,ECB EXR daily reference rate
2009-05-29,10.6678,8.8785,ECB EXR daily reference rate
2009-06-01,10.5965,8.81,ECB EXR daily reference rate
2009-06-02,10.6375,8.7725,ECB EXR daily reference rate
2009-06-03,10.7766,8.921,ECB EXR daily reference rate
2009-06-04,10.8115,8.9055,ECB EXR daily reference rate
2009-06-05,10.925,8.97,ECB EXR daily reference rate
2009-06-08,10.8925,8.936,ECB EXR daily reference rate
2009-06-09,10.7995,8.9135,ECB EXR daily reference rate
2009-06-10,10.7296,8.843,ECB EXR daily reference rate
2009-06-11,10.8025,8.914,ECB EXR daily reference rate
2009-06-12,10.7555,8.8845,ECB EXR daily reference rate
2009-06-15,10.8345,8.9055,ECB EXR daily reference rate
2009-06-16,10.8595,8.917,ECB EXR daily reference rate
2009-06-17,10.8932,8.918,ECB EXR daily reference rate
2009-06-18,10.966,8.8825,ECB EXR daily reference rate
2009-06-19,10.9725,8.8995,ECB EXR daily reference rate
2009-06-22,11.0785,8.986,ECB EXR daily reference rate
2009-06-23,11.1025,9.099,ECB EXR daily reference rate
2009-06-24,11.026,9.009,ECB EXR daily reference rate
2009-06-25,11.0718,9.076,ECB EXR daily reference rate
2009-06-26,10.9595,9.04,ECB EXR daily reference rate
2009-06-29,10.8658,9.034,ECB EXR daily reference rate
2009-06-30,10.8125,9.018,ECB EXR daily reference rate
2009-07-01,10.72,8.98,ECB EXR daily reference rate
2009-07-02,10.84,8.9375,ECB EXR daily reference rate
2009-07-03,10.9135,8.966,ECB EXR daily reference rate
2009-07-06,10.9205,9.054,ECB EXR daily reference rate
2009-07-07,10.965,9.0565,ECB EXR daily reference rate
2009-07-08,11.06,9.077,ECB EXR daily reference rate
2009-07-09,10.9785,9.074,ECB EXR daily reference rate
2009-07-10,11.0022,9.084,ECB EXR daily reference rate
2009-07-13,11.0518,9.07,ECB EXR daily reference rate
2009-07-14,10.9725,9.0355,ECB EXR daily reference rate
2009-07-15,10.9746,9.019,ECB EXR daily reference rate
2009-07-16,11.0135,9.0015,ECB EXR daily reference rate
2009-07-17,11.0476,8.996,ECB EXR daily reference rate
2009-07-20,11.0023,9.0085,ECB EXR daily reference rate
2009-07-21,10.8925,8.9515,ECB EXR daily reference rate
2009-07-22,10.8073,8.92,ECB EXR daily reference rate
2009-07-23,10.7567,8.925,ECB EXR daily reference rate
2009-07-24,10.5995,8.86,ECB EXR daily reference rate
2009-07-27,10.5265,8.801,ECB EXR daily reference rate
2009-07-28,10.585,8.766,ECB EXR daily reference rate
2009-07-29,10.5849,8.789,ECB EXR daily reference rate
2009-07-30,10.4515,8.749,ECB EXR daily reference rate
2009-07-31,10.3358,8.715,ECB EXR daily reference rate
2009-08-03,10.2983,8.68,ECB EXR daily reference rate
2009-08-04,10.3043,8.704,ECB EXR daily reference rate
2009-08-05,10.2683,8.6685,ECB EXR daily reference rate
2009-08-06,10.2707,8.6635,ECB EXR daily reference rate
2009-08-07,10.3008,8.7515,ECB EXR daily reference rate
2009-08-10,10.2129,8.694,ECB EXR daily reference rate
2009-08-11,10.3486,8.8265,ECB EXR daily reference rate
2009-08-12,10.2656,8.7325,ECB EXR daily reference rate
2009-08-13,10.196,8.608,ECB EXR daily reference rate
2009-08-14,10.1835,8.6165,ECB EXR daily reference rate
2009-08-17,10.288,8.7265,ECB EXR daily reference rate
2009-08-18,10.2375,8.6735,ECB EXR daily reference rate
2009-08-19,10.2585,8.67,ECB EXR daily reference rate
2009-08-20,10.1977,8.5955,ECB EXR daily reference rate
2009-08-21,10.1432,8.555,ECB EXR daily reference rate
2009-08-24,10.1046,8.5845,ECB EXR daily reference rate
2009-08-25,10.0895,8.6095,ECB EXR daily reference rate
2009-08-26,10.1445,8.624,ECB EXR daily reference rate
2009-08-27,10.1615,8.644,ECB EXR daily reference rate
2009-08-28,10.148,8.629,ECB EXR daily reference rate
2009-08-31,10.2191,8.607,ECB EXR daily reference rate
2009-09-01,10.22,8.612,ECB EXR daily reference rate
2009-09-02,10.3186,8.68,ECB EXR daily reference rate
2009-09-03,10.3138,8.62,ECB EXR daily reference rate
2009-09-04,10.2844,8.608,ECB EXR daily reference rate
2009-09-07,10.1955,8.585,ECB EXR daily reference rate
2009-09-08,10.1867,8.569,ECB EXR daily reference rate
2009-09-09,10.2308,8.611,ECB EXR daily reference rate
2009-09-10,10.2425,8.6635,ECB EXR daily reference rate
2009-09-11,10.2128,8.634,ECB EXR daily reference rate
2009-09-14,10.2627,8.6685,ECB EXR daily reference rate
2009-09-15,10.2438,8.639,ECB EXR daily reference rate
2009-09-16,10.1396,8.6065,ECB EXR daily reference rate
2009-09-17,10.1134,8.6265,ECB EXR daily reference rate
2009-09-18,10.1125,8.641,ECB EXR daily reference rate
2009-09-21,10.139,8.65,ECB EXR daily reference rate
2009-09-22,10.094,8.628,ECB EXR daily reference rate
2009-09-23,10.0778,8.564,ECB EXR daily reference rate
2009-09-24,10.1105,8.51,ECB EXR daily reference rate
2009-09-25,10.1538,8.502,ECB EXR daily reference rate
2009-09-28,10.2295,8.5275,ECB EXR daily reference rate
2009-09-29,10.233,8.515,ECB EXR daily reference rate
2009-09-30,10.232,8.46,ECB EXR daily reference rate
2009-10-01,10.189,8.4455,ECB EXR daily reference rate
2009-10-02,10.249,8.447,ECB EXR daily reference rate
2009-10-05,10.303,8.446,ECB EXR daily reference rate
2009-10-06,10.257,8.385,ECB EXR daily reference rate
2009-10-07,10.361,8.364,ECB EXR daily reference rate
2009-10-08,10.3134,8.3533,ECB EXR daily reference rate
2009-10-09,10.2763,8.3025,ECB EXR daily reference rate
2009-10-12,10.2978,8.3275,ECB EXR daily reference rate
2009-10-13,10.339,8.328,ECB EXR daily reference rate
2009-10-14,10.3029,8.284,ECB EXR daily reference rate
2009-10-15,10.3355,8.335,ECB EXR daily reference rate
2009-10-16,10.3907,8.35,ECB EXR daily reference rate
2009-10-19,10.3978,8.3525,ECB EXR daily reference rate
2009-10-20,10.369,8.3225,ECB EXR daily reference rate
2009-10-21,10.3155,8.328,ECB EXR daily reference rate
2009-10-22,10.3234,8.327,ECB EXR daily reference rate
2009-10-23,10.2338,8.3275,ECB EXR daily reference rate
2009-10-26,10.2,8.3255,ECB EXR daily reference rate
2009-10-27,10.2595,8.385,ECB EXR daily reference rate
2009-10-28,10.3912,8.4,ECB EXR daily reference rate
2009-10-29,10.3359,8.3835,ECB EXR daily reference rate
2009-10-30,10.3845,8.3915,ECB EXR daily reference rate
2009-11-02,10.3936,8.43,ECB EXR daily reference rate
2009-11-03,10.4635,8.5135,ECB EXR daily reference rate
2009-11-04,10.4384,8.4415,ECB EXR daily reference rate
2009-11-05,10.4402,8.4365,ECB EXR daily reference rate
2009-11-06,10.387,8.434,ECB EXR daily reference rate
2009-11-09,10.3005,8.4195,ECB EXR daily reference rate
2009-11-10,10.285,8.3835,ECB EXR daily reference rate
2009-11-11,10.2233,8.36,ECB EXR daily reference rate
2009-11-12,10.248,8.3915,ECB EXR daily reference rate
2009-11-13,10.2375,8.3645,ECB EXR daily reference rate
2009-11-16,10.1943,8.337,ECB EXR daily reference rate
2009-11-17,10.222,8.3475,ECB EXR daily reference rate
2009-11-18,10.212,8.352,ECB EXR daily reference rate
2009-11-19,10.2855,8.392,ECB EXR daily reference rate
2009-11-20,10.3543,8.425,ECB EXR daily reference rate
2009-11-23,10.2985,8.376,ECB EXR daily reference rate
2009-11-24,10.3145,8.3765,ECB EXR daily reference rate
2009-11-25,10.357,8.416,ECB EXR daily reference rate
2009-11-26,10.4548,8.5,ECB EXR daily reference rate
2009-11-27,10.4323,8.492,ECB EXR daily reference rate
2009-11-30,10.4533,8.5125,ECB EXR daily reference rate
2009-12-01,10.4185,8.4805,ECB EXR daily reference rate
2009-12-02,10.3413,8.421,ECB EXR daily reference rate
2009-12-03,10.3159,8.439,ECB EXR daily reference rate
2009-12-04,10.3716,8.49,ECB EXR daily reference rate
2009-12-07,10.4306,8.4675,ECB EXR daily reference rate
2009-12-08,10.4841,8.4915,ECB EXR daily reference rate
2009-12-09,10.4995,8.465,ECB EXR daily reference rate
2009-12-10,10.4367,8.4355,ECB EXR daily reference rate
2009-12-11,10.449,8.4435,ECB EXR daily reference rate
2009-12-14,10.4225,8.4685,ECB EXR daily reference rate
2009-12-15,10.4635,8.4735,ECB EXR daily reference rate
2009-12-16,10.4208,8.3695,ECB EXR daily reference rate
2009-12-17,10.438,8.405,ECB EXR daily reference rate
2009-12-18,10.458,8.3955,ECB EXR daily reference rate
2009-12-21,10.4035,8.352,ECB EXR daily reference rate
2009-12-22,10.4295,8.365,ECB EXR daily reference rate
2009-12-23,10.4511,8.3525,ECB EXR daily reference rate
2009-12-24,10.4543,8.3365,ECB EXR daily reference rate
2009-12-28,10.3965,8.344,ECB EXR daily reference rate
2009-12-29,10.355,8.3285,ECB EXR daily reference rate
2009-12-30,10.2953,8.322,ECB EXR daily reference rate
2009-12-31,10.252,8.3,ECB EXR daily reference rate
2010-01-04,10.193,8.229,ECB EXR daily reference rate
2010-01-05,10.212,8.212,ECB EXR daily reference rate
2010-01-06,10.187,8.188,ECB EXR daily reference rate
2010-01-07,10.212,8.198,ECB EXR daily reference rate
2010-01-08,10.2255,8.1695,ECB EXR daily reference rate
2010-01-11,10.1995,8.1395,ECB EXR daily reference rate
2010-01-12,10.2215,8.1825,ECB EXR daily reference rate
2010-01-13,10.1978,8.1785,ECB EXR daily reference rate
2010-01-14,10.1715,8.164,ECB EXR daily reference rate
2010-01-15,10.143,8.143,ECB EXR daily reference rate
2010-01-18,10.1295,8.1435,ECB EXR daily reference rate
2010-01-19,10.1518,8.1485,ECB EXR daily reference rate
2010-01-20,10.1165,8.1335,ECB EXR daily reference rate
2010-01-21,10.1375,8.1455,ECB EXR daily reference rate
2010-01-22,10.2136,8.1955,ECB EXR daily reference rate
2010-01-25,10.2075,8.202,ECB EXR daily reference rate
2010-01-26,10.2723,8.2505,ECB EXR daily reference rate
2010-01-27,10.2446,8.2195,ECB EXR daily reference rate
2010-01-28,10.2021,8.179,ECB EXR daily reference rate
2010-01-29,10.2388,8.212,ECB EXR daily reference rate
2010-02-01,10.1417,8.1965,ECB EXR daily reference rate
2010-02-02,10.1229,8.1435,ECB EXR daily reference rate
2010-02-03,10.106,8.166,ECB EXR daily reference rate
2010-02-04,10.133,8.169,ECB EXR daily reference rate
2010-02-05,10.2405,8.2195,ECB EXR daily reference rate
2010-02-08,10.1616,8.1705,ECB EXR daily reference rate
2010-02-09,10.1217,8.152,ECB EXR daily reference rate
2010-02-10,10.0335,8.111,ECB EXR daily reference rate
2010-02-11,9.9598,8.0975,ECB EXR daily reference rate
2010-02-12,9.9144,8.063,ECB EXR daily reference rate
2010-02-15,9.8805,8.053,ECB EXR daily reference rate
2010-02-16,9.877,8.052,ECB EXR daily reference rate
2010-02-17,9.8183,8.006,ECB EXR daily reference rate
2010-02-18,9.7913,8.068,ECB EXR daily reference rate
2010-02-19,9.846,8.1055,ECB EXR daily reference rate
2010-02-22,9.809,8.035,ECB EXR daily reference rate
2010-02-23,9.7913,8.021,ECB EXR daily reference rate
2010-02-24,9.785,8.029,ECB EXR daily reference rate
2010-02-25,9.7496,8.0405,ECB EXR daily reference rate
2010-02-26,9.726,8.0435,ECB EXR daily reference rate
2010-03-01,9.7649,8.057,ECB EXR daily reference rate
2010-03-02,9.7316,8.0485,ECB EXR daily reference rate
2010-03-03,9.7945,8.0745,ECB EXR daily reference rate
2010-03-04,9.743,8.0505,ECB EXR daily reference rate
2010-03-05,9.7178,8.049,ECB EXR daily reference rate
2010-03-08,9.6794,8.049,ECB EXR daily reference rate
2010-03-09,9.728,8.041,ECB EXR daily reference rate
2010-03-10,9.718,8.0125,ECB EXR daily reference rate
2010-03-11,9.7285,8.0115,ECB EXR daily reference rate
2010-03-12,9.7288,8.033,ECB EXR daily reference rate
2010-03-15,9.7143,8.0155,ECB EXR daily reference rate
2010-03-16,9.7242,8.0145,ECB EXR daily reference rate
2010-03-17,9.7403,8.01,ECB EXR daily reference rate
2010-03-18,9.7243,7.999,ECB EXR daily reference rate
2010-03-19,9.6775,7.973,ECB EXR daily reference rate
2010-03-22,9.7585,8.0445,ECB EXR daily reference rate
2010-03-23,9.7285,8.042,ECB EXR daily reference rate
2010-03-24,9.6922,8.028,ECB EXR daily reference rate
2010-03-25,9.665,8.077,ECB EXR daily reference rate
2010-03-26,9.7083,8.098,ECB EXR daily reference rate
2010-03-29,9.776,8.067,ECB EXR daily reference rate
2010-03-30,9.7803,8.041,ECB EXR daily reference rate
2010-03-31,9.7135,8.0135,ECB EXR daily reference rate
2010-04-01,9.7288,8.0168,ECB EXR daily reference rate
2010-04-06,9.663,8.0124,ECB EXR daily reference rate
2010-04-07,9.6755,7.965,ECB EXR daily reference rate
2010-04-08,9.6785,7.9505,ECB EXR daily reference rate
2010-04-09,9.6941,7.9365,ECB EXR daily reference rate
2010-04-12,9.746,8.0085,ECB EXR daily reference rate
2010-04-13,9.7575,7.994,ECB EXR daily reference rate
2010-04-14,9.7327,7.9955,ECB EXR daily reference rate
2010-04-15,9.7069,7.952,ECB EXR daily reference rate
2010-04-16,9.687,7.955,ECB EXR daily reference rate
2010-04-19,9.698,7.983,ECB EXR daily reference rate
2010-04-20,9.645,7.9475,ECB EXR daily reference rate
2010-04-21,9.5954,7.8955,ECB EXR daily reference rate
2010-04-22,9.6152,7.8995,ECB EXR daily reference rate
2010-04-23,9.591,7.8765,ECB EXR daily reference rate
2010-04-26,9.568,7.8505,ECB EXR daily reference rate
2010-04-27,9.577,7.844,ECB EXR daily reference rate
2010-04-28,9.6258,7.875,ECB EXR daily reference rate
2010-04-29,9.6267,7.843,ECB EXR daily reference rate
2010-04-30,9.6217,7.8445,ECB EXR daily reference rate
2010-05-03,9.6095,7.8395,ECB EXR daily reference rate
2010-05-04,9.5896,7.8235,ECB EXR daily reference rate
2010-05-05,9.6419,7.8165,ECB EXR daily reference rate
2010-05-06,9.712,7.7855,ECB EXR daily reference rate
2010-05-07,9.7633,7.954,ECB EXR daily reference rate
2010-05-10,9.6861,7.8685,ECB EXR daily reference rate
2010-05-11,9.6563,7.841,ECB EXR daily reference rate
2010-05-12,9.5781,7.7865,ECB EXR daily reference rate
2010-05-13,9.5306,7.7475,ECB EXR daily reference rate
2010-05-14,9.5745,7.726,ECB EXR daily reference rate
2010-05-17,9.6035,7.722,ECB EXR daily reference rate
2010-05-18,9.5545,7.728,ECB EXR daily reference rate
2010-05-19,9.6075,7.802,ECB EXR daily reference rate
2010-05-20,9.7388,8.045,ECB EXR daily reference rate
2010-05-21,9.831,8.143,ECB EXR daily reference rate
2010-05-24,9.796,8.0848,ECB EXR daily reference rate
2010-05-25,9.8275,8.127,ECB EXR daily reference rate
2010-05-26,9.699,7.9775,ECB EXR daily reference rate
2010-05-27,9.666,7.986,ECB EXR daily reference rate
2010-05-28,9.658,7.9615,ECB EXR daily reference rate
2010-05-31,9.623,7.939,ECB EXR daily reference rate
2010-06-01,9.6163,7.942,ECB EXR daily reference rate
2010-06-02,9.5668,7.922,ECB EXR daily reference rate
2010-06-03,9.521,7.866,ECB EXR daily reference rate
2010-06-04,9.5495,7.851,ECB EXR daily reference rate
2010-06-07,9.6449,7.937,ECB EXR daily reference rate
2010-06-08,9.6597,7.982,ECB EXR daily reference rate
2010-06-09,9.6177,7.9535,ECB EXR daily reference rate
2010-06-10,9.5775,7.865,ECB EXR daily reference rate
2010-06-11,9.581,7.835,ECB EXR daily reference rate
2010-06-14,9.567,7.8175,ECB EXR daily reference rate
2010-06-15,9.6215,7.8515,ECB EXR daily reference rate
2010-06-16,9.6014,7.878,ECB EXR daily reference rate
2010-06-17,9.574,7.8705,ECB EXR daily reference rate
2010-06-18,9.5599,7.8615,ECB EXR daily reference rate
2010-06-21,9.5178,7.8575,ECB EXR daily reference rate
2010-06-22,9.558,7.933,ECB EXR daily reference rate
2010-06-23,9.512,7.929,ECB EXR daily reference rate
2010-06-24,9.5741,7.978,ECB EXR daily reference rate
2010-06-25,9.561,7.9885,ECB EXR daily reference rate
2010-06-28,9.5584,7.937,ECB EXR daily reference rate
2010-06-29,9.5241,7.9085,ECB EXR daily reference rate
2010-06-30,9.5259,7.9725,ECB EXR daily reference rate
2010-07-01,9.6018,8.045,ECB EXR daily reference rate
2010-07-02,9.552,8.063,ECB EXR daily reference rate
2010-07-05,9.5995,8.059,ECB EXR daily reference rate
2010-07-06,9.625,8.0685,ECB EXR daily reference rate
2010-07-07,9.616,8.101,ECB EXR daily reference rate
2010-07-08,9.5474,8.066,ECB EXR daily reference rate
2010-07-09,9.4767,8.042,ECB EXR daily reference rate
2010-07-12,9.456,8.016,ECB EXR daily reference rate
2010-07-13,9.4033,7.957,ECB EXR daily reference rate
2010-07-14,9.4118,7.926,ECB EXR daily reference rate
2010-07-15,9.4162,7.9265,ECB EXR daily reference rate
2010-07-16,9.481,8.053,ECB EXR daily reference rate
2010-07-19,9.5312,8.142,ECB EXR daily reference rate
2010-07-20,9.5007,8.129,ECB EXR daily reference rate
2010-07-21,9.4595,8.0135,ECB EXR daily reference rate
2010-07-22,9.4495,7.975,ECB EXR daily reference rate
2010-07-23,9.441,7.966,ECB EXR daily reference rate
2010-07-26,9.4862,8.002,ECB EXR daily reference rate
2010-07-27,9.4615,7.9995,ECB EXR daily reference rate
2010-07-28,9.4795,7.981,ECB EXR daily reference rate
2010-07-29,9.4705,7.9705,ECB EXR daily reference rate
2010-07-30,9.4333,7.9405,ECB EXR daily reference rate
2010-08-02,9.357,7.8595,ECB EXR daily reference rate
2010-08-03,9.365,7.8815,ECB EXR daily reference rate
2010-08-04,9.3843,7.887,ECB EXR daily reference rate
2010-08-05,9.3823,7.8765,ECB EXR daily reference rate
2010-08-06,9.38,7.8775,ECB EXR daily reference rate
2010-08-09,9.394,7.8975,ECB EXR daily reference rate
2010-08-10,9.4029,7.898,ECB EXR daily reference rate
2010-08-11,9.479,7.9665,ECB EXR daily reference rate
2010-08-12,9.478,7.9645,ECB EXR daily reference rate
2010-08-13,9.5021,7.926,ECB EXR daily reference rate
2010-08-16,9.4943,7.954,ECB EXR daily reference rate
2010-08-17,9.433,7.9065,ECB EXR daily reference rate
2010-08-18,9.4453,7.93,ECB EXR daily reference rate
2010-08-19,9.4389,7.8945,ECB EXR daily reference rate
2010-08-20,9.4761,7.964,ECB EXR daily reference rate
2010-08-23,9.394,7.903,ECB EXR daily reference rate
2010-08-24,9.4165,7.941,ECB EXR daily reference rate
2010-08-25,9.471,8.0165,ECB EXR daily reference rate
2010-08-26,9.4297,8.004,ECB EXR daily reference rate
2010-08-27,9.3745,7.9785,ECB EXR daily reference rate
2010-08-30,9.3872,7.965,ECB EXR daily reference rate
2010-08-31,9.389,8.0245,ECB EXR daily reference rate
2010-09-01,9.349,7.9425,ECB EXR daily reference rate
2010-09-02,9.3185,7.901,ECB EXR daily reference rate
2010-09-03,9.3131,7.889,ECB EXR daily reference rate
2010-09-06,9.3013,7.88,ECB EXR daily reference rate
2010-09-07,9.3185,7.891,ECB EXR daily reference rate
2010-09-08,9.271,7.881,ECB EXR daily reference rate
2010-09-09,9.2488,7.8725,ECB EXR daily reference rate
2010-09-10,9.2019,7.876,ECB EXR daily reference rate
2010-09-13,9.184,7.852,ECB EXR daily reference rate
2010-09-14,9.226,7.878,ECB EXR daily reference rate
2010-09-15,9.195,7.897,ECB EXR daily reference rate
2010-09-16,9.218,7.9555,ECB EXR daily reference rate
2010-09-17,9.2295,7.965,ECB EXR daily reference rate
2010-09-20,9.178,7.954,ECB EXR daily reference rate
2010-09-21,9.1459,7.9295,ECB EXR daily reference rate
2010-09-22,9.1276,7.8965,ECB EXR daily reference rate
2010-09-23,9.2054,7.9195,ECB EXR daily reference rate
2010-09-24,9.207,7.9475,ECB EXR daily reference rate
2010-09-27,9.171,7.9145,ECB EXR daily reference rate
2010-09-28,9.224,7.967,ECB EXR daily reference rate
2010-09-29,9.1545,7.967,ECB EXR daily reference rate
2010-09-30,9.1421,7.968,ECB EXR daily reference rate
2010-10-01,9.2183,8.04,ECB EXR daily reference rate
2010-10-04,9.2398,8.03,ECB EXR daily reference rate
2010-10-05,9.2626,8.041,ECB EXR daily reference rate
2010-10-06,9.2993,8.034,ECB EXR daily reference rate
2010-10-07,9.3208,8.083,ECB EXR daily reference rate
2010-10-08,9.317,8.1,ECB EXR daily reference rate
2010-10-11,9.2715,8.1235,ECB EXR daily reference rate
2010-10-12,9.246,8.124,ECB EXR daily reference rate
2010-10-13,9.2662,8.135,ECB EXR daily reference rate
2010-10-14,9.234,8.0695,ECB EXR daily reference rate
2010-10-15,9.223,8.0925,ECB EXR daily reference rate
2010-10-18,9.2871,8.15,ECB EXR daily reference rate
2010-10-19,9.335,8.169,ECB EXR daily reference rate
2010-10-20,9.3115,8.1585,ECB EXR daily reference rate
2010-10-21,9.2675,8.1385,ECB EXR daily reference rate
2010-10-22,9.2565,8.143,ECB EXR daily reference rate
2010-10-25,9.199,8.0935,ECB EXR daily reference rate
2010-10-26,9.3028,8.12,ECB EXR daily reference rate
2010-10-27,9.3317,8.145,ECB EXR daily reference rate
2010-10-28,9.3164,8.15,ECB EXR daily reference rate
2010-10-29,9.361,8.192,ECB EXR daily reference rate
2010-11-01,9.2765,8.1455,ECB EXR daily reference rate
2010-11-02,9.323,8.203,ECB EXR daily reference rate
2010-11-03,9.324,8.208,ECB EXR daily reference rate
2010-11-04,9.255,8.148,ECB EXR daily reference rate
2010-11-05,9.291,8.119,ECB EXR daily reference rate
2010-11-08,9.294,8.085,ECB EXR daily reference rate
2010-11-09,9.3083,8.077,ECB EXR daily reference rate
2010-11-10,9.2975,8.076,ECB EXR daily reference rate
2010-11-11,9.3102,8.091,ECB EXR daily reference rate
2010-11-12,9.3582,8.133,ECB EXR daily reference rate
2010-11-15,9.369,8.1355,ECB EXR daily reference rate
2010-11-16,9.3753,8.167,ECB EXR daily reference rate
2010-11-17,9.398,8.185,ECB EXR daily reference rate
2010-11-18,9.3573,8.162,ECB EXR daily reference rate
2010-11-19,9.3945,8.2,ECB EXR daily reference rate
2010-11-22,9.3855,8.207,ECB EXR daily reference rate
2010-11-23,9.3865,8.207,ECB EXR daily reference rate
2010-11-24,9.2923,8.1445,ECB EXR daily reference rate
2010-11-25,9.2705,8.1275,ECB EXR daily reference rate
2010-11-26,9.307,8.177,ECB EXR daily reference rate
2010-11-29,9.2205,8.1285,ECB EXR daily reference rate
2010-11-30,9.1715,8.091,ECB EXR daily reference rate
2010-12-01,9.154,8.06,ECB EXR daily reference rate
2010-12-02,9.1531,8.06,ECB EXR daily reference rate
2010-12-03,9.1265,8.005,ECB EXR daily reference rate
2010-12-06,9.1115,7.9785,ECB EXR daily reference rate
2010-12-07,9.098,7.966,ECB EXR daily reference rate
2010-12-08,9.1484,7.9625,ECB EXR daily reference rate
2010-12-09,9.131,7.955,ECB EXR daily reference rate
2010-12-10,9.1077,7.9375,ECB EXR daily reference rate
2010-12-13,9.1464,7.9265,ECB EXR daily reference rate
2010-12-14,9.1284,7.896,ECB EXR daily reference rate
2010-12-15,9.0798,7.866,ECB EXR daily reference rate
2010-12-16,9.0381,7.895,ECB EXR daily reference rate
2010-12-17,9.0223,7.8925,ECB EXR daily reference rate
2010-12-20,8.986,7.8605,ECB EXR daily reference rate
2010-12-21,8.9795,7.862,ECB EXR daily reference rate
2010-12-22,8.9812,7.8715,ECB EXR daily reference rate
2010-12-23,8.963,7.837,ECB EXR daily reference rate
2010-12-24,8.9885,7.826,ECB EXR daily reference rate
2010-12-27,8.9771,7.835,ECB EXR daily reference rate
2010-12-28,8.9968,7.8255,ECB EXR daily reference rate
2010-12-29,8.9885,7.809,ECB EXR daily reference rate
2010-12-30,9.0133,7.819,ECB EXR daily reference rate
2010-12-31,8.9655,7.8,ECB EXR daily reference rate
2011-01-03,8.937,7.78,ECB EXR daily reference rate
2011-01-04,8.9545,7.809,ECB EXR daily reference rate
2011-01-05,8.9295,7.7895,ECB EXR daily reference rate
2011-01-06,8.921,7.7475,ECB EXR daily reference rate
2011-01-07,8.9378,7.726,ECB EXR daily reference rate
2011-01-10,8.9205,7.7085,ECB EXR daily reference rate
2011-01-11,8.874,7.726,ECB EXR daily reference rate
2011-01-12,8.8435,7.706,ECB EXR daily reference rate
2011-01-13,8.9005,7.797,ECB EXR daily reference rate
2011-01-14,8.9765,7.85,ECB EXR daily reference rate
2011-01-17,8.916,7.786,ECB EXR daily reference rate
2011-01-18,8.9203,7.82,ECB EXR daily reference rate
2011-01-19,8.9325,7.826,ECB EXR daily reference rate
2011-01-20,8.949,7.8745,ECB EXR daily reference rate
2011-01-21,8.959,7.892,ECB EXR daily reference rate
2011-01-24,8.953,7.883,ECB EXR daily reference rate
2011-01-25,8.9074,7.848,ECB EXR daily reference rate
2011-01-26,8.8585,7.8665,ECB EXR daily reference rate
2011-01-27,8.8452,7.923,ECB EXR daily reference rate
2011-01-28,8.853,7.933,ECB EXR daily reference rate
2011-01-31,8.867,7.927,ECB EXR daily reference rate
2011-02-01,8.805,7.882,ECB EXR daily reference rate
2011-02-02,8.8615,7.884,ECB EXR daily reference rate
2011-02-03,8.88,7.8585,ECB EXR daily reference rate
2011-02-04,8.8185,7.8075,ECB EXR daily reference rate
2011-02-07,8.805,7.8385,ECB EXR daily reference rate
2011-02-08,8.7715,7.859,ECB EXR daily reference rate
2011-02-09,8.7885,7.8685,ECB EXR daily reference rate
2011-02-10,8.8234,7.932,ECB EXR daily reference rate
2011-02-11,8.8022,7.93,ECB EXR daily reference rate
2011-02-14,8.7562,7.877,ECB EXR daily reference rate
2011-02-15,8.7255,7.8335,ECB EXR daily reference rate
2011-02-16,8.7325,7.8275,ECB EXR daily reference rate
2011-02-17,8.743,7.8075,ECB EXR daily reference rate
2011-02-18,8.7328,7.7555,ECB EXR daily reference rate
2011-02-21,8.762,7.769,ECB EXR daily reference rate
2011-02-22,8.787,7.7515,ECB EXR daily reference rate
2011-02-23,8.7935,7.739,ECB EXR daily reference rate
2011-02-24,8.7985,7.719,ECB EXR daily reference rate
2011-02-25,8.832,7.764,ECB EXR daily reference rate
2011-02-28,8.7445,7.709,ECB EXR daily reference rate
2011-03-01,8.709,7.712,ECB EXR daily reference rate
2011-03-02,8.733,7.702,ECB EXR daily reference rate
2011-03-03,8.7576,7.7145,ECB EXR daily reference rate
2011-03-04,8.835,7.78,ECB EXR daily reference rate
2011-03-07,8.8755,7.76,ECB EXR daily reference rate
2011-03-08,8.847,7.755,ECB EXR daily reference rate
2011-03-09,8.8055,7.751,ECB EXR daily reference rate
2011-03-10,8.8115,7.782,ECB EXR daily reference rate
2011-03-11,8.813,7.8055,ECB EXR daily reference rate
2011-03-14,8.8405,7.829,ECB EXR daily reference rate
2011-03-15,8.979,7.914,ECB EXR daily reference rate
2011-03-16,8.973,7.869,ECB EXR daily reference rate
2011-03-17,8.9905,7.8985,ECB EXR daily reference rate
2011-03-18,8.9065,7.883,ECB EXR daily reference rate
2011-03-21,8.9006,7.8795,ECB EXR daily reference rate
2011-03-22,8.932,7.906,ECB EXR daily reference rate
2011-03-23,8.931,7.891,ECB EXR daily reference rate
2011-03-24,8.9455,7.883,ECB EXR daily reference rate
2011-03-25,8.9922,7.884,ECB EXR daily reference rate
2011-03-28,8.9729,7.8745,ECB EXR daily reference rate
2011-03-29,8.985,7.904,ECB EXR daily reference rate
2011-03-30,8.9185,7.8675,ECB EXR daily reference rate
2011-03-31,8.9329,7.833,ECB EXR daily reference rate
2011-04-01,8.9382,7.8055,ECB EXR daily reference rate
2011-04-04,8.988,7.8205,ECB EXR daily reference rate
2011-04-05,8.9895,7.791,ECB EXR daily reference rate
2011-04-06,9.0124,7.785,ECB EXR daily reference rate
2011-04-07,9.0455,7.8175,ECB EXR daily reference rate
2011-04-08,8.9895,7.802,ECB EXR daily reference rate
2011-04-11,9.0125,7.8125,ECB EXR daily reference rate
2011-04-12,9.0822,7.877,ECB EXR daily reference rate
2011-04-13,9.03,7.862,ECB EXR daily reference rate
2011-04-14,9.0293,7.858,ECB EXR daily reference rate
2011-04-15,8.966,7.808,ECB EXR daily reference rate
2011-04-18,8.9352,7.788,ECB EXR daily reference rate
2011-04-19,8.921,7.7635,ECB EXR daily reference rate
2011-04-20,8.9011,7.7895,ECB EXR daily reference rate
2011-04-21,8.8885,7.7842,ECB EXR daily reference rate
2011-04-26,8.9257,7.78,ECB EXR daily reference rate
2011-04-27,8.9364,7.7885,ECB EXR daily reference rate
2011-04-28,8.928,7.809,ECB EXR daily reference rate
2011-04-29,8.914,7.782,ECB EXR daily reference rate
2011-05-02,8.9267,7.78,ECB EXR daily reference rate
2011-05-03,8.9581,7.7995,ECB EXR daily reference rate
2011-05-04,9.0105,7.871,ECB EXR daily reference rate
2011-05-05,9.0682,7.93,ECB EXR daily reference rate
2011-05-06,9.0215,7.945,ECB EXR daily reference rate
2011-05-09,8.9791,7.8665,ECB EXR daily reference rate
2011-05-10,8.9565,7.8035,ECB EXR daily reference rate
2011-05-11,8.946,7.789,ECB EXR daily reference rate
2011-05-12,8.9566,7.801,ECB EXR daily reference rate
2011-05-13,8.9951,7.8405,ECB EXR daily reference rate
2011-05-16,9.009,7.867,ECB EXR daily reference rate
2011-05-17,9.0015,7.9385,ECB EXR daily reference rate
2011-05-18,8.984,7.936,ECB EXR daily reference rate
2011-05-19,8.964,7.8725,ECB EXR daily reference rate
2011-05-20,8.9324,7.828,ECB EXR daily reference rate
2011-05-23,8.9155,7.8475,ECB EXR daily reference rate
2011-05-24,8.92,7.8385,ECB EXR daily reference rate
2011-05-25,8.915,7.824,ECB EXR daily reference rate
2011-05-26,8.901,7.79,ECB EXR daily reference rate
2011-05-27,8.9108,7.769,ECB EXR daily reference rate
2011-05-30,8.8914,7.7485,ECB EXR daily reference rate
2011-05-31,8.8932,7.759,ECB EXR daily reference rate
2011-06-01,8.889,7.731,ECB EXR daily reference rate
2011-06-02,8.9607,7.7596,ECB EXR daily reference rate
2011-06-03,8.997,7.7965,ECB EXR daily reference rate
2011-06-06,8.9965,7.8235,ECB EXR daily reference rate
2011-06-07,9.0082,7.8395,ECB EXR daily reference rate
2011-06-08,9.0442,7.8855,ECB EXR daily reference rate
2011-06-09,9.0605,7.873,ECB EXR daily reference rate
2011-06-10,9.0885,7.8555,ECB EXR daily reference rate
2011-06-13,9.1244,7.866,ECB EXR daily reference rate
2011-06-14,9.1183,7.7965,ECB EXR daily reference rate
2011-06-15,9.1482,7.82,ECB EXR daily reference rate
2011-06-16,9.2034,7.8785,ECB EXR daily reference rate
2011-06-17,9.1887,7.8695,ECB EXR daily reference rate
2011-06-20,9.1708,7.9265,ECB EXR daily reference rate
2011-06-21,9.1564,7.912,ECB EXR daily reference rate
2011-06-22,9.155,7.8665,ECB EXR daily reference rate
2011-06-23,9.165,7.803,ECB EXR daily reference rate
2011-06-24,9.1802,7.7825,ECB EXR daily reference rate
2011-06-27,9.1929,7.7845,ECB EXR daily reference rate
2011-06-28,9.2475,7.802,ECB EXR daily reference rate
2011-06-29,9.2047,7.8055,ECB EXR daily reference rate
2011-06-30,9.1739,7.7875,ECB EXR daily reference rate
2011-07-01,9.128,7.79,ECB EXR daily reference rate
2011-07-04,9.0992,7.7605,ECB EXR daily reference rate
2011-07-05,9.0806,7.7525,ECB EXR daily reference rate
2011-07-06,9.0902,7.7665,ECB EXR daily reference rate
2011-07-07,9.095,7.742,ECB EXR daily reference rate
2011-07-08,9.0838,7.745,ECB EXR daily reference rate
2011-07-11,9.172,7.744,ECB EXR daily reference rate
2011-07-12,9.209,7.772,ECB EXR daily reference rate
2011-07-13,9.2264,7.8355,ECB EXR daily reference rate
2011-07-14,9.1975,7.838,ECB EXR daily reference rate
2011-07-15,9.2121,7.8665,ECB EXR daily reference rate
2011-07-18,9.2534,7.867,ECB EXR daily reference rate
2011-07-19,9.23,7.862,ECB EXR daily reference rate
2011-07-20,9.1713,7.804,ECB EXR daily reference rate
2011-07-21,9.1008,7.775,ECB EXR daily reference rate
2011-07-22,9.0787,7.7675,ECB EXR daily reference rate
2011-07-25,9.1083,7.7715,ECB EXR daily reference rate
2011-07-26,9.0728,7.7575,ECB EXR daily reference rate
2011-07-27,9.0632,7.7615,ECB EXR daily reference rate
2011-07-28,9.0735,7.7245,ECB EXR daily reference rate
2011-07-29,9.0689,7.737,ECB EXR daily reference rate
2011-08-01,9.007,7.6935,ECB EXR daily reference rate
2011-08-02,9.013,7.646,ECB EXR daily reference rate
2011-08-03,9.0875,7.682,ECB EXR daily reference rate
2011-08-04,9.1494,7.7405,ECB EXR daily reference rate
2011-08-05,9.207,7.784,ECB EXR daily reference rate
2011-08-08,9.2259,7.768,ECB EXR daily reference rate
2011-08-09,9.2127,7.8295,ECB EXR daily reference rate
2011-08-10,9.2323,7.8105,ECB EXR daily reference rate
2011-08-11,9.2947,7.8205,ECB EXR daily reference rate
2011-08-12,9.2376,7.826,ECB EXR daily reference rate
2011-08-15,9.285,7.8705,ECB EXR daily reference rate
2011-08-16,9.2498,7.865,ECB EXR daily reference rate
2011-08-17,9.1685,7.7985,ECB EXR daily reference rate
2011-08-18,9.159,7.8035,ECB EXR daily reference rate
2011-08-19,9.2204,7.8575,ECB EXR daily reference rate
2011-08-22,9.1403,7.836,ECB EXR daily reference rate
2011-08-23,9.1046,7.808,ECB EXR daily reference rate
2011-08-24,9.1234,7.8425,ECB EXR daily reference rate
2011-08-25,9.1099,7.788,ECB EXR daily reference rate
2011-08-26,9.1082,7.7735,ECB EXR daily reference rate
2011-08-29,9.1157,7.774,ECB EXR daily reference rate
2011-08-30,9.19,7.772,ECB EXR daily reference rate
2011-08-31,9.164,7.7395,ECB EXR daily reference rate
2011-09-01,9.096,7.685,ECB EXR daily reference rate
2011-09-02,9.1237,7.6765,ECB EXR daily reference rate
2011-09-05,9.0975,7.6725,ECB EXR daily reference rate
2011-09-06,9.0888,7.5965,ECB EXR daily reference rate
2011-09-07,8.9729,7.5425,ECB EXR daily reference rate
2011-09-08,8.9556,7.5585,ECB EXR daily reference rate
2011-09-09,8.8945,7.5315,ECB EXR daily reference rate
2011-09-12,8.9905,7.5905,ECB EXR daily reference rate
2011-09-13,9.126,7.7275,ECB EXR daily reference rate
2011-09-14,9.172,7.746,ECB EXR daily reference rate
2011-09-15,9.194,7.7355,ECB EXR daily reference rate
2011-09-16,9.161,7.738,ECB EXR daily reference rate
2011-09-19,9.1684,7.741,ECB EXR daily reference rate
2011-09-20,9.1198,7.7615,ECB EXR daily reference rate
2011-09-21,9.117,7.757,ECB EXR daily reference rate
2011-09-22,9.2762,7.827,ECB EXR daily reference rate
2011-09-23,9.3127,7.8855,ECB EXR daily reference rate
2011-09-26,9.2475,7.826,ECB EXR daily reference rate
2011-09-27,9.1774,7.79,ECB EXR daily reference rate
2011-09-28,9.193,7.815,ECB EXR daily reference rate
2011-09-29,9.2116,7.843,ECB EXR daily reference rate
2011-09-30,9.258,7.888,ECB EXR daily reference rate
2011-10-03,9.1592,7.826,ECB EXR daily reference rate
2011-10-04,9.1628,7.836,ECB EXR daily reference rate
2011-10-05,9.119,7.8105,ECB EXR daily reference rate
2011-10-06,9.165,7.8245,ECB EXR daily reference rate
2011-10-07,9.133,7.8,ECB EXR daily reference rate
2011-10-10,9.1249,7.8025,ECB EXR daily reference rate
2011-10-11,9.1202,7.781,ECB EXR daily reference rate
2011-10-12,9.1171,7.783,ECB EXR daily reference rate
2011-10-13,9.1374,7.757,ECB EXR daily reference rate
2011-10-14,9.1395,7.7455,ECB EXR daily reference rate
2011-10-17,9.1582,7.732,ECB EXR daily reference rate
2011-10-18,9.1589,7.7605,ECB EXR daily reference rate
2011-10-19,9.1245,7.735,ECB EXR daily reference rate
2011-10-20,9.0978,7.7085,ECB EXR daily reference rate
2011-10-21,9.1031,7.706,ECB EXR daily reference rate
2011-10-24,9.1065,7.6915,ECB EXR daily reference rate
2011-10-25,9.111,7.6855,ECB EXR daily reference rate
2011-10-26,9.0967,7.68,ECB EXR daily reference rate
2011-10-27,9.028,7.656,ECB EXR daily reference rate
2011-10-28,9.0182,7.6725,ECB EXR daily reference rate
2011-10-31,9.009,7.7015,ECB EXR daily reference rate
2011-11-01,9.0625,7.758,ECB EXR daily reference rate
2011-11-02,9.073,7.7585,ECB EXR daily reference rate
2011-11-03,9.0272,7.721,ECB EXR daily reference rate
2011-11-04,9.1113,7.764,ECB EXR daily reference rate
2011-11-07,9.0845,7.7475,ECB EXR daily reference rate
2011-11-08,9.0355,7.725,ECB EXR daily reference rate
2011-11-09,9.0753,7.7645,ECB EXR daily reference rate
2011-11-10,9.0643,7.742,ECB EXR daily reference rate
2011-11-11,9.0935,7.752,ECB EXR daily reference rate
2011-11-14,9.1146,7.754,ECB EXR daily reference rate
2011-11-15,9.1238,7.8,ECB EXR daily reference rate
2011-11-16,9.1313,7.793,ECB EXR daily reference rate
2011-11-17,9.1747,7.8205,ECB EXR daily reference rate
2011-11-18,9.1606,7.82,ECB EXR daily reference rate
2011-11-21,9.1795,7.8405,ECB EXR daily reference rate
2011-11-22,9.2035,7.825,ECB EXR daily reference rate
2011-11-23,9.2157,7.8185,ECB EXR daily reference rate
2011-11-24,9.244,7.831,ECB EXR daily reference rate
2011-11-25,9.2505,7.836,ECB EXR daily reference rate
2011-11-28,9.2597,7.8355,ECB EXR daily reference rate
2011-11-29,9.2195,7.8495,ECB EXR daily reference rate
2011-11-30,9.146,7.753,ECB EXR daily reference rate
2011-12-01,9.1258,7.783,ECB EXR daily reference rate
2011-12-02,9.0834,7.766,ECB EXR daily reference rate
2011-12-05,9.046,7.726,ECB EXR daily reference rate
2011-12-06,9.0552,7.716,ECB EXR daily reference rate
2011-12-07,9.0149,7.6935,ECB EXR daily reference rate
2011-12-08,9.014,7.684,ECB EXR daily reference rate
2011-12-09,9.0185,7.677,ECB EXR daily reference rate
2011-12-12,9.0525,7.7015,ECB EXR daily reference rate
2011-12-13,9.0605,7.711,ECB EXR daily reference rate
2011-12-14,9.0852,7.766,ECB EXR daily reference rate
2011-12-15,9.0708,7.7675,ECB EXR daily reference rate
2011-12-16,9.0337,7.7815,ECB EXR daily reference rate
2011-12-19,8.9898,7.7475,ECB EXR daily reference rate
2011-12-20,8.978,7.708,ECB EXR daily reference rate
2011-12-21,9.0021,7.752,ECB EXR daily reference rate
2011-12-22,8.9952,7.764,ECB EXR daily reference rate
2011-12-23,8.9648,7.782,ECB EXR daily reference rate
2011-12-27,8.9735,7.7945,ECB EXR daily reference rate
2011-12-28,8.9685,7.799,ECB EXR daily reference rate
2011-12-29,8.9414,7.774,ECB EXR daily reference rate
2011-12-30,8.912,7.754,ECB EXR daily reference rate
2012-01-02,8.9275,7.754,ECB EXR daily reference rate
2012-01-03,8.9283,7.735,ECB EXR daily reference rate
2012-01-04,8.8985,7.7005,ECB EXR daily reference rate
2012-01-05,8.8461,7.6825,ECB EXR daily reference rate
2012-01-06,8.8388,7.6745,ECB EXR daily reference rate
2012-01-09,8.8343,7.657,ECB EXR daily reference rate
2012-01-10,8.812,7.6555,ECB EXR daily reference rate
2012-01-11,8.8087,7.6505,ECB EXR daily reference rate
2012-01-12,8.8515,7.677,ECB EXR daily reference rate
2012-01-13,8.8892,7.693,ECB EXR daily reference rate
2012-01-16,8.8748,7.6705,ECB EXR daily reference rate
2012-01-17,8.8376,7.6635,ECB EXR daily reference rate
2012-01-18,8.8236,7.7045,ECB EXR daily reference rate
2012-01-19,8.7605,7.662,ECB EXR daily reference rate
2012-01-20,8.7804,7.66,ECB EXR daily reference rate
2012-01-23,8.7791,7.6645,ECB EXR daily reference rate
2012-01-24,8.794,7.639,ECB EXR daily reference rate
2012-01-25,8.8506,7.6825,ECB EXR daily reference rate
2012-01-26,8.8775,7.6465,ECB EXR daily reference rate
2012-01-27,8.8966,7.645,ECB EXR daily reference rate
2012-01-30,8.8996,7.681,ECB EXR daily reference rate
2012-01-31,8.8967,7.656,ECB EXR daily reference rate
2012-02-01,8.8896,7.654,ECB EXR daily reference rate
2012-02-02,8.8565,7.648,ECB EXR daily reference rate
2012-02-03,8.848,7.644,ECB EXR daily reference rate
2012-02-06,8.8025,7.5925,ECB EXR daily reference rate
2012-02-07,8.8215,7.6225,ECB EXR daily reference rate
2012-02-08,8.8285,7.629,ECB EXR daily reference rate
2012-02-09,8.8045,7.63,ECB EXR daily reference rate
2012-02-10,8.8065,7.618,ECB EXR daily reference rate
2012-02-13,8.8098,7.571,ECB EXR daily reference rate
2012-02-14,8.7814,7.535,ECB EXR daily reference rate
2012-02-15,8.7861,7.5285,ECB EXR daily reference rate
2012-02-16,8.8065,7.5515,ECB EXR daily reference rate
2012-02-17,8.8316,7.4975,ECB EXR daily reference rate
2012-02-20,8.811,7.488,ECB EXR daily reference rate
2012-02-21,8.8107,7.52,ECB EXR daily reference rate
2012-02-22,8.808,7.5,ECB EXR daily reference rate
2012-02-23,8.8175,7.471,ECB EXR daily reference rate
2012-02-24,8.8225,7.4785,ECB EXR daily reference rate
2012-02-27,8.8334,7.4975,ECB EXR daily reference rate
2012-02-28,8.8275,7.48,ECB EXR daily reference rate
2012-02-29,8.8088,7.4405,ECB EXR daily reference rate
2012-03-01,8.8135,7.4225,ECB EXR daily reference rate
2012-03-02,8.8316,7.4205,ECB EXR daily reference rate
2012-03-05,8.8382,7.42,ECB EXR daily reference rate
2012-03-06,8.8906,7.452,ECB EXR daily reference rate
2012-03-07,8.924,7.448,ECB EXR daily reference rate
2012-03-08,8.8894,7.421,ECB EXR daily reference rate
2012-03-09,8.9075,7.46,ECB EXR daily reference rate
2012-03-12,8.9312,7.4795,ECB EXR daily reference rate
2012-03-13,8.8889,7.4515,ECB EXR daily reference rate
2012-03-14,8.883,7.547,ECB EXR daily reference rate
2012-03-15,8.916,7.5665,ECB EXR daily reference rate
2012-03-16,8.856,7.548,ECB EXR daily reference rate
2012-03-19,8.877,7.5505,ECB EXR daily reference rate
2012-03-20,8.912,7.606,ECB EXR daily reference rate
2012-03-21,8.9185,7.6105,ECB EXR daily reference rate
2012-03-22,8.9265,7.624,ECB EXR daily reference rate
2012-03-23,8.924,7.638,ECB EXR daily reference rate
2012-03-26,8.9277,7.609,ECB EXR daily reference rate
2012-03-27,8.8935,7.571,ECB EXR daily reference rate
2012-03-28,8.88,7.611,ECB EXR daily reference rate
2012-03-29,8.845,7.632,ECB EXR daily reference rate
2012-03-30,8.8455,7.604,ECB EXR daily reference rate
2012-04-02,8.8052,7.5505,ECB EXR daily reference rate
2012-04-03,8.7938,7.56,ECB EXR daily reference rate
2012-04-04,8.8185,7.573,ECB EXR daily reference rate
2012-04-05,8.8134,7.5692,ECB EXR daily reference rate
2012-04-10,8.873,7.5815,ECB EXR daily reference rate
2012-04-11,8.907,7.604,ECB EXR daily reference rate
2012-04-12,8.8912,7.61,ECB EXR daily reference rate
2012-04-13,8.8945,7.599,ECB EXR daily reference rate
2012-04-16,8.8822,7.553,ECB EXR daily reference rate
2012-04-17,8.8822,7.5475,ECB EXR daily reference rate
2012-04-18,8.85,7.5525,ECB EXR daily reference rate
2012-04-19,8.8416,7.5485,ECB EXR daily reference rate
2012-04-20,8.8396,7.547,ECB EXR daily reference rate
2012-04-23,8.8618,7.559,ECB EXR daily reference rate
2012-04-24,8.888,7.5565,ECB EXR daily reference rate
2012-04-25,8.8958,7.5625,ECB EXR daily reference rate
2012-04-26,8.876,7.5765,ECB EXR daily reference rate
2012-04-27,8.9024,7.588,ECB EXR daily reference rate
2012-04-30,8.9185,7.5875,ECB EXR daily reference rate
2012-05-02,8.8884,7.5525,ECB EXR daily reference rate
2012-05-03,8.8713,7.5405,ECB EXR daily reference rate
2012-05-04,8.9041,7.561,ECB EXR daily reference rate
2012-05-07,8.9105,7.5635,ECB EXR daily reference rate
2012-05-08,8.8885,7.5605,ECB EXR daily reference rate
2012-05-09,8.9097,7.563,ECB EXR daily reference rate
2012-05-10,8.9448,7.5575,ECB EXR daily reference rate
2012-05-11,8.984,7.5815,ECB EXR daily reference rate
2012-05-14,9.002,7.5915,ECB EXR daily reference rate
2012-05-15,9.0437,7.6185,ECB EXR daily reference rate
2012-05-16,9.097,7.621,ECB EXR daily reference rate
2012-05-17,9.1356,7.5802,ECB EXR daily reference rate
2012-05-18,9.0996,7.5975,ECB EXR daily reference rate
2012-05-21,9.1191,7.6265,ECB EXR daily reference rate
2012-05-22,9.089,7.5715,ECB EXR daily reference rate
2012-05-23,9.0605,7.573,ECB EXR daily reference rate
2012-05-24,8.976,7.536,ECB EXR daily reference rate
2012-05-25,8.993,7.551,ECB EXR daily reference rate
2012-05-28,8.9982,7.5359,ECB EXR daily reference rate
2012-05-29,8.9865,7.5205,ECB EXR daily reference rate
2012-05-30,8.9555,7.5145,ECB EXR daily reference rate
2012-05-31,8.9752,7.5235,ECB EXR daily reference rate
2012-06-01,8.9947,7.5745,ECB EXR daily reference rate
2012-06-04,9.007,7.603,ECB EXR daily reference rate
2012-06-05,8.969,7.5945,ECB EXR daily reference rate
2012-06-06,9.0165,7.6065,ECB EXR daily reference rate
2012-06-07,8.9664,7.5885,ECB EXR daily reference rate
2012-06-08,8.9781,7.5995,ECB EXR daily reference rate
2012-06-11,8.864,7.556,ECB EXR daily reference rate
2012-06-12,8.864,7.5465,ECB EXR daily reference rate
2012-06-13,8.832,7.5115,ECB EXR daily reference rate
2012-06-14,8.8373,7.507,ECB EXR daily reference rate
2012-06-15,8.8353,7.524,ECB EXR daily reference rate
2012-06-18,8.8412,7.526,ECB EXR daily reference rate
2012-06-19,8.8398,7.517,ECB EXR daily reference rate
2012-06-20,8.8434,7.506,ECB EXR daily reference rate
2012-06-21,8.836,7.496,ECB EXR daily reference rate
2012-06-22,8.8008,7.4865,ECB EXR daily reference rate
2012-06-25,8.8165,7.498,ECB EXR daily reference rate
2012-06-26,8.8204,7.4995,ECB EXR daily reference rate
2012-06-27,8.8242,7.523,ECB EXR daily reference rate
2012-06-28,8.8009,7.5465,ECB EXR daily reference rate
2012-06-29,8.7728,7.533,ECB EXR daily reference rate
2012-07-02,8.744,7.5255,ECB EXR daily reference rate
2012-07-03,8.7305,7.5195,ECB EXR daily reference rate
2012-07-04,8.6876,7.5165,ECB EXR daily reference rate
2012-07-05,8.6177,7.476,ECB EXR daily reference rate
2012-07-06,8.6576,7.519,ECB EXR daily reference rate
2012-07-09,8.6225,7.4965,ECB EXR daily reference rate
2012-07-10,8.5734,7.4865,ECB EXR daily reference rate
2012-07-11,8.5384,7.4745,ECB EXR daily reference rate
2012-07-12,8.5808,7.471,ECB EXR daily reference rate
2012-07-13,8.5746,7.441,ECB EXR daily reference rate
2012-07-16,8.6185,7.4525,ECB EXR daily reference rate
2012-07-17,8.6046,7.475,ECB EXR daily reference rate
2012-07-18,8.4927,7.4825,ECB EXR daily reference rate
2012-07-19,8.5045,7.4775,ECB EXR daily reference rate
2012-07-20,8.454,7.423,ECB EXR daily reference rate
2012-07-23,8.4508,7.381,ECB EXR daily reference rate
2012-07-24,8.4215,7.372,ECB EXR daily reference rate
2012-07-25,8.4592,7.3695,ECB EXR daily reference rate
2012-07-26,8.4505,7.399,ECB EXR daily reference rate
2012-07-27,8.5008,7.473,ECB EXR daily reference rate
2012-07-30,8.3488,7.422,ECB EXR daily reference rate
2012-07-31,8.359,7.4215,ECB EXR daily reference rate
2012-08-01,8.3189,7.385,ECB EXR daily reference rate
2012-08-02,8.334,7.4045,ECB EXR daily reference rate
2012-08-03,8.2797,7.37,ECB EXR daily reference rate
2012-08-06,8.3401,7.3945,ECB EXR daily reference rate
2012-08-07,8.322,7.3575,ECB EXR daily reference rate
2012-08-08,8.277,7.304,ECB EXR daily reference rate
2012-08-09,8.2669,7.2955,ECB EXR daily reference rate
2012-08-10,8.2077,7.27,ECB EXR daily reference rate
2012-08-13,8.2312,7.3065,ECB EXR daily reference rate
2012-08-14,8.2483,7.301,ECB EXR daily reference rate
2012-08-15,8.225,7.2955,ECB EXR daily reference rate
2012-08-16,8.2347,7.337,ECB EXR daily reference rate
2012-08-17,8.2766,7.3295,ECB EXR daily reference rate
2012-08-20,8.2339,7.313,ECB EXR daily reference rate
2012-08-21,8.2595,7.3235,ECB EXR daily reference rate
2012-08-22,8.3412,7.352,ECB EXR daily reference rate
2012-08-23,8.3087,7.341,ECB EXR daily reference rate
2012-08-24,8.2441,7.302,ECB EXR daily reference rate
2012-08-27,8.2397,7.295,ECB EXR daily reference rate
2012-08-28,8.2405,7.29,ECB EXR daily reference rate
2012-08-29,8.3375,7.3125,ECB EXR daily reference rate
2012-08-30,8.3478,7.2775,ECB EXR daily reference rate
2012-08-31,8.3362,7.2925,ECB EXR daily reference rate
2012-09-03,8.4161,7.3015,ECB EXR daily reference rate
2012-09-04,8.4075,7.289,ECB EXR daily reference rate
2012-09-05,8.4415,7.307,ECB EXR daily reference rate
2012-09-06,8.5026,7.3725,ECB EXR daily reference rate
2012-09-07,8.4865,7.373,ECB EXR daily reference rate
2012-09-10,8.4935,7.39,ECB EXR daily reference rate
2012-09-11,8.4773,7.389,ECB EXR daily reference rate
2012-09-12,8.4735,7.407,ECB EXR daily reference rate
2012-09-13,8.5088,7.419,ECB EXR daily reference rate
2012-09-14,8.5884,7.4285,ECB EXR daily reference rate
2012-09-17,8.6243,7.4725,ECB EXR daily reference rate
2012-09-18,8.5685,7.4655,ECB EXR daily reference rate
2012-09-19,8.5214,7.4315,ECB EXR daily reference rate
2012-09-20,8.4885,7.432,ECB EXR daily reference rate
2012-09-21,8.4956,7.4215,ECB EXR daily reference rate
2012-09-24,8.4928,7.437,ECB EXR daily reference rate
2012-09-25,8.4725,7.4,ECB EXR daily reference rate
2012-09-26,8.4998,7.403,ECB EXR daily reference rate
2012-09-27,8.45,7.38,ECB EXR daily reference rate
2012-09-28,8.4498,7.3695,ECB EXR daily reference rate
2012-10-01,8.4731,7.378,ECB EXR daily reference rate
2012-10-02,8.5326,7.373,ECB EXR daily reference rate
2012-10-03,8.609,7.4115,ECB EXR daily reference rate
2012-10-04,8.6099,7.4285,ECB EXR daily reference rate
2012-10-05,8.5728,7.3935,ECB EXR daily reference rate
2012-10-08,8.6057,7.402,ECB EXR daily reference rate
2012-10-09,8.6117,7.405,ECB EXR daily reference rate
2012-10-10,8.6068,7.3985,ECB EXR daily reference rate
2012-10-11,8.6627,7.3825,ECB EXR daily reference rate
2012-10-12,8.683,7.4005,ECB EXR daily reference rate
2012-10-15,8.6591,7.41,ECB EXR daily reference rate
2012-10-16,8.6274,7.391,ECB EXR daily reference rate
2012-10-17,8.6587,7.396,ECB EXR daily reference rate
2012-10-18,8.5843,7.377,ECB EXR daily reference rate
2012-10-19,8.5717,7.384,ECB EXR daily reference rate
2012-10-22,8.5924,7.3865,ECB EXR daily reference rate
2012-10-23,8.6174,7.417,ECB EXR daily reference rate
2012-10-24,8.6558,7.435,ECB EXR daily reference rate
2012-10-25,8.6883,7.4615,ECB EXR daily reference rate
2012-10-26,8.673,7.4675,ECB EXR daily reference rate
2012-10-29,8.6219,7.452,ECB EXR daily reference rate
2012-10-30,8.6155,7.438,ECB EXR daily reference rate
2012-10-31,8.6,7.3855,ECB EXR daily reference rate
2012-11-01,8.6398,7.3705,ECB EXR daily reference rate
2012-11-02,8.5955,7.3305,ECB EXR daily reference rate
2012-11-05,8.569,7.3425,ECB EXR daily reference rate
2012-11-06,8.5721,7.322,ECB EXR daily reference rate
2012-11-07,8.5547,7.3195,ECB EXR daily reference rate
2012-11-08,8.5105,7.302,ECB EXR daily reference rate
2012-11-09,8.5745,7.3015,ECB EXR daily reference rate
2012-11-12,8.5809,7.303,ECB EXR daily reference rate
2012-11-13,8.6077,7.326,ECB EXR daily reference rate
2012-11-14,8.626,7.322,ECB EXR daily reference rate
2012-11-15,8.648,7.3595,ECB EXR daily reference rate
2012-11-16,8.6493,7.3695,ECB EXR daily reference rate
2012-11-19,8.6419,7.3715,ECB EXR daily reference rate
2012-11-20,8.6463,7.335,ECB EXR daily reference rate
2012-11-21,8.622,7.326,ECB EXR daily reference rate
2012-11-22,8.6065,7.325,ECB EXR daily reference rate
2012-11-23,8.5879,7.329,ECB EXR daily reference rate
2012-11-26,8.5763,7.337,ECB EXR daily reference rate
2012-11-27,8.642,7.3575,ECB EXR daily reference rate
2012-11-28,8.6174,7.3415,ECB EXR daily reference rate
2012-11-29,8.6371,7.35,ECB EXR daily reference rate
2012-11-30,8.6625,7.376,ECB EXR daily reference rate
2012-12-03,8.6558,7.349,ECB EXR daily reference rate
2012-12-04,8.6265,7.3465,ECB EXR daily reference rate
2012-12-05,8.651,7.356,ECB EXR daily reference rate
2012-12-06,8.6294,7.336,ECB EXR daily reference rate
2012-12-07,8.618,7.3305,ECB EXR daily reference rate
2012-12-10,8.6336,7.325,ECB EXR daily reference rate
2012-12-11,8.6449,7.3375,ECB EXR daily reference rate
2012-12-12,8.6275,7.3295,ECB EXR daily reference rate
2012-12-13,8.7215,7.3325,ECB EXR daily reference rate
2012-12-14,8.7743,7.3715,ECB EXR daily reference rate
2012-12-17,8.754,7.3705,ECB EXR daily reference rate
2012-12-18,8.7378,7.385,ECB EXR daily reference rate
2012-12-19,8.6662,7.3755,ECB EXR daily reference rate
2012-12-20,8.6349,7.3645,ECB EXR daily reference rate
2012-12-21,8.5945,7.3155,ECB EXR daily reference rate
2012-12-24,8.6323,7.3695,ECB EXR daily reference rate
2012-12-27,8.6273,7.376,ECB EXR daily reference rate
2012-12-28,8.5615,7.3375,ECB EXR daily reference rate
2012-12-31,8.582,7.3483,ECB EXR daily reference rate
2013-01-02,8.5704,7.3175,ECB EXR daily reference rate
2013-01-03,8.5398,7.2915,ECB EXR daily reference rate
2013-01-04,8.531,7.299,ECB EXR daily reference rate
2013-01-07,8.5144,7.306,ECB EXR daily reference rate
2013-01-08,8.5766,7.3255,ECB EXR daily reference rate
2013-01-09,8.5954,7.325,ECB EXR daily reference rate
2013-01-10,8.5666,7.298,ECB EXR daily reference rate
2013-01-11,8.6248,7.349,ECB EXR daily reference rate
2013-01-14,8.6178,7.3625,ECB EXR daily reference rate
2013-01-15,8.6338,7.3995,ECB EXR daily reference rate
2013-01-16,8.6341,7.42,ECB EXR daily reference rate
2013-01-17,8.643,7.4055,ECB EXR daily reference rate
2013-01-18,8.6642,7.46,ECB EXR daily reference rate
2013-01-21,8.6936,7.444,ECB EXR daily reference rate
2013-01-22,8.6909,7.442,ECB EXR daily reference rate
2013-01-23,8.6909,7.4015,ECB EXR daily reference rate
2013-01-24,8.6879,7.4135,ECB EXR daily reference rate
2013-01-25,8.6889,7.424,ECB EXR daily reference rate
2013-01-28,8.6583,7.442,ECB EXR daily reference rate
2013-01-29,8.611,7.411,ECB EXR daily reference rate
2013-01-30,8.6117,7.435,ECB EXR daily reference rate
2013-01-31,8.6325,7.435,ECB EXR daily reference rate
2013-02-01,8.6022,7.4275,ECB EXR daily reference rate
2013-02-04,8.5823,7.4275,ECB EXR daily reference rate
2013-02-05,8.5632,7.414,ECB EXR daily reference rate
2013-02-06,8.5895,7.423,ECB EXR daily reference rate
2013-02-07,8.6339,7.435,ECB EXR daily reference rate
2013-02-08,8.595,7.391,ECB EXR daily reference rate
2013-02-11,8.5754,7.3795,ECB EXR daily reference rate
2013-02-12,8.5701,7.387,ECB EXR daily reference rate
2013-02-13,8.4768,7.371,ECB EXR daily reference rate
2013-02-14,8.4492,7.3605,ECB EXR daily reference rate
2013-02-15,8.4557,7.3945,ECB EXR daily reference rate
2013-02-18,8.4598,7.407,ECB EXR daily reference rate
2013-02-19,8.4483,7.417,ECB EXR daily reference rate
2013-02-20,8.4297,7.4065,ECB EXR daily reference rate
2013-02-21,8.4615,7.4755,ECB EXR daily reference rate
2013-02-22,8.4572,7.467,ECB EXR daily reference rate
2013-02-25,8.474,7.4675,ECB EXR daily reference rate
2013-02-26,8.4594,7.4595,ECB EXR daily reference rate
2013-02-27,8.4352,7.467,ECB EXR daily reference rate
2013-02-28,8.4475,7.487,ECB EXR daily reference rate
2013-03-01,8.366,7.4855,ECB EXR daily reference rate
2013-03-04,8.3801,7.4455,ECB EXR daily reference rate
2013-03-05,8.3384,7.44,ECB EXR daily reference rate
2013-03-06,8.3159,7.425,ECB EXR daily reference rate
2013-03-07,8.294,7.4165,ECB EXR daily reference rate
2013-03-08,8.3239,7.4435,ECB EXR daily reference rate
2013-03-11,8.326,7.4385,ECB EXR daily reference rate
2013-03-12,8.3182,7.4455,ECB EXR daily reference rate
2013-03-13,8.2931,7.443,ECB EXR daily reference rate
2013-03-14,8.3784,7.532,ECB EXR daily reference rate
2013-03-15,8.3515,7.5325,ECB EXR daily reference rate
2013-03-18,8.337,7.5015,ECB EXR daily reference rate
2013-03-19,8.3421,7.5205,ECB EXR daily reference rate
2013-03-20,8.3374,7.545,ECB EXR daily reference rate
2013-03-21,8.3654,7.548,ECB EXR daily reference rate
2013-03-22,8.4232,7.5395,ECB EXR daily reference rate
2013-03-25,8.4361,7.543,ECB EXR daily reference rate
2013-03-26,8.3561,7.4975,ECB EXR daily reference rate
2013-03-27,8.302,7.472,ECB EXR daily reference rate
2013-03-28,8.3553,7.512,ECB EXR daily reference rate
2013-04-02,8.311,7.467,ECB EXR daily reference rate
2013-04-03,8.3258,7.4465,ECB EXR daily reference rate
2013-04-04,8.4064,7.449,ECB EXR daily reference rate
2013-04-05,8.3984,7.4475,ECB EXR daily reference rate
2013-04-08,8.3591,7.454,ECB EXR daily reference rate
2013-04-09,8.3765,7.486,ECB EXR daily reference rate
2013-04-10,8.3353,7.506,ECB EXR daily reference rate
2013-04-11,8.3138,7.477,ECB EXR daily reference rate
2013-04-12,8.3373,7.482,ECB EXR daily reference rate
2013-04-15,8.3704,7.5005,ECB EXR daily reference rate
2013-04-16,8.3823,7.522,ECB EXR daily reference rate
2013-04-17,8.4727,7.555,ECB EXR daily reference rate
2013-04-18,8.5008,7.587,ECB EXR daily reference rate
2013-04-19,8.511,7.5965,ECB EXR daily reference rate
2013-04-22,8.5139,7.609,ECB EXR daily reference rate
2013-04-23,8.5926,7.6775,ECB EXR daily reference rate
2013-04-24,8.5885,7.678,ECB EXR daily reference rate
2013-04-25,8.5961,7.6535,ECB EXR daily reference rate
2013-04-26,8.5579,7.6215,ECB EXR daily reference rate
2013-04-29,8.5503,7.609,ECB EXR daily reference rate
2013-04-30,8.542,7.6075,ECB EXR daily reference rate
2013-05-02,8.5503,7.5865,ECB EXR daily reference rate
2013-05-03,8.5307,7.6075,ECB EXR daily reference rate
2013-05-06,8.5543,7.624,ECB EXR daily reference rate
2013-05-07,8.5287,7.6395,ECB EXR daily reference rate
2013-05-08,8.5402,7.591,ECB EXR daily reference rate
2013-05-09,8.5395,7.5485,ECB EXR daily reference rate
2013-05-10,8.5511,7.526,ECB EXR daily reference rate
2013-05-13,8.5702,7.533,ECB EXR daily reference rate
2013-05-14,8.6333,7.5405,ECB EXR daily reference rate
2013-05-15,8.596,7.5415,ECB EXR daily reference rate
2013-05-16,8.5893,7.536,ECB EXR daily reference rate
2013-05-17,8.5922,7.5393,ECB EXR daily reference rate
2013-05-20,8.5754,7.5143,ECB EXR daily reference rate
2013-05-21,8.56,7.5065,ECB EXR daily reference rate
2013-05-22,8.5451,7.465,ECB EXR daily reference rate
2013-05-23,8.5943,7.534,ECB EXR daily reference rate
2013-05-24,8.598,7.5285,ECB EXR daily reference rate
2013-05-27,8.5964,7.548,ECB EXR daily reference rate
2013-05-28,8.5874,7.553,ECB EXR daily reference rate
2013-05-29,8.6082,7.6,ECB EXR daily reference rate
2013-05-30,8.572,7.619,ECB EXR daily reference rate
2013-05-31,8.5828,7.614,ECB EXR daily reference rate
2013-06-03,8.5723,7.597,ECB EXR daily reference rate
2013-06-04,8.5704,7.5975,ECB EXR daily reference rate
2013-06-05,8.6255,7.605,ECB EXR daily reference rate
2013-06-06,8.6072,7.581,ECB EXR daily reference rate
2013-06-07,8.6912,7.6305,ECB EXR daily reference rate
2013-06-10,8.7144,7.612,ECB EXR daily reference rate
2013-06-11,8.7454,7.686,ECB EXR daily reference rate
2013-06-12,8.6808,7.665,ECB EXR daily reference rate
2013-06-13,8.6765,7.677,ECB EXR daily reference rate
2013-06-14,8.6096,7.6405,ECB EXR daily reference rate
2013-06-17,8.6122,7.6345,ECB EXR daily reference rate
2013-06-18,8.6753,7.6935,ECB EXR daily reference rate
2013-06-19,8.575,7.6765,ECB EXR daily reference rate
2013-06-20,8.6724,7.85,ECB EXR daily reference rate
2013-06-21,8.6927,7.909,ECB EXR daily reference rate
2013-06-24,8.8884,8.04,ECB EXR daily reference rate
2013-06-25,8.7683,7.98,ECB EXR daily reference rate
2013-06-26,8.7615,7.947,ECB EXR daily reference rate
2013-06-27,8.756,7.881,ECB EXR daily reference rate
2013-06-28,8.7773,7.8845,ECB EXR daily reference rate
2013-07-01,8.6958,7.8985,ECB EXR daily reference rate
2013-07-02,8.7008,7.92,ECB EXR daily reference rate
2013-07-03,8.7083,7.9355,ECB EXR daily reference rate
2013-07-04,8.708,7.935,ECB EXR daily reference rate
2013-07-05,8.6562,7.9525,ECB EXR daily reference rate
2013-07-08,8.7898,7.965,ECB EXR daily reference rate
2013-07-09,8.7194,7.9,ECB EXR daily reference rate
2013-07-10,8.6767,7.855,ECB EXR daily reference rate
2013-07-11,8.7055,7.929,ECB EXR daily reference rate
2013-07-12,8.705,7.913,ECB EXR daily reference rate
2013-07-15,8.7359,7.931,ECB EXR daily reference rate
2013-07-16,8.6974,7.8935,ECB EXR daily reference rate
2013-07-17,8.6295,7.8775,ECB EXR daily reference rate
2013-07-18,8.6212,7.8535,ECB EXR daily reference rate
2013-07-19,8.5933,7.856,ECB EXR daily reference rate
2013-07-22,8.5577,7.823,ECB EXR daily reference rate
2013-07-23,8.5525,7.816,ECB EXR daily reference rate
2013-07-24,8.5521,7.7845,ECB EXR daily reference rate
2013-07-25,8.6085,7.8255,ECB EXR daily reference rate
2013-07-26,8.6118,7.864,ECB EXR daily reference rate
2013-07-29,8.5812,7.8605,ECB EXR daily reference rate
2013-07-30,8.6818,7.872,ECB EXR daily reference rate
2013-07-31,8.7128,7.8655,ECB EXR daily reference rate
2013-08-01,8.6914,7.8345,ECB EXR daily reference rate
2013-08-02,8.7714,7.8655,ECB EXR daily reference rate
2013-08-05,8.7618,7.855,ECB EXR daily reference rate
2013-08-06,8.7112,7.861,ECB EXR daily reference rate
2013-08-07,8.7261,7.8995,ECB EXR daily reference rate
2013-08-08,8.6828,7.884,ECB EXR daily reference rate
2013-08-09,8.6747,7.817,ECB EXR daily reference rate
2013-08-12,8.6792,7.8085,ECB EXR daily reference rate
2013-08-13,8.6624,7.796,ECB EXR daily reference rate
2013-08-14,8.6393,7.813,ECB EXR daily reference rate
2013-08-15,8.6455,7.8435,ECB EXR daily reference rate
2013-08-16,8.707,7.9015,ECB EXR daily reference rate
2013-08-19,8.712,7.904,ECB EXR daily reference rate
2013-08-20,8.7061,7.986,ECB EXR daily reference rate
2013-08-21,8.7277,8.0535,ECB EXR daily reference rate
2013-08-22,8.689,8.1225,ECB EXR daily reference rate
2013-08-23,8.714,8.094,ECB EXR daily reference rate
2013-08-26,8.7281,8.083,ECB EXR daily reference rate
2013-08-27,8.6894,8.029,ECB EXR daily reference rate
2013-08-28,8.6875,8.059,ECB EXR daily reference rate
2013-08-29,8.7178,8.049,ECB EXR daily reference rate
2013-08-30,8.7503,8.0905,ECB EXR daily reference rate
2013-09-02,8.7222,8.0095,ECB EXR daily reference rate
2013-09-03,8.7031,8.001,ECB EXR daily reference rate
2013-09-04,8.7165,8.0035,ECB EXR daily reference rate
2013-09-05,8.7751,8.048,ECB EXR daily reference rate
2013-09-06,8.7248,8.002,ECB EXR daily reference rate
2013-09-09,8.7492,8.022,ECB EXR daily reference rate
2013-09-10,8.6887,7.861,ECB EXR daily reference rate
2013-09-11,8.6717,7.85,ECB EXR daily reference rate
2013-09-12,8.6924,7.8555,ECB EXR daily reference rate
2013-09-13,8.7048,7.8695,ECB EXR daily reference rate
2013-09-16,8.6943,7.892,ECB EXR daily reference rate
2013-09-17,8.6352,7.8655,ECB EXR daily reference rate
2013-09-18,8.6263,7.8915,ECB EXR daily reference rate
2013-09-19,8.5702,7.842,ECB EXR daily reference rate
2013-09-20,8.5969,8.0065,ECB EXR daily reference rate
2013-09-23,8.6007,7.971,ECB EXR daily reference rate
2013-09-24,8.6315,8.02,ECB EXR daily reference rate
2013-09-25,8.6881,8.133,ECB EXR daily reference rate
2013-09-26,8.6554,8.0625,ECB EXR daily reference rate
2013-09-27,8.6863,8.103,ECB EXR daily reference rate
2013-09-30,8.6575,8.114,ECB EXR daily reference rate
2013-10-01,8.6329,8.131,ECB EXR daily reference rate
2013-10-02,8.655,8.132,ECB EXR daily reference rate
2013-10-03,8.6214,8.109,ECB EXR daily reference rate
2013-10-04,8.6732,8.1145,ECB EXR daily reference rate
2013-10-07,8.7425,8.127,ECB EXR daily reference rate
2013-10-08,8.7023,8.082,ECB EXR daily reference rate
2013-10-09,8.7445,8.11,ECB EXR daily reference rate
2013-10-10,8.8217,8.19,ECB EXR daily reference rate
2013-10-11,8.7659,8.1285,ECB EXR daily reference rate
2013-10-14,8.7988,8.1325,ECB EXR daily reference rate
2013-10-15,8.7617,8.118,ECB EXR daily reference rate
2013-10-16,8.8116,8.1365,ECB EXR daily reference rate
2013-10-17,8.7781,8.115,ECB EXR daily reference rate
2013-10-18,8.7686,8.0985,ECB EXR daily reference rate
2013-10-21,8.785,8.092,ECB EXR daily reference rate
2013-10-22,8.7626,8.1335,ECB EXR daily reference rate
2013-10-23,8.7756,8.136,ECB EXR daily reference rate
2013-10-24,8.7626,8.121,ECB EXR daily reference rate
2013-10-25,8.7351,8.137,ECB EXR daily reference rate
2013-10-28,8.7464,8.13,ECB EXR daily reference rate
2013-10-29,8.7695,8.1195,ECB EXR daily reference rate
2013-10-30,8.782,8.08,ECB EXR daily reference rate
2013-10-31,8.8052,8.104,ECB EXR daily reference rate
2013-11-01,8.8055,8.046,ECB EXR daily reference rate
2013-11-04,8.7722,8.0165,ECB EXR daily reference rate
2013-11-05,8.794,8.052,ECB EXR daily reference rate
2013-11-06,8.7874,8.0505,ECB EXR daily reference rate
2013-11-07,8.711,8.016,ECB EXR daily reference rate
2013-11-08,8.8375,8.1755,ECB EXR daily reference rate
2013-11-11,8.7967,8.2065,ECB EXR daily reference rate
2013-11-12,8.9103,8.2995,ECB EXR daily reference rate
2013-11-13,8.9928,8.338,ECB EXR daily reference rate
2013-11-14,8.974,8.331,ECB EXR daily reference rate
2013-11-15,8.9438,8.2535,ECB EXR daily reference rate
2013-11-18,8.9156,8.2685,ECB EXR daily reference rate
2013-11-19,8.9613,8.2285,ECB EXR daily reference rate
2013-11-20,8.9195,8.228,ECB EXR daily reference rate
2013-11-21,8.9353,8.2065,ECB EXR daily reference rate
2013-11-22,8.8948,8.2065,ECB EXR daily reference rate
2013-11-25,8.8915,8.2755,ECB EXR daily reference rate
2013-11-26,8.8942,8.2685,ECB EXR daily reference rate
2013-11-27,8.91,8.253,ECB EXR daily reference rate
2013-11-28,8.9301,8.276,ECB EXR daily reference rate
2013-11-29,8.9075,8.32,ECB EXR daily reference rate
2013-12-02,8.8904,8.3095,ECB EXR daily reference rate
2013-12-03,8.8677,8.29,ECB EXR daily reference rate
2013-12-04,8.8382,8.3105,ECB EXR daily reference rate
2013-12-05,8.8631,8.4035,ECB EXR daily reference rate
2013-12-06,8.9261,8.434,ECB EXR daily reference rate
2013-12-09,8.9554,8.4285,ECB EXR daily reference rate
2013-12-10,8.9897,8.4015,ECB EXR daily reference rate
2013-12-11,9.0124,8.4215,ECB EXR daily reference rate
2013-12-12,9.0604,8.4765,ECB EXR daily reference rate
2013-12-13,9.0351,8.49,ECB EXR daily reference rate
2013-12-16,9.0266,8.4345,ECB EXR daily reference rate
2013-12-17,9.0412,8.46,ECB EXR daily reference rate
2013-12-18,8.9892,8.3795,ECB EXR daily reference rate
2013-12-19,8.9539,8.383,ECB EXR daily reference rate
2013-12-20,8.9905,8.416,ECB EXR daily reference rate
2013-12-23,8.9873,8.3975,ECB EXR daily reference rate
2013-12-24,9.0015,8.4345,ECB EXR daily reference rate
2013-12-27,8.9785,8.4475,ECB EXR daily reference rate
2013-12-30,8.9283,8.4255,ECB EXR daily reference rate
2013-12-31,8.8591,8.363,ECB EXR daily reference rate
2014-01-02,8.8832,8.4025,ECB EXR daily reference rate
2014-01-03,8.8561,8.3585,ECB EXR daily reference rate
2014-01-06,8.8687,8.39,ECB EXR daily reference rate
2014-01-07,8.8573,8.385,ECB EXR daily reference rate
2014-01-08,8.8964,8.411,ECB EXR daily reference rate
2014-01-09,8.926,8.4075,ECB EXR daily reference rate
2014-01-10,8.882,8.4025,ECB EXR daily reference rate
2014-01-13,8.8713,8.362,ECB EXR daily reference rate
2014-01-14,8.8198,8.334,ECB EXR daily reference rate
2014-01-15,8.7955,8.3185,ECB EXR daily reference rate
2014-01-16,8.8174,8.389,ECB EXR daily reference rate
2014-01-17,8.7937,8.3795,ECB EXR daily reference rate
2014-01-20,8.783,8.3775,ECB EXR daily reference rate
2014-01-21,8.8071,8.372,ECB EXR daily reference rate
2014-01-22,8.7958,8.3655,ECB EXR daily reference rate
2014-01-23,8.7661,8.3325,ECB EXR daily reference rate
2014-01-24,8.8197,8.3915,ECB EXR daily reference rate
2014-01-27,8.8057,8.438,ECB EXR daily reference rate
2014-01-28,8.8158,8.405,ECB EXR daily reference rate
2014-01-29,8.8005,8.438,ECB EXR daily reference rate
2014-01-30,8.8347,8.468,ECB EXR daily reference rate
2014-01-31,8.8509,8.511,ECB EXR daily reference rate
2014-02-03,8.8318,8.4525,ECB EXR daily reference rate
2014-02-04,8.8231,8.52,ECB EXR daily reference rate
2014-02-05,8.829,8.458,ECB EXR daily reference rate
2014-02-06,8.7883,8.4,ECB EXR daily reference rate
2014-02-07,8.8595,8.412,ECB EXR daily reference rate
2014-02-10,8.8457,8.358,ECB EXR daily reference rate
2014-02-11,8.82,8.368,ECB EXR daily reference rate
2014-02-12,8.7718,8.332,ECB EXR daily reference rate
2014-02-13,8.8106,8.3365,ECB EXR daily reference rate
2014-02-14,8.8486,8.355,ECB EXR daily reference rate
2014-02-17,8.8286,8.32,ECB EXR daily reference rate
2014-02-18,8.922,8.343,ECB EXR daily reference rate
2014-02-19,8.9382,8.3185,ECB EXR daily reference rate
2014-02-20,8.9606,8.3625,ECB EXR daily reference rate
2014-02-21,8.9953,8.367,ECB EXR daily reference rate
2014-02-24,8.9372,8.278,ECB EXR daily reference rate
2014-02-25,8.9313,8.288,ECB EXR daily reference rate
2014-02-26,8.9287,8.307,ECB EXR daily reference rate
2014-02-27,8.9184,8.2735,ECB EXR daily reference rate
2014-02-28,8.8525,8.275,ECB EXR daily reference rate
2014-03-03,8.8652,8.3175,ECB EXR daily reference rate
2014-03-04,8.8603,8.2485,ECB EXR daily reference rate
2014-03-05,8.8519,8.2305,ECB EXR daily reference rate
2014-03-06,8.83,8.2265,ECB EXR daily reference rate
2014-03-07,8.859,8.278,ECB EXR daily reference rate
2014-03-10,8.8735,8.282,ECB EXR daily reference rate
2014-03-11,8.8287,8.2385,ECB EXR daily reference rate
2014-03-12,8.8619,8.287,ECB EXR daily reference rate
2014-03-13,8.8495,8.2575,ECB EXR daily reference rate
2014-03-14,8.8676,8.3075,ECB EXR daily reference rate
2014-03-17,8.8604,8.28,ECB EXR daily reference rate
2014-03-18,8.8226,8.305,ECB EXR daily reference rate
2014-03-19,8.8339,8.3175,ECB EXR daily reference rate
2014-03-20,8.8576,8.3705,ECB EXR daily reference rate
2014-03-21,8.8541,8.3695,ECB EXR daily reference rate
2014-03-24,8.8624,8.3495,ECB EXR daily reference rate
2014-03-25,8.8576,8.34,ECB EXR daily reference rate
2014-03-26,8.9032,8.332,ECB EXR daily reference rate
2014-03-27,8.9191,8.2655,ECB EXR daily reference rate
2014-03-28,8.9312,8.2455,ECB EXR daily reference rate
2014-03-31,8.9483,8.255,ECB EXR daily reference rate
2014-04-01,8.9002,8.227,ECB EXR daily reference rate
2014-04-02,8.9049,8.215,ECB EXR daily reference rate
2014-04-03,8.9554,8.23,ECB EXR daily reference rate
2014-04-04,8.9598,8.2125,ECB EXR daily reference rate
2014-04-07,8.9733,8.2405,ECB EXR daily reference rate
2014-04-08,8.9653,8.236,ECB EXR daily reference rate
2014-04-09,8.9953,8.2195,ECB EXR daily reference rate
2014-04-10,9.0518,8.216,ECB EXR daily reference rate
2014-04-11,9.0754,8.2605,ECB EXR daily reference rate
2014-04-14,9.0688,8.24,ECB EXR daily reference rate
2014-04-15,9.0902,8.2295,ECB EXR daily reference rate
2014-04-16,9.092,8.24,ECB EXR daily reference rate
2014-04-17,9.1091,8.2824,ECB EXR daily reference rate
2014-04-22,9.0925,8.2615,ECB EXR daily reference rate
2014-04-23,9.0829,8.2715,ECB EXR daily reference rate
2014-04-24,9.069,8.2785,ECB EXR daily reference rate
2014-04-25,9.0927,8.2845,ECB EXR daily reference rate
2014-04-28,9.052,8.3145,ECB EXR daily reference rate
2014-04-29,9.0555,8.281,ECB EXR daily reference rate
2014-04-30,9.0723,8.272,ECB EXR daily reference rate
2014-05-02,9.0246,8.2355,ECB EXR daily reference rate
2014-05-05,9.0844,8.2605,ECB EXR daily reference rate
2014-05-06,9.0666,8.242,ECB EXR daily reference rate
2014-05-07,9.0497,8.2235,ECB EXR daily reference rate
2014-05-08,9.0439,8.178,ECB EXR daily reference rate
2014-05-09,9.0189,8.137,ECB EXR daily reference rate
2014-05-12,9.0155,8.1395,ECB EXR daily reference rate
2014-05-13,8.991,8.13,ECB EXR daily reference rate
2014-05-14,8.999,8.1165,ECB EXR daily reference rate
2014-05-15,8.974,8.105,ECB EXR daily reference rate
2014-05-16,9.0122,8.1505,ECB EXR daily reference rate
2014-05-19,9.0461,8.1355,ECB EXR daily reference rate
2014-05-20,9.0294,8.136,ECB EXR daily reference rate
2014-05-21,9.0008,8.139,ECB EXR daily reference rate
2014-05-22,8.9944,8.12,ECB EXR daily reference rate
2014-05-23,9.06,8.1305,ECB EXR daily reference rate
2014-05-26,9.0371,8.1245,ECB EXR daily reference rate
2014-05-27,9.0393,8.1185,ECB EXR daily reference rate
2014-05-28,9.032,8.102,ECB EXR daily reference rate
2014-05-29,9.0255,8.1106,ECB EXR daily reference rate
2014-05-30,9.0823,8.1425,ECB EXR daily reference rate
2014-06-02,9.1027,8.1605,ECB EXR daily reference rate
2014-06-03,9.1044,8.1815,ECB EXR daily reference rate
2014-06-04,9.074,8.1655,ECB EXR daily reference rate
2014-06-05,9.0285,8.136,ECB EXR daily reference rate
2014-06-06,9.0674,8.1495,ECB EXR daily reference rate
2014-06-09,9.0795,8.0997,ECB EXR daily reference rate
2014-06-10,9.0686,8.089,ECB EXR daily reference rate
2014-06-11,9.0467,8.1085,ECB EXR daily reference rate
2014-06-12,9.0637,8.1085,ECB EXR daily reference rate
2014-06-13,9.0232,8.1255,ECB EXR daily reference rate
2014-06-16,9.0005,8.119,ECB EXR daily reference rate
2014-06-17,9.0058,8.13,ECB EXR daily reference rate
2014-06-18,9.007,8.1695,ECB EXR daily reference rate
2014-06-19,9.0885,8.314,ECB EXR daily reference rate
2014-06-20,9.149,8.342,ECB EXR daily reference rate
2014-06-23,9.1283,8.324,ECB EXR daily reference rate
2014-06-24,9.1516,8.3035,ECB EXR daily reference rate
2014-06-25,9.1734,8.3585,ECB EXR daily reference rate
2014-06-26,9.1841,8.3565,ECB EXR daily reference rate
2014-06-27,9.1962,8.368,ECB EXR daily reference rate
2014-06-30,9.1762,8.4035,ECB EXR daily reference rate
2014-07-01,9.16,8.438,ECB EXR daily reference rate
2014-07-02,9.1574,8.425,ECB EXR daily reference rate
2014-07-03,9.3286,8.481,ECB EXR daily reference rate
2014-07-04,9.3129,8.4115,ECB EXR daily reference rate
2014-07-07,9.3098,8.402,ECB EXR daily reference rate
2014-07-08,9.2977,8.3965,ECB EXR daily reference rate
2014-07-09,9.2585,8.4035,ECB EXR daily reference rate
2014-07-10,9.2168,8.377,ECB EXR daily reference rate
2014-07-11,9.2176,8.377,ECB EXR daily reference rate
2014-07-14,9.2482,8.41,ECB EXR daily reference rate
2014-07-15,9.2564,8.4305,ECB EXR daily reference rate
2014-07-16,9.2495,8.385,ECB EXR daily reference rate
2014-07-17,9.247,8.3825,ECB EXR daily reference rate
2014-07-18,9.2282,8.3575,ECB EXR daily reference rate
2014-07-21,9.2592,8.3975,ECB EXR daily reference rate
2014-07-22,9.2414,8.344,ECB EXR daily reference rate
2014-07-23,9.2016,8.3235,ECB EXR daily reference rate
2014-07-24,9.2102,8.361,ECB EXR daily reference rate
2014-07-25,9.1661,8.3395,ECB EXR daily reference rate
2014-07-28,9.1523,8.3365,ECB EXR daily reference rate
2014-07-29,9.1801,8.362,ECB EXR daily reference rate
2014-07-30,9.2272,8.377,ECB EXR daily reference rate
2014-07-31,9.2261,8.405,ECB EXR daily reference rate
2014-08-01,9.2205,8.439,ECB EXR daily reference rate
2014-08-04,9.2563,8.4285,ECB EXR daily reference rate
2014-08-05,9.2066,8.3865,ECB EXR daily reference rate
2014-08-06,9.2454,8.4105,ECB EXR daily reference rate
2014-08-07,9.2334,8.37,ECB EXR daily reference rate
2014-08-08,9.244,8.36,ECB EXR daily reference rate
2014-08-11,9.1941,8.279,ECB EXR daily reference rate
2014-08-12,9.1817,8.2425,ECB EXR daily reference rate
2014-08-13,9.1884,8.2375,ECB EXR daily reference rate
2014-08-14,9.1842,8.226,ECB EXR daily reference rate
2014-08-15,9.1542,8.2205,ECB EXR daily reference rate
2014-08-18,9.1633,8.2315,ECB EXR daily reference rate
2014-08-19,9.1529,8.1975,ECB EXR daily reference rate
2014-08-20,9.1651,8.2035,ECB EXR daily reference rate
2014-08-21,9.1695,8.163,ECB EXR daily reference rate
2014-08-22,9.1532,8.1495,ECB EXR daily reference rate
2014-08-25,9.1489,8.1515,ECB EXR daily reference rate
2014-08-26,9.1563,8.146,ECB EXR daily reference rate
2014-08-27,9.1608,8.1555,ECB EXR daily reference rate
2014-08-28,9.199,8.1525,ECB EXR daily reference rate
2014-08-29,9.1658,8.1465,ECB EXR daily reference rate
2014-09-01,9.1921,8.133,ECB EXR daily reference rate
2014-09-02,9.2018,8.122,ECB EXR daily reference rate
2014-09-03,9.1969,8.1605,ECB EXR daily reference rate
2014-09-04,9.157,8.1175,ECB EXR daily reference rate
2014-09-05,9.1813,8.137,ECB EXR daily reference rate
2014-09-08,9.1732,8.154,ECB EXR daily reference rate
2014-09-09,9.1708,8.1715,ECB EXR daily reference rate
2014-09-10,9.1819,8.2005,ECB EXR daily reference rate
2014-09-11,9.1945,8.2035,ECB EXR daily reference rate
2014-09-12,9.2308,8.2405,ECB EXR daily reference rate
2014-09-15,9.2329,8.275,ECB EXR daily reference rate
2014-09-16,9.2376,8.279,ECB EXR daily reference rate
2014-09-17,9.2634,8.304,ECB EXR daily reference rate
2014-09-18,9.1928,8.1895,ECB EXR daily reference rate
2014-09-19,9.165,8.154,ECB EXR daily reference rate
2014-09-22,9.1715,8.1475,ECB EXR daily reference rate
2014-09-23,9.1725,8.1595,ECB EXR daily reference rate
2014-09-24,9.1825,8.179,ECB EXR daily reference rate
2014-09-25,9.1836,8.145,ECB EXR daily reference rate
2014-09-26,9.2132,8.1675,ECB EXR daily reference rate
2014-09-29,9.2018,8.196,ECB EXR daily reference rate
2014-09-30,9.1465,8.119,ECB EXR daily reference rate
2014-10-01,9.0932,8.142,ECB EXR daily reference rate
2014-10-02,9.0894,8.1475,ECB EXR daily reference rate
2014-10-03,9.1122,8.1785,ECB EXR daily reference rate
2014-10-06,9.0773,8.1575,ECB EXR daily reference rate
2014-10-07,9.0668,8.165,ECB EXR daily reference rate
2014-10-08,9.1322,8.1945,ECB EXR daily reference rate
2014-10-09,9.1262,8.191,ECB EXR daily reference rate
2014-10-10,9.1506,8.258,ECB EXR daily reference rate
2014-10-13,9.1103,8.2295,ECB EXR daily reference rate
2014-10-14,9.1585,8.29,ECB EXR daily reference rate
2014-10-15,9.2003,8.38,ECB EXR daily reference rate
2014-10-16,9.1931,8.4565,ECB EXR daily reference rate
2014-10-17,9.1532,8.3815,ECB EXR daily reference rate
2014-10-20,9.1969,8.39,ECB EXR daily reference rate
2014-10-21,9.2004,8.367,ECB EXR daily reference rate
2014-10-22,9.2118,8.3815,ECB EXR daily reference rate
2014-10-23,9.1869,8.309,ECB EXR daily reference rate
2014-10-24,9.1881,8.34,ECB EXR daily reference rate
2014-10-27,9.2568,8.395,ECB EXR daily reference rate
2014-10-28,9.363,8.4415,ECB EXR daily reference rate
2014-10-29,9.3294,8.4675,ECB EXR daily reference rate
2014-10-30,9.271,8.4605,ECB EXR daily reference rate
2014-10-31,9.2664,8.49,ECB EXR daily reference rate
2014-11-03,9.23,8.464,ECB EXR daily reference rate
2014-11-04,9.2623,8.5775,ECB EXR daily reference rate
2014-11-05,9.2164,8.574,ECB EXR daily reference rate
2014-11-06,9.2027,8.5165,ECB EXR daily reference rate
2014-11-07,9.2125,8.4965,ECB EXR daily reference rate
2014-11-10,9.2074,8.4235,ECB EXR daily reference rate
2014-11-11,9.1908,8.4865,ECB EXR daily reference rate
2014-11-12,9.2283,8.4415,ECB EXR daily reference rate
2014-11-13,9.2442,8.4565,ECB EXR daily reference rate
2014-11-14,9.2376,8.453,ECB EXR daily reference rate
2014-11-17,9.2449,8.444,ECB EXR daily reference rate
2014-11-18,9.2388,8.429,ECB EXR daily reference rate
2014-11-19,9.2598,8.493,ECB EXR daily reference rate
2014-11-20,9.279,8.492,ECB EXR daily reference rate
2014-11-21,9.2295,8.402,ECB EXR daily reference rate
2014-11-24,9.2396,8.407,ECB EXR daily reference rate
2014-11-25,9.2662,8.463,ECB EXR daily reference rate
2014-11-26,9.2514,8.51,ECB EXR daily reference rate
2014-11-27,9.2613,8.597,ECB EXR daily reference rate
2014-11-28,9.266,8.6975,ECB EXR daily reference rate
2014-12-01,9.2562,8.6745,ECB EXR daily reference rate
2014-12-02,9.2795,8.697,ECB EXR daily reference rate
2014-12-03,9.2713,8.656,ECB EXR daily reference rate
2014-12-04,9.2747,8.721,ECB EXR daily reference rate
2014-12-05,9.299,8.8105,ECB EXR daily reference rate
2014-12-08,9.3058,8.7975,ECB EXR daily reference rate
2014-12-09,9.3004,8.8105,ECB EXR daily reference rate
2014-12-10,9.3276,8.8765,ECB EXR daily reference rate
2014-12-11,9.3575,9.006,ECB EXR daily reference rate
2014-12-12,9.37,9.119,ECB EXR daily reference rate
2014-12-15,9.4096,9.1765,ECB EXR daily reference rate
2014-12-16,9.551,9.542,ECB EXR daily reference rate
2014-12-17,9.5019,9.2505,ECB EXR daily reference rate
2014-12-18,9.4361,9.0645,ECB EXR daily reference rate
2014-12-19,9.4624,9.0145,ECB EXR daily reference rate
2014-12-22,9.5536,9.0565,ECB EXR daily reference rate
2014-12-23,9.5031,9.029,ECB EXR daily reference rate
2014-12-24,9.54,9.1511,ECB EXR daily reference rate
2014-12-29,9.6234,9.0475,ECB EXR daily reference rate
2014-12-30,9.4746,9.042,ECB EXR daily reference rate
2014-12-31,9.393,9.042,ECB EXR daily reference rate
2015-01-02,9.4702,9.042,ECB EXR daily reference rate
2015-01-05,9.4882,9.1075,ECB EXR daily reference rate
2015-01-06,9.4208,9.1795,ECB EXR daily reference rate
2015-01-07,9.3989,9.15,ECB EXR daily reference rate
2015-01-08,9.434,9.028,ECB EXR daily reference rate
2015-01-09,9.4883,9.0605,ECB EXR daily reference rate
2015-01-12,9.541,9.1275,ECB EXR daily reference rate
2015-01-13,9.4564,9.115,ECB EXR daily reference rate
2015-01-14,9.5011,9.056,ECB EXR daily reference rate
2015-01-15,9.4611,8.914,ECB EXR daily reference rate
2015-01-16,9.4085,8.7985,ECB EXR daily reference rate
2015-01-19,9.4076,8.8325,ECB EXR daily reference rate
2015-01-20,9.4297,8.8015,ECB EXR daily reference rate
2015-01-21,9.4238,8.825,ECB EXR daily reference rate
2015-01-22,9.4405,8.831,ECB EXR daily reference rate
2015-01-23,9.3327,8.7055,ECB EXR daily reference rate
2015-01-26,9.3628,8.7345,ECB EXR daily reference rate
2015-01-27,9.3089,8.813,ECB EXR daily reference rate
2015-01-28,9.2895,8.795,ECB EXR daily reference rate
2015-01-29,9.3245,8.823,ECB EXR daily reference rate
2015-01-30,9.3612,8.8335,ECB EXR daily reference rate
2015-02-02,9.3672,8.7225,ECB EXR daily reference rate
2015-02-03,9.4118,8.637,ECB EXR daily reference rate
2015-02-04,9.4281,8.6305,ECB EXR daily reference rate
2015-02-05,9.4579,8.637,ECB EXR daily reference rate
2015-02-06,9.4565,8.5715,ECB EXR daily reference rate
2015-02-09,9.4685,8.6145,ECB EXR daily reference rate
2015-02-10,9.4264,8.5665,ECB EXR daily reference rate
2015-02-11,9.4585,8.602,ECB EXR daily reference rate
2015-02-12,9.6298,8.7425,ECB EXR daily reference rate
2015-02-13,9.5887,8.6535,ECB EXR daily reference rate
2015-02-16,9.5838,8.6035,ECB EXR daily reference rate
2015-02-17,9.5235,8.5725,ECB EXR daily reference rate
2015-02-18,9.5489,8.548,ECB EXR daily reference rate
2015-02-19,9.5713,8.645,ECB EXR daily reference rate
2015-02-20,9.5213,8.593,ECB EXR daily reference rate
2015-02-23,9.5656,8.6405,ECB EXR daily reference rate
2015-02-24,9.5199,8.625,ECB EXR daily reference rate
2015-02-25,9.491,8.6325,ECB EXR daily reference rate
2015-02-26,9.4146,8.564,ECB EXR daily reference rate
2015-02-27,9.3693,8.574,ECB EXR daily reference rate
2015-03-02,9.3436,8.6085,ECB EXR daily reference rate
2015-03-03,9.2765,8.6095,ECB EXR daily reference rate
2015-03-04,9.2379,8.6145,ECB EXR daily reference rate
2015-03-05,9.214,8.546,ECB EXR daily reference rate
2015-03-06,9.1893,8.542,ECB EXR daily reference rate
2015-03-09,9.1865,8.5785,ECB EXR daily reference rate
2015-03-10,9.1849,8.6395,ECB EXR daily reference rate
2015-03-11,9.1204,8.657,ECB EXR daily reference rate
2015-03-12,9.1141,8.591,ECB EXR daily reference rate
2015-03-13,9.1518,8.6255,ECB EXR daily reference rate
2015-03-16,9.1532,8.686,ECB EXR daily reference rate
2015-03-17,9.1769,8.7915,ECB EXR daily reference rate
2015-03-18,9.3325,8.9,ECB EXR daily reference rate
2015-03-19,9.2797,8.6355,ECB EXR daily reference rate
2015-03-20,9.3006,8.7125,ECB EXR daily reference rate
2015-03-23,9.2804,8.6275,ECB EXR daily reference rate
2015-03-24,9.2889,8.5935,ECB EXR daily reference rate
2015-03-25,9.3026,8.593,ECB EXR daily reference rate
2015-03-26,9.325,8.6005,ECB EXR daily reference rate
2015-03-27,9.3178,8.645,ECB EXR daily reference rate
2015-03-30,9.3207,8.6545,ECB EXR daily reference rate
2015-03-31,9.2901,8.7035,ECB EXR daily reference rate
2015-04-01,9.2541,8.6695,ECB EXR daily reference rate
2015-04-02,9.3445,8.6506,ECB EXR daily reference rate
2015-04-07,9.374,8.73,ECB EXR daily reference rate
2015-04-08,9.3595,8.6766,ECB EXR daily reference rate
2015-04-09,9.3421,8.662,ECB EXR daily reference rate
2015-04-10,9.3331,8.613,ECB EXR daily reference rate
2015-04-13,9.3309,8.548,ECB EXR daily reference rate
2015-04-14,9.3235,8.482,ECB EXR daily reference rate
2015-04-15,9.3115,8.415,ECB EXR daily reference rate
2015-04-16,9.2606,8.3725,ECB EXR daily reference rate
2015-04-17,9.2921,8.397,ECB EXR daily reference rate
2015-04-20,9.3018,8.442,ECB EXR daily reference rate
2015-04-21,9.2863,8.425,ECB EXR daily reference rate
2015-04-22,9.2985,8.443,ECB EXR daily reference rate
2015-04-23,9.379,8.516,ECB EXR daily reference rate
2015-04-24,9.3816,8.475,ECB EXR daily reference rate
2015-04-27,9.3562,8.4345,ECB EXR daily reference rate
2015-04-28,9.3808,8.392,ECB EXR daily reference rate
2015-04-29,9.2723,8.385,ECB EXR daily reference rate
2015-04-30,9.3261,8.3845,ECB EXR daily reference rate
2015-05-04,9.334,8.463,ECB EXR daily reference rate
2015-05-05,9.3284,8.4475,ECB EXR daily reference rate
2015-05-06,9.3066,8.413,ECB EXR daily reference rate
2015-05-07,9.2951,8.3275,ECB EXR daily reference rate
2015-05-08,9.2945,8.3815,ECB EXR daily reference rate
2015-05-11,9.269,8.4245,ECB EXR daily reference rate
2015-05-12,9.3147,8.3945,ECB EXR daily reference rate
2015-05-13,9.3267,8.357,ECB EXR daily reference rate
2015-05-14,9.3907,8.4328,ECB EXR daily reference rate
2015-05-15,9.4273,8.3745,ECB EXR daily reference rate
2015-05-18,9.3836,8.3815,ECB EXR daily reference rate
2015-05-19,9.3133,8.3545,ECB EXR daily reference rate
2015-05-20,9.2927,8.3975,ECB EXR daily reference rate
2015-05-21,9.2613,8.433,ECB EXR daily reference rate
2015-05-22,9.2476,8.4135,ECB EXR daily reference rate
2015-05-25,9.2425,8.39,ECB EXR daily reference rate
2015-05-26,9.186,8.3685,ECB EXR daily reference rate
2015-05-27,9.2708,8.4255,ECB EXR daily reference rate
2015-05-28,9.2617,8.491,ECB EXR daily reference rate
2015-05-29,9.3272,8.536,ECB EXR daily reference rate
2015-06-01,9.3734,8.7065,ECB EXR daily reference rate
2015-06-02,9.381,8.6755,ECB EXR daily reference rate
2015-06-03,9.389,8.7145,ECB EXR daily reference rate
2015-06-04,9.3396,8.737,ECB EXR daily reference rate
2015-06-05,9.3417,8.8085,ECB EXR daily reference rate
2015-06-08,9.3678,8.827,ECB EXR daily reference rate
2015-06-09,9.3535,8.778,ECB EXR daily reference rate
2015-06-10,9.3616,8.699,ECB EXR daily reference rate
2015-06-11,9.2558,8.786,ECB EXR daily reference rate
2015-06-12,9.204,8.695,ECB EXR daily reference rate
2015-06-15,9.178,8.712,ECB EXR daily reference rate
2015-06-16,9.1944,8.723,ECB EXR daily reference rate
2015-06-17,9.2185,8.7245,ECB EXR daily reference rate
2015-06-18,9.216,8.831,ECB EXR daily reference rate
2015-06-19,9.2177,8.8255,ECB EXR daily reference rate
2015-06-22,9.2253,8.742,ECB EXR daily reference rate
2015-06-23,9.2071,8.7255,ECB EXR daily reference rate
2015-06-24,9.2118,8.769,ECB EXR daily reference rate
2015-06-25,9.2276,8.7595,ECB EXR daily reference rate
2015-06-26,9.2641,8.773,ECB EXR daily reference rate
2015-06-29,9.2447,8.8065,ECB EXR daily reference rate
2015-06-30,9.215,8.791,ECB EXR daily reference rate
2015-07-01,9.246,8.7435,ECB EXR daily reference rate
2015-07-02,9.348,8.795,ECB EXR daily reference rate
2015-07-03,9.3726,8.85,ECB EXR daily reference rate
2015-07-06,9.3699,8.9095,ECB EXR daily reference rate
2015-07-07,9.3288,8.983,ECB EXR daily reference rate
2015-07-08,9.3927,9.07,ECB EXR daily reference rate
2015-07-09,9.3627,9.0185,ECB EXR daily reference rate
2015-07-10,9.4101,8.9005,ECB EXR daily reference rate
2015-07-13,9.3884,8.9035,ECB EXR daily reference rate
2015-07-14,9.408,8.9925,ECB EXR daily reference rate
2015-07-15,9.357,8.9405,ECB EXR daily reference rate
2015-07-16,9.2787,8.858,ECB EXR daily reference rate
2015-07-17,9.3435,8.8805,ECB EXR daily reference rate
2015-07-20,9.3443,8.8955,ECB EXR daily reference rate
2015-07-21,9.3683,8.9165,ECB EXR daily reference rate
2015-07-22,9.3836,8.899,ECB EXR daily reference rate
2015-07-23,9.4322,8.963,ECB EXR daily reference rate
2015-07-24,9.4263,8.9955,ECB EXR daily reference rate
2015-07-27,9.453,9.042,ECB EXR daily reference rate
2015-07-28,9.4537,9.0215,ECB EXR daily reference rate
2015-07-29,9.4766,8.9975,ECB EXR daily reference rate
2015-07-30,9.4714,8.943,ECB EXR daily reference rate
2015-07-31,9.4622,9.0015,ECB EXR daily reference rate
2015-08-03,9.4865,9.0005,ECB EXR daily reference rate
2015-08-04,9.445,9.0015,ECB EXR daily reference rate
2015-08-05,9.4776,8.9955,ECB EXR daily reference rate
2015-08-06,9.5365,9.026,ECB EXR daily reference rate
2015-08-07,9.5744,9.041,ECB EXR daily reference rate
2015-08-10,9.5958,9.026,ECB EXR daily reference rate
2015-08-11,9.5853,9.0835,ECB EXR daily reference rate
2015-08-12,9.5815,9.076,ECB EXR daily reference rate
2015-08-13,9.452,9.0745,ECB EXR daily reference rate
2015-08-14,9.4308,9.1375,ECB EXR daily reference rate
2015-08-17,9.445,9.1585,ECB EXR daily reference rate
2015-08-18,9.4282,9.1555,ECB EXR daily reference rate
2015-08-19,9.4604,9.168,ECB EXR daily reference rate
2015-08-20,9.5014,9.2325,ECB EXR daily reference rate
2015-08-21,9.5314,9.2745,ECB EXR daily reference rate
2015-08-24,9.5035,9.369,ECB EXR daily reference rate
2015-08-25,9.5653,9.3885,ECB EXR daily reference rate
2015-08-26,9.6557,9.502,ECB EXR daily reference rate
2015-08-27,9.5701,9.4025,ECB EXR daily reference rate
2015-08-28,9.4953,9.34,ECB EXR daily reference rate
2015-08-31,9.5032,9.3585,ECB EXR daily reference rate
2015-09-01,9.4954,9.356,ECB EXR daily reference rate
2015-09-02,9.4968,9.3015,ECB EXR daily reference rate
2015-09-03,9.3907,9.273,ECB EXR daily reference rate
2015-09-04,9.4147,9.2165,ECB EXR daily reference rate
2015-09-07,9.4197,9.2645,ECB EXR daily reference rate
2015-09-08,9.4188,9.2245,ECB EXR daily reference rate
2015-09-09,9.4024,9.2,ECB EXR daily reference rate
2015-09-10,9.4001,9.176,ECB EXR daily reference rate
2015-09-11,9.3709,9.271,ECB EXR daily reference rate
2015-09-14,9.335,9.257,ECB EXR daily reference rate
2015-09-15,9.3277,9.2565,ECB EXR daily reference rate
2015-09-16,9.3251,9.2385,ECB EXR daily reference rate
2015-09-17,9.3317,9.2165,ECB EXR daily reference rate
2015-09-18,9.3248,9.237,ECB EXR daily reference rate
2015-09-21,9.33,9.2205,ECB EXR daily reference rate
2015-09-22,9.3412,9.2145,ECB EXR daily reference rate
2015-09-23,9.3798,9.237,ECB EXR daily reference rate
2015-09-24,9.4292,9.463,ECB EXR daily reference rate
2015-09-25,9.3917,9.513,ECB EXR daily reference rate
2015-09-28,9.4527,9.582,ECB EXR daily reference rate
2015-09-29,9.4462,9.522,ECB EXR daily reference rate
2015-09-30,9.4083,9.5245,ECB EXR daily reference rate
2015-10-01,9.3754,9.4565,ECB EXR daily reference rate
2015-10-02,9.3412,9.4125,ECB EXR daily reference rate
2015-10-05,9.3513,9.387,ECB EXR daily reference rate
2015-10-06,9.3121,9.3765,ECB EXR daily reference rate
2015-10-07,9.2924,9.258,ECB EXR daily reference rate
2015-10-08,9.279,9.2185,ECB EXR daily reference rate
2015-10-09,9.2683,9.1895,ECB EXR daily reference rate
2015-10-12,9.3017,9.158,ECB EXR daily reference rate
2015-10-13,9.256,9.269,ECB EXR daily reference rate
2015-10-14,9.2716,9.24,ECB EXR daily reference rate
2015-10-15,9.3274,9.217,ECB EXR daily reference rate
2015-10-16,9.3557,9.2005,ECB EXR daily reference rate
2015-10-19,9.394,9.185,ECB EXR daily reference rate
2015-10-20,9.4235,9.2355,ECB EXR daily reference rate
2015-10-21,9.4219,9.2625,ECB EXR daily reference rate
2015-10-22,9.4207,9.274,ECB EXR daily reference rate
2015-10-23,9.4079,9.2525,ECB EXR daily reference rate
2015-10-26,9.3814,9.226,ECB EXR daily reference rate
2015-10-27,9.4065,9.363,ECB EXR daily reference rate
2015-10-28,9.3358,9.42,ECB EXR daily reference rate
2015-10-29,9.3574,9.367,ECB EXR daily reference rate
2015-10-30,9.3866,9.393,ECB EXR daily reference rate
2015-11-02,9.3843,9.337,ECB EXR daily reference rate
2015-11-03,9.3935,9.341,ECB EXR daily reference rate
2015-11-04,9.3663,9.3275,ECB EXR daily reference rate
2015-11-05,9.3916,9.3065,ECB EXR daily reference rate
2015-11-06,9.3839,9.2715,ECB EXR daily reference rate
2015-11-09,9.3378,9.2875,ECB EXR daily reference rate
2015-11-10,9.3102,9.2765,ECB EXR daily reference rate
2015-11-11,9.329,9.223,ECB EXR daily reference rate
2015-11-12,9.3009,9.324,ECB EXR daily reference rate
2015-11-13,9.3388,9.332,ECB EXR daily reference rate
2015-11-16,9.3206,9.305,ECB EXR daily reference rate
2015-11-17,9.3243,9.237,ECB EXR daily reference rate
2015-11-18,9.3019,9.2335,ECB EXR daily reference rate
2015-11-19,9.3089,9.2556,ECB EXR daily reference rate
2015-11-20,9.2796,9.2035,ECB EXR daily reference rate
2015-11-23,9.2496,9.1755,ECB EXR daily reference rate
2015-11-24,9.2622,9.209,ECB EXR daily reference rate
2015-11-25,9.2717,9.181,ECB EXR daily reference rate
2015-11-26,9.2756,9.193,ECB EXR daily reference rate
2015-11-27,9.242,9.1885,ECB EXR daily reference rate
2015-11-30,9.207,9.1935,ECB EXR daily reference rate
2015-12-01,9.2118,9.2015,ECB EXR daily reference rate
2015-12-02,9.2132,9.1405,ECB EXR daily reference rate
2015-12-03,9.225,9.174,ECB EXR daily reference rate
2015-12-04,9.2724,9.2495,ECB EXR daily reference rate
2015-12-07,9.2188,9.3265,ECB EXR daily reference rate
2015-12-08,9.2236,9.5675,ECB EXR daily reference rate
2015-12-09,9.2587,9.537,ECB EXR daily reference rate
2015-12-10,9.2761,9.437,ECB EXR daily reference rate
2015-12-11,9.3007,9.5385,ECB EXR daily reference rate
2015-12-14,9.363,9.5695,ECB EXR daily reference rate
2015-12-15,9.2883,9.4945,ECB EXR daily reference rate
2015-12-16,9.2991,9.5555,ECB EXR daily reference rate
2015-12-17,9.3022,9.511,ECB EXR daily reference rate
2015-12-18,9.266,9.5,ECB EXR daily reference rate
2015-12-21,9.293,9.5585,ECB EXR daily reference rate
2015-12-22,9.262,9.543,ECB EXR daily reference rate
2015-12-23,9.209,9.527,ECB EXR daily reference rate
2015-12-24,9.19,9.512,ECB EXR daily reference rate
2015-12-28,9.1863,9.538,ECB EXR daily reference rate
2015-12-29,9.1567,9.5115,ECB EXR daily reference rate
2015-12-30,9.1878,9.616,ECB EXR daily reference rate
2015-12-31,9.1895,9.603,ECB EXR daily reference rate
2016-01-04,9.1696,9.6475,ECB EXR daily reference rate
2016-01-05,9.2235,9.588,ECB EXR daily reference rate
2016-01-06,9.233,9.6225,ECB EXR daily reference rate
2016-01-07,9.278,9.6975,ECB EXR daily reference rate
2016-01-08,9.264,9.681,ECB EXR daily reference rate
2016-01-11,9.272,9.677,ECB EXR daily reference rate
2016-01-12,9.2483,9.6388,ECB EXR daily reference rate
2016-01-13,9.246,9.5588,ECB EXR daily reference rate
2016-01-14,9.285,9.6071,ECB EXR daily reference rate
2016-01-15,9.3474,9.6085,ECB EXR daily reference rate
2016-01-18,9.3411,9.6878,ECB EXR daily reference rate
2016-01-19,9.3231,9.6209,ECB EXR daily reference rate
2016-01-20,9.3431,9.665,ECB EXR daily reference rate
2016-01-21,9.3527,9.7033,ECB EXR daily reference rate
2016-01-22,9.2738,9.4685,ECB EXR daily reference rate
2016-01-25,9.2758,9.4585,ECB EXR daily reference rate
2016-01-26,9.2644,9.4858,ECB EXR daily reference rate
2016-01-27,9.2591,9.4508,ECB EXR daily reference rate
2016-01-28,9.3046,9.4465,ECB EXR daily reference rate
2016-01-29,9.3483,9.4845,ECB EXR daily reference rate
2016-02-01,9.2835,9.416,ECB EXR daily reference rate
2016-02-02,9.3437,9.5223,ECB EXR daily reference rate
2016-02-03,9.358,9.5138,ECB EXR daily reference rate
2016-02-04,9.4036,9.5375,ECB EXR daily reference rate
2016-02-05,9.4325,9.5665,ECB EXR daily reference rate
2016-02-08,9.4307,9.5885,ECB EXR daily reference rate
2016-02-09,9.5142,9.6705,ECB EXR daily reference rate
2016-02-10,9.5162,9.6195,ECB EXR daily reference rate
2016-02-11,9.5188,9.7085,ECB EXR daily reference rate
2016-02-12,9.455,9.6773,ECB EXR daily reference rate
2016-02-15,9.4862,9.6313,ECB EXR daily reference rate
2016-02-16,9.4742,9.6049,ECB EXR daily reference rate
2016-02-17,9.4723,9.5955,ECB EXR daily reference rate
2016-02-18,9.4014,9.5235,ECB EXR daily reference rate
2016-02-19,9.3838,9.5358,ECB EXR daily reference rate
2016-02-22,9.3572,9.493,ECB EXR daily reference rate
2016-02-23,9.351,9.459,ECB EXR daily reference rate
2016-02-24,9.3636,9.5858,ECB EXR daily reference rate
2016-02-25,9.3808,9.5413,ECB EXR daily reference rate
2016-02-26,9.371,9.5245,ECB EXR daily reference rate
2016-02-29,9.3219,9.5043,ECB EXR daily reference rate
2016-03-01,9.365,9.407,ECB EXR daily reference rate
2016-03-02,9.3385,9.422,ECB EXR daily reference rate
2016-03-03,9.362,9.4245,ECB EXR daily reference rate
2016-03-04,9.3345,9.383,ECB EXR daily reference rate
2016-03-07,9.3309,9.3583,ECB EXR daily reference rate
2016-03-08,9.3728,9.4285,ECB EXR daily reference rate
2016-03-09,9.292,9.3964,ECB EXR daily reference rate
2016-03-10,9.2361,9.2926,ECB EXR daily reference rate
2016-03-11,9.309,9.436,ECB EXR daily reference rate
2016-03-14,9.281,9.414,ECB EXR daily reference rate
2016-03-15,9.2421,9.48,ECB EXR daily reference rate
2016-03-16,9.2235,9.502,ECB EXR daily reference rate
2016-03-17,9.2935,9.4768,ECB EXR daily reference rate
2016-03-18,9.2773,9.4111,ECB EXR daily reference rate
2016-03-21,9.2538,9.4428,ECB EXR daily reference rate
2016-03-22,9.2315,9.447,ECB EXR daily reference rate
2016-03-23,9.2315,9.4863,ECB EXR daily reference rate
2016-03-24,9.2688,9.494,ECB EXR daily reference rate
2016-03-29,9.269,9.4839,ECB EXR daily reference rate
2016-03-30,9.242,9.43,ECB EXR daily reference rate
2016-03-31,9.2253,9.4145,ECB EXR daily reference rate
2016-04-01,9.2413,9.4401,ECB EXR daily reference rate
2016-04-04,9.2493,9.4359,ECB EXR daily reference rate
2016-04-05,9.256,9.4995,ECB EXR daily reference rate
2016-04-06,9.2628,9.476,ECB EXR daily reference rate
2016-04-07,9.2575,9.4546,ECB EXR daily reference rate
2016-04-08,9.2928,9.4183,ECB EXR daily reference rate
2016-04-11,9.2815,9.3809,ECB EXR daily reference rate
2016-04-12,9.2138,9.3515,ECB EXR daily reference rate
2016-04-13,9.176,9.3113,ECB EXR daily reference rate
2016-04-14,9.158,9.264,ECB EXR daily reference rate
2016-04-15,9.1902,9.3044,ECB EXR daily reference rate
2016-04-18,9.1948,9.3325,ECB EXR daily reference rate
2016-04-19,9.1773,9.2578,ECB EXR daily reference rate
2016-04-20,9.1643,9.2336,ECB EXR daily reference rate
2016-04-21,9.1845,9.2015,ECB EXR daily reference rate
2016-04-22,9.1381,9.2443,ECB EXR daily reference rate
2016-04-25,9.157,9.2735,ECB EXR daily reference rate
2016-04-26,9.1545,9.2278,ECB EXR daily reference rate
2016-04-27,9.1613,9.2013,ECB EXR daily reference rate
2016-04-28,9.1763,9.246,ECB EXR daily reference rate
2016-04-29,9.1689,9.215,ECB EXR daily reference rate
2016-05-02,9.1803,9.233,ECB EXR daily reference rate
2016-05-03,9.2305,9.309,ECB EXR daily reference rate
2016-05-04,9.263,9.341,ECB EXR daily reference rate
2016-05-05,9.2575,9.2985,ECB EXR daily reference rate
2016-05-06,9.2753,9.3513,ECB EXR daily reference rate
2016-05-09,9.273,9.333,ECB EXR daily reference rate
2016-05-10,9.2778,9.352,ECB EXR daily reference rate
2016-05-11,9.292,9.3475,ECB EXR daily reference rate
2016-05-12,9.2945,9.232,ECB EXR daily reference rate
2016-05-13,9.3285,9.2678,ECB EXR daily reference rate
2016-05-16,9.337,9.237,ECB EXR daily reference rate
2016-05-17,9.3513,9.2558,ECB EXR daily reference rate
2016-05-18,9.3525,9.2785,ECB EXR daily reference rate
2016-05-19,9.3709,9.3593,ECB EXR daily reference rate
2016-05-20,9.3588,9.3355,ECB EXR daily reference rate
2016-05-23,9.344,9.3658,ECB EXR daily reference rate
2016-05-24,9.306,9.3355,ECB EXR daily reference rate
2016-05-25,9.2651,9.2945,ECB EXR daily reference rate
2016-05-26,9.287,9.247,ECB EXR daily reference rate
2016-05-27,9.2673,9.282,ECB EXR daily reference rate
2016-05-30,9.283,9.3025,ECB EXR daily reference rate
2016-05-31,9.291,9.32,ECB EXR daily reference rate
2016-06-01,9.2796,9.3083,ECB EXR daily reference rate
2016-06-02,9.2945,9.336,ECB EXR daily reference rate
2016-06-03,9.2605,9.2853,ECB EXR daily reference rate
2016-06-06,9.246,9.2935,ECB EXR daily reference rate
2016-06-07,9.2238,9.2225,ECB EXR daily reference rate
2016-06-08,9.2283,9.2055,ECB EXR daily reference rate
2016-06-09,9.2433,9.2489,ECB EXR daily reference rate
2016-06-10,9.3233,9.2725,ECB EXR daily reference rate
2016-06-13,9.3265,9.3265,ECB EXR daily reference rate
2016-06-14,9.3184,9.3655,ECB EXR daily reference rate
2016-06-15,9.354,9.3415,ECB EXR daily reference rate
2016-06-16,9.3915,9.3798,ECB EXR daily reference rate
2016-06-17,9.3815,9.431,ECB EXR daily reference rate
2016-06-20,9.3338,9.3575,ECB EXR daily reference rate
2016-06-21,9.324,9.3718,ECB EXR daily reference rate
2016-06-22,9.3468,9.3555,ECB EXR daily reference rate
2016-06-23,9.303,9.2993,ECB EXR daily reference rate
2016-06-24,9.461,9.42,ECB EXR daily reference rate
2016-06-27,9.405,9.4045,ECB EXR daily reference rate
2016-06-28,9.4425,9.3785,ECB EXR daily reference rate
2016-06-29,9.4311,9.3065,ECB EXR daily reference rate
2016-06-30,9.4242,9.3008,ECB EXR daily reference rate
2016-07-01,9.39,9.2975,ECB EXR daily reference rate
2016-07-04,9.391,9.2538,ECB EXR daily reference rate
2016-07-05,9.4329,9.3197,ECB EXR daily reference rate
2016-07-06,9.4671,9.3517,ECB EXR daily reference rate
2016-07-07,9.4792,9.3782,ECB EXR daily reference rate
2016-07-08,9.4685,9.393,ECB EXR daily reference rate
2016-07-11,9.476,9.4061,ECB EXR daily reference rate
2016-07-12,9.447,9.3499,ECB EXR daily reference rate
2016-07-13,9.4368,9.3145,ECB EXR daily reference rate
2016-07-14,9.4413,9.3247,ECB EXR daily reference rate
2016-07-15,9.4556,9.3183,ECB EXR daily reference rate
2016-07-18,9.4679,9.3627,ECB EXR daily reference rate
2016-07-19,9.4922,9.3489,ECB EXR daily reference rate
2016-07-20,9.4684,9.3552,ECB EXR daily reference rate
2016-07-21,9.4736,9.3541,ECB EXR daily reference rate
2016-07-22,9.4979,9.3847,ECB EXR daily reference rate
2016-07-25,9.507,9.4102,ECB EXR daily reference rate
2016-07-26,9.5124,9.437,ECB EXR daily reference rate
2016-07-27,9.537,9.4387,ECB EXR daily reference rate
2016-07-28,9.5497,9.4405,ECB EXR daily reference rate
2016-07-29,9.5673,9.5092,ECB EXR daily reference rate
2016-08-01,9.5833,9.4455,ECB EXR daily reference rate
2016-08-02,9.5537,9.4363,ECB EXR daily reference rate
2016-08-03,9.5146,9.4236,ECB EXR daily reference rate
2016-08-04,9.5105,9.4118,ECB EXR daily reference rate
2016-08-05,9.5043,9.4022,ECB EXR daily reference rate
2016-08-08,9.525,9.4065,ECB EXR daily reference rate
2016-08-09,9.4875,9.357,ECB EXR daily reference rate
2016-08-10,9.4811,9.2571,ECB EXR daily reference rate
2016-08-11,9.431,9.2293,ECB EXR daily reference rate
2016-08-12,9.4299,9.1635,ECB EXR daily reference rate
2016-08-15,9.4601,9.1752,ECB EXR daily reference rate
2016-08-16,9.4532,9.2101,ECB EXR daily reference rate
2016-08-17,9.4951,9.2812,ECB EXR daily reference rate
2016-08-18,9.4759,9.2389,ECB EXR daily reference rate
2016-08-19,9.4936,9.3048,ECB EXR daily reference rate
2016-08-22,9.4825,9.3281,ECB EXR daily reference rate
2016-08-23,9.4673,9.2875,ECB EXR daily reference rate
2016-08-24,9.4545,9.246,ECB EXR daily reference rate
2016-08-25,9.4956,9.2771,ECB EXR daily reference rate
2016-08-26,9.4903,9.2501,ECB EXR daily reference rate
2016-08-29,9.494,9.2731,ECB EXR daily reference rate
2016-08-30,9.5008,9.2873,ECB EXR daily reference rate
2016-08-31,9.5159,9.2765,ECB EXR daily reference rate
2016-09-01,9.549,9.305,ECB EXR daily reference rate
2016-09-02,9.5985,9.317,ECB EXR daily reference rate
2016-09-05,9.5478,9.2458,ECB EXR daily reference rate
2016-09-06,9.536,9.2113,ECB EXR daily reference rate
2016-09-07,9.5063,9.1943,ECB EXR daily reference rate
2016-09-08,9.4945,9.195,ECB EXR daily reference rate
2016-09-09,9.502,9.247,ECB EXR daily reference rate
2016-09-12,9.5587,9.2713,ECB EXR daily reference rate
2016-09-13,9.538,9.2315,ECB EXR daily reference rate
2016-09-14,9.5343,9.2748,ECB EXR daily reference rate
2016-09-15,9.55,9.2648,ECB EXR daily reference rate
2016-09-16,9.557,9.2625,ECB EXR daily reference rate
2016-09-19,9.5688,9.2505,ECB EXR daily reference rate
2016-09-20,9.5763,9.2648,ECB EXR daily reference rate
2016-09-21,9.5698,9.2318,ECB EXR daily reference rate
2016-09-22,9.5833,9.1073,ECB EXR daily reference rate
2016-09-23,9.582,9.1028,ECB EXR daily reference rate
2016-09-26,9.6075,9.1318,ECB EXR daily reference rate
2016-09-27,9.6213,9.1108,ECB EXR daily reference rate
2016-09-28,9.6165,9.0888,ECB EXR daily reference rate
2016-09-29,9.6218,9.0403,ECB EXR daily reference rate
2016-09-30,9.621,8.9865,ECB EXR daily reference rate
2016-10-03,9.593,8.9625,ECB EXR daily reference rate
2016-10-04,9.6005,8.9175,ECB EXR daily reference rate
2016-10-05,9.626,8.9872,ECB EXR daily reference rate
2016-10-06,9.632,8.9938,ECB EXR daily reference rate
2016-10-07,9.6335,9.001,ECB EXR daily reference rate
2016-10-10,9.6618,9.0448,ECB EXR daily reference rate
2016-10-11,9.7318,9.0395,ECB EXR daily reference rate
2016-10-12,9.7318,9.029,ECB EXR daily reference rate
2016-10-13,9.7365,9.0768,ECB EXR daily reference rate
2016-10-14,9.7068,9.0248,ECB EXR daily reference rate
2016-10-17,9.7028,9.0315,ECB EXR daily reference rate
2016-10-18,9.7025,8.9565,ECB EXR daily reference rate
2016-10-19,9.698,8.9585,ECB EXR daily reference rate
2016-10-20,9.704,8.9625,ECB EXR daily reference rate
2016-10-21,9.6913,8.9538,ECB EXR daily reference rate
2016-10-24,9.705,8.9855,ECB EXR daily reference rate
2016-10-25,9.718,8.9868,ECB EXR daily reference rate
2016-10-26,9.7368,9.0425,ECB EXR daily reference rate
2016-10-27,9.815,8.9858,ECB EXR daily reference rate
2016-10-28,9.862,9.0445,ECB EXR daily reference rate
2016-10-31,9.865,9.0345,ECB EXR daily reference rate
2016-11-01,9.88,9.0213,ECB EXR daily reference rate
2016-11-02,9.891,9.0735,ECB EXR daily reference rate
2016-11-03,9.9068,9.0575,ECB EXR daily reference rate
2016-11-04,9.963,9.1098,ECB EXR daily reference rate
2016-11-07,9.9833,9.1035,ECB EXR daily reference rate
2016-11-08,9.9185,9.0753,ECB EXR daily reference rate
2016-11-09,10.0025,9.1193,ECB EXR daily reference rate
2016-11-10,9.909,9.0733,ECB EXR daily reference rate
2016-11-11,9.861,9.1148,ECB EXR daily reference rate
2016-11-14,9.8095,9.135,ECB EXR daily reference rate
2016-11-15,9.851,9.0848,ECB EXR daily reference rate
2016-11-16,9.8328,9.072,ECB EXR daily reference rate
2016-11-17,9.8368,9.0878,ECB EXR daily reference rate
2016-11-18,9.8243,9.1038,ECB EXR daily reference rate
2016-11-21,9.8145,9.0843,ECB EXR daily reference rate
2016-11-22,9.7973,9.0563,ECB EXR daily reference rate
2016-11-23,9.7863,9.068,ECB EXR daily reference rate
2016-11-24,9.7658,9.0858,ECB EXR daily reference rate
2016-11-25,9.784,9.069,ECB EXR daily reference rate
2016-11-28,9.7798,9.0848,ECB EXR daily reference rate
2016-11-29,9.7668,9.0765,ECB EXR daily reference rate
2016-11-30,9.7538,9.019,ECB EXR daily reference rate
2016-12-01,9.7935,8.9628,ECB EXR daily reference rate
2016-12-02,9.7983,8.986,ECB EXR daily reference rate
2016-12-05,9.8015,8.984,ECB EXR daily reference rate
2016-12-06,9.803,8.9803,ECB EXR daily reference rate
2016-12-07,9.7735,8.9908,ECB EXR daily reference rate
2016-12-08,9.7228,9.0145,ECB EXR daily reference rate
2016-12-09,9.691,8.9805,ECB EXR daily reference rate
2016-12-12,9.7445,8.9498,ECB EXR daily reference rate
2016-12-13,9.718,8.9495,ECB EXR daily reference rate
2016-12-14,9.7553,9.0223,ECB EXR daily reference rate
2016-12-15,9.7688,8.9993,ECB EXR daily reference rate
2016-12-16,9.789,9.0623,ECB EXR daily reference rate
2016-12-19,9.78,9.0485,ECB EXR daily reference rate
2016-12-20,9.7265,9.0343,ECB EXR daily reference rate
2016-12-21,9.6385,9.026,ECB EXR daily reference rate
2016-12-22,9.6008,9.0975,ECB EXR daily reference rate
2016-12-23,9.646,9.0928,ECB EXR daily reference rate
2016-12-27,9.6588,9.1078,ECB EXR daily reference rate
2016-12-28,9.5783,9.0777,ECB EXR daily reference rate
2016-12-29,9.5585,9.0758,ECB EXR daily reference rate
2016-12-30,9.5525,9.0863,ECB EXR daily reference rate
2017-01-02,9.5438,9.0543,ECB EXR daily reference rate
2017-01-03,9.5348,9.0013,ECB EXR daily reference rate
2017-01-04,9.5238,8.9905,ECB EXR daily reference rate
2017-01-05,9.5341,9.0215,ECB EXR daily reference rate
2017-01-06,9.5515,8.9868,ECB EXR daily reference rate
2017-01-09,9.5533,9.0193,ECB EXR daily reference rate
2017-01-10,9.5595,9.075,ECB EXR daily reference rate
2017-01-11,9.5695,9.0633,ECB EXR daily reference rate
2017-01-12,9.509,9.0625,ECB EXR daily reference rate
2017-01-13,9.4875,9.058,ECB EXR daily reference rate
2017-01-16,9.483,9.0558,ECB EXR daily reference rate
2017-01-17,9.5033,9.036,ECB EXR daily reference rate
2017-01-18,9.5328,9.033,ECB EXR daily reference rate
2017-01-19,9.5478,9.0193,ECB EXR daily reference rate
2017-01-20,9.5073,8.999,ECB EXR daily reference rate
2017-01-23,9.5113,8.994,ECB EXR daily reference rate
2017-01-24,9.4985,8.9578,ECB EXR daily reference rate
2017-01-25,9.4833,8.9453,ECB EXR daily reference rate
2017-01-26,9.466,8.9215,ECB EXR daily reference rate
2017-01-27,9.4528,8.919,ECB EXR daily reference rate
2017-01-30,9.439,8.8758,ECB EXR daily reference rate
2017-01-31,9.4505,8.888,ECB EXR daily reference rate
2017-02-01,9.4253,8.883,ECB EXR daily reference rate
2017-02-02,9.4183,8.8575,ECB EXR daily reference rate
2017-02-03,9.442,8.8568,ECB EXR daily reference rate
2017-02-06,9.4605,8.846,ECB EXR daily reference rate
2017-02-07,9.481,8.8838,ECB EXR daily reference rate
2017-02-08,9.4523,8.8835,ECB EXR daily reference rate
2017-02-09,9.4835,8.886,ECB EXR daily reference rate
2017-02-10,9.4873,8.9065,ECB EXR daily reference rate
2017-02-13,9.478,8.9018,ECB EXR daily reference rate
2017-02-14,9.4653,8.879,ECB EXR daily reference rate
2017-02-15,9.4508,8.8523,ECB EXR daily reference rate
2017-02-16,9.4748,8.869,ECB EXR daily reference rate
2017-02-17,9.4478,8.8645,ECB EXR daily reference rate
2017-02-20,9.4785,8.8568,ECB EXR daily reference rate
2017-02-21,9.469,8.8138,ECB EXR daily reference rate
2017-02-22,9.47,8.8153,ECB EXR daily reference rate
2017-02-23,9.4975,8.807,ECB EXR daily reference rate
2017-02-24,9.5188,8.8365,ECB EXR daily reference rate
2017-02-27,9.5548,8.8383,ECB EXR daily reference rate
2017-02-28,9.5675,8.8693,ECB EXR daily reference rate
2017-03-01,9.5268,8.8618,ECB EXR daily reference rate
2017-03-02,9.5195,8.883,ECB EXR daily reference rate
2017-03-03,9.5375,8.9303,ECB EXR daily reference rate
2017-03-06,9.5335,8.9673,ECB EXR daily reference rate
2017-03-07,9.5218,8.9443,ECB EXR daily reference rate
2017-03-08,9.5223,8.9513,ECB EXR daily reference rate
2017-03-09,9.5525,9.0458,ECB EXR daily reference rate
2017-03-10,9.5778,9.1405,ECB EXR daily reference rate
2017-03-13,9.5645,9.1298,ECB EXR daily reference rate
2017-03-14,9.4968,9.151,ECB EXR daily reference rate
2017-03-15,9.5603,9.1353,ECB EXR daily reference rate
2017-03-16,9.4838,9.1588,ECB EXR daily reference rate
2017-03-17,9.461,9.1023,ECB EXR daily reference rate
2017-03-20,9.5078,9.1278,ECB EXR daily reference rate
2017-03-21,9.4923,9.1253,ECB EXR daily reference rate
2017-03-22,9.5105,9.1463,ECB EXR daily reference rate
2017-03-23,9.5095,9.1478,ECB EXR daily reference rate
2017-03-24,9.5373,9.1793,ECB EXR daily reference rate
2017-03-27,9.5503,9.2188,ECB EXR daily reference rate
2017-03-28,9.5318,9.238,ECB EXR daily reference rate
2017-03-29,9.5505,9.1908,ECB EXR daily reference rate
2017-03-30,9.5623,9.1695,ECB EXR daily reference rate
2017-03-31,9.5322,9.1683,ECB EXR daily reference rate
2017-04-03,9.5145,9.1468,ECB EXR daily reference rate
2017-04-04,9.61,9.179,ECB EXR daily reference rate
2017-04-05,9.5748,9.1665,ECB EXR daily reference rate
2017-04-06,9.5895,9.1688,ECB EXR daily reference rate
2017-04-07,9.5963,9.1583,ECB EXR daily reference rate
2017-04-10,9.6098,9.1443,ECB EXR daily reference rate
2017-04-11,9.5915,9.1245,ECB EXR daily reference rate
2017-04-12,9.5553,9.1035,ECB EXR daily reference rate
2017-04-13,9.582,9.1033,ECB EXR daily reference rate
2017-04-18,9.5908,9.1093,ECB EXR daily reference rate
2017-04-19,9.6195,9.1528,ECB EXR daily reference rate
2017-04-20,9.6203,9.212,ECB EXR daily reference rate
2017-04-21,9.639,9.2478,ECB EXR daily reference rate
2017-04-24,9.5825,9.245,ECB EXR daily reference rate
2017-04-25,9.601,9.3158,ECB EXR daily reference rate
2017-04-26,9.5605,9.3485,ECB EXR daily reference rate
2017-04-27,9.6244,9.3367,ECB EXR daily reference rate
2017-04-28,9.6318,9.3243,ECB EXR daily reference rate
2017-05-02,9.629,9.378,ECB EXR daily reference rate
2017-05-03,9.6273,9.3878,ECB EXR daily reference rate
2017-05-04,9.6438,9.4803,ECB EXR daily reference rate
2017-05-05,9.6865,9.5023,ECB EXR daily reference rate
2017-05-08,9.659,9.4465,ECB EXR daily reference rate
2017-05-09,9.6698,9.4138,ECB EXR daily reference rate
2017-05-10,9.699,9.4435,ECB EXR daily reference rate
2017-05-11,9.6478,9.333,ECB EXR daily reference rate
2017-05-12,9.6673,9.3665,ECB EXR daily reference rate
2017-05-15,9.6733,9.3325,ECB EXR daily reference rate
2017-05-16,9.7215,9.3918,ECB EXR daily reference rate
2017-05-17,9.7573,9.3708,ECB EXR daily reference rate
2017-05-18,9.7655,9.4113,ECB EXR daily reference rate
2017-05-19,9.7893,9.3923,ECB EXR daily reference rate
2017-05-22,9.7895,9.3723,ECB EXR daily reference rate
2017-05-23,9.7403,9.376,ECB EXR daily reference rate
2017-05-24,9.7418,9.3843,ECB EXR daily reference rate
2017-05-25,9.7275,9.333,ECB EXR daily reference rate
2017-05-26,9.7275,9.4018,ECB EXR daily reference rate
2017-05-29,9.7248,9.4065,ECB EXR daily reference rate
2017-05-30,9.7688,9.4398,ECB EXR daily reference rate
2017-05-31,9.7558,9.4388,ECB EXR daily reference rate
2017-06-01,9.776,9.4895,ECB EXR daily reference rate
2017-06-02,9.7433,9.4918,ECB EXR daily reference rate
2017-06-05,9.7448,9.489,ECB EXR daily reference rate
2017-06-06,9.7503,9.5158,ECB EXR daily reference rate
2017-06-07,9.7953,9.5023,ECB EXR daily reference rate
2017-06-08,9.7885,9.5233,ECB EXR daily reference rate
2017-06-09,9.7615,9.5218,ECB EXR daily reference rate
2017-06-12,9.7803,9.4985,ECB EXR daily reference rate
2017-06-13,9.7443,9.454,ECB EXR daily reference rate
2017-06-14,9.7448,9.414,ECB EXR daily reference rate
2017-06-15,9.7278,9.4718,ECB EXR daily reference rate
2017-06-16,9.737,9.4615,ECB EXR daily reference rate
2017-06-19,9.7443,9.4518,ECB EXR daily reference rate
2017-06-20,9.7575,9.493,ECB EXR daily reference rate
2017-06-21,9.7808,9.5158,ECB EXR daily reference rate
2017-06-22,9.7683,9.4855,ECB EXR daily reference rate
2017-06-23,9.77,9.4613,ECB EXR daily reference rate
2017-06-26,9.7618,9.4788,ECB EXR daily reference rate
2017-06-27,9.7678,9.52,ECB EXR daily reference rate
2017-06-28,9.778,9.602,ECB EXR daily reference rate
2017-06-29,9.7215,9.57,ECB EXR daily reference rate
2017-06-30,9.6398,9.5713,ECB EXR daily reference rate
2017-07-03,9.6358,9.5065,ECB EXR daily reference rate
2017-07-04,9.6735,9.485,ECB EXR daily reference rate
2017-07-05,9.6243,9.4965,ECB EXR daily reference rate
2017-07-06,9.631,9.5298,ECB EXR daily reference rate
2017-07-07,9.6155,9.5613,ECB EXR daily reference rate
2017-07-10,9.6175,9.5165,ECB EXR daily reference rate
2017-07-11,9.639,9.512,ECB EXR daily reference rate
2017-07-12,9.635,9.4688,ECB EXR daily reference rate
2017-07-13,9.543,9.4518,ECB EXR daily reference rate
2017-07-14,9.5333,9.3843,ECB EXR daily reference rate
2017-07-17,9.54,9.3558,ECB EXR daily reference rate
2017-07-18,9.5658,9.3065,ECB EXR daily reference rate
2017-07-19,9.5598,9.3018,ECB EXR daily reference rate
2017-07-20,9.5678,9.3,ECB EXR daily reference rate
2017-07-21,9.6193,9.3315,ECB EXR daily reference rate
2017-07-24,9.5883,9.3525,ECB EXR daily reference rate
2017-07-25,9.5545,9.3035,ECB EXR daily reference rate
2017-07-26,9.5705,9.2893,ECB EXR daily reference rate
2017-07-27,9.582,9.2978,ECB EXR daily reference rate
2017-07-28,9.5355,9.3195,ECB EXR daily reference rate
2017-07-31,9.5423,9.305,ECB EXR daily reference rate
2017-08-01,9.5563,9.3343,ECB EXR daily reference rate
2017-08-02,9.5918,9.3505,ECB EXR daily reference rate
2017-08-03,9.6093,9.3768,ECB EXR daily reference rate
2017-08-04,9.6053,9.3618,ECB EXR daily reference rate
2017-08-07,9.6175,9.38,ECB EXR daily reference rate
2017-08-08,9.598,9.3225,ECB EXR daily reference rate
2017-08-09,9.621,9.3398,ECB EXR daily reference rate
2017-08-10,9.568,9.3355,ECB EXR daily reference rate
2017-08-11,9.6083,9.3975,ECB EXR daily reference rate
2017-08-14,9.5665,9.3478,ECB EXR daily reference rate
2017-08-15,9.4835,9.3538,ECB EXR daily reference rate
2017-08-16,9.482,9.3115,ECB EXR daily reference rate
2017-08-17,9.5088,9.3243,ECB EXR daily reference rate
2017-08-18,9.537,9.3183,ECB EXR daily reference rate
2017-08-21,9.5173,9.2903,ECB EXR daily reference rate
2017-08-22,9.539,9.3023,ECB EXR daily reference rate
2017-08-23,9.5455,9.313,ECB EXR daily reference rate
2017-08-24,9.5118,9.2585,ECB EXR daily reference rate
2017-08-25,9.5053,9.2278,ECB EXR daily reference rate
2017-08-28,9.5155,9.262,ECB EXR daily reference rate
2017-08-29,9.5363,9.2915,ECB EXR daily reference rate
2017-08-30,9.5095,9.2845,ECB EXR daily reference rate
2017-08-31,9.4818,9.279,ECB EXR daily reference rate
2017-09-01,9.4778,9.2555,ECB EXR daily reference rate
2017-09-04,9.4733,9.2933,ECB EXR daily reference rate
2017-09-05,9.469,9.2788,ECB EXR daily reference rate
2017-09-06,9.501,9.2765,ECB EXR daily reference rate
2017-09-07,9.5263,9.2938,ECB EXR daily reference rate
2017-09-08,9.5388,9.3093,ECB EXR daily reference rate
2017-09-11,9.5705,9.371,ECB EXR daily reference rate
2017-09-12,9.5355,9.3593,ECB EXR daily reference rate
2017-09-13,9.5475,9.3983,ECB EXR daily reference rate
2017-09-14,9.5345,9.395,ECB EXR daily reference rate
2017-09-15,9.5058,9.3348,ECB EXR daily reference rate
2017-09-18,9.5145,9.341,ECB EXR daily reference rate
2017-09-19,9.5261,9.342,ECB EXR daily reference rate
2017-09-20,9.5335,9.344,ECB EXR daily reference rate
2017-09-21,9.5135,9.3025,ECB EXR daily reference rate
2017-09-22,9.5358,9.3193,ECB EXR daily reference rate
2017-09-25,9.5325,9.2725,ECB EXR daily reference rate
2017-09-26,9.5473,9.2843,ECB EXR daily reference rate
2017-09-27,9.5885,9.3355,ECB EXR daily reference rate
2017-09-28,9.58,9.3575,ECB EXR daily reference rate
2017-09-29,9.649,9.4125,ECB EXR daily reference rate
2017-10-02,9.6055,9.377,ECB EXR daily reference rate
2017-10-03,9.5675,9.3885,ECB EXR daily reference rate
2017-10-04,9.5425,9.3533,ECB EXR daily reference rate
2017-10-05,9.5195,9.35,ECB EXR daily reference rate
2017-10-06,9.5418,9.372,ECB EXR daily reference rate
2017-10-09,9.5348,9.3788,ECB EXR daily reference rate
2017-10-10,9.5265,9.3745,ECB EXR daily reference rate
2017-10-11,9.5313,9.379,ECB EXR daily reference rate
2017-10-12,9.5883,9.3601,ECB EXR daily reference rate
2017-10-13,9.605,9.339,ECB EXR daily reference rate
2017-10-16,9.5885,9.3133,ECB EXR daily reference rate
2017-10-17,9.5813,9.326,ECB EXR daily reference rate
2017-10-18,9.5945,9.3575,ECB EXR daily reference rate
2017-10-19,9.6445,9.419,ECB EXR daily reference rate
2017-10-20,9.6445,9.4145,ECB EXR daily reference rate
2017-10-23,9.644,9.3883,ECB EXR daily reference rate
2017-10-24,9.6475,9.3883,ECB EXR daily reference rate
2017-10-25,9.6858,9.4383,ECB EXR daily reference rate
2017-10-26,9.7218,9.4865,ECB EXR daily reference rate
2017-10-27,9.739,9.5348,ECB EXR daily reference rate
2017-10-30,9.709,9.484,ECB EXR daily reference rate
2017-10-31,9.7415,9.5238,ECB EXR daily reference rate
2017-11-01,9.7535,9.461,ECB EXR daily reference rate
2017-11-02,9.7615,9.4838,ECB EXR daily reference rate
2017-11-03,9.7912,9.4843,ECB EXR daily reference rate
2017-11-06,9.7683,9.438,ECB EXR daily reference rate
2017-11-07,9.7443,9.4543,ECB EXR daily reference rate
2017-11-08,9.7288,9.473,ECB EXR daily reference rate
2017-11-09,9.7355,9.4535,ECB EXR daily reference rate
2017-11-10,9.743,9.456,ECB EXR daily reference rate
2017-11-13,9.7705,9.4913,ECB EXR daily reference rate
2017-11-14,9.8905,9.5923,ECB EXR daily reference rate
2017-11-15,9.9728,9.751,ECB EXR daily reference rate
2017-11-16,9.8868,9.6553,ECB EXR daily reference rate
2017-11-17,9.9443,9.7163,ECB EXR daily reference rate
2017-11-20,9.9585,9.7298,ECB EXR daily reference rate
2017-11-21,9.9473,9.689,ECB EXR daily reference rate
2017-11-22,9.8818,9.6723,ECB EXR daily reference rate
2017-11-23,9.844,9.6393,ECB EXR daily reference rate
2017-11-24,9.8638,9.6608,ECB EXR daily reference rate
2017-11-27,9.926,9.7533,ECB EXR daily reference rate
2017-11-28,9.906,9.745,ECB EXR daily reference rate
2017-11-29,9.915,9.741,ECB EXR daily reference rate
2017-11-30,9.9208,9.8398,ECB EXR daily reference rate
2017-12-01,9.9487,9.8753,ECB EXR daily reference rate
2017-12-04,9.9635,9.8668,ECB EXR daily reference rate
2017-12-05,9.968,9.8228,ECB EXR daily reference rate
2017-12-06,9.9265,9.7575,ECB EXR daily reference rate
2017-12-07,9.9558,9.7503,ECB EXR daily reference rate
2017-12-08,9.977,9.7665,ECB EXR daily reference rate
2017-12-11,10.016,9.8825,ECB EXR daily reference rate
2017-12-12,9.9328,9.8245,ECB EXR daily reference rate
2017-12-13,9.906,9.8253,ECB EXR daily reference rate
2017-12-14,9.9488,9.7783,ECB EXR daily reference rate
2017-12-15,9.9583,9.7828,ECB EXR daily reference rate
2017-12-18,9.9588,9.8573,ECB EXR daily reference rate
2017-12-19,9.9508,9.8875,ECB EXR daily reference rate
2017-12-20,9.9128,9.8683,ECB EXR daily reference rate
2017-12-21,9.9844,9.9738,ECB EXR daily reference rate
2017-12-22,9.9327,9.8963,ECB EXR daily reference rate
2017-12-27,9.8727,9.8605,ECB EXR daily reference rate
2017-12-28,9.8452,9.867,ECB EXR daily reference rate
2017-12-29,9.8438,9.8403,ECB EXR daily reference rate
2018-01-02,9.8283,9.7748,ECB EXR daily reference rate
2018-01-03,9.825,9.744,ECB EXR daily reference rate
2018-01-04,9.822,9.7655,ECB EXR daily reference rate
2018-01-05,9.8318,9.7418,ECB EXR daily reference rate
2018-01-08,9.8165,9.6783,ECB EXR daily reference rate
2018-01-09,9.8288,9.6715,ECB EXR daily reference rate
2018-01-10,9.811,9.6448,ECB EXR daily reference rate
2018-01-11,9.8203,9.6735,ECB EXR daily reference rate
2018-01-12,9.835,9.659,ECB EXR daily reference rate
2018-01-15,9.8335,9.6708,ECB EXR daily reference rate
2018-01-16,9.8228,9.6308,ECB EXR daily reference rate
2018-01-17,9.8425,9.622,ECB EXR daily reference rate
2018-01-18,9.8305,9.6013,ECB EXR daily reference rate
2018-01-19,9.8333,9.6243,ECB EXR daily reference rate
2018-01-22,9.834,9.6223,ECB EXR daily reference rate
2018-01-23,9.8443,9.638,ECB EXR daily reference rate
2018-01-24,9.8323,9.6275,ECB EXR daily reference rate
2018-01-25,9.8188,9.5858,ECB EXR daily reference rate
2018-01-26,9.8005,9.5655,ECB EXR daily reference rate
2018-01-29,9.7823,9.5548,ECB EXR daily reference rate
2018-01-30,9.7825,9.5628,ECB EXR daily reference rate
2018-01-31,9.7645,9.562,ECB EXR daily reference rate
2018-02-01,9.803,9.5705,ECB EXR daily reference rate
2018-02-02,9.8223,9.5663,ECB EXR daily reference rate
2018-02-05,9.8338,9.6108,ECB EXR daily reference rate
2018-02-06,9.8685,9.7005,ECB EXR daily reference rate
2018-02-07,9.8585,9.6618,ECB EXR daily reference rate
2018-02-08,9.8968,9.686,ECB EXR daily reference rate
2018-02-09,9.9448,9.7983,ECB EXR daily reference rate
2018-02-12,9.9195,9.7475,ECB EXR daily reference rate
2018-02-13,9.9388,9.7418,ECB EXR daily reference rate
2018-02-14,9.9305,9.7148,ECB EXR daily reference rate
2018-02-15,9.918,9.735,ECB EXR daily reference rate
2018-02-16,9.914,9.681,ECB EXR daily reference rate
2018-02-19,9.9155,9.6575,ECB EXR daily reference rate
2018-02-20,9.9688,9.6683,ECB EXR daily reference rate
2018-02-21,9.9648,9.642,ECB EXR daily reference rate
2018-02-22,9.9963,9.6893,ECB EXR daily reference rate
2018-02-23,10.0583,9.677,ECB EXR daily reference rate
2018-02-26,10.0435,9.6303,ECB EXR daily reference rate
2018-02-27,10.08,9.629,ECB EXR daily reference rate
2018-02-28,10.0923,9.6153,ECB EXR daily reference rate
2018-03-01,10.1185,9.66,ECB EXR daily reference rate
2018-03-02,10.1643,9.6178,ECB EXR daily reference rate
2018-03-05,10.1683,9.6335,ECB EXR daily reference rate
2018-03-06,10.1835,9.613,ECB EXR daily reference rate
2018-03-07,10.2383,9.6775,ECB EXR daily reference rate
2018-03-08,10.2173,9.7135,ECB EXR daily reference rate
2018-03-09,10.1648,9.5948,ECB EXR daily reference rate
2018-03-12,10.1563,9.5645,ECB EXR daily reference rate
2018-03-13,10.1568,9.5808,ECB EXR daily reference rate
2018-03-14,10.1255,9.5728,ECB EXR daily reference rate
2018-03-15,10.0943,9.5078,ECB EXR daily reference rate
2018-03-16,10.0795,9.491,ECB EXR daily reference rate
2018-03-19,10.0838,9.5205,ECB EXR daily reference rate
2018-03-20,10.0563,9.4863,ECB EXR daily reference rate
2018-03-21,10.0883,9.5028,ECB EXR daily reference rate
2018-03-22,10.12,9.5308,ECB EXR daily reference rate
2018-03-23,10.1943,9.5715,ECB EXR daily reference rate
2018-03-26,10.1868,9.5613,ECB EXR daily reference rate
2018-03-27,10.2156,9.5603,ECB EXR daily reference rate
2018-03-28,10.28,9.6423,ECB EXR daily reference rate
2018-03-29,10.2843,9.677,ECB EXR daily reference rate
2018-04-03,10.2968,9.6338,ECB EXR daily reference rate
2018-04-04,10.3175,9.6345,ECB EXR daily reference rate
2018-04-05,10.314,9.5875,ECB EXR daily reference rate
2018-04-06,10.2983,9.586,ECB EXR daily reference rate
2018-04-09,10.296,9.5883,ECB EXR daily reference rate
2018-04-10,10.2855,9.647,ECB EXR daily reference rate
2018-04-11,10.2863,9.6213,ECB EXR daily reference rate
2018-04-12,10.3723,9.5973,ECB EXR daily reference rate
2018-04-13,10.3798,9.5643,ECB EXR daily reference rate
2018-04-16,10.4045,9.595,ECB EXR daily reference rate
2018-04-17,10.3913,9.598,ECB EXR daily reference rate
2018-04-18,10.4033,9.6095,ECB EXR daily reference rate
2018-04-19,10.3778,9.5825,ECB EXR daily reference rate
2018-04-20,10.3703,9.605,ECB EXR daily reference rate
2018-04-23,10.3763,9.6258,ECB EXR daily reference rate
2018-04-24,10.3775,9.629,ECB EXR daily reference rate
2018-04-25,10.422,9.705,ECB EXR daily reference rate
2018-04-26,10.4478,9.6735,ECB EXR daily reference rate
2018-04-27,10.5178,9.659,ECB EXR daily reference rate
2018-04-30,10.4993,9.662,ECB EXR daily reference rate
2018-05-02,10.6174,9.6958,ECB EXR daily reference rate
2018-05-03,10.6045,9.6465,ECB EXR daily reference rate
2018-05-04,10.5715,9.644,ECB EXR daily reference rate
2018-05-07,10.5383,9.619,ECB EXR daily reference rate
2018-05-08,10.476,9.6233,ECB EXR daily reference rate
2018-05-09,10.3473,9.6045,ECB EXR daily reference rate
2018-05-10,10.315,9.547,ECB EXR daily reference rate
2018-05-11,10.2635,9.5425,ECB EXR daily reference rate
2018-05-14,10.2958,9.5653,ECB EXR daily reference rate
2018-05-15,10.2928,9.5673,ECB EXR daily reference rate
2018-05-16,10.2903,9.5715,ECB EXR daily reference rate
2018-05-17,10.295,9.5565,ECB EXR daily reference rate
2018-05-18,10.3073,9.5773,ECB EXR daily reference rate
2018-05-21,10.2555,9.5285,ECB EXR daily reference rate
2018-05-22,10.2158,9.49,ECB EXR daily reference rate
2018-05-23,10.2906,9.5063,ECB EXR daily reference rate
2018-05-24,10.2518,9.481,ECB EXR daily reference rate
2018-05-25,10.1922,9.4888,ECB EXR daily reference rate
2018-05-28,10.2373,9.5113,ECB EXR daily reference rate
2018-05-29,10.3173,9.5618,ECB EXR daily reference rate
2018-05-30,10.2783,9.5463,ECB EXR daily reference rate
2018-05-31,10.2683,9.5375,ECB EXR daily reference rate
2018-06-01,10.2943,9.5323,ECB EXR daily reference rate
2018-06-04,10.2583,9.503,ECB EXR daily reference rate
2018-06-05,10.2498,9.5008,ECB EXR daily reference rate
2018-06-06,10.276,9.5238,ECB EXR daily reference rate
2018-06-07,10.2515,9.5013,ECB EXR daily reference rate
2018-06-08,10.287,9.5085,ECB EXR daily reference rate
2018-06-11,10.253,9.5013,ECB EXR daily reference rate
2018-06-12,10.155,9.4435,ECB EXR daily reference rate
2018-06-13,10.136,9.4373,ECB EXR daily reference rate
2018-06-14,10.16,9.4268,ECB EXR daily reference rate
2018-06-15,10.1713,9.432,ECB EXR daily reference rate
2018-06-18,10.2223,9.434,ECB EXR daily reference rate
2018-06-19,10.3227,9.4895,ECB EXR daily reference rate
2018-06-20,10.2755,9.4693,ECB EXR daily reference rate
2018-06-21,10.3248,9.4253,ECB EXR daily reference rate
2018-06-22,10.295,9.4328,ECB EXR daily reference rate
2018-06-25,10.3623,9.4703,ECB EXR daily reference rate
2018-06-26,10.3383,9.4718,ECB EXR daily reference rate
2018-06-27,10.3503,9.4785,ECB EXR daily reference rate
2018-06-28,10.4191,9.474,ECB EXR daily reference rate
2018-06-29,10.453,9.5115,ECB EXR daily reference rate
2018-07-02,10.449,9.5015,ECB EXR daily reference rate
2018-07-03,10.3123,9.4655,ECB EXR daily reference rate
2018-07-04,10.251,9.4433,ECB EXR daily reference rate
2018-07-05,10.2363,9.441,ECB EXR daily reference rate
2018-07-06,10.291,9.4425,ECB EXR daily reference rate
2018-07-09,10.2548,9.4218,ECB EXR daily reference rate
2018-07-10,10.2438,9.4145,ECB EXR daily reference rate
2018-07-11,10.2745,9.4458,ECB EXR daily reference rate
2018-07-12,10.335,9.4443,ECB EXR daily reference rate
2018-07-13,10.376,9.483,ECB EXR daily reference rate
2018-07-16,10.3333,9.479,ECB EXR daily reference rate
2018-07-17,10.3003,9.4875,ECB EXR daily reference rate
2018-07-18,10.312,9.5023,ECB EXR daily reference rate
2018-07-19,10.3565,9.5763,ECB EXR daily reference rate
2018-07-20,10.3908,9.5905,ECB EXR daily reference rate
2018-07-23,10.3488,9.5533,ECB EXR daily reference rate
2018-07-24,10.3278,9.5605,ECB EXR daily reference rate
2018-07-25,10.2925,9.5485,ECB EXR daily reference rate
2018-07-26,10.2738,9.5455,ECB EXR daily reference rate
2018-07-27,10.301,9.5358,ECB EXR daily reference rate
2018-07-30,10.2503,9.529,ECB EXR daily reference rate
2018-07-31,10.257,9.5338,ECB EXR daily reference rate
2018-08-01,10.2995,9.538,ECB EXR daily reference rate
2018-08-02,10.3003,9.546,ECB EXR daily reference rate
2018-08-03,10.3193,9.541,ECB EXR daily reference rate
2018-08-06,10.304,9.5325,ECB EXR daily reference rate
2018-08-07,10.3245,9.5003,ECB EXR daily reference rate
2018-08-08,10.3878,9.5303,ECB EXR daily reference rate
2018-08-09,10.3875,9.5443,ECB EXR daily reference rate
2018-08-10,10.4258,9.533,ECB EXR daily reference rate
2018-08-13,10.4093,9.5295,ECB EXR daily reference rate
2018-08-14,10.3718,9.5275,ECB EXR daily reference rate
2018-08-15,10.4033,9.5508,ECB EXR daily reference rate
2018-08-16,10.4663,9.613,ECB EXR daily reference rate
2018-08-17,10.4935,9.6795,ECB EXR daily reference rate
2018-08-20,10.4918,9.672,ECB EXR daily reference rate
2018-08-21,10.5118,9.705,ECB EXR daily reference rate
2018-08-22,10.5075,9.6808,ECB EXR daily reference rate
2018-08-23,10.5183,9.6483,ECB EXR daily reference rate
2018-08-24,10.5843,9.6938,ECB EXR daily reference rate
2018-08-27,10.6095,9.6988,ECB EXR daily reference rate
2018-08-28,10.6633,9.7243,ECB EXR daily reference rate
2018-08-29,10.6923,9.7475,ECB EXR daily reference rate
2018-08-30,10.644,9.72,ECB EXR daily reference rate
2018-08-31,10.6205,9.7148,ECB EXR daily reference rate
2018-09-03,10.5806,9.702,ECB EXR daily reference rate
2018-09-04,10.5645,9.717,ECB EXR daily reference rate
2018-09-05,10.5408,9.7485,ECB EXR daily reference rate
2018-09-06,10.5908,9.776,ECB EXR daily reference rate
2018-09-07,10.5163,9.7745,ECB EXR daily reference rate
2018-09-10,10.4683,9.703,ECB EXR daily reference rate
2018-09-11,10.485,9.679,ECB EXR daily reference rate
2018-09-12,10.474,9.6328,ECB EXR daily reference rate
2018-09-13,10.446,9.573,ECB EXR daily reference rate
2018-09-14,10.546,9.6245,ECB EXR daily reference rate
2018-09-17,10.4527,9.562,ECB EXR daily reference rate
2018-09-18,10.4179,9.5473,ECB EXR daily reference rate
2018-09-19,10.3878,9.547,ECB EXR daily reference rate
2018-09-20,10.335,9.5885,ECB EXR daily reference rate
2018-09-21,10.3315,9.5793,ECB EXR daily reference rate
2018-09-24,10.3563,9.5693,ECB EXR daily reference rate
2018-09-25,10.3515,9.5713,ECB EXR daily reference rate
2018-09-26,10.3763,9.5465,ECB EXR daily reference rate
2018-09-27,10.3208,9.5015,ECB EXR daily reference rate
2018-09-28,10.309,9.4665,ECB EXR daily reference rate
2018-10-01,10.33,9.4465,ECB EXR daily reference rate
2018-10-02,10.3815,9.4393,ECB EXR daily reference rate
2018-10-03,10.3795,9.4443,ECB EXR daily reference rate
2018-10-04,10.4015,9.4643,ECB EXR daily reference rate
2018-10-05,10.4438,9.5133,ECB EXR daily reference rate
2018-10-08,10.4463,9.5083,ECB EXR daily reference rate
2018-10-09,10.4445,9.4915,ECB EXR daily reference rate
2018-10-10,10.48,9.4468,ECB EXR daily reference rate
2018-10-11,10.412,9.5063,ECB EXR daily reference rate
2018-10-12,10.3593,9.4675,ECB EXR daily reference rate
2018-10-15,10.392,9.4598,ECB EXR daily reference rate
2018-10-16,10.3165,9.4198,ECB EXR daily reference rate
2018-10-17,10.3148,9.4293,ECB EXR daily reference rate
2018-10-18,10.333,9.4598,ECB EXR daily reference rate
2018-10-19,10.3358,9.4518,ECB EXR daily reference rate
2018-10-22,10.331,9.4688,ECB EXR daily reference rate
2018-10-23,10.3606,9.5053,ECB EXR daily reference rate
2018-10-24,10.359,9.4868,ECB EXR daily reference rate
2018-10-25,10.393,9.4898,ECB EXR daily reference rate
2018-10-26,10.4025,9.516,ECB EXR daily reference rate
2018-10-29,10.391,9.513,ECB EXR daily reference rate
2018-10-30,10.42,9.5435,ECB EXR daily reference rate
2018-10-31,10.4015,9.5528,ECB EXR daily reference rate
2018-11-01,10.3158,9.515,ECB EXR daily reference rate
2018-11-02,10.3123,9.5143,ECB EXR daily reference rate
2018-11-05,10.3268,9.524,ECB EXR daily reference rate
2018-11-06,10.347,9.5448,ECB EXR daily reference rate
2018-11-07,10.3313,9.5328,ECB EXR daily reference rate
2018-11-08,10.2528,9.5078,ECB EXR daily reference rate
2018-11-09,10.2648,9.5418,ECB EXR daily reference rate
2018-11-12,10.2705,9.5378,ECB EXR daily reference rate
2018-11-13,10.2284,9.5563,ECB EXR daily reference rate
2018-11-14,10.2685,9.599,ECB EXR daily reference rate
2018-11-15,10.2553,9.6028,ECB EXR daily reference rate
2018-11-16,10.262,9.6118,ECB EXR daily reference rate
2018-11-19,10.2815,9.6493,ECB EXR daily reference rate
2018-11-20,10.3133,9.7135,ECB EXR daily reference rate
2018-11-21,10.3143,9.729,ECB EXR daily reference rate
2018-11-22,10.3035,9.7398,ECB EXR daily reference rate
2018-11-23,10.3043,9.7365,ECB EXR daily reference rate
2018-11-26,10.293,9.729,ECB EXR daily reference rate
2018-11-27,10.2823,9.7325,ECB EXR daily reference rate
2018-11-28,10.2544,9.7085,ECB EXR daily reference rate
2018-11-29,10.317,9.7318,ECB EXR daily reference rate
2018-11-30,10.3195,9.74,ECB EXR daily reference rate
2018-12-03,10.2355,9.6893,ECB EXR daily reference rate
2018-12-04,10.2293,9.6473,ECB EXR daily reference rate
2018-12-05,10.1753,9.648,ECB EXR daily reference rate
2018-12-06,10.2355,9.7028,ECB EXR daily reference rate
2018-12-07,10.2665,9.697,ECB EXR daily reference rate
2018-12-10,10.333,9.6885,ECB EXR daily reference rate
2018-12-11,10.297,9.7038,ECB EXR daily reference rate
2018-12-12,10.3595,9.7265,ECB EXR daily reference rate
2018-12-13,10.302,9.7388,ECB EXR daily reference rate
2018-12-14,10.261,9.7235,ECB EXR daily reference rate
2018-12-17,10.2725,9.7838,ECB EXR daily reference rate
2018-12-18,10.276,9.8835,ECB EXR daily reference rate
2018-12-19,10.3393,9.9375,ECB EXR daily reference rate
2018-12-20,10.253,9.897,ECB EXR daily reference rate
2018-12-21,10.2733,9.9428,ECB EXR daily reference rate
2018-12-24,10.3428,10.0025,ECB EXR daily reference rate
2018-12-27,10.2725,9.9698,ECB EXR daily reference rate
2018-12-28,10.2773,9.9738,ECB EXR daily reference rate
2018-12-31,10.2548,9.9483,ECB EXR daily reference rate
2019-01-02,10.2145,9.9108,ECB EXR daily reference rate
2019-01-03,10.2808,9.9113,ECB EXR daily reference rate
2019-01-04,10.246,9.8648,ECB EXR daily reference rate
2019-01-07,10.2235,9.8018,ECB EXR daily reference rate
2019-01-08,10.1855,9.775,ECB EXR daily reference rate
2019-01-09,10.2268,9.7668,ECB EXR daily reference rate
2019-01-10,10.2303,9.7493,ECB EXR daily reference rate
2019-01-11,10.2338,9.7578,ECB EXR daily reference rate
2019-01-14,10.2493,9.7868,ECB EXR daily reference rate
2019-01-15,10.2403,9.7615,ECB EXR daily reference rate
2019-01-16,10.2488,9.7358,ECB EXR daily reference rate
2019-01-17,10.2858,9.758,ECB EXR daily reference rate
2019-01-18,10.2515,9.7218,ECB EXR daily reference rate
2019-01-21,10.2515,9.7438,ECB EXR daily reference rate
2019-01-22,10.2538,9.7628,ECB EXR daily reference rate
2019-01-23,10.245,9.7563,ECB EXR daily reference rate
2019-01-24,10.2843,9.7278,ECB EXR daily reference rate
2019-01-25,10.298,9.7045,ECB EXR daily reference rate
2019-01-28,10.3503,9.732,ECB EXR daily reference rate
2019-01-29,10.3508,9.7035,ECB EXR daily reference rate
2019-01-30,10.3843,9.6938,ECB EXR daily reference rate
2019-01-31,10.373,9.6623,ECB EXR daily reference rate
2019-02-01,10.3878,9.6685,ECB EXR daily reference rate
2019-02-04,10.4113,9.703,ECB EXR daily reference rate
2019-02-05,10.3998,9.6783,ECB EXR daily reference rate
2019-02-06,10.4258,9.6918,ECB EXR daily reference rate
2019-02-07,10.473,9.7253,ECB EXR daily reference rate
2019-02-08,10.4973,9.7693,ECB EXR daily reference rate
2019-02-11,10.4858,9.819,ECB EXR daily reference rate
2019-02-12,10.4725,9.795,ECB EXR daily reference rate
2019-02-13,10.4083,9.761,ECB EXR daily reference rate
2019-02-14,10.4775,9.7585,ECB EXR daily reference rate
2019-02-15,10.4813,9.769,ECB EXR daily reference rate
2019-02-18,10.4685,9.7508,ECB EXR daily reference rate
2019-02-19,10.6,9.746,ECB EXR daily reference rate
2019-02-20,10.5703,9.7335,ECB EXR daily reference rate
2019-02-21,10.6188,9.7808,ECB EXR daily reference rate
2019-02-22,10.5998,9.7643,ECB EXR daily reference rate
2019-02-25,10.5793,9.762,ECB EXR daily reference rate
2019-02-26,10.5858,9.7725,ECB EXR daily reference rate
2019-02-27,10.5443,9.7123,ECB EXR daily reference rate
2019-02-28,10.4844,9.7268,ECB EXR daily reference rate
2019-03-01,10.5003,9.7268,ECB EXR daily reference rate
2019-03-04,10.5543,9.7633,ECB EXR daily reference rate
2019-03-05,10.5523,9.8023,ECB EXR daily reference rate
2019-03-06,10.5375,9.804,ECB EXR daily reference rate
2019-03-07,10.5625,9.786,ECB EXR daily reference rate
2019-03-08,10.6316,9.8733,ECB EXR daily reference rate
2019-03-11,10.5802,9.77,ECB EXR daily reference rate
2019-03-12,10.5715,9.7365,ECB EXR daily reference rate
2019-03-13,10.554,9.7245,ECB EXR daily reference rate
2019-03-14,10.5373,9.7155,ECB EXR daily reference rate
2019-03-15,10.4964,9.688,ECB EXR daily reference rate
2019-03-18,10.4643,9.672,ECB EXR daily reference rate
2019-03-19,10.4485,9.6745,ECB EXR daily reference rate
2019-03-20,10.431,9.6915,ECB EXR daily reference rate
2019-03-21,10.4288,9.6178,ECB EXR daily reference rate
2019-03-22,10.4723,9.6423,ECB EXR daily reference rate
2019-03-25,10.445,9.659,ECB EXR daily reference rate
2019-03-26,10.4263,9.6398,ECB EXR daily reference rate
2019-03-27,10.4298,9.695,ECB EXR daily reference rate
2019-03-28,10.476,9.738,ECB EXR daily reference rate
2019-03-29,10.398,9.659,ECB EXR daily reference rate
2019-04-01,10.42,9.638,ECB EXR daily reference rate
2019-04-02,10.4418,9.6445,ECB EXR daily reference rate
2019-04-03,10.43,9.6218,ECB EXR daily reference rate
2019-04-04,10.4075,9.6308,ECB EXR daily reference rate
2019-04-05,10.426,9.661,ECB EXR daily reference rate
2019-04-08,10.4325,9.6305,ECB EXR daily reference rate
2019-04-09,10.425,9.619,ECB EXR daily reference rate
2019-04-10,10.44,9.5895,ECB EXR daily reference rate
2019-04-11,10.437,9.5885,ECB EXR daily reference rate
2019-04-12,10.4788,9.602,ECB EXR daily reference rate
2019-04-15,10.4608,9.6018,ECB EXR daily reference rate
2019-04-16,10.4638,9.5869,ECB EXR daily reference rate
2019-04-17,10.4408,9.5778,ECB EXR daily reference rate
2019-04-18,10.476,9.5978,ECB EXR daily reference rate
2019-04-23,10.507,9.5845,ECB EXR daily reference rate
2019-04-24,10.501,9.607,ECB EXR daily reference rate
2019-04-25,10.6295,9.6638,ECB EXR daily reference rate
2019-04-26,10.5738,9.6653,ECB EXR daily reference rate
2019-04-29,10.6113,9.6883,ECB EXR daily reference rate
2019-04-30,10.635,9.6678,ECB EXR daily reference rate
2019-05-02,10.685,9.745,ECB EXR daily reference rate
2019-05-03,10.7043,9.7783,ECB EXR daily reference rate
2019-05-06,10.7258,9.7905,ECB EXR daily reference rate
2019-05-07,10.7145,9.7605,ECB EXR daily reference rate
2019-05-08,10.7494,9.8285,ECB EXR daily reference rate
2019-05-09,10.7973,9.8068,ECB EXR daily reference rate
2019-05-10,10.8108,9.8193,ECB EXR daily reference rate
2019-05-13,10.8323,9.8148,ECB EXR daily reference rate
2019-05-14,10.779,9.799,ECB EXR daily reference rate
2019-05-15,10.7688,9.8003,ECB EXR daily reference rate
2019-05-16,10.759,9.7513,ECB EXR daily reference rate
2019-05-17,10.766,9.7953,ECB EXR daily reference rate
2019-05-20,10.7668,9.7978,ECB EXR daily reference rate
2019-05-21,10.7743,9.7913,ECB EXR daily reference rate
2019-05-22,10.76,9.7598,ECB EXR daily reference rate
2019-05-23,10.7373,9.7543,ECB EXR daily reference rate
2019-05-24,10.7098,9.7558,ECB EXR daily reference rate
2019-05-27,10.7148,9.7523,ECB EXR daily reference rate
2019-05-28,10.6865,9.7165,ECB EXR daily reference rate
2019-05-29,10.7063,9.773,ECB EXR daily reference rate
2019-05-30,10.6323,9.7638,ECB EXR daily reference rate
2019-05-31,10.639,9.7915,ECB EXR daily reference rate
2019-06-03,10.618,9.7778,ECB EXR daily reference rate
2019-06-04,10.626,9.786,ECB EXR daily reference rate
2019-06-05,10.6255,9.7738,ECB EXR daily reference rate
2019-06-06,10.6175,9.8083,ECB EXR daily reference rate
2019-06-07,10.6562,9.7963,ECB EXR daily reference rate
2019-06-10,10.6455,9.7808,ECB EXR daily reference rate
2019-06-11,10.6828,9.77,ECB EXR daily reference rate
2019-06-12,10.68,9.782,ECB EXR daily reference rate
2019-06-13,10.6968,9.772,ECB EXR daily reference rate
2019-06-14,10.639,9.7728,ECB EXR daily reference rate
2019-06-17,10.6495,9.7938,ECB EXR daily reference rate
2019-06-18,10.6413,9.7795,ECB EXR daily reference rate
2019-06-19,10.6868,9.7815,ECB EXR daily reference rate
2019-06-20,10.6348,9.6678,ECB EXR daily reference rate
2019-06-21,10.6308,9.686,ECB EXR daily reference rate
2019-06-24,10.6078,9.6643,ECB EXR daily reference rate
2019-06-25,10.532,9.6855,ECB EXR daily reference rate
2019-06-26,10.5435,9.6733,ECB EXR daily reference rate
2019-06-27,10.5488,9.6843,ECB EXR daily reference rate
2019-06-28,10.5633,9.6938,ECB EXR daily reference rate
2019-07-01,10.545,9.6848,ECB EXR daily reference rate
2019-07-02,10.5565,9.6715,ECB EXR daily reference rate
2019-07-03,10.5155,9.6593,ECB EXR daily reference rate
2019-07-04,10.5208,9.6298,ECB EXR daily reference rate
2019-07-05,10.5575,9.6325,ECB EXR daily reference rate
2019-07-08,10.5973,9.684,ECB EXR daily reference rate
2019-07-09,10.6338,9.6983,ECB EXR daily reference rate
2019-07-10,10.6093,9.693,ECB EXR daily reference rate
2019-07-11,10.5808,9.6323,ECB EXR daily reference rate
2019-07-12,10.5515,9.6208,ECB EXR daily reference rate
2019-07-15,10.5563,9.6223,ECB EXR daily reference rate
2019-07-16,10.5405,9.5933,ECB EXR daily reference rate
2019-07-17,10.5168,9.622,ECB EXR daily reference rate
2019-07-18,10.504,9.6438,ECB EXR daily reference rate
2019-07-19,10.5195,9.6138,ECB EXR daily reference rate
2019-07-22,10.544,9.6275,ECB EXR daily reference rate
2019-07-23,10.5695,9.681,ECB EXR daily reference rate
2019-07-24,10.5293,9.6355,ECB EXR daily reference rate
2019-07-25,10.4947,9.6058,ECB EXR daily reference rate
2019-07-26,10.5585,9.6913,ECB EXR daily reference rate
2019-07-29,10.5773,9.6935,ECB EXR daily reference rate
2019-07-30,10.6453,9.7368,ECB EXR daily reference rate
2019-07-31,10.6645,9.7778,ECB EXR daily reference rate
2019-08-01,10.6868,9.812,ECB EXR daily reference rate
2019-08-02,10.7223,9.9105,ECB EXR daily reference rate
2019-08-05,10.7603,9.972,ECB EXR daily reference rate
2019-08-06,10.7267,9.9545,ECB EXR daily reference rate
2019-08-07,10.7673,9.996,ECB EXR daily reference rate
2019-08-08,10.753,10.018,ECB EXR daily reference rate
2019-08-09,10.6972,9.9588,ECB EXR daily reference rate
2019-08-12,10.7315,10.0003,ECB EXR daily reference rate
2019-08-13,10.7088,10.0078,ECB EXR daily reference rate
2019-08-14,10.7313,10.0035,ECB EXR daily reference rate
2019-08-15,10.7305,10.0145,ECB EXR daily reference rate
2019-08-16,10.712,9.9653,ECB EXR daily reference rate
2019-08-19,10.7268,9.9658,ECB EXR daily reference rate
2019-08-20,10.7653,9.9638,ECB EXR daily reference rate
2019-08-21,10.6983,9.9263,ECB EXR daily reference rate
2019-08-22,10.7188,9.939,ECB EXR daily reference rate
2019-08-23,10.7165,9.9593,ECB EXR daily reference rate
2019-08-26,10.7515,9.9873,ECB EXR daily reference rate
2019-08-27,10.705,9.992,ECB EXR daily reference rate
2019-08-28,10.7545,10.011,ECB EXR daily reference rate
2019-08-29,10.779,10.0365,ECB EXR daily reference rate
2019-08-30,10.8395,10.038,ECB EXR daily reference rate
2019-09-02,10.747,9.9788,ECB EXR daily reference rate
2019-09-03,10.8128,10.019,ECB EXR daily reference rate
2019-09-04,10.753,9.9838,ECB EXR daily reference rate
2019-09-05,10.6825,9.9332,ECB EXR daily reference rate
2019-09-06,10.635,9.923,ECB EXR daily reference rate
2019-09-09,10.6598,9.8663,ECB EXR daily reference rate
2019-09-10,10.7445,9.9125,ECB EXR daily reference rate
2019-09-11,10.6563,9.8745,ECB EXR daily reference rate
2019-09-12,10.6315,9.8543,ECB EXR daily reference rate
2019-09-13,10.6485,9.9213,ECB EXR daily reference rate
2019-09-16,10.6703,9.9043,ECB EXR daily reference rate
2019-09-17,10.699,9.8715,ECB EXR daily reference rate
2019-09-18,10.7298,9.8905,ECB EXR daily reference rate
2019-09-19,10.7223,9.8905,ECB EXR daily reference rate
2019-09-20,10.7113,9.9423,ECB EXR daily reference rate
2019-09-23,10.7143,9.9723,ECB EXR daily reference rate
2019-09-24,10.6763,9.9225,ECB EXR daily reference rate
2019-09-25,10.6825,9.931,ECB EXR daily reference rate
2019-09-26,10.6598,9.9235,ECB EXR daily reference rate
2019-09-27,10.701,9.9155,ECB EXR daily reference rate
2019-09-30,10.6958,9.8953,ECB EXR daily reference rate
2019-10-01,10.8043,9.9463,ECB EXR daily reference rate
2019-10-02,10.8118,9.993,ECB EXR daily reference rate
2019-10-03,10.833,10.0165,ECB EXR daily reference rate
2019-10-04,10.8105,9.9915,ECB EXR daily reference rate
2019-10-07,10.891,10.0388,ECB EXR daily reference rate
2019-10-08,10.8703,10.045,ECB EXR daily reference rate
2019-10-09,10.9173,10.0528,ECB EXR daily reference rate
2019-10-10,10.8415,10.0535,ECB EXR daily reference rate
2019-10-11,10.8448,10.0375,ECB EXR daily reference rate
2019-10-14,10.8523,10.0463,ECB EXR daily reference rate
2019-10-15,10.8225,10.0653,ECB EXR daily reference rate
2019-10-16,10.8358,10.1465,ECB EXR daily reference rate
2019-10-17,10.8105,10.1925,ECB EXR daily reference rate
2019-10-18,10.7742,10.2198,ECB EXR daily reference rate
2019-10-21,10.7311,10.1638,ECB EXR daily reference rate
2019-10-22,10.7303,10.1833,ECB EXR daily reference rate
2019-10-23,10.7385,10.1775,ECB EXR daily reference rate
2019-10-24,10.6963,10.1368,ECB EXR daily reference rate
2019-10-25,10.7445,10.1865,ECB EXR daily reference rate
2019-10-28,10.7503,10.2105,ECB EXR daily reference rate
2019-10-29,10.7923,10.2748,ECB EXR daily reference rate
2019-10-30,10.801,10.2488,ECB EXR daily reference rate
2019-10-31,10.7498,10.252,ECB EXR daily reference rate
2019-11-01,10.6993,10.1638,ECB EXR daily reference rate
2019-11-04,10.7035,10.1668,ECB EXR daily reference rate
2019-11-05,10.6943,10.1525,ECB EXR daily reference rate
2019-11-06,10.644,10.126,ECB EXR daily reference rate
2019-11-07,10.6253,10.0715,ECB EXR daily reference rate
2019-11-08,10.7025,10.0893,ECB EXR daily reference rate
2019-11-11,10.7085,10.091,ECB EXR daily reference rate
2019-11-12,10.7003,10.0798,ECB EXR daily reference rate
2019-11-13,10.7353,10.139,ECB EXR daily reference rate
2019-11-14,10.694,10.1198,ECB EXR daily reference rate
2019-11-15,10.6518,10.0345,ECB EXR daily reference rate
2019-11-18,10.6603,10.086,ECB EXR daily reference rate
2019-11-19,10.6475,10.0853,ECB EXR daily reference rate
2019-11-20,10.6935,10.1455,ECB EXR daily reference rate
2019-11-21,10.6568,10.1018,ECB EXR daily reference rate
2019-11-22,10.6265,10.1083,ECB EXR daily reference rate
2019-11-25,10.6158,10.1065,ECB EXR daily reference rate
2019-11-26,10.5808,10.0968,ECB EXR daily reference rate
2019-11-27,10.558,10.102,ECB EXR daily reference rate
2019-11-28,10.5463,10.113,ECB EXR daily reference rate
2019-11-29,10.4995,10.1045,ECB EXR daily reference rate
2019-12-02,10.5385,10.1353,ECB EXR daily reference rate
2019-12-03,10.5653,10.1668,ECB EXR daily reference rate
2019-12-04,10.5523,10.1723,ECB EXR daily reference rate
2019-12-05,10.5418,10.1613,ECB EXR daily reference rate
2019-12-06,10.5183,10.1235,ECB EXR daily reference rate
2019-12-09,10.5435,10.1238,ECB EXR daily reference rate
2019-12-10,10.5565,10.1823,ECB EXR daily reference rate
2019-12-11,10.4595,10.1495,ECB EXR daily reference rate
2019-12-12,10.4495,10.135,ECB EXR daily reference rate
2019-12-13,10.449,10.063,ECB EXR daily reference rate
2019-12-16,10.4213,10.028,ECB EXR daily reference rate
2019-12-17,10.4718,10.0648,ECB EXR daily reference rate
2019-12-18,10.4483,10.0353,ECB EXR daily reference rate
2019-12-19,10.478,9.9785,ECB EXR daily reference rate
2019-12-20,10.434,9.9463,ECB EXR daily reference rate
2019-12-23,10.4473,9.913,ECB EXR daily reference rate
2019-12-24,10.4553,9.9118,ECB EXR daily reference rate
2019-12-27,10.4363,9.8578,ECB EXR daily reference rate
2019-12-30,10.44,9.846,ECB EXR daily reference rate
2019-12-31,10.4468,9.8638,ECB EXR daily reference rate
2020-01-02,10.4728,9.8408,ECB EXR daily reference rate
2020-01-03,10.4858,9.8315,ECB EXR daily reference rate
2020-01-06,10.5308,9.8488,ECB EXR daily reference rate
2020-01-07,10.5423,9.8548,ECB EXR daily reference rate
2020-01-08,10.5108,9.8508,ECB EXR daily reference rate
2020-01-09,10.533,9.8665,ECB EXR daily reference rate
2020-01-10,10.551,9.8745,ECB EXR daily reference rate
2020-01-13,10.5598,9.8955,ECB EXR daily reference rate
2020-01-14,10.5248,9.892,ECB EXR daily reference rate
2020-01-15,10.559,9.882,ECB EXR daily reference rate
2020-01-16,10.5678,9.9058,ECB EXR daily reference rate
2020-01-17,10.545,9.889,ECB EXR daily reference rate
2020-01-20,10.5548,9.8815,ECB EXR daily reference rate
2020-01-21,10.5523,9.936,ECB EXR daily reference rate
2020-01-22,10.5528,9.959,ECB EXR daily reference rate
2020-01-23,10.5473,9.9678,ECB EXR daily reference rate
2020-01-24,10.5363,9.9375,ECB EXR daily reference rate
2020-01-27,10.5795,10.0363,ECB EXR daily reference rate
2020-01-28,10.5993,10.0758,ECB EXR daily reference rate
2020-01-29,10.5753,10.0563,ECB EXR daily reference rate
2020-01-30,10.6398,10.1738,ECB EXR daily reference rate
2020-01-31,10.6768,10.1893,ECB EXR daily reference rate
2020-02-03,10.6808,10.259,ECB EXR daily reference rate
2020-02-04,10.6278,10.1948,ECB EXR daily reference rate
2020-02-05,10.545,10.1173,ECB EXR daily reference rate
2020-02-06,10.555,10.1288,ECB EXR daily reference rate
2020-02-07,10.5455,10.1673,ECB EXR daily reference rate
2020-02-10,10.5728,10.1188,ECB EXR daily reference rate
2020-02-11,10.5373,10.0953,ECB EXR daily reference rate
2020-02-12,10.4965,10.0445,ECB EXR daily reference rate
2020-02-13,10.4823,10.0415,ECB EXR daily reference rate
2020-02-14,10.5085,10.0258,ECB EXR daily reference rate
2020-02-17,10.5323,10.0373,ECB EXR daily reference rate
2020-02-18,10.5498,10.0883,ECB EXR daily reference rate
2020-02-19,10.5743,10.0178,ECB EXR daily reference rate
2020-02-20,10.5985,10.0455,ECB EXR daily reference rate
2020-02-21,10.569,10.0873,ECB EXR daily reference rate
2020-02-24,10.5833,10.1328,ECB EXR daily reference rate
2020-02-25,10.5688,10.16,ECB EXR daily reference rate
2020-02-26,10.5813,10.2113,ECB EXR daily reference rate
2020-02-27,10.5753,10.2918,ECB EXR daily reference rate
2020-02-28,10.6738,10.3888,ECB EXR daily reference rate
2020-03-02,10.6063,10.4043,ECB EXR daily reference rate
2020-03-03,10.559,10.3328,ECB EXR daily reference rate
2020-03-04,10.5555,10.3051,ECB EXR daily reference rate
2020-03-05,10.5915,10.371,ECB EXR daily reference rate
2020-03-06,10.6145,10.4983,ECB EXR daily reference rate
2020-03-09,10.7203,10.89,ECB EXR daily reference rate
2020-03-10,10.8015,10.8433,ECB EXR daily reference rate
2020-03-11,10.7238,10.8558,ECB EXR daily reference rate
2020-03-12,10.8945,11.3682,ECB EXR daily reference rate
2020-03-13,10.8453,11.0966,ECB EXR daily reference rate
2020-03-16,10.8998,11.4765,ECB EXR daily reference rate
2020-03-17,10.9593,11.5063,ECB EXR daily reference rate
2020-03-18,11.0223,11.701,ECB EXR daily reference rate
2020-03-19,11.1523,12.3165,ECB EXR daily reference rate
2020-03-20,11.0598,12.1215,ECB EXR daily reference rate
2020-03-23,11.0715,12.2568,ECB EXR daily reference rate
2020-03-24,11.0888,11.9745,ECB EXR daily reference rate
2020-03-25,10.9638,11.7745,ECB EXR daily reference rate
2020-03-26,11.007,11.5273,ECB EXR daily reference rate
2020-03-27,11.0158,11.6558,ECB EXR daily reference rate
2020-03-30,11.0375,11.6888,ECB EXR daily reference rate
2020-03-31,11.0613,11.51,ECB EXR daily reference rate
2020-04-01,10.9368,11.2685,ECB EXR daily reference rate
2020-04-02,10.9265,11.2345,ECB EXR daily reference rate
2020-04-03,10.952,11.2628,ECB EXR daily reference rate
2020-04-06,10.9788,11.3875,ECB EXR daily reference rate
2020-04-07,10.8788,11.0945,ECB EXR daily reference rate
2020-04-08,10.9385,11.194,ECB EXR daily reference rate
2020-04-09,10.9455,11.2143,ECB EXR daily reference rate
2020-04-14,10.9158,11.3118,ECB EXR daily reference rate
2020-04-15,10.9323,11.4503,ECB EXR daily reference rate
2020-04-16,10.8895,11.4145,ECB EXR daily reference rate
2020-04-17,10.8548,11.2845,ECB EXR daily reference rate
2020-04-20,10.8623,11.2698,ECB EXR daily reference rate
2020-04-21,10.9543,11.4843,ECB EXR daily reference rate
2020-04-22,10.9423,11.6775,ECB EXR daily reference rate
2020-04-23,10.8883,11.5165,ECB EXR daily reference rate
2020-04-24,10.8723,11.4785,ECB EXR daily reference rate
2020-04-27,10.8748,11.4513,ECB EXR daily reference rate
2020-04-28,10.748,11.2783,ECB EXR daily reference rate
2020-04-29,10.7338,11.2728,ECB EXR daily reference rate
2020-04-30,10.6639,11.184,ECB EXR daily reference rate
2020-05-04,10.8113,11.328,ECB EXR daily reference rate
2020-05-05,10.698,11.173,ECB EXR daily reference rate
2020-05-06,10.6278,11.09,ECB EXR daily reference rate
2020-05-07,10.62,11.0405,ECB EXR daily reference rate
2020-05-08,10.5875,11.0695,ECB EXR daily reference rate
2020-05-11,10.5998,11.046,ECB EXR daily reference rate
2020-05-12,10.5968,11.0518,ECB EXR daily reference rate
2020-05-13,10.5843,10.938,ECB EXR daily reference rate
2020-05-14,10.6418,11.0598,ECB EXR daily reference rate
2020-05-15,10.6695,11.0568,ECB EXR daily reference rate
2020-05-18,10.6103,10.9663,ECB EXR daily reference rate
2020-05-19,10.5685,10.9153,ECB EXR daily reference rate
2020-05-20,10.5568,10.8765,ECB EXR daily reference rate
2020-05-21,10.53,10.903,ECB EXR daily reference rate
2020-05-22,10.5373,10.9078,ECB EXR daily reference rate
2020-05-25,10.549,10.9358,ECB EXR daily reference rate
2020-05-26,10.5563,10.8943,ECB EXR daily reference rate
2020-05-27,10.5608,10.8283,ECB EXR daily reference rate
2020-05-28,10.548,10.8553,ECB EXR daily reference rate
2020-05-29,10.487,10.788,ECB EXR daily reference rate
2020-06-01,10.4635,10.789,ECB EXR daily reference rate
2020-06-02,10.452,10.6798,ECB EXR daily reference rate
2020-06-03,10.4588,10.6777,ECB EXR daily reference rate
2020-06-04,10.4172,10.6048,ECB EXR daily reference rate
2020-06-05,10.425,10.5403,ECB EXR daily reference rate
2020-06-08,10.3978,10.4603,ECB EXR daily reference rate
2020-06-09,10.4188,10.5418,ECB EXR daily reference rate
2020-06-10,10.4605,10.5383,ECB EXR daily reference rate
2020-06-11,10.5018,10.72,ECB EXR daily reference rate
2020-06-12,10.5103,10.8475,ECB EXR daily reference rate
2020-06-15,10.5393,10.8894,ECB EXR daily reference rate
2020-06-16,10.5136,10.7389,ECB EXR daily reference rate
2020-06-17,10.5123,10.705,ECB EXR daily reference rate
2020-06-18,10.5525,10.7083,ECB EXR daily reference rate
2020-06-19,10.567,10.7135,ECB EXR daily reference rate
2020-06-22,10.5525,10.7985,ECB EXR daily reference rate
2020-06-23,10.5175,10.7345,ECB EXR daily reference rate
2020-06-24,10.5145,10.7958,ECB EXR daily reference rate
2020-06-25,10.4865,10.8748,ECB EXR daily reference rate
2020-06-26,10.4773,10.885,ECB EXR daily reference rate
2020-06-29,10.478,10.9013,ECB EXR daily reference rate
2020-06-30,10.4948,10.912,ECB EXR daily reference rate
2020-07-01,10.4965,10.7736,ECB EXR daily reference rate
2020-07-02,10.4635,10.6873,ECB EXR daily reference rate
2020-07-03,10.4715,10.6775,ECB EXR daily reference rate
2020-07-06,10.4848,10.6218,ECB EXR daily reference rate
2020-07-07,10.4555,10.6428,ECB EXR daily reference rate
2020-07-08,10.431,10.6885,ECB EXR daily reference rate
2020-07-09,10.397,10.6173,ECB EXR daily reference rate
2020-07-10,10.398,10.7163,ECB EXR daily reference rate
2020-07-13,10.3833,10.665,ECB EXR daily reference rate
2020-07-14,10.3855,10.711,ECB EXR daily reference rate
2020-07-15,10.3468,10.6275,ECB EXR daily reference rate
2020-07-16,10.35,10.6148,ECB EXR daily reference rate
2020-07-17,10.333,10.5995,ECB EXR daily reference rate
2020-07-20,10.301,10.606,ECB EXR daily reference rate
2020-07-21,10.239,10.4933,ECB EXR daily reference rate
2020-07-22,10.2415,10.5343,ECB EXR daily reference rate
2020-07-23,10.264,10.6073,ECB EXR daily reference rate
2020-07-24,10.269,10.6953,ECB EXR daily reference rate
2020-07-27,10.2678,10.6683,ECB EXR daily reference rate
2020-07-28,10.282,10.694,ECB EXR daily reference rate
2020-07-29,10.287,10.6573,ECB EXR daily reference rate
2020-07-30,10.3068,10.7213,ECB EXR daily reference rate
2020-07-31,10.2835,10.7323,ECB EXR daily reference rate
2020-08-03,10.2958,10.7188,ECB EXR daily reference rate
2020-08-04,10.3025,10.7568,ECB EXR daily reference rate
2020-08-05,10.2865,10.6585,ECB EXR daily reference rate
2020-08-06,10.3165,10.6538,ECB EXR daily reference rate
2020-08-07,10.3163,10.6433,ECB EXR daily reference rate
2020-08-10,10.2805,10.629,ECB EXR daily reference rate
2020-08-11,10.2835,10.5658,ECB EXR daily reference rate
2020-08-12,10.2513,10.5463,ECB EXR daily reference rate
2020-08-13,10.2748,10.5148,ECB EXR daily reference rate
2020-08-14,10.2933,10.5403,ECB EXR daily reference rate
2020-08-17,10.3108,10.512,ECB EXR daily reference rate
2020-08-18,10.32,10.501,ECB EXR daily reference rate
2020-08-19,10.314,10.5455,ECB EXR daily reference rate
2020-08-20,10.3555,10.6068,ECB EXR daily reference rate
2020-08-21,10.363,10.5913,ECB EXR daily reference rate
2020-08-24,10.369,10.6188,ECB EXR daily reference rate
2020-08-25,10.3525,10.5688,ECB EXR daily reference rate
2020-08-26,10.3348,10.5603,ECB EXR daily reference rate
2020-08-27,10.3138,10.5178,ECB EXR daily reference rate
2020-08-28,10.2603,10.47,ECB EXR daily reference rate
2020-08-31,10.2888,10.455,ECB EXR daily reference rate
2020-09-01,10.3605,10.4378,ECB EXR daily reference rate
2020-09-02,10.3065,10.406,ECB EXR daily reference rate
2020-09-03,10.3393,10.5315,ECB EXR daily reference rate
2020-09-04,10.3688,10.5768,ECB EXR daily reference rate
2020-09-07,10.369,10.5453,ECB EXR daily reference rate
2020-09-08,10.3735,10.6713,ECB EXR daily reference rate
2020-09-09,10.362,10.715,ECB EXR daily reference rate
2020-09-10,10.3703,10.687,ECB EXR daily reference rate
2020-09-11,10.3713,10.7028,ECB EXR daily reference rate
2020-09-14,10.4178,10.6933,ECB EXR daily reference rate
2020-09-15,10.404,10.6963,ECB EXR daily reference rate
2020-09-16,10.4118,10.6608,ECB EXR daily reference rate
2020-09-17,10.408,10.7238,ECB EXR daily reference rate
2020-09-18,10.399,10.7538,ECB EXR daily reference rate
2020-09-21,10.4055,10.884,ECB EXR daily reference rate
2020-09-22,10.407,10.9528,ECB EXR daily reference rate
2020-09-23,10.4388,10.9938,ECB EXR daily reference rate
2020-09-24,10.5793,11.1023,ECB EXR daily reference rate
2020-09-25,10.6285,11.1445,ECB EXR daily reference rate
2020-09-28,10.5863,11.058,ECB EXR daily reference rate
2020-09-29,10.5343,11.0543,ECB EXR daily reference rate
2020-09-30,10.5713,11.1008,ECB EXR daily reference rate
2020-10-01,10.4853,10.9073,ECB EXR daily reference rate
2020-10-02,10.425,10.904,ECB EXR daily reference rate
2020-10-05,10.4645,10.8855,ECB EXR daily reference rate
2020-10-06,10.5138,10.8603,ECB EXR daily reference rate
2020-10-07,10.483,10.9313,ECB EXR daily reference rate
2020-10-08,10.4468,10.9038,ECB EXR daily reference rate
2020-10-09,10.42,10.8623,ECB EXR daily reference rate
2020-10-12,10.3933,10.7925,ECB EXR daily reference rate
2020-10-13,10.343,10.7923,ECB EXR daily reference rate
2020-10-14,10.3653,10.8218,ECB EXR daily reference rate
2020-10-15,10.378,10.9678,ECB EXR daily reference rate
2020-10-16,10.3593,10.957,ECB EXR daily reference rate
2020-10-19,10.3578,10.947,ECB EXR daily reference rate
2020-10-20,10.3805,10.9698,ECB EXR daily reference rate
2020-10-21,10.3645,10.9315,ECB EXR daily reference rate
2020-10-22,10.374,10.9325,ECB EXR daily reference rate
2020-10-23,10.3618,10.9178,ECB EXR daily reference rate
2020-10-26,10.3475,10.9465,ECB EXR daily reference rate
2020-10-27,10.306,10.8398,ECB EXR daily reference rate
2020-10-28,10.371,10.9693,ECB EXR daily reference rate
2020-10-29,10.4225,11.1495,ECB EXR daily reference rate
2020-10-30,10.365,11.094,ECB EXR daily reference rate
2020-11-02,10.3625,11.1128,ECB EXR daily reference rate
2020-11-03,10.3835,11.0103,ECB EXR daily reference rate
2020-11-04,10.352,10.9583,ECB EXR daily reference rate
2020-11-05,10.277,10.85,ECB EXR daily reference rate
2020-11-06,10.2805,10.9203,ECB EXR daily reference rate
2020-11-09,10.197,10.7101,ECB EXR daily reference rate
2020-11-10,10.2,10.6618,ECB EXR daily reference rate
2020-11-11,10.1748,10.6773,ECB EXR daily reference rate
2020-11-12,10.1825,10.7658,ECB EXR daily reference rate
2020-11-13,10.2537,10.8123,ECB EXR daily reference rate
2020-11-16,10.2538,10.731,ECB EXR daily reference rate
2020-11-17,10.2375,10.7683,ECB EXR daily reference rate
2020-11-18,10.2135,10.7115,ECB EXR daily reference rate
2020-11-19,10.206,10.69,ECB EXR daily reference rate
2020-11-20,10.2168,10.6613,ECB EXR daily reference rate
2020-11-23,10.2145,10.6903,ECB EXR daily reference rate
2020-11-24,10.204,10.6768,ECB EXR daily reference rate
2020-11-25,10.1358,10.5488,ECB EXR daily reference rate
2020-11-26,10.1568,10.5705,ECB EXR daily reference rate
2020-11-27,10.1723,10.563,ECB EXR daily reference rate
2020-11-30,10.1778,10.561,ECB EXR daily reference rate
2020-12-01,10.2135,10.6028,ECB EXR daily reference rate
2020-12-02,10.2813,10.7003,ECB EXR daily reference rate
2020-12-03,10.3025,10.707,ECB EXR daily reference rate
2020-12-04,10.2578,10.6598,ECB EXR daily reference rate
2020-12-07,10.2018,10.6328,ECB EXR daily reference rate
2020-12-08,10.2358,10.6283,ECB EXR daily reference rate
2020-12-09,10.2745,10.5763,ECB EXR daily reference rate
2020-12-10,10.2395,10.7,ECB EXR daily reference rate
2020-12-11,10.256,10.6968,ECB EXR daily reference rate
2020-12-14,10.193,10.5833,ECB EXR daily reference rate
2020-12-15,10.1928,10.614,ECB EXR daily reference rate
2020-12-16,10.1785,10.5788,ECB EXR daily reference rate
2020-12-17,10.1335,10.5015,ECB EXR daily reference rate
2020-12-18,10.1333,10.5163,ECB EXR daily reference rate
2020-12-21,10.1313,10.6518,ECB EXR daily reference rate
2020-12-22,10.1143,10.5938,ECB EXR daily reference rate
2020-12-23,10.1213,10.6238,ECB EXR daily reference rate
2020-12-24,10.0763,10.5108,ECB EXR daily reference rate
2020-12-28,10.107,10.5713,ECB EXR daily reference rate
2020-12-29,10.084,10.55,ECB EXR daily reference rate
2020-12-30,10.0568,10.547,ECB EXR daily reference rate
2020-12-31,10.0343,10.4703,ECB EXR daily reference rate
2021-01-04,10.0895,10.444,ECB EXR daily reference rate
2021-01-05,10.057,10.4713,ECB EXR daily reference rate
2021-01-06,10.0653,10.381,ECB EXR daily reference rate
2021-01-07,10.0575,10.3435,ECB EXR daily reference rate
2021-01-08,10.051,10.2863,ECB EXR daily reference rate
2021-01-11,10.076,10.368,ECB EXR daily reference rate
2021-01-12,10.0878,10.3765,ECB EXR daily reference rate
2021-01-13,10.1383,10.339,ECB EXR daily reference rate
2021-01-14,10.1059,10.3108,ECB EXR daily reference rate
2021-01-15,10.1305,10.3135,ECB EXR daily reference rate
2021-01-18,10.154,10.3858,ECB EXR daily reference rate
2021-01-19,10.0953,10.3423,ECB EXR daily reference rate
2021-01-20,10.1383,10.323,ECB EXR daily reference rate
2021-01-21,10.0825,10.2513,ECB EXR daily reference rate
2021-01-22,10.0815,10.3308,ECB EXR daily reference rate
2021-01-25,10.0625,10.3478,ECB EXR daily reference rate
2021-01-26,10.0715,10.3873,ECB EXR daily reference rate
2021-01-27,10.1139,10.4555,ECB EXR daily reference rate
2021-01-28,10.1353,10.5205,ECB EXR daily reference rate
2021-01-29,10.111,10.343,ECB EXR daily reference rate
2021-02-01,10.1627,10.389,ECB EXR daily reference rate
2021-02-02,10.1593,10.3463,ECB EXR daily reference rate
2021-02-03,10.1303,10.354,ECB EXR daily reference rate
2021-02-04,10.1358,10.338,ECB EXR daily reference rate
2021-02-05,10.1228,10.3068,ECB EXR daily reference rate
2021-02-08,10.1148,10.2725,ECB EXR daily reference rate
2021-02-09,10.1058,10.2588,ECB EXR daily reference rate
2021-02-10,10.08,10.228,ECB EXR daily reference rate
2021-02-11,10.0868,10.2595,ECB EXR daily reference rate
2021-02-12,10.0818,10.285,ECB EXR daily reference rate
2021-02-15,10.0435,10.1963,ECB EXR daily reference rate
2021-02-16,10.0415,10.1938,ECB EXR daily reference rate
2021-02-17,10.0413,10.2113,ECB EXR daily reference rate
2021-02-18,10.0328,10.2178,ECB EXR daily reference rate
2021-02-19,10.033,10.2095,ECB EXR daily reference rate
2021-02-22,10.0315,10.3185,ECB EXR daily reference rate
2021-02-23,10.0747,10.319,ECB EXR daily reference rate
2021-02-24,10.0893,10.2483,ECB EXR daily reference rate
2021-02-25,10.0668,10.2275,ECB EXR daily reference rate
2021-02-26,10.1388,10.4012,ECB EXR daily reference rate
2021-03-01,10.1833,10.36,ECB EXR daily reference rate
2021-03-02,10.14,10.2555,ECB EXR daily reference rate
2021-03-03,10.125,10.2451,ECB EXR daily reference rate
2021-03-04,10.1595,10.2595,ECB EXR daily reference rate
2021-03-05,10.1863,10.211,ECB EXR daily reference rate
2021-03-08,10.1803,10.1785,ECB EXR daily reference rate
2021-03-09,10.136,10.0838,ECB EXR daily reference rate
2021-03-10,10.1305,10.0813,ECB EXR daily reference rate
2021-03-11,10.1295,10.091,ECB EXR daily reference rate
2021-03-12,10.1388,10.0863,ECB EXR daily reference rate
2021-03-15,10.185,10.0988,ECB EXR daily reference rate
2021-03-16,10.1388,10.1028,ECB EXR daily reference rate
2021-03-17,10.1355,10.1213,ECB EXR daily reference rate
2021-03-18,10.157,10.1058,ECB EXR daily reference rate
2021-03-19,10.1743,10.2018,ECB EXR daily reference rate
2021-03-22,10.158,10.1393,ECB EXR daily reference rate
2021-03-23,10.1813,10.1783,ECB EXR daily reference rate
2021-03-24,10.1635,10.1563,ECB EXR daily reference rate
2021-03-25,10.1935,10.1653,ECB EXR daily reference rate
2021-03-26,10.1905,10.1258,ECB EXR daily reference rate
2021-03-29,10.2205,10.0738,ECB EXR daily reference rate
2021-03-30,10.2473,10.0613,ECB EXR daily reference rate
2021-03-31,10.2383,9.9955,ECB EXR daily reference rate
2021-04-01,10.2753,10.0408,ECB EXR daily reference rate
2021-04-06,10.261,10.0768,ECB EXR daily reference rate
2021-04-07,10.236,10.0535,ECB EXR daily reference rate
2021-04-08,10.2073,10.078,ECB EXR daily reference rate
2021-04-09,10.1725,10.113,ECB EXR daily reference rate
2021-04-12,10.1975,10.094,ECB EXR daily reference rate
2021-04-13,10.211,10.1675,ECB EXR daily reference rate
2021-04-14,10.1433,10.0745,ECB EXR daily reference rate
2021-04-15,10.1298,10.0433,ECB EXR daily reference rate
2021-04-16,10.1055,10.018,ECB EXR daily reference rate
2021-04-19,10.0985,9.9733,ECB EXR daily reference rate
2021-04-20,10.1288,9.9965,ECB EXR daily reference rate
2021-04-21,10.1513,10.0423,ECB EXR daily reference rate
2021-04-22,10.1237,10.0475,ECB EXR daily reference rate
2021-04-23,10.1405,10.043,ECB EXR daily reference rate
2021-04-26,10.1308,10.0358,ECB EXR daily reference rate
2021-04-27,10.1403,10.0073,ECB EXR daily reference rate
2021-04-28,10.111,9.9795,ECB EXR daily reference rate
2021-04-29,10.1123,9.9145,ECB EXR daily reference rate
2021-04-30,10.164,9.9533,ECB EXR daily reference rate
2021-05-03,10.1803,10.016,ECB EXR daily reference rate
2021-05-04,10.1673,10.0123,ECB EXR daily reference rate
2021-05-05,10.1945,9.9848,ECB EXR daily reference rate
2021-05-06,10.194,10.0558,ECB EXR daily reference rate
2021-05-07,10.1263,10.0125,ECB EXR daily reference rate
2021-05-10,10.1235,10.0008,ECB EXR daily reference rate
2021-05-11,10.113,10.032,ECB EXR daily reference rate
2021-05-12,10.106,10.0263,ECB EXR daily reference rate
2021-05-13,10.172,10.127,ECB EXR daily reference rate
2021-05-14,10.1265,10.0074,ECB EXR daily reference rate
2021-05-17,10.1552,10.0665,ECB EXR daily reference rate
2021-05-18,10.1363,10.0125,ECB EXR daily reference rate
2021-05-19,10.1633,10.1058,ECB EXR daily reference rate
2021-05-20,10.1813,10.1775,ECB EXR daily reference rate
2021-05-21,10.122,10.142,ECB EXR daily reference rate
2021-05-24,10.167,10.209,ECB EXR daily reference rate
2021-05-25,10.1338,10.1965,ECB EXR daily reference rate
2021-05-26,10.1503,10.178,ECB EXR daily reference rate
2021-05-27,10.1298,10.1953,ECB EXR daily reference rate
2021-05-28,10.125,10.179,ECB EXR daily reference rate
2021-05-31,10.121,10.2183,ECB EXR daily reference rate
2021-06-01,10.0955,10.1113,ECB EXR daily reference rate
2021-06-02,10.0898,10.1393,ECB EXR daily reference rate
2021-06-03,10.1145,10.1501,ECB EXR daily reference rate
2021-06-04,10.105,10.156,ECB EXR daily reference rate
2021-06-07,10.0552,10.0483,ECB EXR daily reference rate
2021-06-08,10.0755,10.048,ECB EXR daily reference rate
2021-06-09,10.0595,10.0518,ECB EXR daily reference rate
2021-06-10,10.0715,10.1118,ECB EXR daily reference rate
2021-06-11,10.0643,10.0828,ECB EXR daily reference rate
2021-06-14,10.0944,10.0828,ECB EXR daily reference rate
2021-06-15,10.0858,10.0823,ECB EXR daily reference rate
2021-06-16,10.1283,10.1208,ECB EXR daily reference rate
2021-06-17,10.1905,10.1973,ECB EXR daily reference rate
2021-06-18,10.233,10.2868,ECB EXR daily reference rate
2021-06-21,10.2163,10.2673,ECB EXR daily reference rate
2021-06-22,10.157,10.2198,ECB EXR daily reference rate
2021-06-23,10.1288,10.1725,ECB EXR daily reference rate
2021-06-24,10.1133,10.174,ECB EXR daily reference rate
2021-06-25,10.1103,10.136,ECB EXR daily reference rate
2021-06-28,10.1268,10.1763,ECB EXR daily reference rate
2021-06-29,10.151,10.1893,ECB EXR daily reference rate
2021-06-30,10.111,10.1717,ECB EXR daily reference rate
2021-07-01,10.1738,10.2105,ECB EXR daily reference rate
2021-07-02,10.1583,10.2375,ECB EXR daily reference rate
2021-07-05,10.1435,10.1778,ECB EXR daily reference rate
2021-07-06,10.149,10.215,ECB EXR daily reference rate
2021-07-07,10.1813,10.2475,ECB EXR daily reference rate
2021-07-08,10.1908,10.4138,ECB EXR daily reference rate
2021-07-09,10.1853,10.3355,ECB EXR daily reference rate
2021-07-12,10.2008,10.328,ECB EXR daily reference rate
2021-07-13,10.1818,10.3085,ECB EXR daily reference rate
2021-07-14,10.205,10.332,ECB EXR daily reference rate
2021-07-15,10.2335,10.3803,ECB EXR daily reference rate
2021-07-16,10.2428,10.3878,ECB EXR daily reference rate
2021-07-19,10.2533,10.538,ECB EXR daily reference rate
2021-07-20,10.2535,10.617,ECB EXR daily reference rate
2021-07-21,10.2448,10.5808,ECB EXR daily reference rate
2021-07-22,10.2245,10.3795,ECB EXR daily reference rate
2021-07-23,10.2105,10.4065,ECB EXR daily reference rate
2021-07-26,10.205,10.427,ECB EXR daily reference rate
2021-07-27,10.165,10.4423,ECB EXR daily reference rate
2021-07-28,10.1963,10.4828,ECB EXR daily reference rate
2021-07-29,10.1675,10.3993,ECB EXR daily reference rate
2021-07-30,10.1868,10.4405,ECB EXR daily reference rate
2021-08-02,10.191,10.4515,ECB EXR daily reference rate
2021-08-03,10.2045,10.4343,ECB EXR daily reference rate
2021-08-04,10.197,10.455,ECB EXR daily reference rate
2021-08-05,10.1983,10.441,ECB EXR daily reference rate
2021-08-06,10.1683,10.423,ECB EXR daily reference rate
2021-08-09,10.2175,10.4885,ECB EXR daily reference rate
2021-08-10,10.2145,10.468,ECB EXR daily reference rate
2021-08-11,10.2305,10.4548,ECB EXR daily reference rate
2021-08-12,10.1883,10.3755,ECB EXR daily reference rate
2021-08-13,10.1993,10.3753,ECB EXR daily reference rate
2021-08-16,10.2008,10.4048,ECB EXR daily reference rate
2021-08-17,10.1948,10.3983,ECB EXR daily reference rate
2021-08-18,10.2233,10.422,ECB EXR daily reference rate
2021-08-19,10.2798,10.545,ECB EXR daily reference rate
2021-08-20,10.3263,10.6,ECB EXR daily reference rate
2021-08-23,10.2573,10.487,ECB EXR daily reference rate
2021-08-24,10.209,10.4003,ECB EXR daily reference rate
2021-08-25,10.2248,10.3863,ECB EXR daily reference rate
2021-08-26,10.2413,10.3615,ECB EXR daily reference rate
2021-08-27,10.2345,10.3575,ECB EXR daily reference rate
2021-08-30,10.1813,10.2395,ECB EXR daily reference rate
2021-08-31,10.1625,10.26,ECB EXR daily reference rate
2021-09-01,10.1961,10.2633,ECB EXR daily reference rate
2021-09-02,10.1939,10.2938,ECB EXR daily reference rate
2021-09-03,10.1708,10.2738,ECB EXR daily reference rate
2021-09-06,10.1658,10.2728,ECB EXR daily reference rate
2021-09-07,10.1515,10.299,ECB EXR daily reference rate
2021-09-08,10.174,10.265,ECB EXR daily reference rate
2021-09-09,10.1863,10.2648,ECB EXR daily reference rate
2021-09-10,10.1843,10.2028,ECB EXR daily reference rate
2021-09-13,10.1853,10.1885,ECB EXR daily reference rate
2021-09-14,10.1453,10.1745,ECB EXR daily reference rate
2021-09-15,10.136,10.1418,ECB EXR daily reference rate
2021-09-16,10.1518,10.1293,ECB EXR daily reference rate
2021-09-17,10.1553,10.1208,ECB EXR daily reference rate
2021-09-20,10.2173,10.243,ECB EXR daily reference rate
2021-09-21,10.1763,10.1828,ECB EXR daily reference rate
2021-09-22,10.1758,10.1268,ECB EXR daily reference rate
2021-09-23,10.1398,10.086,ECB EXR daily reference rate
2021-09-24,10.138,10.089,ECB EXR daily reference rate
2021-09-27,10.1738,10.0655,ECB EXR daily reference rate
2021-09-28,10.1933,10.102,ECB EXR daily reference rate
2021-09-29,10.183,10.143,ECB EXR daily reference rate
2021-09-30,10.1683,10.165,ECB EXR daily reference rate
2021-10-01,10.1538,10.0204,ECB EXR daily reference rate
2021-10-04,10.1435,9.977,ECB EXR daily reference rate
2021-10-05,10.131,9.9155,ECB EXR daily reference rate
2021-10-06,10.1628,9.923,ECB EXR daily reference rate
2021-10-07,10.1453,9.9388,ECB EXR daily reference rate
2021-10-08,10.1138,9.8855,ECB EXR daily reference rate
2021-10-11,10.1163,9.888,ECB EXR daily reference rate
2021-10-12,10.1078,9.8608,ECB EXR daily reference rate
2021-10-13,10.1195,9.8555,ECB EXR daily reference rate
2021-10-14,10.0138,9.7928,ECB EXR daily reference rate
2021-10-15,10.0288,9.7625,ECB EXR daily reference rate
2021-10-18,10.0375,9.7643,ECB EXR daily reference rate
2021-10-19,10.03,9.734,ECB EXR daily reference rate
2021-10-20,10.015,9.7435,ECB EXR daily reference rate
2021-10-21,10.0145,9.7065,ECB EXR daily reference rate
2021-10-22,9.9748,9.7075,ECB EXR daily reference rate
2021-10-25,10.0,9.7098,ECB EXR daily reference rate
2021-10-26,9.9848,9.6828,ECB EXR daily reference rate
2021-10-27,9.9713,9.7368,ECB EXR daily reference rate
2021-10-28,9.969,9.7468,ECB EXR daily reference rate
2021-10-29,9.9368,9.7495,ECB EXR daily reference rate
2021-11-01,9.9135,9.7368,ECB EXR daily reference rate
2021-11-02,9.8973,9.792,ECB EXR daily reference rate
2021-11-03,9.912,9.861,ECB EXR daily reference rate
2021-11-04,9.906,9.859,ECB EXR daily reference rate
2021-11-05,9.9033,9.8878,ECB EXR daily reference rate
2021-11-08,9.9588,9.8745,ECB EXR daily reference rate
2021-11-09,9.8995,9.8555,ECB EXR daily reference rate
2021-11-10,9.9645,9.8848,ECB EXR daily reference rate
2021-11-11,9.9648,9.9695,ECB EXR daily reference rate
2021-11-12,10.0085,9.9508,ECB EXR daily reference rate
2021-11-15,10.007,9.9173,ECB EXR daily reference rate
2021-11-16,10.0293,9.8863,ECB EXR daily reference rate
2021-11-17,10.0303,9.8895,ECB EXR daily reference rate
2021-11-18,10.0555,9.9523,ECB EXR daily reference rate
2021-11-19,10.096,10.0483,ECB EXR daily reference rate
2021-11-22,10.128,10.0715,ECB EXR daily reference rate
2021-11-23,10.133,10.071,ECB EXR daily reference rate
2021-11-24,10.1905,10.026,ECB EXR daily reference rate
2021-11-25,10.176,10.0655,ECB EXR daily reference rate
2021-11-26,10.26,10.1613,ECB EXR daily reference rate
2021-11-29,10.2903,10.214,ECB EXR daily reference rate
2021-11-30,10.286,10.2795,ECB EXR daily reference rate
2021-12-01,10.226,10.2195,ECB EXR daily reference rate
2021-12-02,10.2658,10.2962,ECB EXR daily reference rate
2021-12-03,10.3185,10.2875,ECB EXR daily reference rate
2021-12-06,10.2688,10.2943,ECB EXR daily reference rate
2021-12-07,10.2573,10.19,ECB EXR daily reference rate
2021-12-08,10.2513,10.096,ECB EXR daily reference rate
2021-12-09,10.257,10.155,ECB EXR daily reference rate
2021-12-10,10.2463,10.1335,ECB EXR daily reference rate
2021-12-13,10.231,10.1598,ECB EXR daily reference rate
2021-12-14,10.281,10.2475,ECB EXR daily reference rate
2021-12-15,10.2565,10.2278,ECB EXR daily reference rate
2021-12-16,10.2465,10.1458,ECB EXR daily reference rate
2021-12-17,10.2753,10.1783,ECB EXR daily reference rate
2021-12-20,10.301,10.1915,ECB EXR daily reference rate
2021-12-21,10.3315,10.1488,ECB EXR daily reference rate
2021-12-22,10.2906,10.0613,ECB EXR daily reference rate
2021-12-23,10.3035,10.0113,ECB EXR daily reference rate
2021-12-24,10.33,10.0043,ECB EXR daily reference rate
2021-12-27,10.325,10.0405,ECB EXR daily reference rate
2021-12-28,10.2528,9.9728,ECB EXR daily reference rate
2021-12-29,10.2608,9.9883,ECB EXR daily reference rate
2021-12-30,10.2438,9.9703,ECB EXR daily reference rate
2021-12-31,10.2503,9.9888,ECB EXR daily reference rate
2022-01-03,10.2958,10.0013,ECB EXR daily reference rate
2022-01-04,10.2808,10.0138,ECB EXR daily reference rate
2022-01-05,10.2545,9.9672,ECB EXR daily reference rate
2022-01-06,10.3265,10.035,ECB EXR daily reference rate
2022-01-07,10.2839,10.0288,ECB EXR daily reference rate
2022-01-10,10.3038,10.0253,ECB EXR daily reference rate
2022-01-11,10.3075,10.0165,ECB EXR daily reference rate
2022-01-12,10.264,9.927,ECB EXR daily reference rate
2022-01-13,10.238,9.9333,ECB EXR daily reference rate
2022-01-14,10.2684,9.9863,ECB EXR daily reference rate
2022-01-17,10.305,9.9623,ECB EXR daily reference rate
2022-01-18,10.3185,9.9638,ECB EXR daily reference rate
2022-01-19,10.3428,9.9368,ECB EXR daily reference rate
2022-01-20,10.3708,9.9578,ECB EXR daily reference rate
2022-01-21,10.414,10.0523,ECB EXR daily reference rate
2022-01-24,10.5038,10.1638,ECB EXR daily reference rate
2022-01-25,10.502,10.1385,ECB EXR daily reference rate
2022-01-26,10.4493,10.0115,ECB EXR daily reference rate
2022-01-27,10.445,9.9903,ECB EXR daily reference rate
2022-01-28,10.552,10.026,ECB EXR daily reference rate
2022-01-31,10.489,10.0085,ECB EXR daily reference rate
2022-02-01,10.4438,9.9638,ECB EXR daily reference rate
2022-02-02,10.385,9.9228,ECB EXR daily reference rate
2022-02-03,10.387,9.9545,ECB EXR daily reference rate
2022-02-04,10.4465,10.0483,ECB EXR daily reference rate
2022-02-07,10.4483,10.0658,ECB EXR daily reference rate
2022-02-08,10.4433,10.0758,ECB EXR daily reference rate
2022-02-09,10.4075,10.0585,ECB EXR daily reference rate
2022-02-10,10.5275,10.0693,ECB EXR daily reference rate
2022-02-11,10.553,10.0732,ECB EXR daily reference rate
2022-02-14,10.6158,10.0693,ECB EXR daily reference rate
2022-02-15,10.5739,10.0893,ECB EXR daily reference rate
2022-02-16,10.5363,10.1095,ECB EXR daily reference rate
2022-02-17,10.593,10.1225,ECB EXR daily reference rate
2022-02-18,10.5796,10.1465,ECB EXR daily reference rate
2022-02-21,10.6535,10.1738,ECB EXR daily reference rate
2022-02-22,10.5996,10.1018,ECB EXR daily reference rate
2022-02-23,10.5658,10.0335,ECB EXR daily reference rate
2022-02-24,10.7338,10.0878,ECB EXR daily reference rate
2022-02-25,10.5848,9.9756,ECB EXR daily reference rate
2022-02-28,10.6055,9.9465,ECB EXR daily reference rate
2022-03-01,10.6893,9.8598,ECB EXR daily reference rate
2022-03-02,10.788,9.8826,ECB EXR daily reference rate
2022-03-03,10.7688,9.8418,ECB EXR daily reference rate
2022-03-04,10.7935,9.8358,ECB EXR daily reference rate
2022-03-07,10.8573,9.8325,ECB EXR daily reference rate
2022-03-08,10.8803,9.7925,ECB EXR daily reference rate
2022-03-09,10.734,9.798,ECB EXR daily reference rate
2022-03-10,10.7073,9.919,ECB EXR daily reference rate
2022-03-11,10.646,9.8033,ECB EXR daily reference rate
2022-03-14,10.5368,9.8588,ECB EXR daily reference rate
2022-03-15,10.526,9.849,ECB EXR daily reference rate
2022-03-16,10.4205,9.7988,ECB EXR daily reference rate
2022-03-17,10.4503,9.78,ECB EXR daily reference rate
2022-03-18,10.4303,9.694,ECB EXR daily reference rate
2022-03-21,10.4088,9.6575,ECB EXR daily reference rate
2022-03-22,10.3822,9.6233,ECB EXR daily reference rate
2022-03-23,10.4005,9.6425,ECB EXR daily reference rate
2022-03-24,10.3555,9.4923,ECB EXR daily reference rate
2022-03-25,10.3505,9.5205,ECB EXR daily reference rate
2022-03-28,10.4225,9.5123,ECB EXR daily reference rate
2022-03-29,10.329,9.5995,ECB EXR daily reference rate
2022-03-30,10.3498,9.6398,ECB EXR daily reference rate
2022-03-31,10.337,9.711,ECB EXR daily reference rate
2022-04-01,10.332,9.6628,ECB EXR daily reference rate
2022-04-04,10.3849,9.5489,ECB EXR daily reference rate
2022-04-05,10.2593,9.5398,ECB EXR daily reference rate
2022-04-06,10.2855,9.5523,ECB EXR daily reference rate
2022-04-07,10.313,9.5595,ECB EXR daily reference rate
2022-04-08,10.2768,9.508,ECB EXR daily reference rate
2022-04-11,10.3128,9.5478,ECB EXR daily reference rate
2022-04-12,10.332,9.5395,ECB EXR daily reference rate
2022-04-13,10.3323,9.5693,ECB EXR daily reference rate
2022-04-14,10.3008,9.5313,ECB EXR daily reference rate
2022-04-19,10.3408,9.5228,ECB EXR daily reference rate
2022-04-20,10.23,9.5443,ECB EXR daily reference rate
2022-04-21,10.2553,9.5788,ECB EXR daily reference rate
2022-04-22,10.278,9.6255,ECB EXR daily reference rate
2022-04-25,10.3476,9.7018,ECB EXR daily reference rate
2022-04-26,10.3935,9.7943,ECB EXR daily reference rate
2022-04-27,10.4035,9.7838,ECB EXR daily reference rate
2022-04-28,10.3594,9.899,ECB EXR daily reference rate
2022-04-29,10.2958,9.7525,ECB EXR daily reference rate
2022-05-02,10.4035,9.9248,ECB EXR daily reference rate
2022-05-03,10.3978,9.909,ECB EXR daily reference rate
2022-05-04,10.3968,9.9042,ECB EXR daily reference rate
2022-05-05,10.3748,9.8463,ECB EXR daily reference rate
2022-05-06,10.4686,9.9808,ECB EXR daily reference rate
2022-05-09,10.5818,10.0583,ECB EXR daily reference rate
2022-05-10,10.6075,10.2315,ECB EXR daily reference rate
2022-05-11,10.526,10.1793,ECB EXR daily reference rate
2022-05-12,10.5648,10.2898,ECB EXR daily reference rate
2022-05-13,10.4905,10.2043,ECB EXR daily reference rate
2022-05-16,10.4978,10.2188,ECB EXR daily reference rate
2022-05-17,10.4393,10.178,ECB EXR daily reference rate
2022-05-18,10.4675,10.2125,ECB EXR daily reference rate
2022-05-19,10.5098,10.3102,ECB EXR daily reference rate
2022-05-20,10.4915,10.262,ECB EXR daily reference rate
2022-05-23,10.4918,10.252,ECB EXR daily reference rate
2022-05-24,10.5013,10.289,ECB EXR daily reference rate
2022-05-25,10.5419,10.2704,ECB EXR daily reference rate
2022-05-26,10.5983,10.2715,ECB EXR daily reference rate
2022-05-27,10.5293,10.179,ECB EXR daily reference rate
2022-05-30,10.518,10.1256,ECB EXR daily reference rate
2022-05-31,10.5053,10.0983,ECB EXR daily reference rate
2022-06-01,10.4758,10.0438,ECB EXR daily reference rate
2022-06-02,10.4705,10.0845,ECB EXR daily reference rate
2022-06-03,10.4589,10.103,ECB EXR daily reference rate
2022-06-06,10.452,10.0853,ECB EXR daily reference rate
2022-06-07,10.5039,10.1843,ECB EXR daily reference rate
2022-06-08,10.4938,10.1395,ECB EXR daily reference rate
2022-06-09,10.5045,10.1818,ECB EXR daily reference rate
2022-06-10,10.5255,10.1495,ECB EXR daily reference rate
2022-06-13,10.616,10.3222,ECB EXR daily reference rate
2022-06-14,10.622,10.3945,ECB EXR daily reference rate
2022-06-15,10.6278,10.3868,ECB EXR daily reference rate
2022-06-16,10.6942,10.4588,ECB EXR daily reference rate
2022-06-17,10.6748,10.4525,ECB EXR daily reference rate
2022-06-20,10.6375,10.4085,ECB EXR daily reference rate
2022-06-21,10.646,10.3283,ECB EXR daily reference rate
2022-06-22,10.6688,10.5045,ECB EXR daily reference rate
2022-06-23,10.705,10.475,ECB EXR daily reference rate
2022-06-24,10.694,10.4345,ECB EXR daily reference rate
2022-06-27,10.6713,10.408,ECB EXR daily reference rate
2022-06-28,10.6543,10.337,ECB EXR daily reference rate
2022-06-29,10.6848,10.3065,ECB EXR daily reference rate
2022-06-30,10.73,10.3485,ECB EXR daily reference rate
2022-07-01,10.7783,10.3651,ECB EXR daily reference rate
2022-07-04,10.7658,10.2958,ECB EXR daily reference rate
2022-07-05,10.8031,10.285,ECB EXR daily reference rate
2022-07-06,10.745,10.2803,ECB EXR daily reference rate
2022-07-07,10.723,10.291,ECB EXR daily reference rate
2022-07-08,10.6665,10.263,ECB EXR daily reference rate
2022-07-11,10.6943,10.299,ECB EXR daily reference rate
2022-07-12,10.629,10.2754,ECB EXR daily reference rate
2022-07-13,10.602,10.2428,ECB EXR daily reference rate
2022-07-14,10.6019,10.2536,ECB EXR daily reference rate
2022-07-15,10.5943,10.2763,ECB EXR daily reference rate
2022-07-18,10.5265,10.2553,ECB EXR daily reference rate
2022-07-19,10.4964,10.176,ECB EXR daily reference rate
2022-07-20,10.4606,10.1323,ECB EXR daily reference rate
2022-07-21,10.426,10.175,ECB EXR daily reference rate
2022-07-22,10.4328,10.1498,ECB EXR daily reference rate
2022-07-25,10.3973,10.0704,ECB EXR daily reference rate
2022-07-26,10.4445,10.0105,ECB EXR daily reference rate
2022-07-27,10.4545,9.9558,ECB EXR daily reference rate
2022-07-28,10.449,9.8983,ECB EXR daily reference rate
2022-07-29,10.3875,9.8773,ECB EXR daily reference rate
2022-08-01,10.3668,9.8638,ECB EXR daily reference rate
2022-08-02,10.3995,9.9305,ECB EXR daily reference rate
2022-08-03,10.3913,9.8743,ECB EXR daily reference rate
2022-08-04,10.374,9.9065,ECB EXR daily reference rate
2022-08-05,10.3573,9.982,ECB EXR daily reference rate
2022-08-08,10.365,9.9405,ECB EXR daily reference rate
2022-08-09,10.3875,9.9365,ECB EXR daily reference rate
2022-08-10,10.3773,9.9118,ECB EXR daily reference rate
2022-08-11,10.36,9.804,ECB EXR daily reference rate
2022-08-12,10.4515,9.813,ECB EXR daily reference rate
2022-08-15,10.498,9.871,ECB EXR daily reference rate
2022-08-16,10.5365,9.8428,ECB EXR daily reference rate
2022-08-17,10.5617,9.8428,ECB EXR daily reference rate
2022-08-18,10.5903,9.8283,ECB EXR daily reference rate
2022-08-19,10.6095,9.8418,ECB EXR daily reference rate
2022-08-22,10.65,9.7719,ECB EXR daily reference rate
2022-08-23,10.6063,9.7438,ECB EXR daily reference rate
2022-08-24,10.586,9.636,ECB EXR daily reference rate
2022-08-25,10.5525,9.64,ECB EXR daily reference rate
2022-08-26,10.5703,9.667,ECB EXR daily reference rate
2022-08-29,10.628,9.7675,ECB EXR daily reference rate
2022-08-30,10.65,9.7553,ECB EXR daily reference rate
2022-08-31,10.6788,9.9388,ECB EXR daily reference rate
2022-09-01,10.7415,10.013,ECB EXR daily reference rate
2022-09-02,10.7498,10.0035,ECB EXR daily reference rate
2022-09-05,10.729,9.9188,ECB EXR daily reference rate
2022-09-06,10.6825,9.8945,ECB EXR daily reference rate
2022-09-07,10.6888,9.9483,ECB EXR daily reference rate
2022-09-08,10.7075,10.0615,ECB EXR daily reference rate
2022-09-09,10.6643,9.9836,ECB EXR daily reference rate
2022-09-12,10.6368,9.9718,ECB EXR daily reference rate
2022-09-13,10.6108,9.9988,ECB EXR daily reference rate
2022-09-14,10.675,10.1125,ECB EXR daily reference rate
2022-09-15,10.69,10.1203,ECB EXR daily reference rate
2022-09-16,10.7541,10.1985,ECB EXR daily reference rate
2022-09-19,10.7993,10.2826,ECB EXR daily reference rate
2022-09-20,10.8338,10.273,ECB EXR daily reference rate
2022-09-21,10.9214,10.2858,ECB EXR daily reference rate
2022-09-22,10.8724,10.235,ECB EXR daily reference rate
2022-09-23,10.9328,10.2335,ECB EXR daily reference rate
2022-09-26,10.9275,10.3585,ECB EXR daily reference rate
2022-09-27,10.8533,10.3473,ECB EXR daily reference rate
2022-09-28,10.9194,10.4576,ECB EXR daily reference rate
2022-09-29,10.958,10.4518,ECB EXR daily reference rate
2022-09-30,10.8993,10.5838,ECB EXR daily reference rate
2022-10-03,10.8743,10.5655,ECB EXR daily reference rate
2022-10-04,10.8166,10.4915,ECB EXR daily reference rate
2022-10-05,10.8376,10.4858,ECB EXR daily reference rate
2022-10-06,10.8728,10.4278,ECB EXR daily reference rate
2022-10-07,10.8555,10.4498,ECB EXR daily reference rate
2022-10-10,10.9502,10.3378,ECB EXR daily reference rate
2022-10-11,11.0015,10.4235,ECB EXR daily reference rate
2022-10-12,11.02,10.4145,ECB EXR daily reference rate
2022-10-13,11.0098,10.3525,ECB EXR daily reference rate
2022-10-14,11.0035,10.3323,ECB EXR daily reference rate
2022-10-17,10.9893,10.342,ECB EXR daily reference rate
2022-10-18,10.906,10.3528,ECB EXR daily reference rate
2022-10-19,10.9448,10.3823,ECB EXR daily reference rate
2022-10-20,10.982,10.402,ECB EXR daily reference rate
2022-10-21,11.0868,10.4315,ECB EXR daily reference rate
2022-10-24,11.0795,10.392,ECB EXR daily reference rate
2022-10-25,10.9728,10.391,ECB EXR daily reference rate
2022-10-26,10.953,10.3408,ECB EXR daily reference rate
2022-10-27,10.9583,10.342,ECB EXR daily reference rate
2022-10-28,10.9403,10.2695,ECB EXR daily reference rate
2022-10-31,10.901,10.3028,ECB EXR daily reference rate
2022-11-01,10.874,10.1835,ECB EXR daily reference rate
2022-11-02,10.9065,10.2388,ECB EXR daily reference rate
2022-11-03,10.932,10.3543,ECB EXR daily reference rate
2022-11-04,10.8538,10.2019,ECB EXR daily reference rate
2022-11-07,10.832,10.2555,ECB EXR daily reference rate
2022-11-08,10.8373,10.2795,ECB EXR daily reference rate
2022-11-09,10.845,10.322,ECB EXR daily reference rate
2022-11-10,10.8743,10.3615,ECB EXR daily reference rate
2022-11-11,10.7241,10.2635,ECB EXR daily reference rate
2022-11-14,10.7713,10.3143,ECB EXR daily reference rate
2022-11-15,10.8081,10.357,ECB EXR daily reference rate
2022-11-16,10.8754,10.3675,ECB EXR daily reference rate
2022-11-17,10.9871,10.498,ECB EXR daily reference rate
2022-11-18,10.9805,10.486,ECB EXR daily reference rate
2022-11-21,10.9873,10.4898,ECB EXR daily reference rate
2022-11-22,10.9653,10.4445,ECB EXR daily reference rate
2022-11-23,10.8933,10.3659,ECB EXR daily reference rate
2022-11-24,10.8573,10.3435,ECB EXR daily reference rate
2022-11-25,10.8183,10.2985,ECB EXR daily reference rate
2022-11-28,10.8973,10.364,ECB EXR daily reference rate
2022-11-29,10.901,10.3313,ECB EXR daily reference rate
2022-11-30,10.9345,10.2648,ECB EXR daily reference rate
2022-12-01,10.8984,10.2495,ECB EXR daily reference rate
2022-12-02,10.902,10.2615,ECB EXR daily reference rate
2022-12-05,10.8931,10.3366,ECB EXR daily reference rate
2022-12-06,10.889,10.4408,ECB EXR daily reference rate
2022-12-07,10.919,10.5255,ECB EXR daily reference rate
2022-12-08,10.906,10.488,ECB EXR daily reference rate
2022-12-09,10.9188,10.5345,ECB EXR daily reference rate
2022-12-12,10.9075,10.5548,ECB EXR daily reference rate
2022-12-13,10.8965,10.4679,ECB EXR daily reference rate
2022-12-14,10.8638,10.362,ECB EXR daily reference rate
2022-12-15,10.898,10.4013,ECB EXR daily reference rate
2022-12-16,11.0153,10.4833,ECB EXR daily reference rate
2022-12-19,11.0063,10.5025,ECB EXR daily reference rate
2022-12-20,11.0615,10.5098,ECB EXR daily reference rate
2022-12-21,11.0623,10.4309,ECB EXR daily reference rate
2022-12-22,11.05,10.4123,ECB EXR daily reference rate
2022-12-23,11.1045,10.4448,ECB EXR daily reference rate
2022-12-27,11.1285,10.4895,ECB EXR daily reference rate
2022-12-28,11.1038,10.4495,ECB EXR daily reference rate
2022-12-29,11.158,10.55,ECB EXR daily reference rate
2022-12-30,11.1218,10.5138,ECB EXR daily reference rate
2023-01-02,11.1663,10.5135,ECB EXR daily reference rate
2023-01-03,11.143,10.528,ECB EXR daily reference rate
2023-01-04,11.1653,10.738,ECB EXR daily reference rate
2023-01-05,11.1848,10.7248,ECB EXR daily reference rate
2023-01-06,11.258,10.807,ECB EXR daily reference rate
2023-01-09,11.196,10.6108,ECB EXR daily reference rate
2023-01-10,11.1963,10.6785,ECB EXR daily reference rate
2023-01-11,11.2783,10.738,ECB EXR daily reference rate
2023-01-12,11.273,10.7228,ECB EXR daily reference rate
2023-01-13,11.2528,10.6945,ECB EXR daily reference rate
2023-01-16,11.2725,10.6945,ECB EXR daily reference rate
2023-01-17,11.285,10.7463,ECB EXR daily reference rate
2023-01-18,11.1735,10.6553,ECB EXR daily reference rate
2023-01-19,11.1533,10.746,ECB EXR daily reference rate
2023-01-20,11.1655,10.7135,ECB EXR daily reference rate
2023-01-23,11.1183,10.6835,ECB EXR daily reference rate
2023-01-24,11.0995,10.7193,ECB EXR daily reference rate
2023-01-25,11.1335,10.7896,ECB EXR daily reference rate
2023-01-26,11.1763,10.762,ECB EXR daily reference rate
2023-01-27,11.2108,10.76,ECB EXR daily reference rate
2023-01-30,11.262,10.7925,ECB EXR daily reference rate
2023-01-31,11.348,10.9083,ECB EXR daily reference rate
2023-02-01,11.3455,10.8569,ECB EXR daily reference rate
2023-02-02,11.3587,10.9535,ECB EXR daily reference rate
2023-02-03,11.3323,10.9783,ECB EXR daily reference rate
2023-02-06,11.3652,11.0428,ECB EXR daily reference rate
2023-02-07,11.3805,11.1253,ECB EXR daily reference rate
2023-02-08,11.3423,11.026,ECB EXR daily reference rate
2023-02-09,11.139,10.9123,ECB EXR daily reference rate
2023-02-10,11.163,10.871,ECB EXR daily reference rate
2023-02-13,11.155,10.8213,ECB EXR daily reference rate
2023-02-14,11.101,10.8778,ECB EXR daily reference rate
2023-02-15,11.14,10.9193,ECB EXR daily reference rate
2023-02-16,11.142,10.9513,ECB EXR daily reference rate
2023-02-17,11.1983,11.015,ECB EXR daily reference rate
2023-02-20,11.062,10.9683,ECB EXR daily reference rate
2023-02-21,11.0098,10.9468,ECB EXR daily reference rate
2023-02-22,11.0163,10.9665,ECB EXR daily reference rate
2023-02-23,11.0579,10.9545,ECB EXR daily reference rate
2023-02-24,11.003,10.937,ECB EXR daily reference rate
2023-02-27,11.0595,10.9635,ECB EXR daily reference rate
2023-02-28,11.078,10.9713,ECB EXR daily reference rate
2023-03-01,11.1,11.0365,ECB EXR daily reference rate
2023-03-02,11.135,11.085,ECB EXR daily reference rate
2023-03-03,11.143,11.061,ECB EXR daily reference rate
2023-03-06,11.159,11.1109,ECB EXR daily reference rate
2023-03-07,11.2285,11.1935,ECB EXR daily reference rate
2023-03-08,11.2835,11.2205,ECB EXR daily reference rate
2023-03-09,11.3365,11.2715,ECB EXR daily reference rate
2023-03-10,11.3915,11.29,ECB EXR daily reference rate
2023-03-13,11.439,11.3893,ECB EXR daily reference rate
2023-03-14,11.288,11.335,ECB EXR daily reference rate
2023-03-15,11.202,11.34,ECB EXR daily reference rate
2023-03-16,11.1781,11.4487,ECB EXR daily reference rate
2023-03-17,11.1995,11.4218,ECB EXR daily reference rate
2023-03-20,11.1564,11.421,ECB EXR daily reference rate
2023-03-21,11.099,11.3125,ECB EXR daily reference rate
2023-03-22,11.1535,11.332,ECB EXR daily reference rate
2023-03-23,11.222,11.284,ECB EXR daily reference rate
2023-03-24,11.208,11.3065,ECB EXR daily reference rate
2023-03-27,11.212,11.338,ECB EXR daily reference rate
2023-03-28,11.2195,11.324,ECB EXR daily reference rate
2023-03-29,11.2955,11.3005,ECB EXR daily reference rate
2023-03-30,11.3037,11.357,ECB EXR daily reference rate
2023-03-31,11.2805,11.394,ECB EXR daily reference rate
2023-04-03,11.2835,11.2515,ECB EXR daily reference rate
2023-04-04,11.2525,11.2345,ECB EXR daily reference rate
2023-04-05,11.3265,11.399,ECB EXR daily reference rate
2023-04-06,11.3875,11.3855,ECB EXR daily reference rate
2023-04-11,11.4255,11.5435,ECB EXR daily reference rate
2023-04-12,11.348,11.4745,ECB EXR daily reference rate
2023-04-13,11.3886,11.457,ECB EXR daily reference rate
2023-04-14,11.3455,11.402,ECB EXR daily reference rate
2023-04-17,11.3163,11.364,ECB EXR daily reference rate
2023-04-18,11.2955,11.4675,ECB EXR daily reference rate
2023-04-19,11.306,11.5335,ECB EXR daily reference rate
2023-04-20,11.328,11.604,ECB EXR daily reference rate
2023-04-21,11.3315,11.6505,ECB EXR daily reference rate
2023-04-24,11.309,11.647,ECB EXR daily reference rate
2023-04-25,11.3045,11.695,ECB EXR daily reference rate
2023-04-26,11.3855,11.722,ECB EXR daily reference rate
2023-04-27,11.3805,11.714,ECB EXR daily reference rate
2023-04-28,11.3515,11.791,ECB EXR daily reference rate
2023-05-02,11.2915,11.762,ECB EXR daily reference rate
2023-05-03,11.3265,11.886,ECB EXR daily reference rate
2023-05-04,11.341,11.8282,ECB EXR daily reference rate
2023-05-05,11.2365,11.6895,ECB EXR daily reference rate
2023-05-08,11.2012,11.5505,ECB EXR daily reference rate
2023-05-09,11.1885,11.575,ECB EXR daily reference rate
2023-05-10,11.1938,11.5485,ECB EXR daily reference rate
2023-05-11,11.2184,11.518,ECB EXR daily reference rate
2023-05-12,11.2425,11.631,ECB EXR daily reference rate
2023-05-15,11.2905,11.583,ECB EXR daily reference rate
2023-05-16,11.2765,11.613,ECB EXR daily reference rate
2023-05-17,11.325,11.7295,ECB EXR daily reference rate
2023-05-18,11.3609,11.737,ECB EXR daily reference rate
2023-05-19,11.3695,11.701,ECB EXR daily reference rate
2023-05-22,11.3765,11.7765,ECB EXR daily reference rate
2023-05-23,11.4494,11.792,ECB EXR daily reference rate
2023-05-24,11.5103,11.8175,ECB EXR daily reference rate
2023-05-25,11.549,11.7695,ECB EXR daily reference rate
2023-05-26,11.528,11.8218,ECB EXR daily reference rate
2023-05-29,11.5956,11.9175,ECB EXR daily reference rate
2023-05-30,11.634,11.8745,ECB EXR daily reference rate
2023-05-31,11.6278,12.0045,ECB EXR daily reference rate
2023-06-01,11.6455,11.967,ECB EXR daily reference rate
2023-06-02,11.5505,11.845,ECB EXR daily reference rate
2023-06-05,11.642,11.8275,ECB EXR daily reference rate
2023-06-06,11.6215,11.8775,ECB EXR daily reference rate
2023-06-07,11.6255,11.7975,ECB EXR daily reference rate
2023-06-08,11.648,11.758,ECB EXR daily reference rate
2023-06-09,11.673,11.612,ECB EXR daily reference rate
2023-06-12,11.6185,11.634,ECB EXR daily reference rate
2023-06-13,11.64,11.6235,ECB EXR daily reference rate
2023-06-14,11.5605,11.476,ECB EXR daily reference rate
2023-06-15,11.6206,11.5025,ECB EXR daily reference rate
2023-06-16,11.5925,11.517,ECB EXR daily reference rate
2023-06-19,11.6943,11.6335,ECB EXR daily reference rate
2023-06-20,11.758,11.7155,ECB EXR daily reference rate
2023-06-21,11.7563,11.747,ECB EXR daily reference rate
2023-06-22,11.7224,11.599,ECB EXR daily reference rate
2023-06-23,11.675,11.8565,ECB EXR daily reference rate
2023-06-26,11.6825,11.708,ECB EXR daily reference rate
2023-06-27,11.7405,11.7563,ECB EXR daily reference rate
2023-06-28,11.795,11.8395,ECB EXR daily reference rate
2023-06-29,11.8175,11.7645,ECB EXR daily reference rate
2023-06-30,11.8055,11.704,ECB EXR daily reference rate
2023-07-03,11.833,11.6945,ECB EXR daily reference rate
2023-07-04,11.812,11.5958,ECB EXR daily reference rate
2023-07-05,11.8295,11.6455,ECB EXR daily reference rate
2023-07-06,11.9045,11.637,ECB EXR daily reference rate
2023-07-07,11.9075,11.7085,ECB EXR daily reference rate
2023-07-10,11.8745,11.5635,ECB EXR daily reference rate
2023-07-11,11.76,11.452,ECB EXR daily reference rate
2023-07-12,11.68,11.331,ECB EXR daily reference rate
2023-07-13,11.51,11.248,ECB EXR daily reference rate
2023-07-14,11.493,11.2105,ECB EXR daily reference rate
2023-07-17,11.4873,11.242,ECB EXR daily reference rate
2023-07-18,11.504,11.3395,ECB EXR daily reference rate
2023-07-19,11.476,11.266,ECB EXR daily reference rate
2023-07-20,11.4795,11.1555,ECB EXR daily reference rate
2023-07-21,11.5517,11.1775,ECB EXR daily reference rate
2023-07-24,11.5495,11.1925,ECB EXR daily reference rate
2023-07-25,11.495,11.1605,ECB EXR daily reference rate
2023-07-26,11.5313,11.2,ECB EXR daily reference rate
2023-07-27,11.4985,11.1275,ECB EXR daily reference rate
2023-07-28,11.5545,11.168,ECB EXR daily reference rate
2023-07-31,11.5895,11.1805,ECB EXR daily reference rate
2023-08-01,11.6496,11.211,ECB EXR daily reference rate
2023-08-02,11.681,11.1615,ECB EXR daily reference rate
2023-08-03,11.7415,11.2765,ECB EXR daily reference rate
2023-08-04,11.7,11.1858,ECB EXR daily reference rate
2023-08-07,11.6625,11.1485,ECB EXR daily reference rate
2023-08-08,11.744,11.295,ECB EXR daily reference rate
2023-08-09,11.7195,11.2063,ECB EXR daily reference rate
2023-08-10,11.694,11.1785,ECB EXR daily reference rate
2023-08-11,11.8075,11.4225,ECB EXR daily reference rate
2023-08-14,11.8405,11.434,ECB EXR daily reference rate
2023-08-15,11.839,11.4705,ECB EXR daily reference rate
2023-08-16,11.828,11.453,ECB EXR daily reference rate
2023-08-17,11.8666,11.4985,ECB EXR daily reference rate
2023-08-18,11.9383,11.58,ECB EXR daily reference rate
2023-08-21,11.9095,11.5205,ECB EXR daily reference rate
2023-08-22,11.863,11.5195,ECB EXR daily reference rate
2023-08-23,11.9061,11.573,ECB EXR daily reference rate
2023-08-24,11.9175,11.5775,ECB EXR daily reference rate
2023-08-25,11.895,11.518,ECB EXR daily reference rate
2023-08-28,11.9,11.5705,ECB EXR daily reference rate
2023-08-29,11.882,11.5645,ECB EXR daily reference rate
2023-08-30,11.841,11.546,ECB EXR daily reference rate
2023-08-31,11.843,11.58,ECB EXR daily reference rate
2023-09-01,11.896,11.486,ECB EXR daily reference rate
2023-09-04,11.901,11.5005,ECB EXR daily reference rate
2023-09-05,11.9145,11.5435,ECB EXR daily reference rate
2023-09-06,11.9105,11.492,ECB EXR daily reference rate
2023-09-07,11.9095,11.4805,ECB EXR daily reference rate
2023-09-08,11.904,11.422,ECB EXR daily reference rate
2023-09-11,11.8795,11.424,ECB EXR daily reference rate
2023-09-12,11.8875,11.454,ECB EXR daily reference rate
2023-09-13,11.9475,11.4783,ECB EXR daily reference rate
2023-09-14,11.95,11.5038,ECB EXR daily reference rate
2023-09-15,11.873,11.422,ECB EXR daily reference rate
2023-09-18,11.9872,11.5688,ECB EXR daily reference rate
2023-09-19,11.8845,11.4905,ECB EXR daily reference rate
2023-09-20,11.8803,11.482,ECB EXR daily reference rate
2023-09-21,11.926,11.527,ECB EXR daily reference rate
2023-09-22,11.879,11.427,ECB EXR daily reference rate
2023-09-25,11.728,11.43,ECB EXR daily reference rate
2023-09-26,11.654,11.44,ECB EXR daily reference rate
2023-09-27,11.6255,11.361,ECB EXR daily reference rate
2023-09-28,11.6065,11.316,ECB EXR daily reference rate
2023-09-29,11.5325,11.2535,ECB EXR daily reference rate
2023-10-02,11.5833,11.3225,ECB EXR daily reference rate
2023-10-03,11.6375,11.4258,ECB EXR daily reference rate
2023-10-04,11.5855,11.5135,ECB EXR daily reference rate
2023-10-05,11.5975,11.5703,ECB EXR daily reference rate
2023-10-06,11.6045,11.609,ECB EXR daily reference rate
2023-10-09,11.6085,11.4828,ECB EXR daily reference rate
2023-10-10,11.6005,11.4965,ECB EXR daily reference rate
2023-10-11,11.5655,11.4953,ECB EXR daily reference rate
2023-10-12,11.5435,11.5165,ECB EXR daily reference rate
2023-10-13,11.55,11.516,ECB EXR daily reference rate
2023-10-16,11.5375,11.517,ECB EXR daily reference rate
2023-10-17,11.53,11.576,ECB EXR daily reference rate
2023-10-18,11.5643,11.595,ECB EXR daily reference rate
2023-10-19,11.6155,11.6973,ECB EXR daily reference rate
2023-10-20,11.634,11.6808,ECB EXR daily reference rate
2023-10-23,11.7071,11.7985,ECB EXR daily reference rate
2023-10-24,11.7456,11.8255,ECB EXR daily reference rate
2023-10-25,11.7715,11.838,ECB EXR daily reference rate
2023-10-26,11.8005,11.855,ECB EXR daily reference rate
2023-10-27,11.8235,11.8285,ECB EXR daily reference rate
2023-10-30,11.806,11.7905,ECB EXR daily reference rate
2023-10-31,11.8275,11.8735,ECB EXR daily reference rate
2023-11-01,11.806,11.796,ECB EXR daily reference rate
2023-11-02,11.819,11.8743,ECB EXR daily reference rate
2023-11-03,11.74,11.8535,ECB EXR daily reference rate
2023-11-06,11.6575,11.8235,ECB EXR daily reference rate
2023-11-07,11.6695,11.922,ECB EXR daily reference rate
2023-11-08,11.6555,11.9305,ECB EXR daily reference rate
2023-11-09,11.634,11.9335,ECB EXR daily reference rate
2023-11-10,11.629,11.8725,ECB EXR daily reference rate
2023-11-13,11.61,11.877,ECB EXR daily reference rate
2023-11-14,11.6537,11.945,ECB EXR daily reference rate
2023-11-15,11.451,11.746,ECB EXR daily reference rate
2023-11-16,11.4898,11.7675,ECB EXR daily reference rate
2023-11-17,11.481,11.811,ECB EXR daily reference rate
2023-11-20,11.427,11.72,ECB EXR daily reference rate
2023-11-21,11.404,11.67,ECB EXR daily reference rate
2023-11-22,11.39,11.702,ECB EXR daily reference rate
2023-11-23,11.4385,11.711,ECB EXR daily reference rate
2023-11-24,11.439,11.7345,ECB EXR daily reference rate
2023-11-27,11.421,11.684,ECB EXR daily reference rate
2023-11-28,11.433,11.7165,ECB EXR daily reference rate
2023-11-29,11.3655,11.6965,ECB EXR daily reference rate
2023-11-30,11.4308,11.72,ECB EXR daily reference rate
2023-12-01,11.3715,11.698,ECB EXR daily reference rate
2023-12-04,11.321,11.678,ECB EXR daily reference rate
2023-12-05,11.3095,11.7865,ECB EXR daily reference rate
2023-12-06,11.3065,11.796,ECB EXR daily reference rate
2023-12-07,11.2557,11.7535,ECB EXR daily reference rate
2023-12-08,11.238,11.727,ECB EXR daily reference rate
2023-12-11,11.297,11.795,ECB EXR daily reference rate
2023-12-12,11.2815,11.778,ECB EXR daily reference rate
2023-12-13,11.277,11.825,ECB EXR daily reference rate
2023-12-14,11.18,11.518,ECB EXR daily reference rate
2023-12-15,11.2125,11.4495,ECB EXR daily reference rate
2023-12-18,11.145,11.3485,ECB EXR daily reference rate
2023-12-19,11.175,11.3655,ECB EXR daily reference rate
2023-12-20,11.129,11.2895,ECB EXR daily reference rate
2023-12-21,11.099,11.315,ECB EXR daily reference rate
2023-12-22,11.0556,11.2705,ECB EXR daily reference rate
2023-12-27,11.066,11.2355,ECB EXR daily reference rate
2023-12-28,11.0382,11.2625,ECB EXR daily reference rate
2023-12-29,11.096,11.2405,ECB EXR daily reference rate
2024-01-02,11.1545,11.2815,ECB EXR daily reference rate
2024-01-03,11.1915,11.32,ECB EXR daily reference rate
2024-01-04,11.1905,11.2845,ECB EXR daily reference rate
2024-01-05,11.235,11.309,ECB EXR daily reference rate
2024-01-08,11.2095,11.362,ECB EXR daily reference rate
2024-01-09,11.2115,11.308,ECB EXR daily reference rate
2024-01-10,11.197,11.2915,ECB EXR daily reference rate
2024-01-11,11.197,11.3283,ECB EXR daily reference rate
2024-01-12,11.26,11.2765,ECB EXR daily reference rate
2024-01-15,11.278,11.314,ECB EXR daily reference rate
2024-01-16,11.3215,11.3335,ECB EXR daily reference rate
2024-01-17,11.3925,11.4335,ECB EXR daily reference rate
2024-01-18,11.364,11.446,ECB EXR daily reference rate
2024-01-19,11.38,11.41,ECB EXR daily reference rate
2024-01-22,11.3545,11.441,ECB EXR daily reference rate
2024-01-23,11.347,11.4298,ECB EXR daily reference rate
2024-01-24,11.3585,11.4155,ECB EXR daily reference rate
2024-01-25,11.35,11.3905,ECB EXR daily reference rate
2024-01-26,11.3203,11.3325,ECB EXR daily reference rate
2024-01-29,11.3562,11.305,ECB EXR daily reference rate
2024-01-30,11.2971,11.3383,ECB EXR daily reference rate
2024-01-31,11.2682,11.351,ECB EXR daily reference rate
2024-02-01,11.3354,11.3665,ECB EXR daily reference rate
2024-02-02,11.268,11.387,ECB EXR daily reference rate
2024-02-05,11.374,11.465,ECB EXR daily reference rate
2024-02-06,11.3825,11.458,ECB EXR daily reference rate
2024-02-07,11.2725,11.376,ECB EXR daily reference rate
2024-02-08,11.2705,11.412,ECB EXR daily reference rate
2024-02-09,11.2815,11.399,ECB EXR daily reference rate
2024-02-12,11.232,11.32,ECB EXR daily reference rate
2024-02-13,11.251,11.302,ECB EXR daily reference rate
2024-02-14,11.3127,11.3375,ECB EXR daily reference rate
2024-02-15,11.2575,11.361,ECB EXR daily reference rate
2024-02-16,11.2655,11.3555,ECB EXR daily reference rate
2024-02-19,11.237,11.3045,ECB EXR daily reference rate
2024-02-20,11.2185,11.3275,ECB EXR daily reference rate
2024-02-21,11.2075,11.3345,ECB EXR daily reference rate
2024-02-22,11.174,11.356,ECB EXR daily reference rate
2024-02-23,11.1545,11.389,ECB EXR daily reference rate
2024-02-26,11.1675,11.4285,ECB EXR daily reference rate
2024-02-27,11.1805,11.431,ECB EXR daily reference rate
2024-02-28,11.192,11.4675,ECB EXR daily reference rate
2024-02-29,11.215,11.492,ECB EXR daily reference rate
2024-03-01,11.1948,11.443,ECB EXR daily reference rate
2024-03-04,11.2424,11.4325,ECB EXR daily reference rate
2024-03-05,11.2803,11.475,ECB EXR daily reference rate
2024-03-06,11.2555,11.468,ECB EXR daily reference rate
2024-03-07,11.1944,11.394,ECB EXR daily reference rate
2024-03-08,11.164,11.3395,ECB EXR daily reference rate
2024-03-11,11.1865,11.4405,ECB EXR daily reference rate
2024-03-12,11.173,11.4673,ECB EXR daily reference rate
2024-03-13,11.193,11.4805,ECB EXR daily reference rate
2024-03-14,11.2245,11.467,ECB EXR daily reference rate
2024-03-15,11.2674,11.5205,ECB EXR daily reference rate
2024-03-18,11.3178,11.5565,ECB EXR daily reference rate
2024-03-19,11.3465,11.5985,ECB EXR daily reference rate
2024-03-20,11.3595,11.5725,ECB EXR daily reference rate
2024-03-21,11.3645,11.543,ECB EXR daily reference rate
2024-03-22,11.4025,11.617,ECB EXR daily reference rate
2024-03-25,11.457,11.605,ECB EXR daily reference rate
2024-03-26,11.453,11.626,ECB EXR daily reference rate
2024-03-27,11.506,11.6825,ECB EXR daily reference rate
2024-03-28,11.525,11.699,ECB EXR daily reference rate
2024-04-02,11.5575,11.708,ECB EXR daily reference rate
2024-04-03,11.575,11.658,ECB EXR daily reference rate
2024-04-04,11.5105,11.6125,ECB EXR daily reference rate
2024-04-05,11.526,11.6118,ECB EXR daily reference rate
2024-04-08,11.4675,11.5905,ECB EXR daily reference rate
2024-04-09,11.4555,11.593,ECB EXR daily reference rate
2024-04-10,11.4345,11.5665,ECB EXR daily reference rate
2024-04-11,11.531,11.618,ECB EXR daily reference rate
2024-04-12,11.5699,11.587,ECB EXR daily reference rate
2024-04-15,11.5583,11.626,ECB EXR daily reference rate
2024-04-16,11.635,11.6745,ECB EXR daily reference rate
2024-04-17,11.6793,11.696,ECB EXR daily reference rate
2024-04-18,11.637,11.7375,ECB EXR daily reference rate
2024-04-19,11.664,11.765,ECB EXR daily reference rate
2024-04-22,11.6015,11.7185,ECB EXR daily reference rate
2024-04-23,11.603,11.731,ECB EXR daily reference rate
2024-04-24,11.6225,11.733,ECB EXR daily reference rate
2024-04-25,11.639,11.714,ECB EXR daily reference rate
2024-04-26,11.7052,11.7995,ECB EXR daily reference rate
2024-04-29,11.685,11.7835,ECB EXR daily reference rate
2024-04-30,11.753,11.815,ECB EXR daily reference rate
2024-05-02,11.682,11.843,ECB EXR daily reference rate
2024-05-03,11.6398,11.708,ECB EXR daily reference rate
2024-05-06,11.625,11.6663,ECB EXR daily reference rate
2024-05-07,11.681,11.698,ECB EXR daily reference rate
2024-05-08,11.733,11.757,ECB EXR daily reference rate
2024-05-09,11.7205,11.7215,ECB EXR daily reference rate
2024-05-10,11.6865,11.6735,ECB EXR daily reference rate
2024-05-13,11.7,11.68,ECB EXR daily reference rate
2024-05-14,11.7285,11.6815,ECB EXR daily reference rate
2024-05-15,11.6751,11.649,ECB EXR daily reference rate
2024-05-16,11.6172,11.642,ECB EXR daily reference rate
2024-05-17,11.655,11.633,ECB EXR daily reference rate
2024-05-20,11.6127,11.6115,ECB EXR daily reference rate
2024-05-21,11.581,11.583,ECB EXR daily reference rate
2024-05-22,11.6325,11.585,ECB EXR daily reference rate
2024-05-23,11.5925,11.5165,ECB EXR daily reference rate
2024-05-24,11.599,11.4953,ECB EXR daily reference rate
2024-05-27,11.54,11.415,ECB EXR daily reference rate
2024-05-28,11.466,11.407,ECB EXR daily reference rate
2024-05-29,11.5215,11.417,ECB EXR daily reference rate
2024-05-30,11.4995,11.4065,ECB EXR daily reference rate
2024-05-31,11.421,11.383,ECB EXR daily reference rate
2024-06-03,11.4035,11.3885,ECB EXR daily reference rate
2024-06-04,11.3755,11.489,ECB EXR daily reference rate
2024-06-05,11.3275,11.475,ECB EXR daily reference rate
2024-06-06,11.293,11.5,ECB EXR daily reference rate
2024-06-07,11.3075,11.4865,ECB EXR daily reference rate
2024-06-10,11.333,11.512,ECB EXR daily reference rate
2024-06-11,11.2467,11.491,ECB EXR daily reference rate
2024-06-12,11.2345,11.4675,ECB EXR daily reference rate
2024-06-13,11.221,11.4315,ECB EXR daily reference rate
2024-06-14,11.2731,11.4025,ECB EXR daily reference rate
2024-06-17,11.2933,11.486,ECB EXR daily reference rate
2024-06-18,11.255,11.448,ECB EXR daily reference rate
2024-06-19,11.214,11.354,ECB EXR daily reference rate
2024-06-20,11.198,11.2915,ECB EXR daily reference rate
2024-06-21,11.2445,11.2685,ECB EXR daily reference rate
2024-06-24,11.2555,11.349,ECB EXR daily reference rate
2024-06-25,11.2255,11.3265,ECB EXR daily reference rate
2024-06-26,11.3038,11.3945,ECB EXR daily reference rate
2024-06-27,11.338,11.398,ECB EXR daily reference rate
2024-06-28,11.3595,11.3965,ECB EXR daily reference rate
2024-07-01,11.3675,11.4315,ECB EXR daily reference rate
2024-07-02,11.417,11.4795,ECB EXR daily reference rate
2024-07-03,11.371,11.4583,ECB EXR daily reference rate
2024-07-04,11.3375,11.4015,ECB EXR daily reference rate
2024-07-05,11.3605,11.448,ECB EXR daily reference rate
2024-07-08,11.3805,11.4575,ECB EXR daily reference rate
2024-07-09,11.422,11.489,ECB EXR daily reference rate
2024-07-10,11.4075,11.607,ECB EXR daily reference rate
2024-07-11,11.419,11.6725,ECB EXR daily reference rate
2024-07-12,11.4965,11.7025,ECB EXR daily reference rate
2024-07-15,11.5375,11.746,ECB EXR daily reference rate
2024-07-16,11.5545,11.7815,ECB EXR daily reference rate
2024-07-17,11.5085,11.7575,ECB EXR daily reference rate
2024-07-18,11.5338,11.748,ECB EXR daily reference rate
2024-07-19,11.61,11.8255,ECB EXR daily reference rate
2024-07-22,11.6295,11.9165,ECB EXR daily reference rate
2024-07-23,11.6735,11.9635,ECB EXR daily reference rate
2024-07-24,11.6875,11.942,ECB EXR daily reference rate
2024-07-25,11.774,12.0825,ECB EXR daily reference rate
2024-07-26,11.7325,11.937,ECB EXR daily reference rate
2024-07-29,11.7265,11.9155,ECB EXR daily reference rate
2024-07-30,11.686,11.8885,ECB EXR daily reference rate
2024-07-31,11.6125,11.8175,ECB EXR daily reference rate
2024-08-01,11.522,11.7465,ECB EXR daily reference rate
2024-08-02,11.5843,11.929,ECB EXR daily reference rate
2024-08-05,11.534,12.1108,ECB EXR daily reference rate
2024-08-06,11.559,12.0005,ECB EXR daily reference rate
2024-08-07,11.4235,11.781,ECB EXR daily reference rate
2024-08-08,11.4955,11.8825,ECB EXR daily reference rate
2024-08-09,11.4955,11.8295,ECB EXR daily reference rate
2024-08-12,11.4935,11.7745,ECB EXR daily reference rate
2024-08-13,11.506,11.797,ECB EXR daily reference rate
2024-08-14,11.4843,11.7665,ECB EXR daily reference rate
2024-08-15,11.5135,11.7455,ECB EXR daily reference rate
2024-08-16,11.5435,11.8185,ECB EXR daily reference rate
2024-08-19,11.4871,11.7345,ECB EXR daily reference rate
2024-08-20,11.3825,11.6825,ECB EXR daily reference rate
2024-08-21,11.378,11.683,ECB EXR daily reference rate
2024-08-22,11.392,11.7685,ECB EXR daily reference rate
2024-08-23,11.4355,11.802,ECB EXR daily reference rate
2024-08-26,11.403,11.7785,ECB EXR daily reference rate
2024-08-27,11.3758,11.723,ECB EXR daily reference rate
2024-08-28,11.335,11.712,ECB EXR daily reference rate
2024-08-29,11.3455,11.641,ECB EXR daily reference rate
2024-08-30,11.3355,11.662,ECB EXR daily reference rate
2024-09-02,11.351,11.73,ECB EXR daily reference rate
2024-09-03,11.372,11.766,ECB EXR daily reference rate
2024-09-04,11.411,11.805,ECB EXR daily reference rate
2024-09-05,11.3995,11.7895,ECB EXR daily reference rate
2024-09-06,11.3698,11.8015,ECB EXR daily reference rate
2024-09-09,11.455,11.9405,ECB EXR daily reference rate
2024-09-10,11.4355,11.902,ECB EXR daily reference rate
2024-09-11,11.435,11.937,ECB EXR daily reference rate
2024-09-12,11.414,11.934,ECB EXR daily reference rate
2024-09-13,11.3635,11.8495,ECB EXR daily reference rate
2024-09-16,11.3195,11.78,ECB EXR daily reference rate
2024-09-17,11.3245,11.7885,ECB EXR daily reference rate
2024-09-18,11.324,11.7753,ECB EXR daily reference rate
2024-09-19,11.3175,11.6678,ECB EXR daily reference rate
2024-09-20,11.381,11.733,ECB EXR daily reference rate
2024-09-23,11.362,11.686,ECB EXR daily reference rate
2024-09-24,11.2935,11.612,ECB EXR daily reference rate
2024-09-25,11.311,11.684,ECB EXR daily reference rate
2024-09-26,11.3,11.7865,ECB EXR daily reference rate
2024-09-27,11.273,11.7575,ECB EXR daily reference rate
2024-09-30,11.3,11.7645,ECB EXR daily reference rate
2024-10-01,11.3145,11.7305,ECB EXR daily reference rate
2024-10-02,11.3495,11.6735,ECB EXR daily reference rate
2024-10-03,11.361,11.7195,ECB EXR daily reference rate
2024-10-04,11.3375,11.6845,ECB EXR daily reference rate
2024-10-07,11.366,11.656,ECB EXR daily reference rate
2024-10-08,11.349,11.687,ECB EXR daily reference rate
2024-10-09,11.362,11.786,ECB EXR daily reference rate
2024-10-10,11.3655,11.792,ECB EXR daily reference rate
2024-10-11,11.354,11.7393,ECB EXR daily reference rate
2024-10-14,11.3735,11.7465,ECB EXR daily reference rate
2024-10-15,11.301,11.766,ECB EXR daily reference rate
2024-10-16,11.346,11.8015,ECB EXR daily reference rate
2024-10-17,11.418,11.8735,ECB EXR daily reference rate
2024-10-18,11.4205,11.8115,ECB EXR daily reference rate
2024-10-21,11.4275,11.838,ECB EXR daily reference rate
2024-10-22,11.4005,11.823,ECB EXR daily reference rate
2024-10-23,11.412,11.8525,ECB EXR daily reference rate
2024-10-24,11.419,11.8155,ECB EXR daily reference rate
2024-10-25,11.4475,11.8195,ECB EXR daily reference rate
2024-10-28,11.471,11.912,ECB EXR daily reference rate
2024-10-29,11.517,11.8415,ECB EXR daily reference rate
2024-10-30,11.566,11.8785,ECB EXR daily reference rate
2024-10-31,11.6308,11.9385,ECB EXR daily reference rate
2024-11-01,11.6115,11.96,ECB EXR daily reference rate
2024-11-04,11.6445,11.9465,ECB EXR daily reference rate
2024-11-05,11.6665,11.96,ECB EXR daily reference rate
2024-11-06,11.6515,11.909,ECB EXR daily reference rate
2024-11-07,11.599,11.7485,ECB EXR daily reference rate
2024-11-08,11.59,11.7735,ECB EXR daily reference rate
2024-11-11,11.592,11.7865,ECB EXR daily reference rate
2024-11-12,11.542,11.7385,ECB EXR daily reference rate
2024-11-13,11.5895,11.7645,ECB EXR daily reference rate
2024-11-14,11.603,11.759,ECB EXR daily reference rate
2024-11-15,11.5905,11.699,ECB EXR daily reference rate
2024-11-18,11.6,11.717,ECB EXR daily reference rate
2024-11-19,11.584,11.6595,ECB EXR daily reference rate
2024-11-20,11.605,11.644,ECB EXR daily reference rate
2024-11-21,11.607,11.62,ECB EXR daily reference rate
2024-11-22,11.553,11.568,ECB EXR daily reference rate
2024-11-25,11.503,11.5865,ECB EXR daily reference rate
2024-11-26,11.523,11.6815,ECB EXR daily reference rate
2024-11-27,11.529,11.69,ECB EXR daily reference rate
2024-11-28,11.5375,11.664,ECB EXR daily reference rate
2024-11-29,11.518,11.6805,ECB EXR daily reference rate
2024-12-02,11.527,11.659,ECB EXR daily reference rate
2024-12-03,11.5755,11.629,ECB EXR daily reference rate
2024-12-04,11.548,11.6205,ECB EXR daily reference rate
2024-12-05,11.5095,11.66,ECB EXR daily reference rate
2024-12-06,11.523,11.7445,ECB EXR daily reference rate
2024-12-09,11.536,11.7435,ECB EXR daily reference rate
2024-12-10,11.5335,11.7315,ECB EXR daily reference rate
2024-12-11,11.5165,11.712,ECB EXR daily reference rate
2024-12-12,11.5,11.654,ECB EXR daily reference rate
2024-12-13,11.515,11.6758,ECB EXR daily reference rate
2024-12-16,11.4541,11.716,ECB EXR daily reference rate
2024-12-17,11.472,11.7635,ECB EXR daily reference rate
2024-12-18,11.4895,11.762,ECB EXR daily reference rate
2024-12-19,11.4625,11.8143,ECB EXR daily reference rate
2024-12-20,11.476,11.8685,ECB EXR daily reference rate
2024-12-23,11.484,11.807,ECB EXR daily reference rate
2024-12-24,11.5335,11.849,ECB EXR daily reference rate
2024-12-27,11.4795,11.8435,ECB EXR daily reference rate
2024-12-30,11.4865,11.8455,ECB EXR daily reference rate
2024-12-31,11.459,11.795,ECB EXR daily reference rate
2025-01-02,11.4223,11.7173,ECB EXR daily reference rate
2025-01-03,11.4395,11.713,ECB EXR daily reference rate
2025-01-06,11.4645,11.7095,ECB EXR daily reference rate
2025-01-07,11.475,11.7385,ECB EXR daily reference rate
2025-01-08,11.5125,11.738,ECB EXR daily reference rate
2025-01-09,11.4945,11.7605,ECB EXR daily reference rate
2025-01-10,11.497,11.757,ECB EXR daily reference rate
2025-01-13,11.5055,11.709,ECB EXR daily reference rate
2025-01-14,11.512,11.7195,ECB EXR daily reference rate
2025-01-15,11.5015,11.7035,ECB EXR daily reference rate
2025-01-16,11.485,11.6965,ECB EXR daily reference rate
2025-01-17,11.506,11.759,ECB EXR daily reference rate
2025-01-20,11.4945,11.7665,ECB EXR daily reference rate
2025-01-21,11.475,11.817,ECB EXR daily reference rate
2025-01-22,11.467,11.7525,ECB EXR daily reference rate
2025-01-23,11.4685,11.7305,ECB EXR daily reference rate
2025-01-24,11.459,11.7495,ECB EXR daily reference rate
2025-01-27,11.496,11.8095,ECB EXR daily reference rate
2025-01-28,11.478,11.7785,ECB EXR daily reference rate
2025-01-29,11.4555,11.7785,ECB EXR daily reference rate
2025-01-30,11.47,11.7615,ECB EXR daily reference rate
2025-01-31,11.474,11.7373,ECB EXR daily reference rate
2025-02-03,11.481,11.7138,ECB EXR daily reference rate
2025-02-04,11.418,11.721,ECB EXR daily reference rate
2025-02-05,11.3583,11.6693,ECB EXR daily reference rate
2025-02-06,11.321,11.6585,ECB EXR daily reference rate
2025-02-07,11.2865,11.625,ECB EXR daily reference rate
2025-02-10,11.2765,11.5745,ECB EXR daily reference rate
2025-02-11,11.2525,11.5755,ECB EXR daily reference rate
2025-02-12,11.2895,11.662,ECB EXR daily reference rate
2025-02-13,11.2815,11.7145,ECB EXR daily reference rate
2025-02-14,11.2445,11.6515,ECB EXR daily reference rate
2025-02-17,11.216,11.6415,ECB EXR daily reference rate
2025-02-18,11.2115,11.659,ECB EXR daily reference rate
2025-02-19,11.214,11.629,ECB EXR daily reference rate
2025-02-20,11.166,11.609,ECB EXR daily reference rate
2025-02-21,11.1425,11.629,ECB EXR daily reference rate
2025-02-24,11.153,11.6355,ECB EXR daily reference rate
2025-02-25,11.1455,11.6638,ECB EXR daily reference rate
2025-02-26,11.143,11.6895,ECB EXR daily reference rate
2025-02-27,11.159,11.7015,ECB EXR daily reference rate
2025-02-28,11.188,11.7245,ECB EXR daily reference rate
2025-03-03,11.15,11.695,ECB EXR daily reference rate
2025-03-04,11.0995,11.808,ECB EXR daily reference rate
2025-03-05,11.0125,11.82,ECB EXR daily reference rate
2025-03-06,10.962,11.716,ECB EXR daily reference rate
2025-03-07,10.9715,11.759,ECB EXR daily reference rate
2025-03-10,10.9695,11.6705,ECB EXR daily reference rate
2025-03-11,10.9815,11.634,ECB EXR daily reference rate
2025-03-12,10.9765,11.6085,ECB EXR daily reference rate
2025-03-13,11.07,11.5975,ECB EXR daily reference rate
2025-03-14,11.0538,11.62,ECB EXR daily reference rate
2025-03-17,11.0225,11.5283,ECB EXR daily reference rate
2025-03-18,10.997,11.528,ECB EXR daily reference rate
2025-03-19,11.0025,11.505,ECB EXR daily reference rate
2025-03-20,11.0295,11.5025,ECB EXR daily reference rate
2025-03-21,10.933,11.401,ECB EXR daily reference rate
2025-03-24,10.957,11.3795,ECB EXR daily reference rate
2025-03-25,10.7975,11.309,ECB EXR daily reference rate
2025-03-26,10.8395,11.3585,ECB EXR daily reference rate
2025-03-27,10.8235,11.3435,ECB EXR daily reference rate
2025-03-28,10.82,11.294,ECB EXR daily reference rate
2025-03-31,10.849,11.413,ECB EXR daily reference rate
2025-04-01,10.816,11.318,ECB EXR daily reference rate
2025-04-02,10.764,11.2745,ECB EXR daily reference rate
2025-04-03,10.7205,11.4235,ECB EXR daily reference rate
2025-04-04,10.974,11.6815,ECB EXR daily reference rate
2025-04-07,11.078,11.9545,ECB EXR daily reference rate
2025-04-08,10.9775,11.9505,ECB EXR daily reference rate
2025-04-09,11.0715,12.1195,ECB EXR daily reference rate
2025-04-10,11.019,11.9815,ECB EXR daily reference rate
2025-04-11,11.1198,12.1005,ECB EXR daily reference rate
2025-04-14,11.0065,12.0205,ECB EXR daily reference rate
2025-04-15,11.0611,11.9726,ECB EXR daily reference rate
2025-04-16,11.155,12.0725,ECB EXR daily reference rate
2025-04-17,11.0278,11.9655,ECB EXR daily reference rate
2025-04-22,10.9153,11.8885,ECB EXR daily reference rate
2025-04-23,10.9395,11.891,ECB EXR daily reference rate
2025-04-24,10.911,11.8285,ECB EXR daily reference rate
2025-04-25,11.0015,11.8415,ECB EXR daily reference rate
2025-04-28,10.997,11.8615,ECB EXR daily reference rate
2025-04-29,10.962,11.8045,ECB EXR daily reference rate
2025-04-30,10.9715,11.809,ECB EXR daily reference rate
2025-05-02,10.9375,11.7585,ECB EXR daily reference rate
2025-05-05,10.9355,11.7885,ECB EXR daily reference rate
2025-05-06,10.88,11.7015,ECB EXR daily reference rate
2025-05-07,10.903,11.6715,ECB EXR daily reference rate
2025-05-08,10.903,11.688,ECB EXR daily reference rate
2025-05-09,10.92,11.6725,ECB EXR daily reference rate
2025-05-12,10.8845,11.596,ECB EXR daily reference rate
2025-05-13,10.8255,11.5733,ECB EXR daily reference rate
2025-05-14,10.854,11.5715,ECB EXR daily reference rate
2025-05-15,10.8875,11.65,ECB EXR daily reference rate
2025-05-16,10.9327,11.635,ECB EXR daily reference rate
2025-05-19,10.9015,11.5955,ECB EXR daily reference rate
2025-05-20,10.8835,11.5955,ECB EXR daily reference rate
2025-05-21,10.8445,11.484,ECB EXR daily reference rate
2025-05-22,10.8485,11.5155,ECB EXR daily reference rate
2025-05-23,10.8348,11.522,ECB EXR daily reference rate
2025-05-26,10.8335,11.484,ECB EXR daily reference rate
2025-05-27,10.8785,11.506,ECB EXR daily reference rate
2025-05-28,10.8735,11.4945,ECB EXR daily reference rate
2025-05-29,10.8695,11.488,ECB EXR daily reference rate
2025-05-30,10.8735,11.5408,ECB EXR daily reference rate
2025-06-02,10.8535,11.51,ECB EXR daily reference rate
2025-06-03,10.9245,11.533,ECB EXR daily reference rate
2025-06-04,10.9475,11.5185,ECB EXR daily reference rate
2025-06-05,10.943,11.5265,ECB EXR daily reference rate
2025-06-06,10.959,11.524,ECB EXR daily reference rate
2025-06-09,10.97,11.509,ECB EXR daily reference rate
2025-06-10,10.946,11.5073,ECB EXR daily reference rate
2025-06-11,10.9845,11.566,ECB EXR daily reference rate
2025-06-12,10.9355,11.574,ECB EXR daily reference rate
2025-06-13,10.9635,11.4435,ECB EXR daily reference rate
2025-06-16,10.9615,11.467,ECB EXR daily reference rate
2025-06-17,10.948,11.4175,ECB EXR daily reference rate
2025-06-18,11.027,11.4435,ECB EXR daily reference rate
2025-06-19,11.067,11.5315,ECB EXR daily reference rate
2025-06-20,11.125,11.598,ECB EXR daily reference rate
2025-06-23,11.1635,11.6635,ECB EXR daily reference rate
2025-06-24,11.063,11.713,ECB EXR daily reference rate
2025-06-25,11.06,11.782,ECB EXR daily reference rate
2025-06-26,11.091,11.8125,ECB EXR daily reference rate
2025-06-27,11.1183,11.792,ECB EXR daily reference rate
2025-06-30,11.1465,11.8345,ECB EXR daily reference rate
2025-07-01,11.159,11.8445,ECB EXR daily reference rate
2025-07-02,11.2005,11.878,ECB EXR daily reference rate
2025-07-03,11.2515,11.875,ECB EXR daily reference rate
2025-07-04,11.2505,11.847,ECB EXR daily reference rate
2025-07-07,11.1645,11.8755,ECB EXR daily reference rate
2025-07-08,11.1695,11.8295,ECB EXR daily reference rate
2025-07-09,11.1645,11.83,ECB EXR daily reference rate
2025-07-10,11.152,11.803,ECB EXR daily reference rate
2025-07-11,11.148,11.8305,ECB EXR daily reference rate
2025-07-14,11.205,11.803,ECB EXR daily reference rate
2025-07-15,11.27,11.8715,ECB EXR daily reference rate
2025-07-16,11.3195,11.946,ECB EXR daily reference rate
2025-07-17,11.311,11.9675,ECB EXR daily reference rate
2025-07-18,11.2505,11.8335,ECB EXR daily reference rate
2025-07-21,11.212,11.866,ECB EXR daily reference rate
2025-07-22,11.211,11.8845,ECB EXR daily reference rate
2025-07-23,11.164,11.8415,ECB EXR daily reference rate
2025-07-24,11.185,11.8765,ECB EXR daily reference rate
2025-07-25,11.1665,11.8995,ECB EXR daily reference rate
2025-07-28,11.1545,11.8625,ECB EXR daily reference rate
2025-07-29,11.156,11.8165,ECB EXR daily reference rate
2025-07-30,11.1435,11.7795,ECB EXR daily reference rate
2025-07-31,11.1575,11.774,ECB EXR daily reference rate
2025-08-01,11.1965,11.8128,ECB EXR daily reference rate
2025-08-04,11.1825,11.8745,ECB EXR daily reference rate
2025-08-05,11.173,11.857,ECB EXR daily reference rate
2025-08-06,11.1955,11.8515,ECB EXR daily reference rate
2025-08-07,11.1945,11.8903,ECB EXR daily reference rate
2025-08-08,11.178,11.954,ECB EXR daily reference rate
2025-08-11,11.182,11.905,ECB EXR daily reference rate
2025-08-12,11.192,11.8938,ECB EXR daily reference rate
2025-08-13,11.1575,11.944,ECB EXR daily reference rate
2025-08-14,11.182,11.9215,ECB EXR daily reference rate
2025-08-15,11.1775,11.896,ECB EXR daily reference rate
2025-08-18,11.157,11.884,ECB EXR daily reference rate
2025-08-19,11.158,11.928,ECB EXR daily reference rate
2025-08-20,11.177,11.9505,ECB EXR daily reference rate
2025-08-21,11.164,11.8505,ECB EXR daily reference rate
2025-08-22,11.1775,11.8325,ECB EXR daily reference rate
2025-08-25,11.1345,11.8085,ECB EXR daily reference rate
2025-08-26,11.1565,11.836,ECB EXR daily reference rate
2025-08-27,11.116,11.786,ECB EXR daily reference rate
2025-08-28,11.0735,11.748,ECB EXR daily reference rate
2025-08-29,11.055,11.7465,ECB EXR daily reference rate
2025-09-01,11.012,11.7315,ECB EXR daily reference rate
2025-09-02,11.003,11.674,ECB EXR daily reference rate
2025-09-03,11.0015,11.7,ECB EXR daily reference rate
2025-09-04,11.0185,11.753,ECB EXR daily reference rate
2025-09-05,11.001,11.7505,ECB EXR daily reference rate
2025-09-08,11.0005,11.7125,ECB EXR daily reference rate
2025-09-09,11.0018,11.7105,ECB EXR daily reference rate
2025-09-10,10.951,11.6195,ECB EXR daily reference rate
2025-09-11,10.9515,11.612,ECB EXR daily reference rate
2025-09-12,10.9485,11.5845,ECB EXR daily reference rate
2025-09-15,10.9115,11.5565,ECB EXR daily reference rate
2025-09-16,10.9305,11.59,ECB EXR daily reference rate
2025-09-17,10.9635,11.626,ECB EXR daily reference rate
2025-09-18,10.998,11.587,ECB EXR daily reference rate
2025-09-19,11.0705,11.6705,ECB EXR daily reference rate
2025-09-22,11.0495,11.7025,ECB EXR daily reference rate
2025-09-23,10.9887,11.672,ECB EXR daily reference rate
2025-09-24,11.035,11.688,ECB EXR daily reference rate
2025-09-25,11.0485,11.689,ECB EXR daily reference rate
2025-09-26,11.037,11.7105,ECB EXR daily reference rate
2025-09-29,11.03,11.6775,ECB EXR daily reference rate
2025-09-30,11.0565,11.7265,ECB EXR daily reference rate
2025-10-01,11.0355,11.658,ECB EXR daily reference rate
2025-10-02,11.0025,11.675,ECB EXR daily reference rate
2025-10-03,11.003,11.6745,ECB EXR daily reference rate
2025-10-06,10.988,11.621,ECB EXR daily reference rate
2025-10-07,10.9495,11.6025,ECB EXR daily reference rate
2025-10-08,10.9635,11.6125,ECB EXR daily reference rate
2025-10-09,10.987,11.624,ECB EXR daily reference rate
2025-10-10,11.008,11.6775,ECB EXR daily reference rate
2025-10-13,11.013,11.679,ECB EXR daily reference rate
2025-10-14,11.038,11.7725,ECB EXR daily reference rate
2025-10-15,11.0195,11.7225,ECB EXR daily reference rate
2025-10-16,11.013,11.734,ECB EXR daily reference rate
2025-10-17,11.03,11.7293,ECB EXR daily reference rate
2025-10-20,10.99,11.7415,ECB EXR daily reference rate
2025-10-21,10.9345,11.6693,ECB EXR daily reference rate
2025-10-22,10.916,11.643,ECB EXR daily reference rate
2025-10-23,10.9193,11.5829,ECB EXR daily reference rate
2025-10-24,10.904,11.6185,ECB EXR daily reference rate
2025-10-27,10.912,11.632,ECB EXR daily reference rate
2025-10-28,10.921,11.6335,ECB EXR daily reference rate
2025-10-29,10.896,11.6385,ECB EXR daily reference rate
2025-10-30,10.94,11.6648,ECB EXR daily reference rate
2025-10-31,10.925,11.6485,ECB EXR daily reference rate
2025-11-03,10.935,11.648,ECB EXR daily reference rate
2025-11-04,10.9865,11.7265,ECB EXR daily reference rate
2025-11-05,11.0175,11.749,ECB EXR daily reference rate
2025-11-06,10.99,11.7265,ECB EXR daily reference rate
2025-11-07,11.046,11.78,ECB EXR daily reference rate
2025-11-10,10.987,11.6885,ECB EXR daily reference rate
2025-11-11,10.973,11.6605,ECB EXR daily reference rate
2025-11-12,10.9395,11.6495,ECB EXR daily reference rate
2025-11-13,10.9405,11.674,ECB EXR daily reference rate
2025-11-14,10.9835,11.7285,ECB EXR daily reference rate
2025-11-17,10.9635,11.7005,ECB EXR daily reference rate
2025-11-18,10.997,11.7333,ECB EXR daily reference rate
2025-11-19,10.992,11.748,ECB EXR daily reference rate
2025-11-20,10.9995,11.7405,ECB EXR daily reference rate
2025-11-21,11.026,11.794,ECB EXR daily reference rate
2025-11-24,11.006,11.7945,ECB EXR daily reference rate
2025-11-25,11.048,11.848,ECB EXR daily reference rate
2025-11-26,11.0345,11.8468,ECB EXR daily reference rate
2025-11-27,10.9945,11.803,ECB EXR daily reference rate
2025-11-28,10.9695,11.7645,ECB EXR daily reference rate
2025-12-01,10.963,11.771,ECB EXR daily reference rate
2025-12-02,10.9865,11.789,ECB EXR daily reference rate
2025-12-03,10.955,11.758,ECB EXR daily reference rate
2025-12-04,10.967,11.782,ECB EXR daily reference rate
2025-12-05,10.959,11.755,ECB EXR daily reference rate
2025-12-08,10.9495,11.786,ECB EXR daily reference rate
2025-12-09,10.9015,11.7845,ECB EXR daily reference rate
2025-12-10,10.858,11.809,ECB EXR daily reference rate
2025-12-11,10.845,11.825,ECB EXR daily reference rate
2025-12-12,10.8865,11.856,ECB EXR daily reference rate
2025-12-15,10.9155,11.9075,ECB EXR daily reference rate
2025-12-16,10.942,11.985,ECB EXR daily reference rate
2025-12-17,10.936,11.9858,ECB EXR daily reference rate
2025-12-18,10.9015,11.9545,ECB EXR daily reference rate
2025-12-19,10.904,11.915,ECB EXR daily reference rate
2025-12-22,10.856,11.8875,ECB EXR daily reference rate
2025-12-23,10.82,11.849,ECB EXR daily reference rate
2025-12-24,10.8055,11.804,ECB EXR daily reference rate
2025-12-29,10.816,11.827,ECB EXR daily reference rate
2025-12-30,10.818,11.826,ECB EXR daily reference rate
2025-12-31,10.8215,11.843,ECB EXR daily reference rate
2026-01-02,10.8085,11.7985,ECB EXR daily reference rate
2026-01-05,10.787,11.7795,ECB EXR daily reference rate
2026-01-06,10.765,11.7285,ECB EXR daily reference rate
2026-01-07,10.7365,11.7585,ECB EXR daily reference rate
2026-01-08,10.766,11.7935,ECB EXR daily reference rate
2026-01-09,10.748,11.7765,ECB EXR daily reference rate
2026-01-12,10.7008,11.7445,ECB EXR daily reference rate
2026-01-13,10.7135,11.756,ECB EXR daily reference rate
2026-01-14,10.723,11.733,ECB EXR daily reference rate
2026-01-15,10.6985,11.72,ECB EXR daily reference rate
2026-01-16,10.719,11.7203,ECB EXR daily reference rate
2026-01-19,10.73,11.7295,ECB EXR daily reference rate
2026-01-20,10.708,11.7155,ECB EXR daily reference rate
2026-01-21,10.661,11.6365,ECB EXR daily reference rate
2026-01-22,10.594,11.576,ECB EXR daily reference rate
2026-01-23,10.5705,11.542,ECB EXR daily reference rate
2026-01-26,10.6265,11.6015,ECB EXR daily reference rate
2026-01-27,10.582,11.567,ECB EXR daily reference rate
2026-01-28,10.5885,11.523,ECB EXR daily reference rate
2026-01-29,10.5645,11.418,ECB EXR daily reference rate
2026-01-30,10.5205,11.3885,ECB EXR daily reference rate
2026-02-02,10.5935,11.4655,ECB EXR daily reference rate
2026-02-03,10.5485,11.422,ECB EXR daily reference rate
2026-02-04,10.577,11.3995,ECB EXR daily reference rate
2026-02-05,10.641,11.474,ECB EXR daily reference rate
2026-02-06,10.6735,11.4695,ECB EXR daily reference rate
2026-02-09,10.6505,11.429,ECB EXR daily reference rate
2026-02-10,10.6135,11.3115,ECB EXR daily reference rate
2026-02-11,10.564,11.265,ECB EXR daily reference rate
2026-02-12,10.567,11.2535,ECB EXR daily reference rate
2026-02-13,10.6254,11.326,ECB EXR daily reference rate
2026-02-16,10.6205,11.2665,ECB EXR daily reference rate
2026-02-17,10.648,11.2815,ECB EXR daily reference rate
2026-02-18,10.616,11.2285,ECB EXR daily reference rate
2026-02-19,10.6915,11.253,ECB EXR daily reference rate
2026-02-20,10.6745,11.254,ECB EXR daily reference rate
2026-02-23,10.6955,11.2585,ECB EXR daily reference rate
2026-02-24,10.688,11.2575,ECB EXR daily reference rate
2026-02-25,10.6765,11.2955,ECB EXR daily reference rate
2026-02-26,10.673,11.293,ECB EXR daily reference rate
2026-02-27,10.6643,11.2085,ECB EXR daily reference rate
2026-03-02,10.708,11.191,ECB EXR daily reference rate
2026-03-03,10.7265,11.2485,ECB EXR daily reference rate
2026-03-04,10.6785,11.2385,ECB EXR daily reference rate
2026-03-05,10.6885,11.214,ECB EXR daily reference rate
2026-03-06,10.693,11.1725,ECB EXR daily reference rate
2026-03-09,10.6945,11.1545,ECB EXR daily reference rate
2026-03-10,10.606,11.147,ECB EXR daily reference rate
2026-03-11,10.6543,11.17,ECB EXR daily reference rate
2026-03-12,10.7108,11.1575,ECB EXR daily reference rate
2026-03-13,10.7545,11.159,ECB EXR daily reference rate
2026-03-16,10.769,11.149,ECB EXR daily reference rate
2026-03-17,10.7055,11.073,ECB EXR daily reference rate
2026-03-18,10.7778,11.0205,ECB EXR daily reference rate
2026-03-19,10.8065,10.996,ECB EXR daily reference rate
2026-03-20,10.7825,11.029,ECB EXR daily reference rate
2026-03-23,10.8328,11.285,ECB EXR daily reference rate
2026-03-24,10.8238,11.2305,ECB EXR daily reference rate
2026-03-25,10.7715,11.2855,ECB EXR daily reference rate
2026-03-26,10.8405,11.1265,ECB EXR daily reference rate
2026-03-27,10.878,11.1885,ECB EXR daily reference rate
2026-03-30,10.906,11.198,ECB EXR daily reference rate
2026-03-31,10.943,11.2125,ECB EXR daily reference rate
2026-04-01,10.888,11.208,ECB EXR daily reference rate
2026-04-02,10.948,11.2285,ECB EXR daily reference rate
2026-04-07,10.99,11.183,ECB EXR daily reference rate
2026-04-08,10.784,11.1535,ECB EXR daily reference rate
2026-04-09,10.8765,11.1265,ECB EXR daily reference rate
2026-04-10,10.836,11.1165,ECB EXR daily reference rate
2026-04-13,10.892,11.098,ECB EXR daily reference rate
2026-04-14,10.798,11.101,ECB EXR daily reference rate
2026-04-15,10.85,11.12,ECB EXR daily reference rate
2026-04-16,10.804,11.048,ECB EXR daily reference rate
2026-04-17,10.803,11.017,ECB EXR daily reference rate
2026-04-20,10.7685,10.9745,ECB EXR daily reference rate
2026-04-21,10.7495,10.967,ECB EXR daily reference rate
2026-04-22,10.776,10.912,ECB EXR daily reference rate
2026-04-23,10.7795,10.913,ECB EXR daily reference rate
2026-04-24,10.82,10.9525,ECB EXR daily reference rate
2026-04-27,10.7885,10.883,ECB EXR daily reference rate
2026-04-28,10.8485,10.8875,ECB EXR daily reference rate
2026-04-29,10.8405,10.862,ECB EXR daily reference rate
2026-04-30,10.8555,10.9123,ECB EXR daily reference rate
2026-05-04,10.835,10.828,ECB EXR daily reference rate
2026-05-05,10.84,10.8055,ECB EXR daily reference rate
2026-05-06,10.8335,10.898,ECB EXR daily reference rate
2026-05-07,10.825,10.8675,ECB EXR daily reference rate
2026-05-08,10.842,10.8215,ECB EXR daily reference rate
2026-05-11,10.8765,10.8275,ECB EXR daily reference rate
2026-05-12,10.8935,10.771,ECB EXR daily reference rate
2026-05-13,10.915,10.7415,ECB EXR daily reference rate
2026-05-14,10.9145,10.798,ECB EXR daily reference rate
2026-05-15,10.982,10.845,ECB EXR daily reference rate
2026-05-18,10.9465,10.8005,ECB EXR daily reference rate
2026-05-19,10.909,10.7635,ECB EXR daily reference rate
2026-05-20,10.8775,10.764,ECB EXR daily reference rate
2026-05-21,10.8615,10.7075,ECB EXR daily reference rate
2026-05-22,10.8695,10.7295,ECB EXR daily reference rate
2026-05-25,10.7965,10.766,ECB EXR daily reference rate
2026-05-26,10.8245,10.772,ECB EXR daily reference rate
2026-05-27,10.7895,10.797,ECB EXR daily reference rate
2026-05-28,10.8215,10.794,ECB EXR daily reference rate
2026-05-29,10.772,10.7735,ECB EXR daily reference rate
2026-06-01,10.789,10.7885,ECB EXR daily reference rate
2026-06-02,10.825,10.8,ECB EXR daily reference rate
2026-06-03,10.884,10.7935,ECB EXR daily reference rate
2026-06-04,10.8803,10.8445,ECB EXR daily reference rate
2026-06-05,10.8675,10.8445,ECB EXR daily reference rate
2026-06-08,10.876,10.9165,ECB EXR daily reference rate
2026-06-09,10.885,10.9345,ECB EXR daily reference rate
2026-06-10,10.9655,10.952,ECB EXR daily reference rate
2026-06-11,10.9935,10.9895,ECB EXR daily reference rate
2026-06-12,10.928,11.0255,ECB EXR daily reference rate
2026-06-15,10.8975,11.0555,ECB EXR daily reference rate
2026-06-16,10.897,11.0465,ECB EXR daily reference rate
2026-06-17,10.891,11.008,ECB EXR daily reference rate
2026-06-18,10.9845,11.105,ECB EXR daily reference rate
2026-06-19,10.974,11.1045,ECB EXR daily reference rate
2026-06-22,10.998,11.074,ECB EXR daily reference rate
2026-06-23,11.0585,11.143,ECB EXR daily reference rate
2026-06-24,11.085,11.157,ECB EXR daily reference rate
2026-06-25,11.069,11.2175,ECB EXR daily reference rate
2026-06-26,11.0775,11.3035,ECB EXR daily reference rate
2026-06-29,11.0865,11.3295,ECB EXR daily reference rate
2026-06-30,11.0935,11.3105,ECB EXR daily reference rate
2026-07-01,11.0955,11.3125,ECB EXR daily reference rate
2026-07-02,11.0775,11.2885,ECB EXR daily reference rate
2026-07-03,11.0315,11.269,ECB EXR daily reference rate
2026-07-06,11.015,11.234,ECB EXR daily reference rate
2026-07-07,11.0443,11.214,ECB EXR daily reference rate
2026-07-08,11.0565,11.136,ECB EXR daily reference rate
2026-07-09,11.062,11.1305,ECB EXR daily reference rate
2026-07-10,11.0145,11.1485,ECB EXR daily reference rate
2026-07-13,11.027,11.1595,ECB EXR daily reference rate
2026-07-14,11.036,11.077,ECB EXR daily reference rate
2026-07-15,11.0473,11.096,ECB EXR daily reference rate
2026-07-16,11.0285,11.064,ECB EXR daily reference rate
2026-07-17,11.0405,11.039,ECB EXR daily reference rate
2026-07-20,11.045,11.042,ECB EXR daily reference rate
2026-07-21,11.0485,10.987,ECB EXR daily reference rate
2026-07-22,11.0775,10.947,ECB EXR daily reference rate
2026-07-23,11.0955,10.9525,ECB EXR daily reference rate
2026-07-24,11.055,10.888,ECB EXR daily reference rate
2026-07-27,11.0445,10.9845,ECB EXR daily reference rate
2026-07-28,11.0625,11.0055,ECB EXR daily reference rate
2026-07-29,11.053,10.998,ECB EXR daily reference rate
2026-07-30,11.0098,10.9758,ECB EXR daily reference rate
2026-07-31,10.9855,10.942,ECB EXR daily reference rate
2026-08-03,10.9845,10.9965,ECB EXR daily reference rate
2026-08-04,10.9925,10.9925,ECB EXR daily reference rate
2026-08-05,10.9635,10.9835,ECB EXR daily reference rate
2026-08-06,10.924,11.0003,ECB EXR daily reference rate
2026-08-07,10.9455,10.975,ECB EXR daily reference rate
2026-08-10,10.9655,10.986,ECB EXR daily reference rate
2026-08-11,10.9635,10.9705,ECB EXR daily reference rate
2026-08-12,10.9965,10.936,ECB EXR daily reference rate
2026-08-13,11.0285,10.986,ECB EXR daily reference rate
2026-08-14,10.999,10.9325,ECB EXR daily reference rate
2026-08-17,11.001,10.9235,ECB EXR daily reference rate
2026-08-18,11.026,10.9025,ECB EXR daily reference rate
2026-08-19,11.0385,10.9105,ECB EXR daily reference rate
2026-08-20,11.0875,10.9025,ECB EXR daily reference rate
2026-08-21,11.0625,10.8675,ECB EXR daily reference rate
2026-08-24,11.0805,10.8645,ECB EXR daily reference rate
2026-08-25,11.0668,10.892,ECB EXR daily reference rate
2026-08-26,11.0785,10.8845,ECB EXR daily reference rate
2026-08-27,11.0835,10.877,ECB EXR daily reference rate
2026-08-28,11.0885,10.8595,ECB EXR daily reference rate
2026-08-31,11.11,10.832,ECB EXR daily reference rate
2026-09-01,11.1145,10.8185,ECB EXR daily reference rate
2026-09-02,11.1575,10.809,ECB EXR daily reference rate
2026-09-03,11.1245,10.8063,ECB EXR daily reference rate
2026-09-04,11.1005,10.8035,ECB EXR daily reference rate
2026-09-07,11.162,10.774,ECB EXR daily reference rate
2026-09-08,11.152,10.745,ECB EXR daily reference rate
2026-09-09,11.1495,10.6975,ECB EXR daily reference rate
2026-09-10,11.1995,10.7635,ECB EXR daily reference rate
2026-09-11,11.2373,10.7805,ECB EXR daily reference rate
2026-09-14,11.281,10.767,ECB EXR daily reference rate
2026-09-15,11.274,10.785,ECB EXR daily reference rate
2026-09-16,11.2875,10.7885,ECB EXR daily reference rate
2026-09-17,11.2715,10.825,ECB EXR daily reference rate
2026-09-18,11.2915,10.8095,ECB EXR daily reference rate
2026-09-21,11.275,10.813,ECB EXR daily reference rate
2026-09-22,11.2463,10.801,ECB EXR daily reference rate
