date,ishares_close_sek,lf_nav_date,nav_sek,eunl_index_100,lansforsakringar_index_100
2013-06-11,227.03057599334716,2013-06-11,100.0,100.0,100.0
2013-06-12,223.9646333770752,2013-06-12,99.5921,98.64954638693169,99.5921
2013-06-13,222.9860566196442,2013-06-13,98.3389,98.21851336278974,98.3389
2013-06-14,222.21377140197754,2013-06-14,98.5649,97.8783454297756,98.5649
2013-06-17,224.60617534294127,2013-06-17,99.3053,98.93212593070419,99.3053
2013-06-18,226.16506835250854,2013-06-18,99.5184,99.61877045104974,99.5184
2013-06-19,223.8075032711029,2013-06-19,98.6145,98.5803353983744,98.6145
2013-06-20,220.8860220451355,2013-06-20,98.4841,97.29351259347916,98.4841
2013-06-21,219.92530336799624,2013-06-20,98.4841,96.87034550555026,98.4841
2013-06-24,221.67670074691773,2013-06-24,98.4683,97.64178229165648,98.4683
2013-06-25,223.0655566827774,2013-06-25,98.4762,98.25353070033795,98.4762
2013-06-26,225.7838590106964,2013-06-26,99.1801,99.4508594372384,99.1801
2013-06-27,228.09379331970214,2013-06-27,100.5794,100.46831459670267,100.5794
2013-06-28,228.29757500896454,2013-06-28,100.3262,100.55807417572447,100.32620000000001
2013-07-01,227.2212467021942,2013-07-01,100.2742,100.08398459459163,100.27420000000001
2013-07-02,227.78694665527343,2013-07-02,100.6103,100.3331580597093,100.6103
2013-07-03,226.58996998634336,2013-07-03,100.0704,99.80592657835801,100.0704
2013-07-04,230.67491800689697,2013-07-04,100.7263,101.60522079354483,100.72630000000001
2013-07-05,228.52367669792176,2013-07-05,101.8201,100.65766502949734,101.8201
2013-07-08,234.59976669425964,2013-07-08,103.2413,103.33399616672527,103.2413
2013-07-09,235.68538798713683,2013-07-09,103.7199,103.8121790229891,103.7199
2013-07-10,233.83707161979677,2013-07-10,103.5022,102.99805239742203,103.50220000000002
2013-07-11,234.5261746492386,2013-07-11,103.7896,103.3015811298083,103.7896
2013-07-12,234.77384402275086,2013-07-12,103.9927,103.41067188660553,103.9927
2013-07-15,236.91761533145907,2013-07-15,104.1852,104.35493734482779,104.1852
2013-07-16,233.5251933177948,2013-07-16,103.334,102.86067957852423,103.33399999999999
2013-07-17,233.0827969751358,2013-07-17,102.866,102.66581756898066,102.86599999999999
2013-07-18,234.8414860267639,2013-07-18,103.4175,103.44046611309554,103.4175
2013-07-19,232.96436824493404,2013-07-19,102.642,102.6136533485079,102.642
2013-07-22,232.25597277679447,2013-07-22,102.4855,102.30162688905853,102.4855
2013-07-23,231.43064543247223,2013-07-23,102.4879,101.93809552738571,102.48789999999998
2013-07-24,231.41982143268584,2013-07-24,102.5146,101.93332788772351,102.51460000000002
2013-07-25,231.3104022245407,2013-07-25,102.4845,101.88513208516854,102.4845
2013-07-26,230.19341005783082,2013-07-26,101.9775,101.39313132191336,101.9775
2013-07-29,229.71872792816166,2013-07-29,101.9383,101.18404841420711,101.9383
2013-07-30,232.75905336341862,2013-07-30,103.1759,102.52321844536011,103.17590000000001
2013-07-31,234.02581331787104,2013-07-31,103.1304,103.08118732197944,103.1304
2013-08-01,235.88459069519047,2013-08-01,104.22,103.89992170134067,104.22
2013-08-02,237.70494334602355,2013-08-02,104.9576,104.70173116813535,104.95760000000001
2013-08-05,238.05810666847228,2013-08-05,105.0488,104.85728877129232,105.04880000000001
2013-08-06,235.0281720123291,2013-08-06,104.3063,103.52269555939297,104.30629999999998
2013-08-07,233.77222698898316,2013-08-07,103.2411,102.96949032796074,103.2411
2013-08-08,232.61221994934084,2013-08-08,102.8291,102.45854283352445,102.82910000000001
2013-08-09,233.2626777053833,2013-08-09,103.3844,102.74504950919861,103.3844
2013-08-12,234.16481202697753,2013-08-12,103.3911,103.14241198676228,103.39110000000001
2013-08-13,234.9242952697754,2013-08-13,103.6326,103.47694104280454,103.63259999999998
2013-08-14,234.5569917043686,2013-08-14,103.7516,103.31515509666065,103.75159999999998
2013-08-15,231.69939340400697,2013-08-15,102.6711,102.05647075960226,102.6711
2013-08-16,232.73810601425174,2013-08-16,102.1146,102.51399178103297,102.1146
2013-08-19,231.6520813293457,2013-08-19,101.8727,102.0356312429626,101.8727
2013-08-20,229.49280131378168,2013-08-20,100.7944,101.0845346754116,100.7944
2013-08-21,229.102125,2013-08-21,101.7533,100.91245375103728,101.7533
2013-08-22,229.65027265167237,2013-08-22,101.4198,101.15389596615478,101.4198
2013-08-23,230.92100000000002,2013-08-23,101.9195,101.71361235799661,101.91950000000001
2013-08-26,232.342029324913,2013-08-26,102.0511,102.33953215699083,102.05109999999999
2013-08-27,227.4884946517944,2013-08-27,100.8361,100.20169911318935,100.8361
2013-08-28,227.6125066280365,2013-08-28,100.0963,100.25632258216461,100.0963
2013-08-29,230.4986366558075,2013-08-29,101.4657,101.52757426936272,101.4657
2013-08-30,229.69537499999998,2013-08-30,101.8734,101.17376216617224,101.8734
2013-09-02,232.62107466545106,2013-09-02,101.8252,102.46244306417465,101.8252
2013-09-03,231.67652930393217,2013-09-03,102.5618,102.04639982533506,102.56180000000002
2013-09-04,232.90487401485444,2013-09-04,102.4442,102.58744796633887,102.44419999999998
2013-09-05,236.48895169487,2013-09-05,103.9335,104.1661241707813,103.9335
2013-09-06,235.39510000610352,2013-09-06,103.3078,103.68431607776103,103.3078
2013-09-09,235.528464667511,2013-09-09,103.6782,103.74305911747008,103.6782
2013-09-10,236.68018601131442,2013-09-10,103.9007,104.25035701721959,103.9007
2013-09-11,235.78352763118744,2013-09-11,103.8849,103.85540652378768,103.88489999999999
2013-09-12,236.43328663177488,2013-09-12,104.0708,104.14160541913229,104.07079999999999
2013-09-13,237.37989998474123,2013-09-13,104.5847,104.55855954472727,104.5847
2013-09-16,238.4846516532898,2013-09-16,104.4364,105.04516874426567,104.4364
2013-09-17,236.17272329406737,2013-09-17,104.0354,104.0268352668885,104.0354
2013-09-18,236.53314665813448,2013-09-18,104.2459,104.1855906955307,104.2459
2013-09-19,235.50909207687377,2013-09-19,103.8107,103.7345260859379,103.81069999999998
2013-09-20,235.89894059123992,2013-09-20,103.8744,103.90624239007906,103.8744
2013-09-23,234.111048094368,2013-09-23,103.4365,103.11873062473677,103.4365
2013-09-24,235.7262603902817,2013-09-24,103.6418,103.8301820619921,103.6418
2013-09-25,236.4031930458069,2013-09-25,103.9272,104.12835011823887,103.9272
2013-09-26,235.94620598106386,2013-09-26,103.9555,103.92706134348086,103.9555
2013-09-27,235.48559830169674,2013-09-27,103.5817,103.72417779911606,103.5817
2013-09-30,233.49276905536652,2013-09-30,102.6938,102.8463976861904,102.6938
2013-10-01,234.21056975498198,2013-10-01,102.4337,103.16256686141043,102.4337
2013-10-02,232.90604867935178,2013-10-02,102.4252,102.58796536999351,102.42519999999999
2013-10-03,232.00187268447874,2013-10-03,102.0407,102.18970359801989,102.0407
2013-10-04,232.78868932342527,2013-10-04,102.6697,102.53627217606444,102.66969999999999
2013-10-07,234.29899333000182,2013-10-07,102.9744,103.20151473203664,102.9744
2013-10-08,231.13308335247038,2013-10-08,102.2659,101.80702856484116,102.2659
2013-10-09,231.72925,2013-10-09,102.3255,102.06962167368616,102.3255
2013-10-10,237.92124294261933,2013-10-10,104.1896,104.79700450109914,104.1896
2013-10-11,237.81885964336396,2013-10-11,104.4316,104.75190780044224,104.4316
2013-10-14,238.44748335647583,2013-10-14,104.6722,105.0287972504035,104.67219999999999
2013-10-15,240.33343367385862,2013-10-15,105.4307,105.85950047578669,105.43070000000002
2013-10-16,242.58335405044556,2013-10-16,105.954,106.85052134015382,105.954
2013-10-17,240.6955026697159,2013-10-17,105.0037,106.01898075471965,105.0037
2013-10-18,241.8379873310089,2013-10-18,106.5454,106.52221017934413,106.54539999999999
2013-10-21,242.90524664878845,2013-10-21,106.5913,106.99230514920002,106.59130000000002
2013-10-22,242.19825865173345,2013-10-22,106.4937,106.68089863756094,106.4937
2013-10-23,241.0657259742737,2013-10-23,105.9695,106.18205275633792,105.96950000000001
2013-10-24,241.32201202239992,2013-10-24,106.1199,106.29493889381294,106.1199
2013-10-25,240.826704334259,2013-10-25,105.6722,106.07677106070335,105.67219999999999
2013-10-28,241.48810933837885,2013-10-28,106.0321,106.36809966312879,106.03210000000001
2013-10-29,243.44132200717928,2013-10-29,106.5614,107.22842988968719,106.5614
2013-10-30,243.26140670013427,2013-10-30,107.0934,107.14918271945129,107.0934
2013-10-31,246.45754598464964,2013-10-31,107.5903,108.55698396848175,107.5903
2013-11-01,246.465942984581,2013-11-01,108.6333,108.56068258920479,108.6333
2013-11-04,245.88477202339172,2013-11-04,108.0896,108.30469461989871,108.0896
2013-11-05,246.93551932907107,2013-11-05,108.2992,108.76751655526222,108.2992
2013-11-06,247.10169537467957,2013-11-06,108.4603,108.8407120025633,108.4603
2013-11-07,245.6502066459656,2013-11-07,109.0154,108.20137577114902,109.0154
2013-11-08,249.659375,2013-11-08,108.7754,109.9672913692982,108.7754
2013-11-11,248.59474401340483,2013-11-11,109.521,109.49835409865216,109.521
2013-11-12,251.18136175861358,2013-11-12,110.3493,110.6376798189395,110.3493
2013-11-13,252.87754354705814,2013-11-13,110.7993,111.38479583228842,110.7993
2013-11-14,254.5026454772949,2013-11-14,111.533,112.10060334989977,111.53299999999999
2013-11-15,254.89829999999998,2013-11-15,111.9412,112.27487702249826,111.94119999999998
2013-11-18,254.09459999999999,2013-11-18,111.4343,111.92087184214601,111.43429999999998
2013-11-19,253.96324336738584,2013-11-19,111.4597,111.86301327748379,111.45970000000001
2013-11-20,254.20574999999997,2013-11-20,110.7904,111.9698300053862,110.7904
2013-11-21,254.2092918170929,2013-11-21,111.6672,111.97139006709924,111.6672
2013-11-22,252.52336657104496,2013-11-22,110.9545,111.2287917458505,110.9545
2013-11-25,253.5855840702057,2013-11-25,111.2996,111.69666594936389,111.29959999999998
2013-11-26,251.97268532142638,2013-11-26,111.26,110.9862335586067,111.26
2013-11-27,253.04399660110474,2013-11-27,110.9302,111.45811329330367,110.9302
2013-11-28,253.4362305055618,2013-11-28,111.3194,111.63088028856009,111.3194
2013-11-29,253.06207364082337,2013-11-29,111.135,111.46607567442327,111.135
2013-12-02,252.48735660858154,2013-12-02,110.826,111.21293046271457,110.82600000000001
2013-12-03,248.73897823448178,2013-12-03,109.8143,109.56188484575344,109.8143
2013-12-04,248.08827130279542,2013-12-04,108.713,109.27526841585662,108.713
2013-12-05,245.77375894279479,2013-12-05,108.4261,108.2557967654528,108.42610000000002
2013-12-06,249.21671268100738,2013-12-06,109.4683,109.77231220534381,109.46830000000001
2013-12-09,250.30343683242796,2013-12-09,109.9295,110.25098083694364,109.92950000000002
2013-12-10,249.55407405757902,2013-12-10,109.7609,109.92090953638416,109.7609
2013-12-11,248.29161312408445,2013-12-11,109.7677,109.36483424653794,109.7677
2013-12-12,248.25495654373168,2013-12-12,109.0126,109.34868814806975,109.01260000000002
2013-12-13,247.56173655338287,2013-12-13,108.8177,109.04334602077448,108.8177
2013-12-16,249.04389537734986,2013-12-16,109.4147,109.6961914877262,109.4147
2013-12-17,247.72887655105592,2013-12-17,109.2487,109.11696605937135,109.2487
2013-12-18,247.3827881149292,2013-12-18,108.6507,108.96452472647493,108.65070000000001
2013-12-19,251.24642921810153,2013-12-19,110.5516,110.66634003759211,110.5516
2013-12-20,253.98162500000004,2013-12-20,111.0897,111.87110982242439,111.08970000000001
2013-12-23,254.70008337135314,2013-12-23,111.3002,112.18756868185756,111.3002
2013-12-24,255.1025113735199,2013-12-23,111.3002,112.3648258642463,111.3002
2013-12-25,255.1025113735199,2013-12-23,111.3002,112.3648258642463,111.3002
2013-12-26,255.1025113735199,2013-12-23,111.3002,112.3648258642463,111.3002
2013-12-27,255.9770370550156,2013-12-27,111.7541,112.7500275832964,111.7541
2013-12-30,254.5458350435257,2013-12-30,110.6751,112.11962702811662,110.6751
2013-12-31,252.57294302768707,2013-12-30,110.6751,111.2506286532473,110.6751
2014-01-01,252.57294302768707,2013-12-30,110.6751,111.2506286532473,110.6751
2014-01-02,253.70418725585938,2014-01-02,111.5631,111.74890701210829,111.5631
2014-01-03,253.63869859466556,2014-01-03,111.627,111.72006126703309,111.62699999999998
2014-01-06,252.58057194023132,2014-01-03,111.627,111.25398895505285,111.62699999999998
2014-01-07,254.47022494544984,2014-01-07,111.6924,112.08632310077333,111.6924
2014-01-08,255.94943207244873,2014-01-08,112.4902,112.73786843581324,112.4902
2014-01-09,255.99768272399902,2014-01-09,112.8018,112.75912136676283,112.8018
2014-01-10,254.11402542114254,2014-01-10,111.7442,111.92942814389417,111.7442
2014-01-13,255.049875,2014-01-13,112.017,112.34164115738925,112.017
2014-01-14,252.42268340187076,2014-01-14,109.9913,111.18444390030868,109.9913
2014-01-15,254.80562896060945,2014-01-15,111.6043,112.23405827419309,111.6043
2014-01-16,254.73468061828615,2014-01-16,111.5528,112.20280770716575,111.5528
2014-01-17,255.4569782909393,2014-01-17,111.4946,112.52095766097389,111.4946
2014-01-20,254.79483201026915,2014-01-20,111.7443,112.22930254898158,111.7443
2014-01-21,255.14168095264435,2014-01-21,112.4676,112.38207886153668,112.4676
2014-01-22,255.25412002639771,2014-01-22,111.9196,112.43160482219699,111.9196
2014-01-23,250.44747432479858,2014-01-23,110.383,110.31442493108841,110.38299999999998
2014-01-24,247.56897630844114,2014-01-24,109.5212,109.04653491065265,109.52119999999998
2014-01-27,244.79845328178405,2014-01-27,108.0813,107.82620455887736,108.0813
2014-01-28,246.31345670814514,2014-01-28,107.9438,108.49351706501554,107.9438
2014-01-29,245.35793261432647,2014-01-29,107.7908,108.07263803159113,107.7908
2014-01-30,248.6084526077271,2014-01-30,108.7647,109.50439231366451,108.7647
2014-01-31,248.35624927310943,2014-01-31,108.2433,109.3933044861707,108.2433
2014-02-03,243.8460033905029,2014-02-03,108.5178,107.40667961730779,108.5178
2014-02-04,243.87047861480715,2014-02-04,106.7563,107.41746020234449,106.75630000000001
2014-02-05,243.15066808319094,2014-02-05,106.6414,107.10040575782011,106.6414
2014-02-06,244.3147332950592,2014-02-06,107.1399,107.61314075255596,107.1399
2014-02-07,247.88880594444277,2014-02-07,108.6939,109.18741004811037,108.69390000000001
2014-02-10,248.21033727588656,2014-02-10,109.1398,109.32903473017663,109.13979999999998
2014-02-11,249.9588013458252,2014-02-11,108.7936,110.09917948371411,108.7936
2014-02-12,250.87348334617616,2014-02-12,110.4843,110.50206882861791,110.4843
2014-02-13,251.01399198341372,2014-02-13,109.7499,110.56395857039509,109.7499
2014-02-14,253.33541057395934,2014-02-14,110.6156,111.58647220336657,110.61559999999999
2014-02-17,253.2042506942749,2014-02-17,111.1558,111.52870030233053,111.1558
2014-02-18,255.88296272277833,2014-02-18,111.8985,112.70859072756643,111.89849999999998
2014-02-19,256.79448190841674,2014-02-19,112.3487,113.11008694967227,112.3487
2014-02-20,257.16922683639524,2014-02-20,112.2771,113.27515058761568,112.27709999999999
2014-02-21,258.88474017658234,2014-02-21,113.1903,114.03078155612336,113.1903
2014-02-24,258.64257277297975,2014-02-24,113.1122,113.92411424818785,113.1122
2014-02-25,258.2038816371918,2014-02-25,112.6957,113.73088426853928,112.6957
2014-02-26,258.66443286914824,2014-02-26,112.9517,113.93374294955234,112.95170000000002
2014-02-27,257.3850294433594,2014-02-27,112.953,113.37020501190189,112.95299999999999
2014-02-28,256.0143006753921,2014-02-28,111.8847,112.76644106426188,111.8847
2014-03-03,252.39223791275023,2014-03-03,111.4141,111.17103359687827,111.4141
2014-03-04,257.30312011184697,2014-03-04,112.3962,113.33412646558536,112.3962
2014-03-05,257.0591841041565,2014-03-05,112.6838,113.22668014183661,112.6838
2014-03-06,256.1583020210266,2014-03-06,112.8172,112.82986923687892,112.8172
2014-03-07,254.96202608299257,2014-03-07,112.2423,112.30294640597833,112.2423
2014-03-10,254.4919827079773,2014-03-10,111.3966,112.0959067273101,111.3966
2014-03-11,253.5602579378128,2014-03-11,111.6448,111.68551056543285,111.6448
2014-03-12,252.12106176109316,2014-03-12,110.7487,111.05158882585104,110.74869999999999
2014-03-13,249.9098779745102,2014-03-13,110.2843,110.07763024035737,110.2843
2014-03-14,248.7361732345581,2014-03-14,109.3533,109.5606493293868,109.3533
2014-03-17,250.6607241119385,2014-03-17,109.5899,110.4083549166011,109.5899
2014-03-18,251.17941594200133,2014-03-18,110.1297,110.63682274644884,110.1297
2014-03-19,250.97109765205383,2014-03-19,110.4382,110.54506493407663,110.4382
2014-03-20,253.061629296875,2014-03-20,110.5645,111.46587995455319,110.5645
2014-03-21,253.40434943065645,2014-03-21,111.4025,111.61683765365692,111.4025
2014-03-24,250.98316529541015,2014-03-24,110.5306,110.55038036055764,110.5306
2014-03-25,252.97305126953125,2014-03-25,110.8069,111.42686405241922,110.8069
2014-03-26,255.87796596221924,2014-03-26,112.1612,112.70638980791618,112.16119999999998
2014-03-27,255.44301855621342,2014-03-27,111.7804,112.51480882632252,111.7804
2014-03-28,258.0223625488282,2014-03-28,113.1467,113.65093068186076,113.1467
2014-03-31,258.7848366827011,2014-03-31,113.5567,113.98677713361589,113.5567
2014-04-01,258.37281211128237,2014-04-01,113.5732,113.80529295703926,113.5732
2014-04-02,260.11212084732057,2014-04-02,113.9512,114.57140506701742,113.95120000000001
2014-04-03,262.21411814918514,2014-04-03,115.4629,115.49727035748217,115.46290000000002
2014-04-04,263.0597334686279,2014-04-04,115.4872,115.86973794945423,115.48720000000002
2014-04-07,259.05917853069303,2014-04-07,113.9448,114.10761629670729,113.9448
2014-04-08,257.1248067359924,2014-04-08,112.4599,113.25558489686742,112.45990000000002
2014-04-09,258.88474017658234,2014-04-09,113.4866,114.03078155612336,113.4866
2014-04-10,258.97200352478023,2014-04-10,114.325,114.06921838244779,114.32500000000002
2014-04-11,256.38005,2014-04-11,112.2166,112.92754241504144,112.2166
2014-04-14,257.9166768432617,2014-04-14,112.483,113.6043793725915,112.483
2014-04-15,257.1617663223266,2014-04-15,113.4457,113.27186446016964,113.4457
2014-04-16,260.48579653167724,2014-04-16,114.1946,114.73599773596594,114.1946
2014-04-17,262.06881116981504,2014-04-17,114.6979,115.43326709328115,114.6979
2014-04-18,262.06881116981504,2014-04-17,114.6979,115.43326709328115,114.6979
2014-04-21,262.06881116981504,2014-04-17,114.6979,115.43326709328115,114.6979
2014-04-22,264.8645173692703,2014-04-22,115.5574,116.66468985967416,115.55740000000002
2014-04-23,263.85823807029726,2014-04-23,115.5107,116.2214547163151,115.51070000000001
2014-04-24,263.27307622718814,2014-04-24,115.2162,115.96370888602381,115.21619999999999
2014-04-25,261.96068214397434,2014-04-25,115.1937,115.38563957642903,115.19369999999999
2014-04-28,261.0596813812256,2014-04-28,114.3315,114.98877639674208,114.3315
2014-04-29,263.42449638175964,2014-04-29,115.3113,116.03040481625652,115.3113
2014-04-30,263.2781501529694,2014-04-30,114.8847,115.9659437945858,114.8847
2014-05-01,263.2781501529694,2014-04-30,114.8847,115.9659437945858,114.8847
2014-05-02,262.7963595737457,2014-05-02,115.6968,115.7537298330453,115.6968
2014-05-05,263.90181306915287,2014-05-05,115.2693,116.24064816577224,115.2693
2014-05-06,262.20607269172666,2014-05-06,115.033,115.49372658042778,115.033
2014-05-07,261.3553284051895,2014-05-07,114.3206,115.11899983588474,114.3206
2014-05-08,264.35319286003113,2014-05-08,115.2877,116.43946710850861,115.28769999999999
2014-05-09,263.17150475234985,2014-05-09,115.3092,115.91896976910358,115.3092
2014-05-12,265.5064818782806,2014-05-12,116.3409,116.9474555207317,116.34090000000002
2014-05-13,266.49323451232914,2014-05-13,116.5418,117.38208976756435,116.54179999999998
2014-05-14,266.3704034328461,2014-05-14,116.6988,117.32798644736371,116.69880000000002
2014-05-15,262.5792420539856,2014-05-15,115.9698,115.65809623003385,115.9698
2014-05-16,264.68832156333923,2014-05-16,115.7484,116.5870810155085,115.74839999999999
2014-05-19,266.13626269016265,2014-05-19,116.1823,117.22485463718395,116.1823
2014-05-20,265.4643565555573,2014-05-20,116.1823,116.92890060911283,116.1823
2014-05-21,265.8836402404785,2014-05-21,116.3123,117.11358220236814,116.3123
2014-05-22,267.40350788269046,2014-05-22,117.0157,117.78303724628103,117.0157
2014-05-23,270.3504013824463,2014-05-23,118.2041,119.08105337774792,118.20409999999998
2014-05-26,270.93225386314396,2014-05-26,118.4657,119.33734153547815,118.46570000000001
2014-05-27,271.17900000000003,2014-05-27,118.8982,119.44602563486717,118.8982
2014-05-28,271.5019151763916,2014-05-28,119.0601,119.58825985815568,119.0601
2014-05-29,271.667553442955,2014-05-28,119.0601,119.66121843029455,119.0601
2014-05-30,273.3772334646225,2014-05-30,119.9148,120.41428000104861,119.91480000000001
2014-06-02,275.356675,2014-06-02,120.3135,121.28616323823667,120.3135
2014-06-03,274.7707947784424,2014-06-03,120.3312,121.02810098428954,120.3312
2014-06-04,274.12553169250486,2014-06-04,120.0613,120.7438824013457,120.06129999999999
2014-06-05,273.7441172447204,2014-06-05,120.5336,120.57588104464931,120.53359999999999
2014-06-06,276.37434784927365,2014-06-05,120.5336,121.73441689077707,120.53359999999999
2014-06-09,278.55906277084347,2014-06-09,121.7855,122.69671675369678,121.78549999999998
2014-06-10,278.3153388431549,2014-06-10,121.7403,122.58936384467904,121.7403
2014-06-11,277.1004134077072,2014-06-11,121.5858,122.05422648261583,121.5858
2014-06-12,277.34922345752716,2014-06-12,121.6247,122.16381967231345,121.6247
2014-06-13,275.92945531158443,2014-06-13,120.3468,121.53845538394361,120.3468
2014-06-16,274.06523186683654,2014-06-16,120.3011,120.71732217904767,120.3011
2014-06-17,275.48742337417605,2014-06-17,120.373,121.34375388372747,120.37299999999999
2014-06-18,275.3439872512817,2014-06-18,120.802,121.28057467437792,120.802
2014-06-19,279.47137499999997,2014-06-19,122.3445,123.09856228712978,122.34449999999998
2014-06-20,282.33814558410637,2014-06-19,122.3445,124.3612867336336,122.34449999999998
2014-06-23,280.78651008930206,2014-06-23,123.0135,123.67783892577103,123.0135
2014-06-24,282.14382730178835,2014-06-24,123.1142,124.27569549489061,123.1142
2014-06-25,280.15564439849857,2014-06-25,122.6789,123.39996195345431,122.67889999999998
2014-06-26,280.94162040138247,2014-06-26,122.9398,123.74616025711668,122.9398
2014-06-27,281.31175940322873,2014-06-27,123.1149,123.9091951259782,123.1149
2014-06-30,280.4246670993805,2014-06-30,122.5179,123.51845819551548,122.5179
2014-07-01,282.03640838623045,2014-07-01,123.2562,124.22838075982116,123.25620000000002
2014-07-02,282.7805043148041,2014-07-02,123.8796,124.55613217626274,123.8796
2014-07-03,290.2127516937255,2014-07-03,126.3856,127.82980901313921,126.38559999999998
2014-07-04,289.6311935525894,2014-07-04,126.8972,127.57365050295107,126.8972
2014-07-07,287.9521168411255,2014-07-07,126.0981,126.83406875097016,126.09810000000002
2014-07-08,285.0674805812836,2014-07-08,125.3006,125.56347502269347,125.3006
2014-07-09,284.05078282547,2014-07-09,124.2816,125.11565086889165,124.2816
2014-07-10,281.75757318725584,2014-07-10,123.2577,124.10556241354573,123.2577
2014-07-11,282.0585635162353,2014-07-11,123.638,124.2381394145345,123.638
2014-07-14,284.9370370609284,2014-07-14,124.6418,125.50601865595326,124.6418
2014-07-15,285.00456447448727,2014-07-15,124.9402,125.53576240886557,124.94020000000002
2014-07-16,287.10448846817013,2014-07-16,125.7555,126.46071447071665,125.7555
2014-07-17,286.19465705490114,2014-07-17,125.3949,126.05996166053322,125.39489999999999
2014-07-18,285.70506355133057,2014-07-18,124.7884,125.84431075032943,124.7884
2014-07-21,285.6463235321045,2014-07-21,125.3247,125.81843757489078,125.3247
2014-07-22,288.4240855392456,2014-07-22,125.8754,127.04195647536811,125.8754
2014-07-23,287.9180724243164,2014-07-23,125.8285,126.81907323036236,125.8285
2014-07-24,288.7397735134125,2014-07-24,126.0298,127.18100733791631,126.0298
2014-07-25,286.16563570613863,2014-07-25,125.3886,126.04717864721637,125.38860000000001
2014-07-28,285.2771916982651,2014-07-28,125.104,125.6558463326212,125.104
2014-07-29,286.878125,2014-07-29,126.0087,126.36100831123585,126.00869999999999
2014-07-30,287.9809035522461,2014-07-30,126.27,126.84674841360797,126.27
2014-07-31,284.44066229610445,2014-07-31,125.1551,125.2873808083188,125.1551
2014-08-01,280.6720249242782,2014-08-01,123.5403,123.62741172471101,123.5403
2014-08-04,282.1320197628021,2014-08-04,123.6084,124.2704946364007,123.60839999999999
2014-08-05,281.81403161926266,2014-08-05,123.1901,124.13043061984781,123.19009999999999
2014-08-06,282.0771561161041,2014-08-06,122.9126,124.24632888407507,122.9126
2014-08-07,280.41836574897764,2014-08-07,123.098,123.51568264408357,123.098
2014-08-08,278.4292877578735,2014-08-08,121.8912,122.63955484393985,121.8912
2014-08-11,281.52334971599583,2014-08-11,122.7817,124.00239416396737,122.7817
2014-08-12,280.31730730457303,2014-08-12,123.1363,123.47116950132187,123.1363
2014-08-13,282.63518610305783,2014-08-13,123.0656,124.49212396454482,123.0656
2014-08-14,282.78152640838624,2014-08-14,123.3228,124.5565823771124,123.3228
2014-08-15,281.12547361907957,2014-08-15,123.8854,123.8271419561203,123.88540000000002
2014-08-18,284.97863349552154,2014-08-18,124.4393,125.52434060858502,124.4393
2014-08-19,286.39424937973024,2014-08-19,125.2488,126.14787595311508,125.2488
2014-08-20,287.78413650379184,2014-08-20,125.6467,126.76007856854707,125.6467
2014-08-21,289.20603839492793,2014-08-21,126.4543,127.38638270617908,126.4543
2014-08-22,288.7834530166626,2014-08-22,126.229,127.20024681835147,126.22899999999998
2014-08-25,291.66692432193753,2014-08-25,127.2769,128.4703274198998,127.2769
2014-08-26,292.4522268899918,2014-08-26,127.8563,128.81622909619085,127.8563
2014-08-27,292.0462963119507,2014-08-27,127.8227,128.63742913664137,127.8227
2014-08-28,292.712177192688,2014-08-28,128.1774,128.93072922532934,128.1774
2014-08-29,293.0306197063446,2014-08-29,127.5921,129.07099337797192,127.5921
2014-09-01,294.4229517791748,2014-09-01,128.7511,129.68427291828854,128.7511
2014-09-02,294.8256804244995,2014-09-02,128.9694,129.8616625247601,128.9694
2014-09-03,295.3124646133423,2014-09-03,129.5182,130.07607601805847,129.5182
2014-09-04,298.06034301376343,2014-09-04,130.115,131.2864321070558,130.115
2014-09-05,297.1986711933136,2014-09-05,130.03,130.90689211924592,130.03
2014-09-08,297.8538151977539,2014-09-08,130.1768,131.19546294349448,130.1768
2014-09-09,296.67536600646974,2014-09-09,130.1047,130.67639224734359,130.1047
2014-09-10,296.57536299476624,2014-09-10,129.2731,130.6323439902901,129.2731
2014-09-11,296.70651920890805,2014-09-11,129.7155,130.69011427676713,129.7155
2014-09-12,297.0471468170166,2014-09-12,129.9819,130.8401502825422,129.9819
2014-09-15,296.19144890594487,2014-09-15,129.4855,130.46324161844367,129.4855
2014-09-16,297.0812145904541,2014-09-16,129.6705,130.85515609102788,129.6705
2014-09-17,298.55937775955204,2014-09-17,130.5189,131.5062415946568,130.5189
2014-09-18,298.8579125701904,2014-09-18,130.8246,131.6377370151887,130.8246
2014-09-19,299.32889860153193,2014-09-19,131.5729,131.8451919050337,131.5729
2014-09-22,297.6151819972992,2014-09-22,130.456,131.09035234356296,130.456
2014-09-23,295.3545069980621,2014-09-23,129.3926,130.09459439803257,129.3926
2014-09-24,297.9721320056915,2014-09-24,129.7233,131.24757786564535,129.7233
2014-09-25,296.26292058563234,2014-09-25,130.2625,130.49472269951602,130.2625
2014-09-26,297.58635297088625,2014-09-26,129.9353,131.07765404233774,129.9353
2014-09-29,297.12613042449954,2014-09-29,129.5577,130.87494013722912,129.5577
2014-09-30,297.81005256080624,2014-09-30,129.2924,131.17618684521736,129.2924
2014-10-01,293.1647832626343,2014-10-01,128.3624,129.13008830635442,128.3624
2014-10-02,286.77056306533814,2014-10-02,126.9226,126.31363058064109,126.9226
2014-10-03,287.48990304794313,2014-10-03,128.497,126.63047776276957,128.497
2014-10-06,292.8336827640533,2014-10-06,128.6699,128.98424869989074,128.6699
2014-10-07,288.50557323303224,2014-10-07,126.5608,127.07784930320862,126.5608
2014-10-08,287.39032772941584,2014-10-08,125.766,126.58661789143216,125.766
2014-10-09,288.6616983409882,2014-10-09,126.2068,127.14661762098822,126.2068
2014-10-10,285.04118650932315,2014-10-10,125.2592,125.55189329109393,125.25920000000002
2014-10-13,281.23496864566806,2014-10-13,123.0823,123.8753711543723,123.0823
2014-10-14,281.9902233848572,2014-10-14,122.6381,124.20803768436923,122.6381
2014-10-15,274.99696138458256,2014-10-15,120.6843,121.12772043208884,120.6843
2014-10-16,275.793,2014-10-16,119.9486,121.47835100769942,119.9486
2014-10-17,280.63711060333253,2014-10-17,121.7084,123.61203303803283,121.70840000000001
2014-10-20,280.9652879833221,2014-10-20,122.769,123.75658510048244,122.76899999999999
2014-10-21,287.6965122116089,2014-10-21,124.8339,126.72148275747645,124.83390000000001
2014-10-22,291.5534664859772,2014-10-22,127.0093,128.4203527257583,127.0093
2014-10-23,291.684075,2014-10-23,126.6033,128.47788176714462,126.60329999999999
2014-10-24,291.5384087940216,2014-10-24,126.9146,128.41372027464917,126.9146
2014-10-27,292.6074536499023,2014-10-27,127.874,128.88460171923134,127.874
2014-10-28,297.36888214302064,2014-10-28,129.5849,130.98186481795062,129.5849
2014-10-29,297.5145603057862,2014-10-29,129.9013,131.04603157704383,129.9013
2014-10-30,299.0824444389344,2014-10-30,130.0018,131.7366364113434,130.0018
2014-10-31,305.3278870697022,2014-10-31,132.7656,134.48756218574252,132.7656
2014-11-03,304.59000000000003,2014-11-03,132.3642,134.16254558105234,132.3642
2014-11-04,301.67310817337034,2014-11-04,132.9168,132.8777442656933,132.9168
2014-11-05,303.8647192504883,2014-11-05,132.3555,133.8430816734538,132.3555
2014-11-06,305.1615305957794,2014-11-06,132.7297,134.41428726530728,132.7297
2014-11-07,305.94711656570433,2014-11-07,133.5788,134.76031377142334,133.5788
2014-11-10,306.8826588592529,2014-11-10,133.4785,135.17239143517202,133.4785
2014-11-11,306.6969861831665,2014-11-11,133.942,135.09060832059637,133.942
2014-11-12,306.56413726501466,2014-11-12,133.7058,135.03209244996063,133.7058
2014-11-13,306.9998735366821,2014-11-13,134.2771,135.22402090266394,134.2771
2014-11-14,306.8730832763672,2014-11-14,134.2432,135.1681736848343,134.2432
2014-11-17,307.2080227680206,2014-11-17,134.0327,135.31570424990815,134.0327
2014-11-18,307.836813180542,2014-11-18,134.5046,135.59266712584244,134.5046
2014-11-19,307.2401668258667,2014-11-19,134.3132,135.32986272072444,134.3132
2014-11-20,308.9906929206848,2014-11-20,134.4156,136.10091573292726,134.4156
2014-11-21,312.88006408309934,2014-11-21,136.8062,137.81406434535404,136.8062
2014-11-24,312.48326918029784,2014-11-24,136.4616,137.63928837032717,136.4616
2014-11-25,313.01222468872066,2014-11-25,137.004,137.87227703544792,137.004
2014-11-26,312.1422515281677,2014-11-26,136.2315,137.48908056213304,136.2315
2014-11-27,313.49499086837767,2014-11-27,136.861,138.08492071903314,136.861
2014-11-28,314.0247343444824,2014-11-28,136.7071,138.318256459731,136.7071
2014-12-01,310.0827,2014-12-01,135.2857,136.58191133210468,135.2857
2014-12-02,314.1110608406067,2014-12-02,136.727,138.35628063147377,136.727
2014-12-03,316.5221763412476,2014-12-03,137.7787,139.41830300008704,137.7787
2014-12-04,312.55739707603453,2014-12-04,137.0854,137.67193943303639,137.0854
2014-12-05,318.02580709457396,2014-12-05,138.3214,140.08060619283867,138.3214
2014-12-08,316.9555607795715,2014-12-08,138.4125,139.60919554239226,138.4125
2014-12-09,309.79633677215577,2014-12-09,135.9314,136.4557771201858,135.9314
2014-12-10,309.76958746032716,2014-12-10,136.0912,136.44399486939793,136.0912
2014-12-11,312.3533599948883,2014-12-11,135.9706,137.58206736172903,135.9706
2014-12-12,305.1808971405029,2014-12-12,134.854,134.42281763380007,134.854
2014-12-15,301.85998522949217,2014-12-15,134.6295,132.96005787270602,134.6295
2014-12-16,310.3120060310364,2014-12-16,132.8254,136.68291360020586,132.8254
2014-12-17,308.0515806015014,2014-12-17,133.7171,135.68726558246874,133.7171
2014-12-18,315.2600995601654,2014-12-18,137.9342,138.86239691758684,137.9342
2014-12-19,321.2484872192383,2014-12-19,139.4554,141.50009786728114,139.4554
2014-12-22,324.82239999999996,2014-12-22,140.7879,143.07429674561476,140.7879
2014-12-23,326.0513740505219,2014-12-23,141.4913,143.6156220913946,141.4913
2014-12-24,327.3174131011963,2014-12-23,141.4913,144.1732734320279,141.4913
2014-12-25,327.3174131011963,2014-12-23,141.4913,144.1732734320279,141.4913
2014-12-26,327.3174131011963,2014-12-23,141.4913,144.1732734320279,141.4913
2014-12-29,331.52613734207154,2014-12-29,143.3495,146.0270872729436,143.3495
2014-12-30,325.16826910858157,2014-12-30,141.406,143.22664147145986,141.406
2014-12-31,322.3677571334839,2014-12-30,141.406,141.99310190841013,141.406
2015-01-01,322.3677571334839,2014-12-30,141.406,141.99310190841013,141.406
2015-01-02,324.44903610458374,2015-01-02,142.5184,142.90984141012413,142.5184
2015-01-05,322.02949496994023,2015-01-05,140.7236,141.84410780835833,140.7236
2015-01-06,315.8794125,2015-01-05,140.7236,139.13518525771457,140.7236
2015-01-07,320.1265469074249,2015-01-07,139.8182,141.00591759799164,139.8182
2015-01-08,328.0201843185425,2015-01-08,143.3042,144.4828225816397,143.3042
2015-01-09,326.49240155220036,2015-01-09,143.3939,143.80988116850298,143.3939
2015-01-12,327.92415980911255,2015-01-12,142.8732,144.44052673271725,142.8732
2015-01-13,328.7044481277466,2015-01-13,144.0752,144.78421978605158,144.0752
2015-01-14,322.84737365074153,2015-01-14,141.3586,142.2043582623876,141.3586
2015-01-15,329.7193205635071,2015-01-15,142.8064,145.23123994239836,142.8064
2015-01-16,330.1442664356232,2015-01-16,142.5217,145.41841555531164,142.5217
2015-01-19,329.3600602096558,2015-01-19,144.3702,145.07299678405752,144.3702
2015-01-20,331.6425317337036,2015-01-20,145.0063,146.0783554297206,145.0063
2015-01-21,333.88523687591555,2015-01-21,144.6903,147.06619820481785,144.6903
2015-01-22,340.707646440506,2015-01-22,145.7886,150.0712602035111,145.7886
2015-01-23,343.07003633537295,2015-01-23,149.1873,151.11182043841802,149.1873
2015-01-26,343.8956397140503,2015-01-26,149.0801,151.47547338475135,149.0801
2015-01-27,337.44762499999996,2015-01-27,147.1019,148.6353208256356,147.1019
2015-01-28,337.85910507774355,2015-01-28,148.0742,148.81656516946163,148.0742
2015-01-29,335.7752293491364,2015-01-29,146.2893,147.89868187577335,146.2893
2015-01-30,337.6584811431885,2015-01-30,146.7962,148.72819648446082,146.7962
2015-02-02,337.5938965759278,2015-02-02,146.4732,148.69974896501188,146.4732
2015-02-03,339.67186343612667,2015-02-03,148.6052,149.61502958353958,148.6052
2015-02-04,344.0313848247528,2015-02-04,149.2472,151.53526493930678,149.2472
2015-02-05,346.72661255683903,2015-02-05,150.2215,152.7224300250198,150.2215
2015-02-06,349.3230970134735,2015-02-06,151.831,153.86610172883056,151.831
2015-02-09,347.967375,2015-02-09,151.4677,153.26894779591132,151.4677
2015-02-10,347.5513579315185,2015-02-10,150.8582,153.0857050469286,150.8582
2015-02-11,349.6807565460205,2015-02-11,152.733,154.0236397745242,152.733
2015-02-12,356.01371775512695,2015-02-12,155.1395,156.81311479629048,155.1395
2015-02-13,356.891425704956,2015-02-13,155.1887,157.19971820686138,155.1887
2015-02-16,357.5715911613464,2015-02-16,155.1509,157.49931021265814,155.1509
2015-02-17,355.321798078537,2015-02-17,154.1973,156.5083454172927,154.1973
2015-02-18,358.46571474227903,2015-02-18,156.2067,157.8931442048508,156.2067
2015-02-19,359.40230769767766,2015-02-19,155.8453,158.30568465289429,155.8453
2015-02-20,358.00086547164915,2015-02-20,155.7889,157.6883923697308,155.7889
2015-02-23,362.1536218383789,2015-02-23,157.818,159.5175540800246,157.818
2015-02-24,362.1370047157288,2015-02-24,157.5331,159.51023474756138,157.5331
2015-02-25,360.27835131073,2015-02-25,156.531,158.691554974202,156.531
2015-02-26,362.0855073806763,2015-02-26,157.2129,159.48755175218633,157.2129
2015-02-27,360.1558791332245,2015-02-27,156.8203,158.63760973930596,156.8203
2015-03-02,359.9154762771607,2015-03-02,156.5453,158.53171966039832,156.5453
2015-03-03,354.73337557029726,2015-03-03,155.0502,156.24916336409783,155.0502
2015-03-04,356.3058001808166,2015-03-04,155.3162,156.941768139309,155.3162
2015-03-05,358.1481701583862,2015-03-05,155.8467,157.75327556270716,155.8467
2015-03-06,358.7502804130554,2015-03-06,157.3081,158.01848664805755,157.3081
2015-03-09,357.9060315895081,2015-03-09,156.3486,157.64662095558268,156.3486
2015-03-10,356.74151740150455,2015-03-10,155.7982,157.13368820064062,155.7982
2015-03-11,358.88772608337405,2015-03-11,156.6097,158.07902724692502,156.6097
2015-03-12,360.46264804649354,2015-03-12,157.3776,158.77273202930007,157.3776
2015-03-13,362.5028035858154,2015-03-13,157.8315,159.67135792160352,157.8315
2015-03-16,364.7550060333252,2015-03-16,159.1419,160.66338396816377,159.1419
2015-03-17,364.69002140312193,2015-03-17,158.9091,160.63476023326865,158.9091
2015-03-18,370.40691218376156,2015-03-18,161.5285,163.1528751416355,161.5285
2015-03-19,370.9096203277588,2015-03-19,160.8489,163.37430264839207,160.8489
2015-03-20,370.6288958084106,2015-03-20,161.9528,163.25065211448498,161.9528
2015-03-23,367.3182489929199,2015-03-23,160.2095,161.7924138128794,160.2095
2015-03-24,367.46889675636294,2015-03-24,160.2892,161.85876952852868,160.2892
2015-03-25,362.243231224823,2015-03-25,159.1062,159.55702426418458,159.1062
2015-03-26,362.2762357711792,2015-03-26,157.2928,159.57156175377682,157.2928
2015-03-27,362.1828760475159,2015-03-27,158.8454,159.53043966118872,158.8454
2015-03-30,368.0744586444855,2015-03-30,159.8239,162.12550095246706,159.8239
2015-03-31,367.14475625267033,2015-03-31,159.6004,161.7159955861756,159.6004
2015-04-01,363.5010367034912,2015-04-01,158.6263,160.11104896907943,158.6263
2015-04-02,366.2109421672821,2015-04-02,159.6369,161.30467914507403,159.6369
2015-04-03,366.2109421672821,2015-04-02,159.6369,161.30467914507403,159.6369
2015-04-06,366.2109421672821,2015-04-02,159.6369,161.30467914507403,159.6369
2015-04-07,372.52277573394775,2015-04-07,161.1475,164.0848480888601,161.1475
2015-04-08,372.8824814281464,2015-04-08,161.6223,164.24328740595416,161.6223
2015-04-09,376.11293031959536,2015-04-09,163.4595,165.66620098370223,163.4595
2015-04-10,380.97713915176394,2015-04-10,165.0683,167.8087356669209,165.0683
2015-04-13,381.72711757621767,2015-04-13,165.9682,168.13907814223387,165.9682
2015-04-14,377.6949693508148,2015-04-14,164.437,166.36304061611625,164.437
2015-04-15,380.9334635791779,2015-04-15,166.0177,167.78949791782262,166.0177
2015-04-16,375.42473247833254,2015-04-16,163.2425,165.363070958924,163.2425
2015-04-17,370.84770958213807,2015-04-17,162.2222,163.34703286530237,162.2222
2015-04-20,374.6764926452637,2015-04-20,162.9893,165.03349427974985,162.9893
2015-04-21,375.25938158302307,2015-04-21,164.1764,165.29023896500158,164.1764
2015-04-22,376.03132723045354,2015-04-22,164.0468,165.63025732774983,164.0468
2015-04-23,378.4426356887817,2015-04-23,164.7777,166.6923646883015,164.7777
2015-04-24,378.8290180206299,2015-04-24,164.8087,166.8625542454383,164.8087
2015-04-27,378.36471515121457,2015-04-27,165.2847,166.65804308328148,165.2847
2015-04-28,375.3257922546387,2015-04-28,163.1811,165.31949082736642,163.1811
2015-04-29,363.1032665851593,2015-04-29,159.0141,159.93584344154576,159.0141
2015-04-30,362.22572542304994,2015-04-30,157.75,159.54931349584584,157.75
2015-05-01,362.22572542304994,2015-04-30,157.75,159.54931349584584,157.75
2015-05-04,365.98613145446774,2015-05-04,158.8378,161.20565692666545,158.8378
2015-05-05,360.82251484680177,2015-05-05,158.2799,158.93124230869026,158.2799
2015-05-06,354.86066794052124,2015-05-06,154.0023,156.30523174593012,154.0023
2015-05-07,355.537575,2015-05-07,154.6414,156.6033885279041,154.6414
2015-05-08,363.3220064182281,2015-05-08,156.8471,160.03219162377263,156.8471
2015-05-11,363.5301913146973,2015-05-11,157.7944,160.12389068041216,157.7944
2015-05-12,360.75832673606874,2015-05-12,156.3431,158.9029694161725,156.3431
2015-05-13,358.79816038513184,2015-05-13,156.3816,158.03957630607692,156.3816
2015-05-14,363.889625,2015-05-13,156.3816,160.28221018593695,156.3816
2015-05-15,363.23385749206545,2015-05-15,158.5119,159.99336472753765,158.5119
2015-05-18,365.0220543182373,2015-05-18,157.6439,160.7810105405951,157.6439
2015-05-19,368.99293605232236,2015-05-19,160.5588,162.530062057868,160.5588
2015-05-20,369.384825,2015-05-20,160.18,162.70267711025159,160.18
2015-05-21,368.87759595794677,2015-05-21,160.2505,162.4792582866707,160.2505
2015-05-22,369.904,2015-05-22,161.3092,162.93135776162572,161.3092
2015-05-25,369.7,2015-05-25,161.3657,162.84150202342508,161.3657
2015-05-26,367.99117261505125,2015-05-26,160.8417,162.08881601297384,160.8417
2015-05-27,372.96427975616456,2015-05-27,162.0905,164.27931705863875,162.0905
2015-05-28,371.3941558677673,2015-05-28,162.4356,163.58772568090149,162.4356
2015-05-29,369.17059307861325,2015-05-29,162.0702,162.6083145247499,162.0702
2015-06-01,372.96759458160403,2015-06-01,162.2683,164.28077713749596,162.2683
2015-06-02,367.26616431427004,2015-06-02,160.3785,161.76947211067832,160.3785
2015-06-03,365.5137728652954,2015-06-03,158.8936,160.99759746722674,158.8936
2015-06-04,359.9481925506592,2015-06-04,157.0264,158.5461301746453,157.0264
2015-06-05,361.99087499999996,2015-06-04,157.0264,159.44586909324832,157.0264
2015-06-08,358.50571028823856,2015-06-08,156.6545,157.9107610151789,156.6545
2015-06-09,355.71359358215335,2015-06-08,156.6545,156.68091931043557,156.6545
2015-06-10,359.95352714233394,2015-06-10,155.7531,158.54847989853224,155.7531
2015-06-11,358.199467061615,2015-06-11,156.6067,157.7758702740161,156.6067
2015-06-12,353.5256385955811,2015-06-12,154.8145,155.71719229833639,154.8145
2015-06-15,350.0489143981934,2015-06-15,153.0166,154.1858020077662,153.0166
2015-06-16,352.42136883544924,2015-06-16,154.1124,155.23079536466335,154.1124
2015-06-17,352.88416874694826,2015-06-17,154.0903,155.43464451999148,154.0903
2015-06-18,352.32767578125,2015-06-18,153.3428,155.18952645020576,153.3428
2015-06-19,353.8674973739624,2015-06-18,153.3428,155.8677705968257,153.3428
2015-06-22,357.1113545539856,2015-06-22,155.4375,157.296590114122,155.4375
2015-06-23,361.7469674293518,2015-06-23,158.1867,159.33843529514382,158.1867
2015-06-24,361.1946695663452,2015-06-24,157.4601,159.09516503932474,157.4601
2015-06-25,360.6146248962403,2015-06-25,157.0087,158.83967316666968,157.0087
2015-06-26,361.85575872230527,2015-06-26,157.6601,159.38635452033077,157.6601
2015-06-29,353.8871047149658,2015-06-29,154.7947,155.8764070286885,154.7947
2015-06-30,351.46009437561037,2015-06-30,153.2622,154.8073834715151,153.2622
2015-07-01,357.17298987579346,2015-07-01,155.5035,157.32373858147633,155.5035
2015-07-02,360.0849642791748,2015-07-02,157.2798,158.60637392283525,157.2798
2015-07-03,360.65764370956424,2015-07-03,157.2041,158.85862163347232,157.2041
2015-07-06,359.2419674297333,2015-07-06,156.0361,158.23505968652452,156.0361
2015-07-07,355.0541408111572,2015-07-07,156.8559,156.3904506067771,156.8559
2015-07-08,355.1379998989105,2015-07-08,154.9317,156.4273879608698,154.9317
2015-07-09,357.93601671409607,2015-07-09,155.8568,157.65982848256746,155.8568
2015-07-10,360.31273761520384,2015-07-10,155.8073,158.70670108583187,155.8073
2015-07-13,367.4619702697754,2015-07-13,158.5791,161.85571862379604,158.5791
2015-07-14,370.4870500488281,2015-07-14,160.1029,163.18817341135795,160.1029
2015-07-15,370.3500771331787,2015-07-15,160.8923,163.127841046411,160.8923
2015-07-16,371.61192792091373,2015-07-16,161.4835,163.68364758577866,161.4835
2015-07-17,375.3283778915405,2015-07-17,163.38,165.3206297210553,163.38
2015-07-20,376.10807500000004,2015-07-20,163.5777,165.66406236445502,163.5777
2015-07-21,373.13940615386963,2015-07-21,163.094,164.35645486130645,163.094
2015-07-22,372.5289271591186,2015-07-22,162.6568,164.08755760282926,162.6568
2015-07-23,371.81730672912596,2015-07-23,161.6132,163.77411064667413,161.6132
2015-07-24,368.7568459316253,2015-07-24,161.2919,162.42607160650962,161.2919
2015-07-27,361.01005701828,2015-07-27,157.3377,159.0138488786017,157.3377
2015-07-28,365.10188390235896,2015-07-28,158.8512,160.81617302202403,158.8512
2015-07-29,370.06122276992795,2015-07-29,160.6802,163.00060956581115,160.6802
2015-07-30,373.3625706573486,2015-07-30,161.5,164.45475197503333,161.5
2015-07-31,371.67520444946285,2015-07-31,160.5027,163.71151895432547,160.5027
2015-08-03,373.9578126296997,2015-08-03,162.1576,164.71693779284516,162.1576
2015-08-04,371.7552057647705,2015-08-04,161.9037,163.74675707807054,161.9037
2015-08-05,378.15625446166996,2015-08-05,164.578,166.5662225482577,164.578
2015-08-06,375.1659114551544,2015-08-06,164.0969,165.2490682427499,164.0969
2015-08-07,373.4973279296875,2015-08-07,164.6982,164.51410841711137,164.6982
2015-08-10,378.0745346420288,2015-08-10,163.7053,166.5302274761034,163.7053
2015-08-11,371.3345380886078,2015-08-11,161.878,163.5614658791551,161.878
2015-08-12,362.37232707595825,2015-08-12,158.3943,159.6138870240003,158.3943
2015-08-13,362.6732299041748,2015-08-13,158.302,159.7464254835888,158.302
2015-08-14,362.1427343902588,2015-08-14,157.6582,159.51275849331893,157.6582
2015-08-17,365.4270370292664,2015-08-17,158.2344,160.9593929938207,158.2344
2015-08-18,365.9084549476624,2015-08-18,158.8189,161.17144280970547,158.8189
2015-08-19,361.10345067749023,2015-08-19,158.5619,159.05498591875656,158.5619
2015-08-20,354.8772755020142,2015-08-20,155.615,156.31254686699708,155.615
2015-08-21,342.0819401824951,2015-08-21,151.4834,150.6765944127805,151.4834
2015-08-24,319.7927895011902,2015-08-24,139.521,140.85890770526052,139.521
2015-08-25,333.73331116180424,2015-08-25,145.2,146.99927959112603,145.2
2015-08-26,329.6455921066284,2015-08-26,144.5608,145.1987648202453,144.5608
2015-08-27,344.4279150630951,2015-08-27,148.7335,151.70992433776325,148.7335
2015-08-28,344.9642663864136,2015-08-28,149.6628,151.9461706323303,149.6628
2015-08-31,342.8754734008789,2015-08-31,149.0822,151.02612143790114,149.0822
2015-09-01,333.09864938659666,2015-09-01,145.5058,146.71973056015048,145.5058
2015-09-02,332.8628327545166,2015-09-02,144.9678,146.61586057213313,144.9678
2015-09-03,339.56771056709294,2015-09-03,146.8855,149.56915344171242,146.8855
2015-09-04,331.1149817611694,2015-09-04,144.8498,145.84598586001576,144.8498
2015-09-07,332.60961993598943,2015-09-07,144.5466,146.5043280979634,144.5466
2015-09-08,335.3092656280517,2015-09-08,146.1096,147.69343915943617,146.1096
2015-09-09,339.5206697387695,2015-09-09,148.6574,149.54843340075865,148.6574
2015-09-10,332.85753956565856,2015-09-10,145.3341,146.61352908491608,145.3341
2015-09-11,329.01230471954347,2015-09-11,143.6232,144.9198211650508,143.6232
2015-09-14,328.3119329071045,2015-09-14,143.1474,144.61132887965067,143.1474
2015-09-15,331.5064665397644,2015-09-15,143.401,146.01842288832444,143.401
2015-09-16,334.95757492523194,2015-09-16,145.2027,147.53853020002356,145.2027
2015-09-17,335.56792345657345,2015-09-17,145.9859,147.8073699933734,145.9859
2015-09-18,328.8857002685547,2015-09-18,143.1333,144.86405579052587,143.1333
2015-09-21,334.20059715271,2015-09-21,145.5213,147.20510472673217,145.5213
2015-09-22,327.5024848281861,2015-09-22,144.2423,144.2547918469727,144.2423
2015-09-23,329.1371834312439,2015-09-23,144.0192,144.97482640439094,144.0192
2015-09-24,323.3272766326904,2015-09-24,141.7684,142.41574079526853,141.7684
2015-09-25,330.86958670082095,2015-09-25,144.3406,145.73789686835693,144.3406
2015-09-28,323.754975,2015-09-28,142.9165,142.60412879782643,142.9165
2015-09-29,320.7929433517456,2015-09-29,139.7191,141.29944477661283,139.7191
2015-09-30,327.2206625152588,2015-09-30,141.9577,144.13065776869084,141.9577
2015-10-01,325.6076377082825,2015-10-01,142.0109,143.42016985316727,142.0109
2015-10-02,324.419871723938,2015-10-02,140.166,142.8969953956531,140.166
2015-10-05,335.71168426895144,2015-10-05,145.3757,147.87069221847415,145.3757
2015-10-06,334.11815794639585,2015-10-06,145.6188,147.1687927868301,145.6188
2015-10-07,334.5264,2015-10-07,146.6189,147.34861088041413,146.6189
2015-10-08,335.3430543365478,2015-10-08,145.7899,147.70832204838112,145.7899
2015-10-09,335.975875,2015-10-09,146.5895,147.98706012614147,146.5895
2015-10-12,336.62851022605895,2015-10-12,146.4668,148.27452591052028,146.4668
2015-10-13,333.86391717529295,2015-10-13,145.0109,147.05680753110383,145.0109
2015-10-14,329.23450043792724,2015-10-14,144.8611,145.0176915586802,144.8611
2015-10-15,335.13348484649663,2015-10-15,146.6366,147.61601312076894,146.6366
2015-10-16,340.6410355724335,2015-10-16,148.2304,150.04192016075208,148.2304
2015-10-19,342.88100000000003,2015-10-19,149.4114,151.0285557351745,149.4114
2015-10-20,342.7326849346161,2015-10-20,149.3712,150.9632275014179,149.3712
2015-10-21,343.3340230609894,2015-10-21,150.0799,151.2280984879545,150.0799
2015-10-22,351.1094933124542,2015-10-22,151.4586,154.6529544649277,151.4586
2015-10-23,358.2528492263794,2015-10-23,155.6404,157.79938347902421,155.6404
2015-10-26,356.39940174636837,2015-10-26,155.4519,156.9829967558256,155.4519
2015-10-27,354.907240694046,2015-10-27,154.6891,156.3257456143027,154.6891
2015-10-28,355.0404626037598,2015-10-28,154.1774,156.38442577627245,154.1774
2015-10-29,358.7627174278259,2015-10-29,156.1983,158.0239647713086,156.1983
2015-10-30,358.28650481262207,2015-10-30,155.4249,157.8142077317027,155.4249
2015-11-02,358.5740944084167,2015-11-02,155.9531,157.94088212106033,155.9531
2015-11-03,362.87091503334045,2015-11-03,157.026,159.8334997150225,157.026
2015-11-04,364.06807099571233,2015-11-04,158.79,160.36081016963146,158.79
2015-11-05,363.7366637008667,2015-11-05,158.9683,160.21483542883033,158.9683
2015-11-06,366.25360554504397,2015-11-06,158.8937,161.3234710534217,158.8937
2015-11-09,360.34570342483516,2015-11-09,158.0637,158.72122151308582,158.0637
2015-11-10,361.88746405563353,2015-11-10,157.674,159.40031974646365,157.674
2015-11-11,362.9913885765076,2015-11-11,157.9216,159.88656461284077,157.9216
2015-11-12,357.34056096954345,2015-11-12,155.8308,157.39754850466258,155.8308
2015-11-13,355.71489342498785,2015-11-13,154.8987,156.68149185130537,154.8987
2015-11-16,355.3012620445252,2015-11-16,154.3999,156.49929992466602,154.3999
2015-11-17,364.0206805366516,2015-11-17,157.2442,160.33993612706985,157.2442
2015-11-18,363.6112724193573,2015-11-18,157.1489,160.15960441822273,157.1489
2015-11-19,363.6056467838287,2015-11-19,158.4618,160.1571264984518,158.4618
2015-11-20,366.63698042449954,2015-11-20,158.9377,161.4923359200936,158.9377
2015-11-23,366.00666917724607,2015-11-23,158.8401,161.21470316314196,158.8401
2015-11-24,363.54135,2015-11-24,158.0376,160.12880573877112,158.0376
2015-11-25,366.4175882442474,2015-11-25,159.759,161.3957003989563,159.759
2015-11-26,368.7051,2015-11-26,159.5528,162.40327911197497,159.5528
2015-11-27,366.168030128479,2015-11-27,159.5273,161.2857777091704,159.5273
2015-11-30,365.14961859512334,2015-11-30,158.662,160.83719868896586,158.662
2015-12-01,364.9715061607361,2015-12-01,159.0608,160.75874562879633,159.0608
2015-12-02,366.59323643493656,2015-12-02,159.75,161.47306803541701,159.75
2015-12-03,352.7640154838562,2015-12-03,155.5876,155.38172069571522,155.5876
2015-12-04,355.0402044891357,2015-12-04,153.3284,156.38431208470337,153.3284
2015-12-07,353.1722406600952,2015-12-07,155.1553,155.56153135533802,155.1553
2015-12-08,349.20550162963866,2015-12-08,152.138,153.81430457185277,152.138
2015-12-09,348.0345344127655,2015-12-09,151.5427,153.29852945576997,151.5427
2015-12-10,348.6886004154205,2015-12-10,151.3121,153.5866254533215,151.3121
2015-12-11,342.0797346466065,2015-12-11,149.9256,150.6756229419207,149.9256
2015-12-14,338.6596928558349,2015-12-14,148.9482,149.16919951159306,148.9482
2015-12-15,346.36071550369263,2015-12-15,150.1548,152.56126360435357,150.1548
2015-12-16,347.7863541893005,2015-12-16,151.7947,153.18921368524914,151.7947
2015-12-17,352.3673459358215,2015-12-17,153.6414,155.20699993561536,153.6414
2015-12-18,346.08508586120604,2015-12-18,151.2333,152.43985720731627,151.2333
2015-12-21,342.4470358200073,2015-12-21,150.2547,150.83740783445938,150.2547
2015-12-22,343.0644884796143,2015-12-22,148.3997,151.1093767782483,148.3997
2015-12-23,349.2052631378174,2015-12-23,150.9557,153.81419952352604,150.9557
2015-12-24,348.4847831726074,2015-12-23,150.9557,153.49685021405193,150.9557
2015-12-25,348.4847831726074,2015-12-23,150.9557,153.49685021405193,150.9557
2015-12-28,343.7513291793823,2015-12-28,149.9802,151.41190902385566,149.9802
2015-12-29,349.8774986167908,2015-12-29,151.3455,154.110298617682,151.3455
2015-12-30,349.4120227844238,2015-12-30,151.9883,153.9052708013492,151.9883
2015-12-31,349.47667378234866,2015-12-30,151.9883,153.93374758146655,151.9883
2016-01-01,349.47667378234866,2015-12-30,151.9883,153.93374758146655,151.9883
2016-01-04,339.5502768066407,2016-01-04,148.4157,149.56147440536412,148.4157
2016-01-05,346.5268921852112,2016-01-05,150.7987,152.6344593317535,150.7987
2016-01-06,342.45197140884403,2016-01-05,150.7987,150.8395818098436,150.7987
2016-01-07,335.12135009002685,2016-01-07,145.4551,147.6106681330215,145.4551
2016-01-08,327.7603298950195,2016-01-08,144.4754,144.368364684334,144.4754
2016-01-11,326.74529556274416,2016-01-11,142.9629,143.92127321754188,142.9629
2016-01-12,327.48230158882143,2016-01-12,143.7934,144.245901749559,143.7934
2016-01-13,330.2671312866211,2016-01-13,144.2701,145.47253375082798,144.2701
2016-01-14,325.3464085006714,2016-01-14,140.0266,143.3051064056699,140.0266
2016-01-15,319.4941348526001,2016-01-15,139.7927,140.72735949978934,139.7927
2016-01-18,320.67998010406495,2016-01-18,139.6999,141.2496879334271,139.6999
2016-01-19,322.76571204185484,2016-01-19,139.9426,142.16838883028385,139.9426
2016-01-20,312.90043468208313,2016-01-20,136.9485,137.82303696892893,136.9485
2016-01-21,321.63934729156495,2016-01-21,137.4095,141.67225973165404,137.4095
2016-01-22,324.4902775657654,2016-01-22,141.7679,142.92800700786407,141.7679
2016-01-25,323.2616158462524,2016-01-25,140.9239,142.38681923430664,140.9239
2016-01-26,323.6981232772827,2016-01-26,139.9372,142.5790873590385,139.9372
2016-01-27,324.6240587154388,2016-01-27,140.6781,142.98693349787013,140.6781
2016-01-28,320.9156696174622,2016-01-28,140.6327,141.35350192956662,140.6327
2016-01-29,331.3972421321869,2016-01-29,143.1565,145.97031288944007,143.1565
2016-02-01,329.6570694179535,2016-02-01,142.6726,145.20382022358683,142.6726
2016-02-02,327.21637827720645,2016-02-02,142.0488,144.12877069333388,142.0488
2016-02-03,319.3885499954224,2016-02-03,140.556,140.68085261113978,140.556
2016-02-04,321.32099478149416,2016-02-04,139.4729,141.53203522282834,139.4729
2016-02-05,319.1958014392853,2016-02-05,140.1281,140.5959527885966,140.1281
2016-02-08,309.9870989269257,2016-02-08,136.5552,136.5398019938995,136.5552
2016-02-09,308.83092328948976,2016-02-09,134.5377,136.03054211452982,134.5377
2016-02-10,313.463614931488,2016-02-10,136.6128,138.07110058192058,136.6128
2016-02-11,301.7459672622681,2016-02-11,132.6741,132.90983645793614,132.6741
2016-02-12,309.7457841300964,2016-02-12,133.2776,136.43351023307676,133.2776
2016-02-15,319.2106444747925,2016-02-15,137.7083,140.60249069012914,137.7083
2016-02-16,318.1436533477783,2016-02-16,138.5169,140.13251385007325,138.5169
2016-02-17,325.8471344535828,2016-02-17,140.7518,143.52566081809672,140.7518
2016-02-18,324.25430177993775,2016-02-18,141.1663,142.82406691750614,141.1663
2016-02-19,321.58283029556276,2016-02-19,139.4209,141.6473657297096,139.4209
2016-02-22,327.68914828338626,2016-02-22,142.4081,144.3370113693359,142.4081
2016-02-23,323.8251399879456,2016-02-23,142.078,142.6350343212955,142.078
2016-02-24,318.4560202835083,2016-02-24,138.8658,140.2701018971296,138.8658
2016-02-25,325.13852656860354,2016-02-25,141.6497,143.21354079554962,141.6497
2016-02-26,331.3585657196045,2016-02-26,143.4472,145.9532771168737,143.4472
2016-02-29,331.76642242240905,2016-02-29,143.1829,146.1329254752589,143.1829
2016-03-01,336.39078285217283,2016-03-01,144.9613,148.16981429938772,144.9613
2016-03-02,338.33385072517393,2016-03-02,146.6133,149.025676054792,146.6133
2016-03-03,337.2192442855835,2016-03-03,146.9358,148.53472613110284,146.9358
2016-03-04,338.6556486053467,2016-03-04,146.3015,149.16741814339164,146.3015
2016-03-07,338.245125,2016-03-07,146.6265,148.98659509629744,146.6265
2016-03-08,335.73369313964844,2016-03-08,146.2692,147.8803864504518,146.2692
2016-03-09,334.32615574645996,2016-03-09,145.4162,147.2604094332461,145.4162
2016-03-10,325.38779877204894,2016-03-10,145.9037,143.3233375497334,145.9037
2016-03-11,335.86873704528807,2016-03-11,145.7135,147.93986914570056,145.7135
2016-03-14,337.1787469940186,2016-03-14,146.1903,148.5168883172367,146.1903
2016-03-15,332.90044623069764,2016-03-15,144.9076,146.63242815384166,144.9076
2016-03-16,333.7062328147888,2016-03-16,145.3101,146.98735241043818,145.3101
2016-03-17,334.4730805988312,2016-03-17,144.8169,147.32512532084334,144.8169
2016-03-18,335.8382670780182,2016-03-18,145.6999,147.92644806039672,145.6999
2016-03-21,335.45025,2016-03-21,145.2789,147.75553844775072,145.2789
2016-03-22,336.2112130966187,2016-03-22,145.6182,148.0907193339768,145.6182
2016-03-23,335.1034429569245,2016-03-23,145.7927,147.60278059055105,145.7927
2016-03-24,332.47184609985356,2016-03-24,145.1475,146.4436429521265,145.1475
2016-03-25,332.47184609985356,2016-03-24,145.1475,146.4436429521265,145.1475
2016-03-28,332.47184609985356,2016-03-24,145.1475,146.4436429521265,145.1475
2016-03-29,333.96205868530274,2016-03-29,144.9237,147.1000358538002,144.9237
2016-03-30,335.20734423065187,2016-03-30,145.4707,147.64854591236852,145.4707
2016-03-31,332.0185624843598,2016-03-31,144.3912,146.2439854330851,144.3912
2016-04-01,330.56130523033147,2016-04-01,143.1073,145.6021083433353,143.1073
2016-04-04,331.4949134113312,2016-04-04,144.1057,146.01333408987398,144.1057
2016-04-05,326.82937271118163,2016-04-05,142.6543,143.95830662067252,142.6543
2016-04-06,329.0146602401733,2016-04-06,142.709,144.92085869958532,142.709
2016-04-07,327.715514125824,2016-04-07,143.5628,144.3486247136277,143.5628
2016-04-08,330.8236658203125,2016-04-08,143.9488,145.71767013003873,143.9488
2016-04-11,330.514220664978,2016-04-11,143.6711,145.58136903756227,143.6711
2016-04-12,330.6832763763428,2016-04-12,143.0246,145.6558328892374,143.0246
2016-04-13,337.12625540161133,2016-04-13,145.8744,148.4937673820157,145.8744
2016-04-14,338.66283580780026,2016-04-14,146.6129,149.1705838854606,146.6129
2016-04-15,337.9236582069397,2016-04-15,146.8222,148.84499884140808,146.8222
2016-04-18,338.6445008361817,2016-04-18,146.4658,149.1625078932563,146.4658
2016-04-19,340.29430080413823,2016-04-19,147.8252,149.8891941383746,147.8252
2016-04-20,342.1033357803345,2016-04-20,148.0601,150.68601851688882,148.0601
2016-04-21,342.5818429927826,2016-04-21,148.3213,150.89678625614795,148.3213
2016-04-22,340.7597573661804,2016-04-22,148.1719,150.09421346672084,148.1719
2016-04-25,339.54157676696775,2016-04-25,147.4751,149.55764230493676,147.4751
2016-04-26,339.5404063968659,2016-04-26,148.2455,149.5571267928315,148.2455
2016-04-27,339.9758485916138,2016-04-27,147.3679,149.7489257136785,147.3679
2016-04-28,340.80777639923093,2016-04-28,146.5316,150.11536437683083,146.5316
2016-04-29,330.53883800468446,2016-04-29,145.2736,145.5922122200714,145.2736
2016-05-02,332.0514341903687,2016-05-02,144.7695,146.25846441058187,144.7695
2016-05-03,330.0826645069122,2016-05-03,143.479,145.3912817965915,143.479
2016-05-04,329.57755696105954,2016-05-04,143.831,145.16879742696747,143.831
2016-05-05,332.807132062912,2016-05-04,143.831,146.5913261272193,143.831
2016-05-06,331.1282170764923,2016-05-06,144.0982,145.85181561015622,144.0982
2016-05-09,332.6225000953674,2016-05-09,145.175,146.51000141281168,145.175
2016-05-10,337.1552534156799,2016-05-10,146.0395,148.50654011711612,146.0395
2016-05-11,336.37040708923337,2016-05-11,146.118,148.16083940124886,146.118
2016-05-12,335.06671790885923,2016-05-12,146.3128,147.58660433415716,146.3128
2016-05-13,339.18426569366454,2016-05-13,146.9395,149.40025774484397,146.9395
2016-05-16,339.4933256988525,2016-05-16,146.4171,149.53638919050312,146.4171
2016-05-17,339.35868556137086,2016-05-17,147.244,149.47708434273423,147.244
2016-05-18,340.7115778541565,2016-05-18,147.1891,150.072991870549,147.1891
2016-05-19,338.19578242988587,2016-05-19,147.1569,148.96486120873703,147.1569
2016-05-20,342.8128539962769,2016-05-20,148.3551,150.9985395122825,148.3551
2016-05-23,340.6822314453125,2016-05-23,148.4294,150.06006567824403,148.4294
2016-05-24,345.2525858001709,2016-05-24,148.7481,152.07316648409864,148.7481
2016-05-25,346.7000250350952,2016-05-25,150.0914,152.71071903779816,150.0914
2016-05-26,347.1480699195862,2016-05-26,150.1672,152.9080690566362,150.1672
2016-05-27,348.45046585922245,2016-05-27,151.2955,153.48173449087903,151.2955
2016-05-30,349.8762572517395,2016-05-30,151.5578,154.10975183448073,151.5578
2016-05-31,348.96997275924684,2016-05-31,151.529,153.7105613340262,151.529
2016-06-01,346.4074849914551,2016-06-01,150.3575,152.58186412811907,150.3575
2016-06-02,347.428419927597,2016-06-02,150.5474,153.03155462979487,150.5474
2016-06-03,341.34203565216063,2016-06-03,148.359,150.35068917860792,148.359
2016-06-06,343.02658589172364,2016-06-03,148.359,151.092681851706,148.359
2016-06-07,344.8778763702393,2016-06-07,149.4113,151.90811848195526,149.4113
2016-06-08,343.56960477561955,2016-06-08,149.6157,151.331865002046,149.6157
2016-06-09,343.85076705207825,2016-06-09,149.777,151.4557083545233,149.777
2016-06-10,344.1230015773773,2016-06-10,149.8927,151.57561930665295,149.8927
2016-06-13,340.5104993457794,2016-06-13,148.1973,149.9844229597328,148.1973
2016-06-14,337.69883164062503,2016-06-14,147.4207,148.74596964001927,147.4207
2016-06-15,340.11144570922846,2016-06-15,148.2232,149.80865208182135,148.2232
2016-06-16,341.09927713394165,2016-06-16,147.8039,150.24376150282822,147.8039
2016-06-17,339.7979414520264,2016-06-17,147.8017,149.67056307956676,147.8017
2016-06-20,344.6038789093018,2016-06-20,149.3098,151.78743101079036,149.3098
2016-06-21,345.17448426818845,2016-06-21,149.523,152.0387651565943,149.523
2016-06-22,346.6728134262085,2016-06-22,149.8415,152.6987331593465,149.8415
2016-06-23,346.07160709762576,2016-06-23,149.701,152.43392022569105,149.701
2016-06-24,344.85345721817015,2016-06-23,149.701,151.897362595017,149.701
2016-06-27,335.5704028701782,2016-06-27,146.479,147.8084620989605,146.479
2016-06-28,340.7798264408112,2016-06-28,148.0436,150.10305327807356,148.0436
2016-06-29,346.97017763442994,2016-06-29,149.8695,152.82971296544545,149.8695
2016-06-30,350.0147822479248,2016-06-30,150.8262,154.17076784326247,150.8262
2016-07-01,350.3409128952027,2016-07-01,152.1031,154.3144183827772,152.1031
2016-07-04,350.4721171340942,2016-07-04,152.3502,154.37220982268235,152.3502
2016-07-05,349.3002754852295,2016-07-05,151.6468,153.85604954614806,151.6468
2016-07-06,349.8093522228241,2016-07-06,151.8275,154.0802822228997,151.8275
2016-07-07,353.10020000000003,2016-07-07,153.8366,155.52979965586098,153.8366
2016-07-08,357.05712633132936,2016-07-08,154.7996,157.2727042465824,154.7996
2016-07-11,361.4146342163086,2016-07-11,156.0858,159.19205271579781,156.0858
2016-07-12,362.5758700904846,2016-07-12,156.6638,159.703541474127,156.6638
2016-07-13,360.2970268798828,2016-07-13,156.3508,158.69978098916548,156.3508
2016-07-14,363.30121967811584,2016-07-14,157.4639,160.02303570280415,157.4639
2016-07-15,364.2297163284302,2016-07-15,157.9311,160.43200997697485,157.9311
2016-07-18,364.6088131084442,2016-07-18,158.321,160.5989904721594,158.321
2016-07-19,366.39890551605225,2016-07-19,158.8276,161.38747123065446,158.8276
2016-07-20,368.51011066284184,2016-07-20,159.2415,162.317392294173,159.2415
2016-07-21,367.8599053466797,2016-07-21,159.9153,162.03099681051742,159.9153
2016-07-22,369.3733252029419,2016-07-22,160.0102,162.69761180263487,160.0102
2016-07-25,369.1568274078369,2016-07-25,160.2619,162.60225116931147,160.2619
2016-07-26,369.5567254852295,2016-07-26,160.5008,162.77839399749348,160.5008
2016-07-27,370.9893145523072,2016-07-27,161.198,163.40940550808386,161.198
2016-07-28,367.2814532569885,2016-07-28,160.2491,161.77620642065025,160.2491
2016-07-29,369.01075808029174,2016-07-29,159.2536,162.53791211413971,159.2536
2016-08-01,369.14872038688657,2016-08-01,160.3548,162.59868027542862,160.3548
2016-08-02,362.4673648799896,2016-08-02,158.3489,159.65574825948167,158.3489
2016-08-03,362.7917081626892,2016-08-03,157.7061,159.79861151976303,157.7061
2016-08-04,365.5836069393158,2016-08-04,157.9249,161.02835723326922,157.9249
2016-08-05,369.62222119903566,2016-08-05,159.998,162.80724284902794,159.998
2016-08-08,370.9987572669983,2016-08-08,160.7112,163.4135647340603,160.7112
2016-08-09,370.3920086860657,2016-08-09,160.3621,163.14631060836473,160.3621
2016-08-10,367.2029986598968,2016-08-10,159.1983,161.74164957880265,159.1983
2016-08-11,367.9032941703796,2016-08-11,159.1595,162.05010825553316,159.1595
2016-08-12,367.2946121944427,2016-08-12,159.3732,161.782002528684,159.3732
2016-08-15,368.94390000000004,2016-08-15,160.1454,162.50846318198631,160.1454
2016-08-16,364.3263366546631,2016-08-16,158.7378,160.47456826491037,158.7378
2016-08-17,364.32697685813906,2016-08-17,158.605,160.47485025489044,158.605
2016-08-18,364.53788456726073,2016-08-18,158.005,160.56774862692637,158.005
2016-08-19,364.17450179443364,2016-08-19,158.0033,160.40768966956475,158.0033
2016-08-22,363.5590514469147,2016-08-22,157.7485,160.13660268278943,157.7485
2016-08-23,365.248451335144,2016-08-23,158.458,160.88073147726462,158.458
2016-08-24,366.1727806720733,2016-08-24,159.2386,161.28787017780527,159.2386
2016-08-25,365.8654564086914,2016-08-25,158.2479,161.15250327313296,158.2479
2016-08-26,367.17969396705627,2016-08-26,157.9669,161.73138457694617,157.9669
2016-08-29,368.2722686920166,2016-08-29,159.6423,162.21263020660635,159.6423
2016-08-30,368.91608139648434,2016-08-30,161.0449,162.49620994103233,161.0449
2016-08-31,367.97983557586673,2016-08-31,160.8349,162.08382239520455,160.8349
2016-09-01,368.0184687423706,2016-09-01,161.0251,162.1008391192008,161.0251
2016-09-02,375.01339207077024,2016-09-02,162.3116,165.18188813552564,162.3116
2016-09-05,373.6054241981507,2016-09-02,162.3116,164.56172150534417,162.3116
2016-09-06,371.2364829101562,2016-09-06,161.2566,163.51827558286018,161.2566
2016-09-07,370.6506529560089,2016-09-07,160.6761,163.26023547016433,160.6761
2016-09-08,369.0512048587799,2016-09-08,160.0053,162.55572767854602,160.0053
2016-09-09,366.1120484008789,2016-09-09,159.5532,161.26111947652697,159.5532
2016-09-12,364.75999054145814,2016-09-12,157.7218,160.66557949099638,157.7218
2016-09-13,360.3456283569336,2016-09-13,157.7595,158.7211884479794,157.7595
2016-09-14,360.39653272590635,2016-09-14,156.8648,158.74361025999747,156.8648
2016-09-15,363.8549854278565,2016-09-15,156.5417,160.26695251767268,156.5417
2016-09-16,364.02613145828246,2016-09-16,158.3376,160.3423370907317,158.3376
2016-09-19,367.250554220581,2016-09-19,159.386,161.7625963435616,159.386
2016-09-20,367.1553434612274,2016-09-20,159.874,161.72065892656963,159.874
2016-09-21,369.10718307952885,2016-09-21,161.0688,162.58038436652916,161.0688
2016-09-22,372.88620153770444,2016-09-22,162.2739,164.24492600002537,162.2739
2016-09-23,371.9732370758057,2016-09-23,161.6744,163.84279317808975,161.6744
2016-09-26,367.486875,2016-09-26,160.0103,161.8666883930069,160.0103
2016-09-27,370.9011076595306,2016-09-27,161.2149,163.37055307933474,161.2149
2016-09-28,371.10073646736146,2016-09-28,161.5505,163.45848344155903,161.5505
2016-09-29,371.9787865318298,2016-09-29,161.8673,163.84523754312733,161.8673
2016-09-30,372.4289011917114,2016-09-30,161.1665,164.04349923449297,161.1665
2016-10-03,371.3450212173462,2016-10-03,160.7903,163.56608337558373,160.7903
2016-10-04,373.45946464920047,2016-10-04,162.4749,164.4974308042738,162.4749
2016-10-05,372.6224511871338,2016-10-05,161.8107,164.12875206644105,161.8107
2016-10-06,372.1804741210937,2016-10-06,161.6268,163.93407473537837,161.6268
2016-10-07,371.3714176502228,2016-10-07,161.6164,163.57771019402486,161.6164
2016-10-10,375.4575538970947,2016-10-10,162.5972,165.37752778643218,162.5972
2016-10-11,376.5233286354065,2016-10-11,164.2776,165.8469688446018,164.2776
2016-10-12,377.496530909729,2016-10-12,163.613,166.27563457390474,163.613
2016-10-13,374.271046628952,2016-10-13,161.8052,164.85490775476848,161.8052
2016-10-14,377.20625392456054,2016-10-14,163.6676,166.14777647201763,163.6676
2016-10-17,375.3043069610596,2016-10-17,162.8102,165.31002721503793,162.8102
2016-10-18,378.49450871467593,2016-10-18,163.7737,166.71521316396044,163.7737
2016-10-19,380.06460668182376,2016-10-19,164.5565,167.406793124183,164.5565
2016-10-20,380.299746673584,2016-10-20,165.3529,167.51036507290905,165.3529
2016-10-21,381.35264021224975,2016-10-21,165.3139,167.97413235802424,165.3139
2016-10-24,383.15339555740354,2016-10-24,166.6518,168.7673098132083,166.6518
2016-10-25,382.69485037994383,2016-10-25,166.75,168.56533473762505,166.75
2016-10-26,382.3641404571533,2016-10-26,165.2653,168.41966716780829,165.2653
2016-10-27,384.7480074882507,2016-10-27,167.5052,169.46968742198197,167.5052
2016-10-28,385.7028260192871,2016-10-28,167.3088,169.89025567665811,167.3088
2016-10-31,383.84714849472044,2016-10-31,166.476,169.07288668728418,166.476
2016-11-01,378.9968060302735,2016-11-01,165.1685,166.9364597134174,165.1685
2016-11-02,374.96780849075316,2016-11-02,163.0237,165.16180996772044,163.0237
2016-11-03,375.17050541839603,2016-11-03,163.2384,165.2510917425457,163.2384
2016-11-04,375.8043721618652,2016-11-04,162.5548,165.53029058644404,162.5548
2016-11-07,383.7580382900238,2016-11-07,165.9653,169.03363637736152,165.9653
2016-11-08,382.6557481613159,2016-11-08,165.4395,168.54811141056572,165.4395
2016-11-09,392.09800763130187,2016-11-09,167.4737,172.7071368760443,167.4737
2016-11-10,390.01824604797366,2016-11-10,169.6954,171.79106573706736,169.6954
2016-11-11,388.32619053268434,2016-11-11,167.9181,171.04576722038698,167.9181
2016-11-14,390.41809251594543,2016-11-14,169.3349,171.96718583288364,169.3349
2016-11-15,393.25190196228033,2016-11-15,169.7508,173.21539190994434,169.7508
2016-11-16,394.6885859985352,2016-11-16,170.3911,173.84820712876183,170.3911
2016-11-17,397.01325400390624,2016-11-17,171.5613,174.8721520292228,171.5613
2016-11-18,396.99996150093074,2016-11-18,172.3174,174.86629708967675,172.3174
2016-11-21,398.4686850242615,2016-11-21,172.3397,175.51322471909606,172.3397
2016-11-22,398.2602599494934,2016-11-22,173.416,175.42141987128812,173.416
2016-11-23,399.6724934932709,2016-11-23,172.9653,176.04346539867953,172.9653
2016-11-24,400.2024795295716,2016-11-23,172.9653,176.2769079796983,172.9653
2016-11-25,400.2634385070801,2016-11-25,173.5223,176.3037585381492,173.5223
2016-11-28,399.79823444595337,2016-11-28,172.9725,176.09885042870567,172.9725
2016-11-29,398.9737650970459,2016-11-29,172.1516,175.73569698767682,172.1516
2016-11-30,399.9058,2016-11-30,173.5108,176.1462297535283,173.5108
2016-12-01,398.3016270675659,2016-12-01,173.0064,175.43964081703146,173.0064
2016-12-02,396.4392090293884,2016-12-02,172.0366,174.61930283831265,172.0366
2016-12-05,397.0587485485077,2016-12-05,171.9918,174.89219097966037,171.9918
2016-12-06,397.51164252090456,2016-12-06,171.8785,175.09167687287774,171.8785
2016-12-07,398.7587925434113,2016-12-07,172.1519,175.6410081764037,172.1519
2016-12-08,405.3435186477661,2016-12-08,174.1689,178.5413779065795,174.1689
2016-12-09,408.1849096488953,2016-12-09,175.7903,179.79292342581056,175.7903
2016-12-12,408.87921107864383,2016-12-12,177.0041,180.09874189396652,177.0041
2016-12-13,408.6418925857544,2016-12-13,176.0284,179.9942103823624,176.0284
2016-12-14,408.9421581375122,2016-12-14,177.3302,180.1264681412321,177.3302
2016-12-15,417.71387160339356,2016-12-15,180.0916,183.9901386743758,180.0916
2016-12-16,416.3261580505371,2016-12-16,180.3125,183.3788934503417,180.3125
2016-12-19,416.1389925384521,2016-12-19,179.8162,183.2964527873314,179.8162
2016-12-20,416.2941925792694,2016-12-20,180.5592,183.36481364143145,180.5592
2016-12-21,411.1784085292816,2016-12-21,177.6514,181.1114677968886,177.6514
2016-12-22,407.16992653503416,2016-12-22,175.8809,179.3458545191577,175.8809
2016-12-23,409.472707359314,2016-12-23,176.9254,180.36015878817707,176.9254
2016-12-26,409.472707359314,2016-12-23,176.9254,180.36015878817707,176.9254
2016-12-27,411.17511305236815,2016-12-27,177.8248,181.11001624046318,177.8248
2016-12-28,408.993417307663,2016-12-28,176.5664,180.14904623227844,176.5664
2016-12-29,403.55988166809084,2016-12-29,174.6939,177.75574056593885,174.6939
2016-12-30,402.92445291519164,2016-12-30,173.4799,177.47585370483262,173.4799
2017-01-02,405.70692198104854,2016-12-30,173.4799,178.70144592019062,173.4799
2017-01-03,406.37316581573486,2017-01-03,176.194,178.99490587895224,176.194
2017-01-04,407.04722798538205,2017-01-04,176.2413,179.29180957427957,176.2413
2017-01-05,404.62719090690615,2017-01-05,175.8085,178.22585752447867,175.8085
2017-01-06,407.3714895744324,2017-01-05,175.8085,179.43463685101602,175.8085
2017-01-09,406.6839780845642,2017-01-09,176.1819,179.13180914295947,176.1819
2017-01-10,407.13910645866395,2017-01-10,175.6168,179.33227922154177,175.6168
2017-01-11,408.3305474777222,2017-01-11,177.7381,179.85707241904183,177.7381
2017-01-12,400.709254196167,2017-01-12,173.6956,176.50012666483713,173.6956
2017-01-13,404.2623807907105,2017-01-13,174.5238,178.0651698661756,174.5238
2017-01-16,402.93268591690065,2017-01-13,174.5238,177.47948008937266,174.5238
2017-01-17,399.99389845008847,2017-01-17,173.2731,176.185034416602,173.2731
2017-01-18,402.2841672729492,2017-01-18,173.7728,177.19382753305337,173.7728
2017-01-19,404.0628930862427,2017-01-19,175.3807,177.97730165565156,175.3807
2017-01-20,401.68342500000006,2017-01-20,173.6839,176.92921900166033,173.6839
2017-01-23,398.14302380523685,2017-01-23,172.4945,175.3697809483177,172.4945
2017-01-24,399.22194340515136,2017-01-24,172.3706,175.84501191454055,172.3706
2017-01-25,402.75576257629393,2017-01-25,174.1669,177.40155078851413,174.1669
2017-01-26,405.334117111206,2017-01-26,174.7736,178.53723681830584,174.7736
2017-01-27,402.87832590332033,2017-01-27,174.0976,177.45553617197632,174.0976
2017-01-30,398.5145915222168,2017-01-30,173.1276,175.53344512234105,173.1276
2017-01-31,394.7473893260956,2017-01-31,171.7851,173.87410818957844,171.7851
2017-02-01,396.9936259326935,2017-02-01,172.3596,174.8635064663391,172.3596
2017-02-02,395.85113750305175,2017-02-02,171.0445,174.36027538187264,171.0445
2017-02-03,399.6798772888184,2017-02-03,172.5628,176.04671773397186,172.5628
2017-02-06,400.6521605644226,2017-02-06,173.9757,176.47497867254816,173.9757
2017-02-07,403.2269184265137,2017-02-07,174.7368,177.60908047836242,174.7368
2017-02-08,402.1008506538391,2017-02-08,173.8742,177.11308218925637,173.8742
2017-02-09,406.84216447067257,2017-02-09,175.1334,179.20148539049407,175.1334
2017-02-10,409.0923658664703,2017-02-10,176.855,180.19263003519765,176.855
2017-02-13,412.1982359085083,2017-02-13,178.0217,181.5606704537398,178.0217
2017-02-14,412.21380777854915,2017-02-14,177.775,181.56752938451274,177.775
2017-02-15,413.28347967376703,2017-02-15,178.8776,182.03868702067592,178.8776
2017-02-16,411.7747993255615,2017-02-16,178.4806,181.3741596363778,178.4806
2017-02-17,412.1130259086609,2017-02-17,178.2925,181.52313806433605,178.2925
2017-02-20,415.1582927684784,2017-02-17,178.2925,182.86448464133048,178.2925
2017-02-21,418.15103855514525,2017-02-21,180.9945,184.18269729774136,180.9945
2017-02-22,418.4792869949341,2017-02-22,181.6407,184.32728065985137,181.6407
2017-02-23,418.55482210159306,2017-02-23,181.5824,184.36055155577736,181.5824
2017-02-24,418.06567857055666,2017-02-24,181.4393,184.1450988446629,181.4393
2017-02-27,418.8824334579468,2017-02-27,181.9348,184.5048543021895,181.9348
2017-02-28,419.6305558395386,2017-02-28,181.8283,184.8343792475932,181.8283
2017-03-01,424.0378520095825,2017-03-01,183.4434,186.77565792812348,183.4434
2017-03-02,423.80814435768133,2017-03-02,184.1746,186.6744787583592,184.1746
2017-03-03,422.51124272346493,2017-03-03,182.5955,186.10323339700557,182.5955
2017-03-06,420.2366974563599,2017-03-06,181.7828,185.10136602422855,181.7828
2017-03-07,419.43528273544314,2017-03-07,181.7069,184.74836743916563,181.7069
2017-03-08,420.3143161880493,2017-03-08,182.0226,185.1355546930234,182.0226
2017-03-09,420.40550896644595,2017-03-09,181.7401,185.17572231273616,181.7401
2017-03-10,419.60343115310667,2017-03-10,182.317,184.82243165581477,182.317
2017-03-13,419.8815645942688,2017-03-13,181.5126,184.94494089931433,181.5126
2017-03-14,416.14977310180666,2017-03-14,180.4205,183.30120129457868,180.4205
2017-03-15,421.60921541213986,2017-03-15,181.4309,185.70591805418078,181.4309
2017-03-16,417.0026975769043,2017-03-16,180.4187,183.6768883452615,180.4187
2017-03-17,416.0001815490723,2017-03-17,180.0157,183.2353108073261,180.0157
2017-03-20,417.202274155426,2017-03-20,180.6204,183.7647957020783,180.6204
2017-03-21,411.01658275794983,2017-03-21,178.919,181.04018851187436,178.919
2017-03-22,410.7584819393158,2017-03-22,176.965,180.92650302369518,176.965
2017-03-23,413.9485233917236,2017-03-23,178.3911,182.33161836485576,178.3911
2017-03-24,413.7280841869354,2017-03-24,178.9118,182.23452166154888,178.9118
2017-03-27,409.8988585128784,2017-03-27,177.0396,180.5478652905721,177.0396
2017-03-28,412.53629236450195,2017-03-28,177.7838,181.70957394593,177.7838
2017-03-29,417.92986396980285,2017-03-29,181.0254,184.0852766818729,181.0254
2017-03-30,420.9324503772736,2017-03-30,181.416,185.40782382968914,181.416
2017-03-31,420.0840510910034,2017-03-31,181.8821,185.0341299857837,181.8821
2017-04-03,417.68656451797483,2017-04-03,181.4608,183.9781107414424,181.4608
2017-04-04,422.84,2017-04-04,182.6137,186.24804088608343,182.6137
2017-04-05,422.9188984680176,2017-04-05,183.1146,186.28279323944926,183.1146
2017-04-06,422.70517755889887,2017-04-06,182.2946,186.18865573916602,182.2946
2017-04-07,423.8685534286499,2017-04-07,182.9494,186.70108709985865,182.9494
2017-04-10,424.94536773071286,2017-04-10,184.1429,187.17539074700025,184.1429
2017-04-11,421.6423312187195,2017-04-11,183.1118,185.72050455048628,183.1118
2017-04-12,420.8154207481385,2017-04-12,182.6674,185.3562758702907,182.6674
2017-04-13,421.4163556137085,2017-04-13,182.4347,185.62096923282155,182.4347
2017-04-14,421.4163556137085,2017-04-13,182.4347,185.62096923282155,182.4347
2017-04-17,421.4163556137085,2017-04-13,182.4347,185.62096923282155,182.4347
2017-04-18,417.2956919021606,2017-04-18,181.4367,183.8059433520483,181.4367
2017-04-19,419.79497412872314,2017-04-19,181.6947,184.90680045714402,181.6947
2017-04-20,418.1944527435303,2017-04-20,180.7417,184.20181991512234,180.7417
2017-04-21,421.8026238212585,2017-04-21,182.6464,185.79110852170805,182.6464
2017-04-24,419.1385660839081,2017-04-24,181.5638,184.6176728619102,181.5638
2017-04-25,419.75573171997075,2017-04-25,181.7279,184.88951538063804,181.7279
2017-04-26,421.5224464588165,2017-04-26,181.7011,185.66769899362308,181.7011
2017-04-27,422.8961227828979,2017-04-27,183.3056,186.27276124925584,183.3056
2017-04-28,421.8728326515198,2017-04-28,182.4446,185.82203335637143,182.4446
2017-05-01,421.8728326515198,2017-04-28,182.4446,185.82203335637143,182.4446
2017-05-02,422.9056623687744,2017-05-02,182.9032,186.27696314401595,182.9032
2017-05-03,421.8682830619812,2017-05-03,182.4983,185.82002940182977,182.4983
2017-05-04,422.9770738861084,2017-05-04,182.863,186.30841772541828,182.863
2017-05-05,424.55931273651123,2017-05-05,182.6707,187.00534537204908,182.6707
2017-05-08,425.8653114738465,2017-05-08,184.0636,187.58059772809014,184.0636
2017-05-09,428.17873219604496,2017-05-09,185.2147,188.59958854555,185.2147
2017-05-10,430.15063520050046,2017-05-10,185.5498,189.46815129126284,185.5498
2017-05-11,426.1433083343506,2017-05-11,184.3249,187.70304681200219,184.3249
2017-05-12,426.52126567420953,2017-05-12,184.0615,187.86952541877363,184.0615
2017-05-15,426.7859856678009,2017-05-15,184.5764,187.98612645034532,184.5764
2017-05-16,426.0933628005982,2017-05-16,184.9854,187.68104733746713,184.9854
2017-05-17,420.73476557807925,2017-05-17,182.2699,185.3207497435977,182.2699
2017-05-18,420.9907109603882,2017-05-18,181.3972,185.43348582823697,181.3972
2017-05-19,422.8977674686432,2017-05-19,182.3422,186.27348568284287,182.3422
2017-05-22,422.9064074687958,2017-05-22,182.5739,186.27729133770444,182.5739
2017-05-23,421.75498256874084,2017-05-23,182.3711,185.7701240123268,182.3711
2017-05-24,423.4760578918457,2017-05-24,182.8323,186.52820486358416,182.8323
2017-05-25,422.95169554710384,2017-05-24,182.8323,186.2972393460773,182.8323
2017-05-26,424.02172648429865,2017-05-26,183.077,186.76855512921045,183.077
2017-05-29,424.29303438720706,2017-05-26,183.077,186.8880579326198,183.077
2017-05-30,425.5289414154053,2017-05-30,183.9692,187.43243704225765,183.9692
2017-05-31,422.5237113975525,2017-05-31,183.2113,186.108725465214,183.2113
2017-06-01,426.42910955810544,2017-06-01,183.82,187.82893347837052,183.82
2017-06-02,425.78221743354794,2017-06-02,183.7671,187.54399735391806,183.7671
2017-06-05,425.84776743469234,2017-06-05,184.6952,187.5728701173587,184.6952
2017-06-06,425.40559941444394,2017-06-05,184.6952,187.3781086768286,184.6952
2017-06-07,427.56485994644163,2017-06-07,185.1983,188.32919666246667,185.1983
2017-06-08,428.63842396163943,2017-06-08,184.9925,188.80206865801202,184.9925
2017-06-09,429.89646893692014,2017-06-09,185.5628,189.35619885381328,185.5628
2017-06-12,427.10568309173584,2017-06-12,184.8617,188.12694335244592,184.8617
2017-06-13,427.6773210525513,2017-06-13,184.799,188.37873232770366,184.799
2017-06-14,425.36053486938476,2017-06-14,184.4301,187.35825912799052,184.4301
2017-06-15,426.4667534843445,2017-06-15,184.7099,187.84551447239494,184.7099
2017-06-16,426.38323891448977,2017-06-16,184.2069,187.80872886786156,184.2069
2017-06-19,431.087848355484,2017-06-19,185.9946,189.8809649181864,185.9946
2017-06-20,431.2815074443817,2017-06-20,186.9813,189.96626580246172,186.9813
2017-06-21,430.35519999999997,2017-06-21,186.0449,189.55825580630645,186.0449
2017-06-22,430.0982370758057,2017-06-22,185.2963,189.4450715257002,185.2963
2017-06-23,428.70761043548583,2017-06-22,185.2963,188.832543176056,185.2963
2017-06-26,428.6406365104675,2017-06-26,185.8756,188.80304321785638,185.8756
2017-06-27,425.48538141403196,2017-06-27,183.9149,187.41325019873105,183.9149
2017-06-28,424.36521492004397,2017-06-28,182.0375,186.91985124174616,182.0375
2017-06-29,417.0523648338318,2017-06-29,181.178,183.6987652473969,181.178
2017-06-30,413.5474347091675,2017-06-30,178.8313,182.15495111164498,178.8313
2017-07-03,417.4228530593872,2017-07-03,179.9831,183.86195393858281,179.9831
2017-07-04,418.37887500000005,2017-07-03,179.9831,184.2830522582386,179.9831
2017-07-05,416.250975,2017-07-05,180.1251,183.34577762433096,180.1251
2017-07-06,412.4957476348877,2017-07-06,178.4905,181.69171523705924,178.4905
2017-07-07,412.60110353279117,2017-07-07,178.0473,181.73812127617643,178.0473
2017-07-10,413.7448544025421,2017-07-10,178.6893,182.24190842676026,178.6893
2017-07-11,412.260034412384,2017-07-11,178.6231,181.5878907977861,178.6231
2017-07-12,417.0027882385254,2017-07-12,179.9509,183.67692827892273,179.9509
2017-07-13,414.73877126312254,2017-07-13,179.0847,182.6796982954736,179.0847
2017-07-14,413.26854045333863,2017-07-14,178.8526,182.032106752638,178.8526
2017-07-17,414.3222029113769,2017-07-17,179.0764,182.49621272313473,179.0764
2017-07-18,411.2337580558777,2017-07-18,177.8911,181.1358475643952,177.8911
2017-07-19,414.8953345870971,2017-07-19,179.2357,182.74865963395834,179.2357
2017-07-20,411.7981207595825,2017-07-20,179.2901,181.38443201221043,179.2901
2017-07-21,412.667984677887,2017-07-21,178.4318,181.76758036766805,178.4318
2017-07-24,411.0504107585907,2017-07-24,177.8913,181.05508870780295,177.8913
2017-07-25,411.225688747406,2017-07-25,177.2311,181.1322932817016,177.2311
2017-07-26,412.7756752223968,2017-07-26,178.4682,181.81501474695315,178.4682
2017-07-27,412.79257754516607,2017-07-27,178.5851,181.8224597013146,178.5851
2017-07-28,406.30766082000736,2017-07-28,175.8761,178.96605293901632,175.8761
2017-07-31,406.0248577198028,2017-07-31,176.0104,178.8414868540442,176.0104
2017-08-01,407.38507920722964,2017-08-01,175.6601,179.44062266712814,175.6601
2017-08-02,406.3086538543701,2017-08-02,176.0081,178.96649034017182,176.0081
2017-08-03,406.7616865951538,2017-08-03,175.9948,179.16603735660408,175.9948
2017-08-04,411.39501658782956,2017-08-04,176.9809,181.20687699787405,176.9809
2017-08-07,410.66725733757016,2017-08-07,177.4704,180.88632138677403,177.4704
2017-08-08,412.5220356063843,2017-08-08,177.6,181.7032942815917,177.6
2017-08-09,410.43185853195195,2017-08-09,177.6741,180.78263543848786,177.6741
2017-08-10,405.2047854003906,2017-08-10,175.8839,178.4802701695408,175.8839
2017-08-11,403.54859999999996,2017-08-11,174.0851,177.7507713374367,174.0851
2017-08-14,405.9065979194641,2017-08-14,174.9392,178.78939704199078,174.9392
2017-08-15,403.71259210586544,2017-08-15,174.736,177.82300482631717,174.736
2017-08-16,405.5451443405151,2017-08-16,175.3294,178.63018783531567,175.3294
2017-08-17,403.55345894165043,2017-08-17,175.404,177.75291155208805,175.404
2017-08-18,401.8891741790772,2017-08-18,172.8701,177.01984519955323,172.8701
2017-08-21,397.9183260700226,2017-08-21,172.0405,175.27080849307413,172.0405
2017-08-22,403.4043187332153,2017-08-22,173.8085,177.6872198681452,173.8085
2017-08-23,402.05644980430606,2017-08-23,173.545,177.09352497792537,173.545
2017-08-24,399.780942388916,2017-08-24,172.8461,176.09123380836203,172.8461
2017-08-25,398.7473422519684,2017-08-25,172.5315,175.6359646744909,172.5315
2017-08-28,395.9399608078003,2017-08-28,171.6274,174.3993993211746,171.6274
2017-08-29,394.03991308975225,2017-08-29,170.025,173.56248662351942,170.025
2017-08-30,397.5922080593109,2017-08-30,171.4717,175.1271635195789,171.4717
2017-08-31,400.1319672340393,2017-08-31,172.7154,176.24584947789793,172.7154
2017-09-01,401.85873446197513,2017-09-01,173.7394,177.00643743851978,173.7394
2017-09-04,398.73119844551087,2017-09-01,173.7394,175.62885382328201,173.7394
2017-09-05,398.4555373382568,2017-09-05,172.6582,175.50743356698044,172.6582
2017-09-06,399.042,2017-09-06,172.6399,175.76575236795128,172.6399
2017-09-07,398.6756404640198,2017-09-07,172.71,175.60438223779272,172.71
2017-09-08,399.7711065444946,2017-09-08,172.6359,176.0869014208066,172.6359
2017-09-11,405.5020747776031,2017-09-11,175.0655,178.61121701487724,175.0655
2017-09-12,406.021607460022,2017-09-12,175.1663,178.84005521437777,175.1663
2017-09-13,408.25108397483825,2017-09-13,176.1901,179.82207118516124,176.1901
2017-09-14,408.3626524581909,2017-09-14,176.281,179.87121367747287,176.281
2017-09-15,404.6619030990601,2017-09-15,174.7302,178.24114717962846,174.7302
2017-09-18,406.6497459697723,2017-09-18,175.3452,179.11673094715167,175.3452
2017-09-19,407.0502486392975,2017-09-19,175.7308,179.29314007961005,175.7308
2017-09-20,406.6991085453034,2017-09-20,175.5092,179.13847364648416,175.5092
2017-09-21,406.8923993549347,2017-09-21,175.9126,179.22361231504703,175.9126
2017-09-22,407.08328890457153,2017-09-22,175.6324,179.30769330228918,175.6324
2017-09-25,409.42088227272035,2017-09-25,176.6373,180.33733142830854,176.6373
2017-09-26,412.8252680248261,2017-09-26,178.8535,181.83685885416747,178.8535
2017-09-27,415.757365852356,2017-09-27,179.6152,183.1283579461734,179.6152
2017-09-28,415.48458976745604,2017-09-28,179.3341,183.00820845366277,179.3341
2017-09-29,418.8630885276794,2017-09-29,180.6764,184.4963334542012,180.6764
2017-10-02,420.8169681911468,2017-10-02,181.1258,185.35695747143694,181.1258
2017-10-03,419.15218813896183,2017-10-03,180.7383,184.6236729590311,180.7383
2017-10-04,418.72491019248963,2017-10-04,180.5781,184.4354701389472,180.5781
2017-10-05,420.095545167923,2017-10-05,180.9738,185.03919277385498,180.9738
2017-10-06,420.12544235229495,2017-10-06,181.8886,185.05236156587392,181.8886
2017-10-09,420.1033010940552,2017-10-09,181.4875,185.04260902124733,181.4875
2017-10-10,418.4038625564575,2017-10-10,180.7074,184.29405850986268,180.7074
2017-10-11,417.94749045639037,2017-10-11,180.2786,184.09304060816802,180.2786
2017-10-12,420.83048114776614,2017-10-12,181.741,185.36290951404627,181.741
2017-10-13,423.00420879364015,2017-10-13,181.82,186.32036981927743,181.82
2017-10-16,423.23638414764406,2017-10-16,182.6729,186.42263593607166,182.6729
2017-10-17,423.972525,2017-10-17,183.5686,186.74688338562115,183.5686
2017-10-18,425.0363426799774,2017-10-18,183.4902,187.21546241966658,183.4902
2017-10-19,424.1651055850983,2017-10-19,182.5571,186.8317092220776,182.5571
2017-10-20,427.73356028366095,2017-10-20,184.0105,188.40350398273893,184.0105
2017-10-23,429.2544238128662,2017-10-23,184.9235,189.07339768430353,184.9235
2017-10-24,428.15606030464176,2017-10-24,184.5663,188.58960227330275,184.5663
2017-10-25,425.5940386985779,2017-10-25,184.5205,187.4611103973279,184.5205
2017-10-26,432.7173016822815,2017-10-26,186.3243,190.59868909241624,186.3243
2017-10-27,439.1315114860535,2017-10-27,188.0809,193.4239516261993,188.0809
2017-10-30,435.8370040740967,2017-10-30,188.7883,191.9728222364499,188.7883
2017-10-31,437.2959290542603,2017-10-31,188.9768,192.6154339083713,188.9768
2017-11-01,440.175465417862,2017-11-01,190.1943,193.883781288896,190.1943
2017-11-02,438.8770310630798,2017-11-02,189.4822,193.31186081118014,189.4822
2017-11-03,442.9539044342041,2017-11-03,190.7723,195.10759839114547,190.7723
2017-11-06,442.60168641471864,2017-11-06,190.9276,194.95245716492767,190.9276
2017-11-07,442.39123486862184,2017-11-07,191.8248,194.85975971870218,191.8248
2017-11-08,441.2983739379883,2017-11-08,190.0579,194.37838802422806,190.0579
2017-11-09,437.8054468841553,2017-11-09,189.4974,192.83986087274192,189.4974
2017-11-10,437.26585040664673,2017-11-10,188.9465,192.60218518736448,188.9465
2017-11-13,437.91380701828,2017-11-13,189.0984,192.88759018569928,189.0984
2017-11-14,438.24806858253476,2017-11-14,190.1181,193.03482214456307,190.1181
2017-11-15,439.6010422607422,2017-11-15,188.3939,193.630765520158,188.3939
2017-11-16,439.66600806884765,2017-11-16,189.7694,193.65938096449682,189.7694
2017-11-17,440.8308372085571,2017-11-17,190.3929,194.1724524459979,190.3929
2017-11-20,443.85034196090703,2017-11-20,191.4089,195.50245160542318,191.4089
2017-11-21,446.4348346248627,2017-11-21,191.7315,196.6408412926481,191.7315
2017-11-22,441.51882701568604,2017-11-22,191.1495,194.47549083812578,191.1495
2017-11-23,438.550192489624,2017-11-22,191.1495,193.16789845191389,191.1495
2017-11-24,437.755454535675,2017-11-24,189.3012,192.81784077775626,189.3012
2017-11-27,440.0195981750488,2017-11-27,189.3267,193.8151265527966,189.3267
2017-11-28,442.3029151153565,2017-11-28,190.2832,194.820857578372,190.2832
2017-11-29,444.3902969741821,2017-11-29,192.1136,195.74028521480048,192.1136
2017-11-30,444.45183243103025,2017-11-30,191.5691,195.76738969470543,191.5691
2017-12-01,440.9263809638977,2017-12-01,192.7589,194.21453653750078,192.7589
2017-12-04,449.2043883781433,2017-12-04,194.6358,197.860744709253,194.6358
2017-12-05,449.3574582519531,2017-12-05,193.7283,197.92816729017196,193.7283
2017-12-06,446.49396545600894,2017-12-06,191.9706,196.66688660874158,191.9706
2017-12-07,448.45899277038575,2017-12-07,193.6143,197.5324208240247,193.6143
2017-12-08,452.25742826843265,2017-12-08,195.3317,199.2055150675764,195.3317
2017-12-11,453.97520764160157,2017-12-11,195.4567,199.96214415405646,195.4567
2017-12-12,454.773246484375,2017-12-12,195.1135,200.3136557684202,195.1135
2017-12-13,452.4565424423218,2017-12-13,195.7533,199.29321874934612,195.7533
2017-12-14,452.7201546264649,2017-12-14,195.4771,199.40933182486015,195.4771
2017-12-15,454.3972396366119,2017-12-15,195.3274,200.1480362935464,195.3274
2017-12-18,457.0093259216309,2017-12-18,196.6404,201.29858012386092,196.6404
2017-12-19,454.85105888977046,2017-12-19,196.5949,200.34792974453774,196.5949
2017-12-20,450.04113512573247,2017-12-20,195.0564,198.22930596754526,195.0564
2017-12-21,455.1887975234986,2017-12-21,196.0854,200.49669324577556,196.0854
2017-12-22,452.93110484390263,2017-12-22,194.975,199.5022489205045,194.975
2017-12-25,452.93110484390263,2017-12-22,194.975,199.5022489205045,194.975
2017-12-26,452.93110484390263,2017-12-22,194.975,199.5022489205045,194.975
2017-12-27,449.50401894836426,2017-12-27,193.2718,197.9927227782466,193.2718
2017-12-28,446.1844609954834,2017-12-28,192.5661,196.53055939414884,192.5661
2017-12-29,447.20383700408934,2017-12-29,191.7911,196.97956323609648,191.7911
2018-01-01,447.20383700408934,2017-12-29,191.7911,196.97956323609648,191.7911
2018-01-02,443.6789621967315,2018-01-02,191.7452,195.42696407982197,191.7452
2018-01-03,447.1357335090637,2018-01-03,192.6478,196.94956573698093,192.6478
2018-01-04,449.3270501861572,2018-01-04,193.555,197.9147734705673,193.555
2018-01-05,452.98053970260617,2018-01-05,194.4921,199.52402345835577,194.4921
2018-01-08,455.583763502121,2018-01-08,196.4714,200.67066363584053,196.4714
2018-01-09,459.46692979736326,2018-01-09,197.5877,202.3810791947369,197.5877
2018-01-10,455.8877277183533,2018-01-10,195.8915,200.80455054288043,195.8915
2018-01-11,454.78792139167786,2018-01-11,195.7754,200.3201196146394,195.7754
2018-01-12,456.2751703071594,2018-01-12,195.8746,200.97520711066247,195.8746
2018-01-15,453.5603594017029,2018-01-12,195.8746,199.77941623818717,195.8746
2018-01-16,454.74650801391607,2018-01-16,196.6831,200.3018782929229,196.6831
2018-01-17,455.0483193206787,2018-01-17,195.2786,200.43481690942514,195.2786
2018-01-18,454.57216160011296,2018-01-18,195.628,200.22508404922235,195.628
2018-01-19,456.402800604248,2018-01-19,196.5181,201.03142433890594,196.5181
2018-01-22,457.5957027053833,2018-01-22,197.0874,201.55686109821283,197.0874
2018-01-23,460.27025701484683,2018-01-23,198.1992,202.73492017583328,198.1992
2018-01-24,455.8352609001159,2018-01-24,197.3511,200.78144051992078,197.3511
2018-01-25,452.2539414840698,2018-01-25,194.3513,199.20397924609173,194.3513
2018-01-26,455.1058211917877,2018-01-26,195.9124,200.46014471862327,195.9124
2018-01-29,456.21713525009153,2018-01-29,196.3615,200.94964444941564,196.3615
2018-01-30,450.5721489906312,2018-01-30,193.9638,198.46320127551218,193.9638
2018-01-31,447.8878454341888,2018-01-31,192.9522,197.28084795385163,192.9522
2018-02-01,448.0362979393006,2018-02-01,193.4451,197.34623672558968,193.4451
2018-02-02,444.36086848640446,2018-02-02,192.2286,195.72732286924466,192.2286
2018-02-05,438.66616720581055,2018-02-05,188.8596,193.21898175453913,188.8596
2018-02-06,425.1250973453521,2018-02-06,184.9993,187.25455612543124,184.9993
2018-02-07,439.0285898265838,2018-02-07,187.4763,193.37861779439302,187.4763
2018-02-08,432.13388969726566,2018-02-08,188.0809,190.341714020903,188.0809
2018-02-09,426.1545814361573,2018-02-09,184.5673,187.7080122673191,184.5673
2018-02-12,431.2601992549896,2018-02-12,185.7726,189.9568801990914,185.7726
2018-02-13,429.32632964782715,2018-02-13,184.8472,189.1050699974474,184.8472
2018-02-14,431.8973117580414,2018-02-14,185.3594,190.23750870045697,185.3594
2018-02-15,433.8232491989135,2018-02-15,187.6133,191.08582502632868,187.6133
2018-02-16,440.7962858505249,2018-02-16,188.4259,194.15723363334192,188.4259
2018-02-19,440.0994508571625,2018-02-16,188.4259,193.850299208182,188.4259
2018-02-20,444.82781002807616,2018-02-20,191.051,195.93299628553612,191.051
2018-02-21,445.9845939697266,2018-02-21,191.5168,196.4425241042403,191.5168
2018-02-22,445.5650985088348,2018-02-22,190.81,196.25774923017045,190.81
2018-02-23,449.5557154304504,2018-02-23,192.7309,198.0154934917771,192.7309
2018-02-26,453.3635838699341,2018-02-26,195.0891,199.69274265648664,195.0891
2018-02-27,457.08768676757813,2018-02-27,196.4309,201.33309567120708,196.4309
2018-02-28,454.68840606765747,2018-02-28,197.5314,200.27628616904076,197.5314
2018-03-01,450.4958505153656,2018-03-01,193.7415,198.42959413914662,193.7415
2018-03-02,440.78504527702336,2018-03-02,190.3529,194.15228250574498,190.3529
2018-03-05,447.2730071350098,2018-03-05,191.4497,197.0100305555832,191.4497
2018-03-06,447.8092190551758,2018-03-06,193.5875,197.24621544734057,193.5875
2018-03-07,450.7104360385895,2018-03-07,192.8973,198.52411247540374,192.8973
2018-03-08,454.3122460590362,2018-03-08,194.8347,200.11059923151024,194.8347
2018-03-09,456.9586026123047,2018-03-09,195.4212,201.2762380630595,195.4212
2018-03-12,458.475677243042,2018-03-12,197.7739,201.94446287114957,197.7739
2018-03-13,454.30350812988286,2018-03-13,196.7412,200.10675044192973,196.7412
2018-03-14,451.5568047981262,2018-03-14,195.4249,198.8969119346103,195.4249
2018-03-15,452.3356856174469,2018-03-15,194.4415,199.23998502770044,194.4415
2018-03-16,452.67034346199034,2018-03-16,195.2637,199.38739153586752,195.2637
2018-03-19,445.11908236694336,2018-03-19,192.6404,196.06129281017505,192.6404
2018-03-20,447.04274577598574,2018-03-20,192.5686,196.90860749482738,192.5686
2018-03-21,449.6456106796265,2018-03-21,192.9573,198.05508958969597,192.9573
2018-03-22,443.72152679443354,2018-03-22,191.1318,195.44571247858536,191.1318
2018-03-23,438.3243338996887,2018-03-23,189.8757,193.06841467579824,189.8757
2018-03-26,432.8473303024292,2018-03-26,187.6697,190.65596270835044,187.6697
2018-03-27,442.58066780548097,2018-03-27,190.6178,194.94319911272666,190.6178
2018-03-28,441.59796752929685,2018-03-28,190.1271,194.51034980514578,190.1271
2018-03-29,446.3694716445923,2018-03-29,191.4792,196.6120509061619,191.4792
2018-03-30,446.3694716445923,2018-03-29,191.4792,196.6120509061619,191.4792
2018-04-02,446.3694716445923,2018-03-29,191.4792,196.6120509061619,191.4792
2018-04-03,443.1536598602295,2018-04-03,190.4305,195.1955845247979,190.4305
2018-04-04,443.75565768241887,2018-04-04,190.444,195.46074608709205,190.444
2018-04-05,456.1779069442749,2018-04-05,194.9624,200.93236558482,194.9624
2018-04-06,449.0676594287872,2018-04-06,194.1812,197.80051980396973,194.1812
2018-04-09,449.67779214477537,2018-04-09,192.6411,198.0692645372809,192.6411
2018-04-10,451.0705977916718,2018-04-10,192.4692,198.68275267243732,192.4692
2018-04-11,448.5855492782593,2018-04-11,193.4419,197.58816508107898,193.4419
2018-04-12,456.40193320465085,2018-04-12,196.6941,201.0310422760083,196.6941
2018-04-13,456.4828510520935,2018-04-13,197.1892,201.0666841040258,197.1892
2018-04-16,456.7887622299195,2018-04-16,196.4875,201.2014285878855,196.4875
2018-04-17,461.56075578918455,2018-04-17,198.1476,203.30334527394675,198.1476
2018-04-18,462.94685,2018-04-18,198.2752,203.91387722751762,198.2752
2018-04-19,460.3073142494202,2018-04-19,197.9427,202.7512427501875,197.9427
2018-04-20,459.9435579425812,2018-04-20,198.6702,202.59101926255929,198.6702
2018-04-23,462.6481067829132,2018-04-23,198.4611,203.78229001034228,198.4611
2018-04-24,461.6119388484955,2018-04-24,199.1253,203.32588984050432,199.1253
2018-04-25,459.53723041534425,2018-04-25,197.0301,202.4120444590734,197.0301
2018-04-26,467.2987630348206,2018-04-26,200.3712,205.83076133697259,200.37119999999996
2018-04-27,472.31230818328856,2018-04-27,203.2198,208.03907408362875,203.21979999999996
2018-04-30,473.49742691421505,2018-04-30,204.4596,208.56108250727,204.4596
2018-05-01,473.49742691421505,2018-04-30,204.4596,208.56108250727,204.4596
2018-05-02,479.3862377685547,2018-05-02,207.1428,211.1549229309987,207.1428
2018-05-03,472.8652552928925,2018-05-03,204.6526,208.28263031264532,204.6526
2018-05-04,479.4386805820465,2018-05-04,204.1362,211.17802238060474,204.1362
2018-05-07,481.8743241313934,2018-05-07,206.5455,212.25084860178222,206.5455
2018-05-08,479.8531831970215,2018-05-08,205.7996,211.36059805930412,205.79960000000003
2018-05-09,475.69641847915653,2018-05-09,203.8022,209.529670793372,203.80219999999997
2018-05-10,478.12089227676387,2018-05-09,203.8022,210.5975770817648,203.80219999999997
2018-05-11,476.062172410965,2018-05-11,204.8702,209.69077417348197,204.8702
2018-05-14,477.982507144928,2018-05-14,205.7833,210.53662267893586,205.7833
2018-05-15,477.8226578552246,2018-05-15,206.4906,210.4662139734106,206.4906
2018-05-16,480.88628358421334,2018-05-16,206.8634,211.81564706874775,206.86340000000004
2018-05-17,483.33996850967407,2018-05-17,207.4115,212.8964199623216,207.4115
2018-05-18,483.134084223938,2018-05-18,207.7171,212.80573425409256,207.7171
2018-05-21,480.7060627670288,2018-05-21,207.6221,211.73626533067304,207.6221
2018-05-22,481.7362467178345,2018-05-22,207.6326,212.19002973940883,207.6326
2018-05-23,483.0510740707397,2018-05-23,207.7627,212.76917082961324,207.76270000000002
2018-05-24,479.6919775543213,2018-05-24,206.4883,211.28959192191718,206.4883
2018-05-25,479.62453391418455,2018-05-25,206.5308,211.2598850686259,206.5308
2018-05-28,482.4020674705505,2018-05-25,206.5308,212.48330334354907,206.5308
2018-05-29,483.8194765903473,2018-05-29,208.8839,213.10762855331214,208.8839
2018-05-30,482.401712752533,2018-05-30,207.5242,212.48314710115045,207.52420000000004
2018-05-31,479.95062189445497,2018-05-31,207.151,211.4035168146335,207.151
2018-06-01,484.3777123512268,2018-06-01,208.8383,213.3535142708799,208.83829999999998
2018-06-04,483.65831619071963,2018-06-04,208.0461,213.0366423441099,208.04610000000002
2018-06-05,483.4625588928223,2018-06-05,208.7618,212.95041726317496,208.7618
2018-06-06,484.43117443847655,2018-06-05,208.7618,213.3770626792896,208.7618
2018-06-07,482.5278560028076,2018-06-07,208.0621,212.53870933091736,208.0621
2018-06-08,485.06290974426275,2018-06-08,208.3479,213.65532269031328,208.3479
2018-06-11,484.96689217758177,2018-06-11,208.2196,213.6130298994586,208.2196
2018-06-12,480.7884873962402,2018-06-12,206.554,211.77257084980883,206.554
2018-06-13,481.0038985595703,2018-06-13,207.3883,211.86745285518964,207.3883
2018-06-14,486.9383010864258,2018-06-14,209.0393,214.48137501122088,209.03930000000003
2018-06-15,484.0928702033997,2018-06-15,210.4695,213.22805004801882,210.4695
2018-06-18,486.5099086139679,2018-06-18,210.109,214.2926812766508,210.109
2018-06-19,489.1308051441192,2018-06-19,210.901,215.44710574951483,210.901
2018-06-20,488.980237001419,2018-06-20,211.2898,215.3807851043588,211.28979999999999
2018-06-21,488.0636198547363,2018-06-21,211.3471,214.97704338689533,211.3471
2018-06-22,488.08080375671386,2018-06-21,211.3471,214.98461236825497,211.3471
2018-06-25,479.7951953098297,2018-06-25,208.6108,211.33505617493987,208.61080000000004
2018-06-26,480.88601819000246,2018-06-26,207.8504,211.81553017074415,207.8504
2018-06-27,486.1949820922852,2018-06-27,209.5786,214.15396581054904,209.5786
2018-06-28,486.37400455627443,2018-06-28,209.2239,214.23281971082474,209.2239
2018-06-29,489.6080743370056,2018-06-29,211.2126,215.6573281791581,211.2126
2018-07-02,486.10837130355833,2018-07-02,209.5549,214.11581641664122,209.5549
2018-07-03,481.8783143264771,2018-07-03,207.7736,212.25260616023718,207.7736
2018-07-04,478.27063785552974,2018-07-03,207.7736,210.6635354127564,207.7736
2018-07-05,477.2572568229675,2018-07-05,205.3577,210.21717217373967,205.35769999999997
2018-07-06,482.09219290924074,2018-07-06,206.1547,212.34681311092118,206.1547
2018-07-09,484.1957573150635,2018-07-09,208.8191,213.2733686625771,208.81910000000002
2018-07-10,486.14002410278323,2018-07-10,209.9866,214.12975850311412,209.9866
2018-07-11,483.78509194946287,2018-07-11,208.5085,213.09248317444238,208.5085
2018-07-12,490.2717271614075,2018-07-12,211.5982,215.94964687742072,211.5982
2018-07-13,494.93002276611327,2018-07-13,213.2236,218.0014831044681,213.22360000000003
2018-07-16,490.6250792697906,2018-07-16,211.3755,216.10528763498698,211.3755
2018-07-17,490.74750357322694,2018-07-17,210.3704,216.15921178282508,210.3704
2018-07-18,494.6253879089356,2018-07-18,213.2001,217.86730080067716,213.2001
2018-07-19,497.112,2018-07-19,214.0617,218.962577099997,214.06170000000003
2018-07-20,495.5580475524903,2018-07-20,213.1474,218.27810874558676,213.14739999999998
2018-07-23,492.78915871582035,2018-07-23,212.42,217.05849820433917,212.42000000000002
2018-07-24,495.3316006713867,2018-07-24,213.2292,218.17836584526913,213.22920000000002
2018-07-25,494.4825699615479,2018-07-25,212.6498,217.8043938786633,212.64979999999997
2018-07-26,497.2930083023071,2018-07-26,213.4811,219.04230570109627,213.4811
2018-07-27,498.7332197723389,2018-07-27,214.6263,219.67667464621755,214.6263
2018-07-30,490.76384650802606,2018-07-30,211.6504,216.1664103439562,211.6504
2018-07-31,492.30524590301513,2018-07-31,211.6609,216.84534946404818,211.6609
2018-08-01,494.58199471473694,2018-08-01,212.659,217.84818743059085,212.65899999999996
2018-08-02,494.8264214302063,2018-08-02,212.6203,217.95584989605393,212.6203
2018-08-03,499.00006040763856,2018-08-03,214.5168,219.7942097553684,214.5168
2018-08-06,500.856849609375,2018-08-06,215.6198,220.6120684044126,215.6198
2018-08-07,503.50523206901545,2018-08-07,217.2302,221.77859958553339,217.23020000000002
2018-08-08,506.0832465866089,2018-08-08,217.8361,222.91413584813307,217.8361
2018-08-09,507.00346784591676,2018-08-09,218.2129,223.31946506657934,218.2129
2018-08-10,509.84247605438236,2018-08-10,219.0403,224.56996103878214,219.0403
2018-08-13,507.89056369400026,2018-08-13,218.4255,223.71020355816887,218.42549999999997
2018-08-14,508.7575142921448,2018-08-14,218.1226,224.0920686855207,218.1226
2018-08-15,506.0269032356262,2018-08-15,219.1869,222.88931833148973,219.1869
2018-08-16,511.68694006118784,2018-08-16,219.3395,225.38239081778224,219.3395
2018-08-17,511.6945456237793,2018-08-17,220.002,225.38574083465033,220.00200000000004
2018-08-20,513.5945900779724,2018-08-20,221.1934,226.2226520946776,221.1934
2018-08-21,513.2281369941711,2018-08-21,220.7645,226.06124075957533,220.7645
2018-08-22,510.6750257778168,2018-08-22,219.8144,224.93667363676227,219.8144
2018-08-23,509.8220138397217,2018-08-23,220.4794,224.56094806131372,220.47940000000003
2018-08-24,513.86775692482,2018-08-24,221.0893,226.3429737058317,221.0893
2018-08-27,517.4889823608398,2018-08-27,222.9444,227.93801235654013,222.9444
2018-08-28,518.5669478321075,2018-08-28,224.6158,228.41282305838112,224.61579999999998
2018-08-29,523.1100829158783,2018-08-29,224.8185,230.4139346108197,224.8185
2018-08-30,520.5341688537598,2018-08-30,224.3406,229.27932353438302,224.34059999999997
2018-08-31,519.3849248695374,2018-08-31,222.9704,228.7731168354862,222.97039999999998
2018-09-03,517.8992284965516,2018-08-31,222.9704,228.1187131867771,222.97039999999998
2018-09-04,515.4525233688355,2018-09-04,221.4595,227.04101467986416,221.45950000000002
2018-09-05,508.7622405761719,2018-09-05,219.74,224.0941504685609,219.74
2018-09-06,509.8411055358887,2018-09-06,220.4279,224.56935736745388,220.42790000000002
2018-09-07,508.76809470939634,2018-09-07,218.314,224.0967290345531,218.314
2018-09-10,505.88060548667903,2018-09-10,218.0841,222.82487866370175,218.0841
2018-09-11,507.3796228408813,2018-09-11,218.087,223.48514979574796,218.08700000000002
2018-09-12,507.08825134277345,2018-09-12,217.5841,223.35680959450724,217.5841
2018-09-13,505.3774911575317,2018-09-13,217.8401,222.60327224485445,217.8401
2018-09-14,512.841451057434,2018-09-14,220.6346,225.89091747380414,220.63459999999998
2018-09-17,506.59010709495544,2018-09-17,217.6242,223.13739234392833,217.62420000000003
2018-09-18,507.1954758068085,2018-09-18,217.2004,223.40403867964955,217.20039999999997
2018-09-19,506.9142499809265,2018-09-19,217.583,223.28016733560196,217.583
2018-09-20,505.1437836456299,2018-09-20,216.7813,222.50033125953595,216.7813
2018-09-21,506.801409828186,2018-09-21,218.0951,223.23046471195894,218.09509999999997
2018-09-24,503.9789983703613,2018-09-24,217.3523,221.98727909897465,217.35230000000004
2018-09-25,505.6811445064545,2018-09-25,217.5228,222.73702222438655,217.52279999999996
2018-09-26,508.12742366638184,2018-09-26,218.038,223.81453310556364,218.038
2018-09-27,508.2168395843506,2018-09-27,217.3922,223.85391807279885,217.3922
2018-09-28,507.82132269668574,2018-09-28,218.8918,223.67970502421085,218.89179999999996
2018-10-01,512.7605450439453,2018-10-01,220.2997,225.8552808582801,220.29969999999997
2018-10-02,513.3651829204559,2018-10-02,221.3571,226.12160528346607,221.3571
2018-10-03,513.2662829189301,2018-10-03,221.8623,226.07804286853886,221.8623
2018-10-04,511.69139353942876,2018-10-04,221.1248,225.38435243824745,221.1248
2018-10-05,510.8375705955505,2018-10-05,220.2313,225.00826963964533,220.23130000000003
2018-10-08,509.1108774375915,2018-10-08,219.6963,224.24771430457474,219.6963
2018-10-09,510.7360659370422,2018-10-09,219.7988,224.96355995326755,219.7988
2018-10-10,501.81383392333987,2018-10-10,217.4088,221.03359061998984,217.4088
2018-10-11,483.699885345459,2018-10-11,210.9098,213.05495228080343,210.9098
2018-10-12,482.46369818458555,2018-10-12,209.0548,212.5104497813209,209.0548
2018-10-15,484.5685848083496,2018-10-15,207.4955,213.43758772939432,207.49550000000002
2018-10-16,485.79367574119567,2018-10-16,207.5368,213.97720268103063,207.5368
2018-10-17,487.3743,2018-10-17,209.519,214.67341914962233,209.519
2018-10-18,485.444335269928,2018-10-18,210.7719,213.8233289264761,210.7719
2018-10-19,487.06424487762456,2018-10-19,210.3093,214.53684938538734,210.30929999999998
2018-10-22,484.87513445281985,2018-10-22,208.1668,213.57261343821304,208.1668
2018-10-23,476.6497689750671,2018-10-23,206.0517,209.94959242363666,206.05169999999998
2018-10-24,478.2543044128418,2018-10-24,207.6231,210.65634103260896,207.6231
2018-10-25,480.3021092948914,2018-10-25,204.8832,211.55833622558666,204.8832
2018-10-26,473.9170810317993,2018-10-26,204.0611,208.7459272647429,204.0611
2018-10-29,476.86375424194335,2018-10-29,206.0886,210.0438463653976,206.08859999999999
2018-10-30,476.6420603179932,2018-10-30,203.8464,209.94619699681357,203.8464
2018-10-31,487.21665737342846,2018-10-31,209.2233,214.60398241147294,209.22329999999997
2018-11-01,482.64532169265743,2018-11-01,207.4259,212.59044936167575,207.4259
2018-11-02,481.9143875499726,2018-11-02,208.0604,212.2684953079159,208.06039999999996
2018-11-05,483.1496575515747,2018-11-05,207.7434,212.81259382689174,207.7434
2018-11-06,485.7916578941345,2018-11-06,208.9004,213.9763138813382,208.90040000000002
2018-11-07,490.27186041717533,2018-11-07,209.3497,215.94970557249616,209.3497
2018-11-08,490.49395356445314,2018-11-08,210.6586,216.0475307867018,210.6586
2018-11-09,489.41540797119137,2018-11-09,210.3478,215.57246455892928,210.3478
2018-11-12,486.04115547752383,2018-11-09,210.3478,214.0862099084692,210.3478
2018-11-13,484.46818316802984,2018-11-13,207.4697,213.39336388867136,207.4697
2018-11-14,480.6171456336975,2018-11-14,207.9945,211.6971000627604,207.9945
2018-11-15,478.1123247127533,2018-11-15,204.7742,210.59380333280035,204.7742
2018-11-16,478.0039787902832,2018-11-16,205.9778,210.54608027964062,205.9778
2018-11-19,474.49124068832396,2018-11-19,205.5282,208.9988269695569,205.5282
2018-11-20,469.66769144210815,2018-11-20,202.1924,206.87420158590055,202.1924
2018-11-21,472.8797133590698,2018-11-21,202.4825,208.2889986470047,202.4825
2018-11-22,467.10916306686397,2018-11-21,202.4825,205.7472483708767,202.4825
2018-11-23,471.54538729171753,2018-11-23,202.6098,207.70126897160125,202.6098
2018-11-26,474.1367435188293,2018-11-26,204.6316,208.84268184771875,204.6316
2018-11-27,476.8519391517639,2018-11-27,204.0399,210.03864218083885,204.0399
2018-11-28,477.7524975646973,2018-11-28,205.9811,210.43531051901013,205.98109999999997
2018-11-29,483.33081159210207,2018-11-29,208.3283,212.89238662120357,208.3283
2018-11-30,485.39830858802793,2018-11-30,208.7123,213.80305558589248,208.7123
2018-12-03,487.6192137527466,2018-12-03,210.6763,214.78129614005633,210.6763
2018-12-04,484.2959973060608,2018-12-04,208.2753,213.31752130173535,208.2753
2018-12-05,473.53809307899473,2018-12-04,208.2753,208.57899470460364,208.2753
2018-12-06,462.2761369934082,2018-12-06,199.7419,203.6184487357133,199.7419
2018-12-07,467.0333630924225,2018-12-07,203.8267,205.71386080882266,203.8267
2018-12-10,460.02516473007205,2018-12-10,198.5917,202.62696454752088,198.5917
2018-12-11,468.8223974304199,2018-12-11,202.0703,206.50187552013176,202.0703
2018-12-12,475.0245139484406,2018-12-12,203.4686,209.23371747176495,203.4686
2018-12-13,469.8845226287841,2018-12-13,202.4353,206.9697090679775,202.4353
2018-12-14,465.633935596466,2018-12-14,200.6778,205.0974559524136,200.67779999999996
2018-12-17,459.8484562301636,2018-12-17,197.3558,202.54912987739542,197.3558
2018-12-18,454.2916802368164,2018-12-18,196.4262,200.10154061809226,196.4262
2018-12-19,456.49044439697263,2018-12-19,196.108,201.07002873936656,196.108
2018-12-20,440.4483758773804,2018-12-20,190.2853,194.0039899693014,190.2853
2018-12-21,440.3958247135163,2018-12-21,189.6478,193.98084279468222,189.6478
2018-12-24,443.37515071563723,2018-12-21,189.6478,195.29314444792217,189.6478
2018-12-25,443.37515071563723,2018-12-21,189.6478,195.29314444792217,189.6478
2018-12-26,443.37515071563723,2018-12-21,189.6478,195.29314444792217,189.6478
2018-12-27,432.903677444458,2018-12-27,186.7202,190.68078189483327,186.7202
2018-12-28,442.94134266357423,2018-12-28,190.2634,195.10206531676778,190.2634
2018-12-31,441.97161518554685,2018-12-28,190.2634,194.67493012857364,190.2634
2019-01-01,441.97161518554685,2018-12-28,190.2634,194.67493012857364,190.2634
2019-01-02,443.31952447509764,2019-01-02,189.2315,195.26864279641723,189.2315
2019-01-03,440.45002387390133,2019-01-03,190.3062,194.00471586118346,190.3062
2019-01-04,448.3239813156128,2019-01-04,191.4284,197.47295242238664,191.4284
2019-01-07,450.47807769203183,2019-01-07,192.32,198.42176575600658,192.32
2019-01-08,450.3417041492462,2019-01-08,195.0529,198.36169739640837,195.0529
2019-01-09,454.11082033386236,2019-01-09,195.7591,200.0218773823529,195.7591
2019-01-10,456.0872420928955,2019-01-10,194.533,200.89243050075362,194.533
2019-01-11,457.522504095459,2019-01-11,196.5454,201.52461935737946,196.5454
2019-01-14,456.94454377670286,2019-01-14,196.5449,201.27004557751422,196.5449
2019-01-15,461.75559791221616,2019-01-15,197.7704,203.3891672484447,197.7704
2019-01-16,465.33650831909176,2019-01-16,200.1841,204.9664483662887,200.18410000000003
2019-01-17,467.59245858306883,2019-01-17,200.5784,205.96012521096324,200.5784
2019-01-18,474.73669410324106,2019-01-18,202.2371,209.10694166461198,202.23710000000003
2019-01-21,473.0246954803467,2019-01-18,202.2371,208.3528588211872,202.23710000000003
2019-01-22,470.9160053443909,2019-01-22,202.292,207.42404554274242,202.292
2019-01-23,467.07979093551637,2019-01-23,202.5314,205.73431084859845,202.5314
2019-01-24,471.7819838493347,2019-01-24,202.2175,207.80548249287784,202.21749999999997
2019-01-25,475.4895574569702,2019-01-25,204.1239,209.4385548627176,204.1239
2019-01-28,471.60106067161564,2019-01-28,202.8638,207.7257913865467,202.8638
2019-01-29,473.37315408935547,2019-01-29,204.1512,208.5063441424855,204.1512
2019-01-30,478.55007739715575,2019-01-30,204.875,210.7866199534194,204.875
2019-01-31,482.3133980941772,2019-01-31,205.6036,212.44424720497156,205.60360000000003
2019-02-01,483.6975106407166,2019-02-01,206.8908,213.0539062962562,206.89079999999998
2019-02-04,486.6137341781617,2019-02-04,208.7204,214.3384132507426,208.72040000000004
2019-02-05,491.4009440872193,2019-02-05,210.6664,216.44703227182015,210.66640000000004
2019-02-06,492.63989014587406,2019-02-06,212.0677,216.99274998109078,212.0677
2019-02-07,488.7748908233643,2019-02-07,211.5638,215.2903364160461,211.56379999999996
2019-02-08,489.46808710098264,2019-02-08,210.3842,215.59566809861147,210.38419999999996
2019-02-11,494.35304580001826,2019-02-11,211.8121,217.74734246126593,211.8121
2019-02-12,497.40184306144715,2019-02-12,213.9704,219.0902440718042,213.9704
2019-02-13,497.4230691116333,2019-02-13,214.1107,219.0995934953756,214.11069999999998
2019-02-14,499.45193407058713,2019-02-14,215.2153,219.99324623359234,215.2153
2019-02-15,505.55503635482785,2019-02-15,216.5686,222.6814754544967,216.5686
2019-02-18,504.72826634788515,2019-02-15,216.5686,222.31730864422224,216.5686
2019-02-19,510.4006103515625,2019-02-19,218.7207,224.81580206470477,218.7207
2019-02-20,510.09096677742,2019-02-20,219.2624,224.67941357483392,219.26240000000004
2019-02-21,512.1447191390992,2019-02-21,219.6109,225.58402845003,219.6109
2019-02-22,513.6026939964295,2019-02-22,220.2689,226.22622162200742,220.2689
2019-02-25,515.0638085170746,2019-02-25,221.0778,226.86979771930274,221.0778
2019-02-26,513.8347416915894,2019-02-26,220.5297,226.32843150899936,220.5297
2019-02-27,510.2703263111114,2019-02-27,218.6537,224.758415943967,218.6537
2019-02-28,506.878809439087,2019-02-28,217.3145,223.26455686477243,217.31449999999998
2019-03-01,508.1515287746429,2019-03-01,219.1358,223.82515066584406,219.13579999999996
2019-03-04,513.2661687755584,2019-03-04,221.2917,226.0779925918873,221.2917
2019-03-05,514.2768934440612,2019-03-05,220.2543,226.52318578407318,220.2543
2019-03-06,511.2584414005279,2019-03-06,219.0964,225.19365031056856,219.09639999999996
2019-03-07,512.1544890403748,2019-03-07,219.2472,225.58833179165384,219.2472
2019-03-08,510.0722858535767,2019-03-08,218.2972,224.67118520129367,218.2972
2019-03-11,514.6209215423584,2019-03-11,220.4601,226.67471960139792,220.4601
2019-03-12,514.5677544345856,2019-03-12,221.0572,226.65130112239345,221.0572
2019-03-13,516.5972116470338,2019-03-13,221.2241,227.54521473009518,221.22410000000002
2019-03-14,515.9378330844879,2019-03-14,221.1247,227.25477871298128,221.12469999999996
2019-03-15,516.5698369674683,2019-03-15,220.6059,227.53315702401503,220.60589999999996
2019-03-18,514.9168177642822,2019-03-18,221.6392,226.8050528045928,221.6392
2019-03-19,516.9604469356536,2019-03-19,221.2341,227.7052087251906,221.23410000000004
2019-03-20,510.5661423568725,2019-03-20,219.7872,224.8887138320232,219.78720000000004
2019-03-21,514.0876769042969,2019-03-21,220.5245,226.43984170632666,220.52449999999996
2019-03-22,512.3572695102692,2019-03-22,221.5355,225.67765036427662,221.5355
2019-03-25,507.9194427871704,2019-03-25,218.2308,223.72292391226384,218.2308
2019-03-26,512.0877420001983,2019-03-26,220.3863,225.5589317692628,220.3863
2019-03-27,511.247952632904,2019-03-27,220.5328,225.18903033038399,220.5328
2019-03-28,515.2201534423829,2019-03-28,221.1464,226.93866285987872,221.1464
2019-03-29,515.2832854614257,2019-03-29,220.9183,226.96647057642377,220.9183
2019-04-01,522.1253778076172,2019-04-01,223.5649,229.9802022362474,223.5649
2019-04-02,524.9928191253663,2019-04-02,225.4394,231.2432221203326,225.4394
2019-04-03,526.9444533157349,2019-04-03,225.7549,232.10285707559336,225.7549
2019-04-04,524.7669742107391,2019-04-04,225.8029,231.1437443677704,225.8029
2019-04-05,527.8683911361694,2019-04-05,226.5651,232.5098233251357,226.5651
2019-04-08,526.3822333717346,2019-04-08,225.2304,231.85521644765578,225.2304
2019-04-09,523.9604825019837,2019-04-09,225.1562,230.78850952540319,225.15620000000004
2019-04-10,525.7375378417969,2019-04-10,226.3186,231.57124785570863,226.3186
2019-04-11,526.0456784591674,2019-04-11,226.2502,231.70697433925488,226.2502
2019-04-12,528.4249411102295,2019-04-12,227.2578,232.7549665053549,227.25780000000003
2019-04-15,528.1658095581055,2019-04-15,227.1647,232.64082701071186,227.1647
2019-04-16,530.5565001914979,2019-04-16,227.6005,233.6938528522454,227.6005
2019-04-17,527.7824320343017,2019-04-17,227.0289,232.47196097928574,227.0289
2019-04-18,532.0969900817871,2019-04-18,227.8175,234.37239136343447,227.8175
2019-04-19,532.0969900817871,2019-04-18,227.8175,234.37239136343447,227.8175
2019-04-22,532.0969900817871,2019-04-18,227.8175,234.37239136343447,227.8175
2019-04-23,538.7779447174072,2019-04-23,230.7549,237.3151468078887,230.7549
2019-04-24,539.0793206176758,2019-04-24,231.9456,237.44789364119518,231.9456
2019-04-25,546.9940602684021,2019-04-25,234.5909,240.93409351365565,234.59090000000003
2019-04-26,544.0220180671693,2019-04-26,233.3545,239.62500015112994,233.3545
2019-04-29,547.7552946659088,2019-04-29,235.5255,241.2693938995953,235.52550000000002
2019-04-30,546.2348648071289,2019-04-30,234.3462,240.59969121654152,234.3462
2019-05-01,546.2348648071289,2019-04-30,234.3462,240.59969121654152,234.3462
2019-05-02,546.3667779350282,2019-05-02,235.5636,240.6577949002952,235.5636
2019-05-03,551.3142845134735,2019-05-03,236.458,242.8370196839165,236.45800000000003
2019-05-06,547.7666027267455,2019-05-06,235.3062,241.2743747532919,235.3062
2019-05-07,541.8108445014954,2019-05-07,234.6022,238.65104606763293,234.6022
2019-05-08,541.7697764022827,2019-05-08,232.9812,238.63295683051894,232.9812
2019-05-09,535.2545729999542,2019-05-09,231.6649,235.76320971657984,231.6649
2019-05-10,534.8751596054077,2019-05-10,231.9032,235.59608976241222,231.9032
2019-05-13,531.5951307643891,2019-05-13,229.4249,234.15133773873998,229.4249
2019-05-14,536.5355145263671,2019-05-14,228.6264,236.32742514034305,228.62640000000002
2019-05-15,537.438517703247,2019-05-15,229.6562,236.72517032199045,229.6562
2019-05-16,544.6636219100952,2019-05-16,233.0255,239.90760694984797,233.02549999999997
2019-05-17,543.381553314209,2019-05-17,232.4403,239.3428950865773,232.44030000000004
2019-05-20,537.5432426712036,2019-05-20,231.8606,236.77129845583252,231.8606
2019-05-21,541.6671394580841,2019-05-21,232.7878,238.5877484070502,232.7878
2019-05-22,540.4102294921875,2019-05-22,232.345,238.03411814804343,232.34499999999997
2019-05-23,531.7003695133209,2019-05-23,229.8316,234.19769217733108,229.83160000000004
2019-05-24,531.1525440734863,2019-05-24,228.8341,233.95639188663782,228.8341
2019-05-27,533.0184234695434,2019-05-24,228.8341,234.77825448725588,228.8341
2019-05-28,531.1725020675659,2019-05-28,228.9989,233.96518277041736,228.9989
2019-05-29,525.4223810871125,2019-05-29,226.1398,231.43243097903667,226.13980000000004
2019-05-30,523.789626551056,2019-05-29,226.1398,230.71325272345916,226.13980000000004
2019-05-31,520.2896488571166,2019-05-31,222.585,229.1716199814262,222.58499999999998
2019-06-03,516.2684134979248,2019-06-03,221.1163,227.4003892379031,221.1163
2019-06-04,520.1745685958862,2019-06-04,222.3767,229.12093065875374,222.3767
2019-06-05,524.0177977676392,2019-06-05,224.7738,230.8137551406269,224.7738
2019-06-06,524.7380943965911,2019-06-05,224.7738,231.13102369610687,224.7738
2019-06-07,531.456674307251,2019-06-07,228.004,234.09035191930477,228.00400000000002
2019-06-10,530.9230331954956,2019-06-10,229.9736,233.85529938974105,229.97360000000003
2019-06-11,537.2166271652222,2019-06-11,231.9174,236.62743435094166,231.9174
2019-06-12,534.8544195556641,2019-06-12,230.5897,235.586954407118,230.5897
2019-06-13,537.8350909423827,2019-06-13,232.004,236.89984866097655,232.00400000000002
2019-06-14,536.1843093376159,2019-06-14,230.2629,236.1727300349747,230.2629
2019-06-17,536.8200060749053,2019-06-17,231.0928,236.45273493497908,231.0928
2019-06-18,544.7281323863983,2019-06-18,233.9633,239.93602183450432,233.9633
2019-06-19,545.9886136306762,2019-06-19,235.2863,240.49122513201735,235.2863
2019-06-20,545.4376032516479,2019-06-20,235.1695,240.24852197337125,235.1695
2019-06-21,544.7222098434448,2019-06-20,235.1695,239.93341313612632,235.1695
2019-06-24,539.4490621711731,2019-06-24,232.2426,237.61075344625868,232.2426
2019-06-25,533.7828156433105,2019-06-25,230.2279,235.11494577670996,230.2279
2019-06-26,532.3834835300446,2019-06-26,229.6451,234.49858293344832,229.6451
2019-06-27,533.4106407592773,2019-06-27,229.9667,234.9510141642367,229.9667
2019-06-28,536.7212875064849,2019-06-28,230.5259,236.40925243576567,230.5259
2019-07-01,543.3838371276855,2019-07-01,234.2348,239.34390103631182,234.23479999999998
2019-07-02,544.6309380130767,2019-07-02,233.9252,239.89321069644666,233.92520000000002
2019-07-03,548.1099277763367,2019-07-03,235.0168,241.4255988992418,235.0168
2019-07-04,549.7117999999999,2019-07-03,235.0168,242.13117444414559,235.0168
2019-07-05,550.5736411094665,2019-07-05,237.2232,242.510788998571,237.2232
2019-07-08,551.4622783191681,2019-07-08,237.229,242.9022064126411,237.229
2019-07-09,552.4684299476623,2019-07-09,237.3784,243.3453853210731,237.3784
2019-07-10,551.662393055725,2019-07-10,238.0182,242.99035081155358,238.0182
2019-07-11,551.3231541442871,2019-07-11,236.8562,242.84092648403575,236.85619999999997
2019-07-12,550.6616791019441,2019-07-12,237.1832,242.54956703192283,237.1832
2019-07-15,551.8833511138916,2019-07-15,237.1159,243.08767605384745,237.1159
2019-07-16,552.807053993225,2019-07-16,237.4685,243.49453881904628,237.4685
2019-07-17,548.5562863952637,2019-07-17,236.539,241.622206169859,236.53899999999996
2019-07-18,544.632383972168,2019-07-18,234.7089,239.8938475970425,234.7089
2019-07-19,549.3493302841187,2019-07-19,236.5032,241.97151766034222,236.5032
2019-07-22,548.7730391235352,2019-07-22,236.2936,241.71767909341705,236.2936
2019-07-23,555.4483443241119,2019-07-23,238.4401,244.6579461351446,238.4401
2019-07-24,555.673259884262,2019-07-24,238.5389,244.7570145355863,238.5389
2019-07-25,552.3780279499053,2019-07-25,238.3844,243.30556601595904,238.38439999999997
2019-07-26,559.3259686889648,2019-07-26,239.8597,246.3659206438146,239.8597
2019-07-29,559.0737581478119,2019-07-29,240.5292,246.2548296420632,240.52920000000003
2019-07-30,559.4105068782807,2019-07-30,241.009,246.40315712130047,241.009
2019-07-31,561.4219487400055,2019-07-31,241.4371,247.2891355199915,241.43710000000002
2019-08-01,565.99432084198,2019-08-01,242.4094,249.3031250815158,242.4094
2019-08-02,549.5393078201295,2019-08-02,237.6614,242.05519693357647,237.66140000000001
2019-08-05,538.0150000000001,2019-08-05,233.0297,236.97909307853138,233.0297
2019-08-06,532.4841022605896,2019-08-06,231.0369,234.5429023957519,231.0369
2019-08-07,535.403976070404,2019-08-07,230.1324,235.82901718317157,230.13239999999996
2019-08-08,546.3384095611573,2019-08-08,233.6326,240.645299502375,233.63260000000002
2019-08-09,540.1444112503052,2019-08-09,233.6596,237.91703337181045,233.6596
2019-08-12,538.7213081874847,2019-08-12,232.7006,237.29020015492154,232.70059999999998
2019-08-13,544.007031829834,2019-08-13,233.5412,239.6183991735877,233.54119999999998
2019-08-14,536.6937867347717,2019-08-14,231.7797,236.3971391899648,231.77970000000002
2019-08-15,535.5807025737762,2019-08-15,230.4741,235.90685978327022,230.4741
2019-08-16,542.5199510192871,2019-08-16,232.6006,238.96338572262837,232.60060000000001
2019-08-19,549.7055754501343,2019-08-19,235.7348,242.12843272099295,235.7348
2019-08-20,549.9561000305175,2019-08-20,236.3164,242.23878110877598,236.3164
2019-08-21,549.1437585891723,2019-08-21,235.5689,241.88096963876103,235.56889999999999
2019-08-22,548.3952321884155,2019-08-22,236.656,241.55126673531657,236.65600000000003
2019-08-23,539.661525314331,2019-08-23,235.5706,237.70433693924343,235.5706
2019-08-26,542.563703546524,2019-08-26,232.5681,238.9826573678883,232.5681
2019-08-27,542.829141960144,2019-08-27,233.7344,239.09957484143058,233.7344
2019-08-28,545.6833480510712,2019-08-28,234.0893,240.35676501435725,234.08929999999998
2019-08-29,554.644237815857,2019-08-29,238.2511,244.30376190038393,238.2511
2019-08-30,561.2259625854492,2019-08-30,241.1211,247.20280963472305,241.1211
2019-09-02,556.8665723342895,2019-08-30,241.1211,245.28263204098454,241.1211
2019-09-03,558.9784995605469,2019-09-03,240.8111,246.21287115834437,240.81109999999998
2019-09-04,558.5968640174866,2019-09-04,240.2086,246.04477241596553,240.20859999999996
2019-09-05,561.7285760879516,2019-09-05,240.735,247.4241954548062,240.735
2019-09-06,560.2518032455445,2019-09-06,239.8166,246.77372234740838,239.8166
2019-09-09,561.238486265564,2019-09-09,241.2352,247.20832593139806,241.2352
2019-09-10,563.0118163948059,2019-09-10,241.6089,247.98942342079258,241.6089
2019-09-11,565.9774003967285,2019-09-11,243.0393,249.2956721447572,243.0393
2019-09-12,565.8509456176758,2019-09-12,243.4634,249.2399726961259,243.4634
2019-09-13,567.0752362232208,2019-09-13,243.4019,249.77923512815215,243.4019
2019-09-16,568.2575023357391,2019-09-16,244.429,250.299987060946,244.429
2019-09-17,567.9885253868102,2019-09-17,244.1885,250.1815109712158,244.1885
2019-09-18,568.6794,2019-09-18,244.2057,250.48582003186408,244.2057
2019-09-19,573.278487546158,2019-09-19,245.6814,252.51157692651813,245.6814
2019-09-20,573.1188233570099,2019-09-20,246.334,252.4412497521058,246.334
2019-09-23,570.6650577171325,2019-09-23,245.2907,251.36044130630896,245.29069999999996
2019-09-24,567.893763935852,2019-09-24,244.966,250.13977146078042,244.966
2019-09-25,566.9416250038147,2019-09-25,242.0571,249.72038348721287,242.0571
2019-09-26,567.3785333427429,2019-09-26,243.8829,249.91282819956783,243.8829
2019-09-27,570.9197647361756,2019-09-27,245.5384,251.47263192994131,245.5384
2019-09-30,571.6691383110046,2019-09-30,245.2861,251.80270798756052,245.2861
2019-10-01,572.3686155941009,2019-10-01,248.6727,252.11080626024284,248.67270000000002
2019-10-02,557.2617936203003,2019-10-02,242.1443,245.45671488611745,242.1443
2019-10-03,558.3544840164185,2019-10-03,239.7816,245.9380114653721,239.78160000000003
2019-10-04,565.1297085571289,2019-10-04,242.0665,248.92228990939498,242.06650000000002
2019-10-07,571.9299733352661,2019-10-07,244.3304,251.91759780939188,244.3304
2019-10-08,563.472854876709,2019-10-08,242.168,248.19249672045092,242.16800000000003
2019-10-09,567.3939169326782,2019-10-09,243.5417,249.91960419873354,243.54169999999996
2019-10-10,567.5525084571839,2019-10-10,243.1286,249.9894588972964,243.1286
2019-10-11,576.0106899902344,2019-10-11,245.8614,253.71502823792054,245.86139999999997
2019-10-14,573.5006530860901,2019-10-14,245.4921,252.60943402746588,245.49210000000002
2019-10-15,576.5145799541473,2019-10-15,247.1701,253.93697630007392,247.1701
2019-10-16,575.0342429977418,2019-10-16,247.4166,253.2849333098606,247.4166
2019-10-17,571.8754664955139,2019-10-17,246.349,251.89358921957367,246.34899999999996
2019-10-18,567.7141608673096,2019-10-18,244.807,250.06066182202073,244.807
2019-10-21,568.5122226772309,2019-10-21,243.9397,250.41218355270806,243.93970000000002
2019-10-22,569.7789136268616,2019-10-22,245.3519,250.97012203482154,245.3519
2019-10-23,570.2358397808075,2019-10-23,244.4744,251.17138398024306,244.4744
2019-10-24,571.2680005191803,2019-10-24,244.9533,251.6260191032245,244.9533
2019-10-25,576.1845510978699,2019-10-25,246.3611,253.7916087191508,246.36109999999996
2019-10-28,578.366131798172,2019-10-28,248.7335,254.7525280538073,248.7335
2019-10-29,580.6041590229034,2019-10-29,249.6992,255.7383103498435,249.69920000000002
2019-10-30,579.408854877472,2019-10-30,249.2599,255.2118155637551,249.2599
2019-10-31,574.0393364028931,2019-10-31,247.385,252.8467074935821,247.38500000000002
2019-11-01,576.3498927265167,2019-11-01,247.5087,253.86443663139272,247.50870000000003
2019-11-04,582.0349053611756,2019-11-04,249.9623,256.36851019495776,249.96230000000003
2019-11-05,584.4007168209076,2019-11-05,250.7942,257.41057752416253,250.7942
2019-11-06,581.5242839813233,2019-11-06,249.6823,256.1435971507045,249.6823
2019-11-07,585.2840213088989,2019-11-07,250.7252,257.79964603800767,250.72519999999997
2019-11-08,588.4234451007843,2019-11-08,252.6165,259.182465853422,252.61650000000003
2019-11-11,587.7038966732025,2019-11-11,252.9538,258.86552685767947,252.9538
2019-11-12,591.2343935070038,2019-11-12,253.9302,260.4206023440337,253.9302
2019-11-13,591.7082657276154,2019-11-13,253.6743,260.62932851166033,253.6743
2019-11-14,588.1058304519654,2019-11-14,253.1989,259.0425663498291,253.19890000000004
2019-11-15,588.533241897583,2019-11-15,252.0582,259.23082797218876,252.0582
2019-11-18,588.4485681331635,2019-11-18,252.7573,259.1935317780312,252.7573
2019-11-19,587.4225555038453,2019-11-19,253.3045,258.7416047083715,253.3045
2019-11-20,589.3615420303345,2019-11-20,252.4871,259.59566875591463,252.4871
2019-11-21,584.5681081756592,2019-11-21,251.4373,257.4843082778371,251.4373
2019-11-22,585.7114273242951,2019-11-22,251.7261,257.98790526852144,251.7261
2019-11-25,591.1514475471497,2019-11-25,253.4382,260.38406719475205,253.4382
2019-11-26,589.9853902404785,2019-11-26,253.4195,259.87045474340306,253.4195
2019-11-27,591.3324578781128,2019-11-27,253.7698,260.463796689412,253.76980000000003
2019-11-28,590.4240714302064,2019-11-27,253.7698,260.06368034211744,253.76980000000003
2019-11-29,585.347125,2019-11-29,252.3861,257.8274412769639,252.3861
2019-12-02,577.9313416080475,2019-12-02,251.418,254.5610163209836,251.418
2019-12-03,574.6044225662232,2019-12-03,247.5792,253.09561060315562,247.5792
2019-12-04,580.7563753932953,2019-12-04,248.9758,255.8053569887052,248.97580000000002
2019-12-05,578.3864107032776,2019-12-05,249.0047,254.76146028904344,249.0047
2019-12-06,586.8580167182922,2019-12-06,250.7494,258.49294270190694,250.74939999999998
2019-12-09,585.9655582523346,2019-12-09,252.0614,258.09984214174995,252.06140000000002
2019-12-10,584.2389546852112,2019-12-10,250.9757,257.33932626869233,250.9757
2019-12-11,579.3307911071778,2019-12-11,249.7107,255.17743086911534,249.71070000000003
2019-12-12,581.5146909446717,2019-12-12,249.9149,256.13937171251865,249.91490000000002
2019-12-13,582.6571488418579,2019-12-13,251.0675,256.6425893483756,251.0675
2019-12-16,586.8025464065552,2019-12-16,251.8645,258.46850973225327,251.8645
2019-12-17,587.8868456085205,2019-12-17,252.455,258.94611024805215,252.455
2019-12-18,588.113891587448,2019-12-18,252.7824,259.04611703257183,252.7824
2019-12-19,590.498157447815,2019-12-19,253.6271,260.09631295879666,253.6271
2019-12-20,593.6946159210205,2019-12-20,254.5985,261.50425480064763,254.5985
2019-12-23,593.8245335941315,2019-12-23,255.3588,261.5614795478177,255.3588
2019-12-24,594.2792535953521,2019-12-23,255.3588,261.7617697506818,255.3588
2019-12-25,594.2792535953521,2019-12-23,255.3588,261.7617697506818,255.3588
2019-12-26,594.2792535953521,2019-12-23,255.3588,261.7617697506818,255.3588
2019-12-27,592.4061325630188,2019-12-27,254.7386,260.93671743156676,254.7386
2019-12-30,590.9875378417969,2019-12-30,253.4711,260.3118700007681,253.4711
2019-12-31,591.372472253418,2019-12-30,253.4711,260.4814217934889,253.4711
2020-01-01,591.372472253418,2019-12-30,253.4711,260.4814217934889,253.4711
2020-01-02,593.8077679901123,2020-01-02,255.8729,261.5540948138691,255.87290000000002
2020-01-03,594.3351472000122,2020-01-03,256.0019,261.7863891678751,256.0019
2020-01-06,595.5167319656372,2020-01-03,256.0019,262.3068409882764,256.0019
2020-01-07,599.8779591041564,2020-01-07,257.4301,264.2278276745134,257.4301
2020-01-08,600.5450854797363,2020-01-08,257.4594,264.5216763654489,257.4594
2020-01-09,605.6053509635925,2020-01-09,260.2334,266.7505679857585,260.2334
2020-01-10,606.0283351020813,2020-01-10,261.4643,266.9368795152245,261.4643
2020-01-13,605.8157147209167,2020-01-13,260.5273,266.84322676372426,260.5273
2020-01-14,606.3968886840821,2020-01-14,260.2267,267.09921605530866,260.2267
2020-01-15,608.1350646896362,2020-01-15,260.996,267.8648292322779,260.996
2020-01-16,611.3049658950806,2020-01-16,262.4118,269.2610734128579,262.4118
2020-01-17,614.8367674255371,2020-01-17,264.5548,270.8167235780409,264.5548
2020-01-20,616.2314312820434,2020-01-17,264.5548,271.4310301974926,264.5548
2020-01-21,615.0935766609192,2020-01-21,264.0523,270.92984016344286,264.0523
2020-01-22,616.2413078338623,2020-01-22,265.8434,271.4353805154071,265.8434
2020-01-23,613.9161573188782,2020-01-23,263.4514,270.4112230842722,263.4514
2020-01-24,616.0574738616943,2020-01-24,266.133,271.35440729346834,266.133
2020-01-27,606.4380841484069,2020-01-27,261.2848,267.11736139284505,261.2848
2020-01-28,612.7667345111846,2020-01-28,262.4178,269.90493761912535,262.4178
2020-01-29,613.4519962680816,2020-01-29,263.6505,270.2067743888639,263.6505
2020-01-30,610.171245854187,2020-01-30,262.9341,268.76170453448844,262.9341
2020-01-31,605.9297418701171,2020-01-31,262.906,266.8934522228729,262.906
2020-02-03,609.1046610961914,2020-02-03,262.3082,268.29190668751176,262.3082
2020-02-04,617.3476596977234,2020-02-04,263.7922,271.9226945518625,263.7922
2020-02-05,617.705000667572,2020-02-05,265.2676,272.0800922804658,265.2676
2020-02-06,622.8083354759216,2020-02-06,268.2393,274.3279546161977,268.2393
2020-02-07,622.1634205856324,2020-02-07,267.5498,274.043889402749,267.5498
2020-02-10,625.6983072265625,2020-02-10,267.8176,275.60089846439797,267.8176
2020-02-11,627.9809378746032,2020-02-11,269.7089,276.60632719929555,269.7089
2020-02-12,629.1601955852508,2020-02-12,270.0322,277.12575402340855,270.0322
2020-02-13,630.7199718063355,2020-02-13,270.4182,277.81278757131724,270.4182
2020-02-14,632.1913583965302,2020-02-14,271.8739,278.460888199947,271.8739
2020-02-17,635.2030274639129,2020-02-14,271.8739,279.78743598066137,271.8739
2020-02-18,632.7559111610412,2020-02-18,273.3188,278.7095563637135,273.3188
2020-02-19,640.2949939151763,2020-02-19,275.0914,282.03029090404954,275.0914
2020-02-20,634.8077550296783,2020-02-20,275.0947,279.6133306063059,275.0947
2020-02-21,629.0034653549195,2020-02-21,270.7526,277.05671916779687,270.7526
2020-02-24,608.5821003177642,2020-02-24,263.7174,268.06173470466723,263.7174
2020-02-25,597.3908328155517,2020-02-25,261.6732,263.13232488696036,261.6732
2020-02-26,596.0869503250123,2020-02-26,256.734,262.5580046726745,256.734
2020-02-27,570.304793245697,2020-02-27,246.5363,251.20175586499377,246.53629999999998
2020-02-28,551.963564818573,2020-02-28,236.6012,243.12300772859228,236.6012
2020-03-02,556.1731564868927,2020-03-02,237.9911,244.97720364467148,237.9911
2020-03-03,558.2121059226989,2020-03-03,242.0772,245.87529828539775,242.0772
2020-03-04,563.2625858459472,2020-03-04,242.7683,248.09987966662823,242.7683
2020-03-05,561.5825062122345,2020-03-05,240.0788,247.35985615818151,240.0788
2020-03-06,538.4947974796296,2020-03-06,230.1403,237.19042914087902,230.1403
2020-03-09,505.9981681789398,2020-03-09,220.1794,222.87666142104462,220.17940000000002
2020-03-10,508.3617870998383,2020-03-10,220.5749,223.9177630041934,220.57489999999999
2020-03-11,506.956902545929,2020-03-11,218.8861,223.298954481261,218.88610000000003
2020-03-12,465.3476806468964,2020-03-12,207.8124,204.971369433751,207.8124
2020-03-13,473.86370150527955,2020-03-13,204.2472,208.72241522180056,204.24720000000002
2020-03-16,462.39132524642946,2020-03-16,198.9215,203.6691856254548,198.9215
2020-03-17,471.5786656219483,2020-03-17,198.2066,207.7159270545864,198.2066
2020-03-18,456.0807112358093,2020-03-18,199.1454,200.8895538586724,199.1454
2020-03-19,474.3742249721527,2020-03-19,201.0197,208.94728513839195,201.01969999999997
2020-03-20,470.48390212554926,2020-03-20,205.8378,207.23371733829202,205.8378
2020-03-23,444.9303735408783,2020-03-23,191.7496,195.97817236472872,191.7496
2020-03-24,482.25193061218266,2020-03-24,201.2769,212.4171726659031,201.2769
2020-03-25,490.13669907531744,2020-03-25,208.7866,215.89017115019797,208.7866
2020-03-26,501.4789351158142,2020-03-26,212.1229,220.88607797502542,212.12290000000002
2020-03-27,489.7294286682129,2020-03-27,210.9305,215.7107810370722,210.9305
2020-03-30,500.1091401576996,2020-03-30,213.7964,220.28272534196213,213.7964
2020-03-31,510.0254945274353,2020-03-31,215.7601,224.65057505839258,215.76010000000002
2020-04-01,483.9315384155273,2020-04-01,208.8284,213.15698834755557,208.8284
2020-04-02,486.8738928260804,2020-04-02,208.7619,214.45300514955642,208.76190000000003
2020-04-03,485.76500900268553,2020-04-03,212.0312,213.96457586264518,212.0312
2020-04-06,508.1647290939331,2020-04-06,218.2008,223.83096500130634,218.20079999999996
2020-04-07,519.8543291641236,2020-04-07,224.3348,228.97987501884205,224.3348
2020-04-08,521.6461174869537,2020-04-08,221.3469,229.76910277593618,221.3469
2020-04-09,532.5095311889648,2020-04-09,229.7653,234.55410305815784,229.7653
2020-04-10,532.5095311889648,2020-04-09,229.7653,234.55410305815784,229.7653
2020-04-13,532.5095311889648,2020-04-09,229.7653,234.55410305815784,229.7653
2020-04-14,534.9397004631043,2020-04-14,231.9974,235.6245180291398,231.99740000000003
2020-04-15,526.8821951637268,2020-04-15,228.5488,232.07543427065366,228.5488
2020-04-16,530.6453300151825,2020-04-16,227.1021,233.7329796629386,227.1021
2020-04-17,536.4008007751464,2020-04-17,233.4103,236.2680878679817,233.41030000000003
2020-04-20,542.0830682403564,2020-04-20,232.0265,238.77095226866777,232.0265
2020-04-21,523.703159690857,2020-04-21,229.0345,230.67516672564997,229.03450000000004
2020-04-22,534.9690403213501,2020-04-22,229.4687,235.6374413361074,229.4687
2020-04-23,539.5043743740082,2020-04-23,232.1022,237.63511677379424,232.1022
2020-04-24,534.3517874599456,2020-04-24,230.4585,235.36556039729385,230.4585
2020-04-27,546.2847158111573,2020-04-27,234.7168,240.6216490536347,234.71679999999998
2020-04-28,543.9562865600585,2020-04-28,234.9852,239.59604743988248,234.9852
2020-04-29,551.9319763458252,2020-04-29,236.6282,243.10909397595805,236.6282
2020-04-30,539.1241257965088,2020-04-30,234.4759,237.4676289471719,234.47589999999997
2020-05-01,539.1241257965088,2020-04-30,234.4759,237.4676289471719,234.47589999999997
2020-05-04,529.9266682624816,2020-05-04,228.4533,233.41643122026454,228.4533
2020-05-05,540.2061906967164,2020-05-05,231.8263,237.94424532162859,231.8263
2020-05-06,534.4720717300415,2020-05-06,230.9441,235.418541926134,230.94410000000002
2020-05-07,540.0482526397705,2020-05-07,232.5921,237.87467845546755,232.59209999999996
2020-05-08,541.1059680938721,2020-05-08,233.7371,238.34056964632313,233.7371
2020-05-11,543.6425233146667,2020-05-11,233.8013,239.45784436128,233.80130000000003
2020-05-12,542.301822894287,2020-05-12,233.4877,238.86730697902934,233.48770000000002
2020-05-13,529.0244661266328,2020-05-13,229.3718,233.01903887260332,229.3718
2020-05-14,526.0241772476196,2020-05-14,225.0902,231.6975037155498,225.09019999999998
2020-05-15,530.4768893852233,2020-05-15,229.26,233.6587867357427,229.25999999999996
2020-05-18,546.6638698001861,2020-05-18,234.4707,240.7886547476343,234.47070000000002
2020-05-19,542.565666223526,2020-05-19,233.3569,238.9835218668631,233.35689999999997
2020-05-20,544.0974816650391,2020-05-20,233.3772,239.65823954962931,233.37719999999996
2020-05-21,537.8513306808471,2020-05-20,233.3772,236.9070017672898,233.37719999999996
2020-05-22,538.8775155685424,2020-05-22,232.9592,237.3590047114771,232.95919999999998
2020-05-25,550.151452507019,2020-05-22,232.9592,242.3248278783121,232.95919999999998
2020-05-26,550.8488382240296,2020-05-26,237.9097,242.6320048803345,237.9097
2020-05-27,549.499561392212,2020-05-27,237.7369,242.0376898520992,237.7369
2020-05-28,557.0820633087159,2020-05-28,239.7304,245.37754920070344,239.7304
2020-05-29,543.3944118423461,2020-05-29,235.8602,239.34855887352794,235.8602
2020-06-01,542.176735797882,2020-06-01,236.3384,238.81220995262316,236.33839999999998
2020-06-02,550.6740806121826,2020-06-02,237.1473,242.55502951651735,237.1473
2020-06-03,559.6922225616456,2020-06-03,240.3691,246.52724423253312,240.36910000000003
2020-06-04,552.0074454849242,2020-06-04,239.6837,243.14233581519878,239.68369999999996
2020-06-05,567.7038133621217,2020-06-05,241.7626,250.05610406360307,241.7626
2020-06-08,566.6801,2020-06-08,243.8716,249.6051897505673,243.8716
2020-06-09,563.6154117950439,2020-06-09,242.9909,248.2552886671793,242.99090000000004
2020-06-10,564.5950167846679,2020-06-10,244.6583,248.6867745960406,244.6583
2020-06-11,545.3584772048949,2020-06-11,237.9137,240.21366937855805,237.9137
2020-06-12,546.7037526115417,2020-06-12,236.9163,240.80622190182973,236.91629999999998
2020-06-15,543.4063224735261,2020-06-15,233.0619,239.35380514096477,233.0619
2020-06-16,559.8492,2020-06-16,242.9308,246.59638797569085,242.93080000000003
2020-06-17,563.3331455532074,2020-06-17,243.2918,248.13095905183943,243.2918
2020-06-18,562.891445016861,2020-06-18,242.9378,247.93640352361868,242.93780000000004
2020-06-19,568.1875948371887,2020-06-18,242.9378,250.26919495365186,242.93780000000004
2020-06-22,560.2744536781311,2020-06-22,241.6502,246.78369916770558,241.65019999999998
2020-06-23,563.5276692581177,2020-06-23,242.555,248.21664077292886,242.55499999999998
2020-06-24,548.7727981185913,2020-06-24,239.6588,241.7175729381369,239.65879999999999
2020-06-25,549.618424879074,2020-06-25,236.1974,242.09004556953593,236.19740000000002
2020-06-26,547.2713003501892,2020-06-26,239.0091,241.05620925977226,239.0091
2020-06-29,548.0413209533691,2020-06-29,234.064,241.39537969961756,234.064
2020-06-30,553.0549899368286,2020-06-30,237.8696,243.60374699178635,237.86959999999996
2020-07-01,556.545416273117,2020-07-01,240.3076,245.14117265395382,240.3076
2020-07-02,563.4385435295105,2020-07-02,243.7037,248.17738362520006,243.70370000000003
2020-07-03,560.0786496391296,2020-07-02,243.7037,246.69745349874898,243.70370000000003
2020-07-06,568.5277849609375,2020-07-06,244.7153,250.41903826099508,244.7153
2020-07-07,566.0607636184693,2020-07-07,243.4491,249.33239108509198,243.4491
2020-07-08,558.413158138275,2020-07-08,242.0686,245.96385561504218,242.0686
2020-07-09,554.617586402893,2020-07-09,241.7764,244.2920227710409,241.7764
2020-07-10,559.8491061630249,2020-07-10,240.6939,246.59634664338364,240.69389999999999
2020-07-13,567.6965419818878,2020-07-13,244.0527,250.0529012438058,244.0527
2020-07-14,557.4105651912689,2020-07-14,239.2692,245.5222441965716,239.2692
2020-07-15,562.5141404830932,2020-07-15,243.4771,247.77021245789243,243.4771
2020-07-16,560.1627170562743,2020-07-16,242.0989,246.7344826155439,242.09890000000001
2020-07-17,560.6892567214966,2020-07-17,242.4428,246.96640717588934,242.44280000000003
2020-07-20,561.8783607749939,2020-07-20,241.9473,247.49017101179317,241.94729999999998
2020-07-21,562.2439551887512,2020-07-21,243.526,247.65120412909803,243.526
2020-07-22,555.7447553749086,2020-07-22,241.0123,244.78850610465526,241.0123
2020-07-23,558.2794704589843,2020-07-23,241.5705,245.9049702958706,241.5705
2020-07-24,548.2208502960206,2020-07-24,237.1843,241.4744568643853,237.1843
2020-07-27,543.8648150459289,2020-07-27,235.7631,239.5557570456352,235.7631
2020-07-28,548.7914736480712,2020-07-28,236.0832,241.7257989356257,236.08320000000003
2020-07-29,547.988494709015,2020-07-29,236.5609,241.37211136048614,236.5609
2020-07-30,543.91044299469,2020-07-30,234.0707,239.57585475651024,234.07070000000002
2020-07-31,540.2128373775482,2020-07-31,235.1481,237.94717298051452,235.14810000000003
2020-08-03,553.2139095756531,2020-08-03,238.5652,243.67374621463514,238.56519999999998
2020-08-04,553.6151406288146,2020-08-04,239.418,243.85047617772756,239.418
2020-08-05,551.9941501293182,2020-08-05,238.7868,243.13647961915655,238.7868
2020-08-06,553.6452927780151,2020-08-06,239.4036,243.8637572739273,239.40360000000004
2020-08-07,558.6895245399475,2020-08-07,241.3614,246.08558653188598,241.3614
2020-08-10,558.416207157135,2020-08-10,240.9509,245.96519861426006,240.9509
2020-08-11,563.9265858669281,2020-08-11,243.1208,248.39235129432663,243.12079999999997
2020-08-12,563.9855089118957,2020-08-12,243.0444,248.41830508698646,243.0444
2020-08-13,563.6960725830079,2020-08-13,242.8565,248.29081726838692,242.85650000000004
2020-08-14,562.6729662780762,2020-08-14,242.6915,247.84017034540958,242.69149999999996
2020-08-17,564.1038585601807,2020-08-17,243.4046,248.4704344743023,243.4046
2020-08-18,563.0592141723633,2020-08-18,242.4939,248.01030068692734,242.49390000000002
2020-08-19,565.5784888916015,2020-08-19,243.3266,249.11996387137526,243.3266
2020-08-20,565.4931616973877,2020-08-20,244.0252,249.08237986145036,244.0252
2020-08-21,569.7163060264587,2020-08-21,246.4746,250.94254530859027,246.47459999999998
2020-08-24,574.7951263809205,2020-08-24,248.1644,253.17960977985808,248.16440000000003
2020-08-25,573.9840125274658,2020-08-25,248.9167,252.82233902462798,248.91670000000002
2020-08-26,577.6946380996703,2020-08-26,249.0608,254.4567556911801,249.0608
2020-08-27,580.6463158622742,2020-08-27,250.9556,255.75687914357812,250.9556
2020-08-28,573.0377393440247,2020-08-28,248.8555,252.4055347332673,248.85549999999998
2020-08-31,572.7157782714844,2020-08-31,248.6248,252.26372076343898,248.6248
2020-09-01,578.6131995735168,2020-09-01,248.9279,254.86135382507786,248.92789999999997
2020-09-02,585.1000097179412,2020-09-02,252.8723,257.718594580444,252.8723
2020-09-03,576.2091842670441,2020-09-03,254.3452,253.80245887405454,254.34520000000003
2020-09-04,565.9083572235107,2020-09-04,248.0592,249.26526074624152,248.0592
2020-09-07,574.1937383041382,2020-09-04,248.0592,252.91471679169953,248.0592
2020-09-08,564.6503437690735,2020-09-08,245.3501,248.71114443440425,245.35010000000003
2020-09-09,570.4488047103882,2020-09-09,245.1321,251.26518849474465,245.1321
2020-09-10,568.292432088089,2020-09-10,246.1288,250.31537254468407,246.1288
2020-09-11,563.9498031028747,2020-09-11,243.8299,248.4025777741059,243.8299
2020-09-14,571.6455387680054,2020-09-14,246.5531,251.79231311325955,246.5531
2020-09-15,575.8822203826904,2020-09-15,248.7606,253.6584413191842,248.7606
2020-09-16,578.4171460968017,2020-09-16,249.2368,254.77499828646498,249.2368
2020-09-17,570.0669693298339,2020-09-17,246.1367,251.09700173008372,246.13670000000002
2020-09-18,564.9776890411376,2020-09-18,245.5806,248.8553299788543,245.5806
2020-09-21,553.8015222702027,2020-09-21,241.4412,243.93257156975682,241.4412
2020-09-22,560.1047368240356,2020-09-22,242.9221,246.70894410295148,242.9221
2020-09-23,566.221395652771,2020-09-23,246.2086,249.40314456558633,246.2086
2020-09-24,566.9235416370392,2020-09-24,245.8069,249.7124183192189,245.8069
2020-09-25,573.9390000000001,2020-09-25,246.867,252.80251238794312,246.867
2020-09-28,583.0934233840942,2020-09-28,251.0237,256.8347548927423,251.02370000000002
2020-09-29,575.7205681007385,2020-09-29,250.1844,253.58723845091652,250.1844
2020-09-30,581.0832025920869,2020-09-30,251.1381,255.94931433778098,251.1381
2020-10-01,577.4254678001404,2020-10-01,250.0376,254.33819443644504,250.03760000000003
2020-10-02,572.1448496818543,2020-10-02,247.894,252.01224424441415,247.894
2020-10-05,578.0589975643157,2020-10-05,249.5035,254.61724485130807,249.5035
2020-10-06,582.4434798866272,2020-10-06,251.7563,256.54847473218535,251.7563
2020-10-07,581.8694034385682,2020-10-07,251.188,256.29561167814643,251.18799999999996
2020-10-08,585.0208,2020-10-08,253.4751,257.6837051310407,253.4751
2020-10-09,585.4997856903076,2020-10-09,252.9796,257.89468362511,252.9796
2020-10-12,591.7944877269745,2020-10-12,255.3194,260.6673066557855,255.3194
2020-10-13,591.0196883239746,2020-10-13,255.884,260.3260313013053,255.88400000000001
2020-10-14,589.930699383545,2020-10-14,256.2793,259.84636509966487,256.2793
2020-10-15,584.1776295013428,2020-10-15,253.1981,257.3123144075807,253.1981
2020-10-16,588.7190379684448,2020-10-16,254.8204,259.31266543837535,254.8204
2020-10-19,583.1855800506592,2020-10-19,253.5889,256.87534707560656,253.5889
2020-10-20,577.9654935722351,2020-10-20,251.1221,254.57605921291045,251.1221
2020-10-21,574.5042381629944,2020-10-21,250.285,253.05148244870307,250.285
2020-10-22,574.9063244018555,2020-10-22,249.5374,253.22858909484614,249.5374
2020-10-23,576.3025927162171,2020-10-23,250.392,253.84360242873404,250.392
2020-10-26,566.525625,2020-10-26,246.3629,249.53714825469206,246.3629
2020-10-27,564.2534999999999,2020-10-27,244.7796,248.53634693528446,244.7796
2020-10-28,555.3255808753968,2020-10-28,241.2306,244.60387260422132,241.2306
2020-10-29,562.1479685878753,2020-10-29,243.0496,247.60892497773003,243.04959999999997
2020-10-30,554.112890510559,2020-10-30,238.3695,244.0697197221561,238.3695
2020-11-02,562.3935933589936,2020-11-02,244.4858,247.717115149932,244.48579999999998
2020-11-03,573.086145942688,2020-11-03,246.9769,252.42685635413332,246.9769
2020-11-04,583.8528157958984,2020-11-04,249.6328,257.16924394051995,249.6328
2020-11-05,583.6719248275756,2020-11-05,252.4944,257.08956702143917,252.4944
2020-11-06,580.7248733329773,2020-11-06,251.1895,255.79148129809383,251.1895
2020-11-09,596.4836955070496,2020-11-09,257.4156,262.73275874723095,257.4156
2020-11-10,588.4379859924315,2020-11-10,254.1312,259.1888706698586,254.1312
2020-11-11,595.1240690780639,2020-11-11,257.1776,262.133885039125,257.1776
2020-11-12,590.5849999999999,2020-11-12,255.7338,260.1345644373938,255.7338
2020-11-13,594.4274976516724,2020-11-13,257.8912,261.82706670712554,257.8912
2020-11-16,603.518177923584,2020-11-16,260.0756,265.83123232760914,260.0756
2020-11-17,600.5112846851349,2020-11-17,258.3025,264.50678815294555,258.3025
2020-11-18,600.6763648052215,2020-11-18,259.1525,264.5795008786938,259.1525
2020-11-19,594.5607412948608,2020-11-19,257.9871,261.88575644202376,257.9871
2020-11-20,598.0301752532957,2020-11-20,258.3388,263.4139356061098,258.3388
2020-11-23,597.4052476234435,2020-11-23,259.4069,263.1386741673728,259.4069
2020-11-24,605.0971922149658,2020-11-24,260.0982,266.5267396549694,260.0982
2020-11-25,599.4920258720398,2020-11-25,259.1822,264.0578359320231,259.1822
2020-11-26,601.3435138183594,2020-11-25,259.1822,264.8733595407788,259.1822
2020-11-27,602.4646574947357,2020-11-27,260.9634,265.36718891661104,260.9634
2020-11-30,596.296959134674,2020-11-30,259.1313,262.65050710709016,259.1313
2020-12-01,604.1489563636779,2020-12-01,262.285,266.1090708686665,262.285
2020-12-02,604.869449130249,2020-12-02,261.4395,266.4264258167472,261.4395
2020-12-03,606.1785078907013,2020-12-03,260.8038,267.00302601904366,260.8038
2020-12-04,607.2002157043456,2020-12-04,261.3718,267.45305694953566,261.3718
2020-12-07,603.5997025360108,2020-12-07,259.7788,265.8671414169775,259.7788
2020-12-08,607.5970942474365,2020-12-08,262.5307,267.62786976554264,262.5307
2020-12-09,611.3532877120972,2020-12-09,264.4111,269.28235769001094,264.4111
2020-12-10,605.5025814380646,2020-12-10,261.4503,266.70530116428375,261.4503
2020-12-11,602.3553760375977,2020-12-11,260.8534,265.31905378914644,260.8534
2020-12-14,602.1616701774597,2020-12-14,261.0006,265.2337323035754,261.0006
2020-12-15,601.2732891082763,2020-12-15,260.0226,264.8424277115413,260.0226
2020-12-16,604.7250292644501,2020-12-16,260.6265,266.3628132988443,260.6265
2020-12-17,602.0920397109985,2020-12-17,259.6758,265.203062220413,259.6758
2020-12-18,600.398025,2020-12-18,260.3076,264.4569007381604,260.3076
2020-12-21,593.1471043315887,2020-12-21,256.2507,261.2630927514231,256.2507
2020-12-22,597.9371877086639,2020-12-22,259.1912,263.37297744696104,259.1912
2020-12-23,601.3064314556121,2020-12-23,259.537,264.85702589823524,259.537
2020-12-24,598.6329814624786,2020-12-23,259.537,263.6794532380611,259.537
2020-12-25,598.6329814624786,2020-12-23,259.537,263.6794532380611,259.537
2020-12-28,604.0347473831177,2020-12-28,260.8641,266.0587653183852,260.8641
2020-12-29,603.2248769226075,2020-12-29,259.4372,265.70204223958103,259.4372
2020-12-30,600.5116597076417,2020-12-30,259.4493,264.50695333884846,259.4493
2020-12-31,599.1681396671295,2020-12-30,259.4493,263.915174000478,259.4493
2021-01-01,599.1681396671295,2020-12-30,259.4493,263.915174000478,259.4493
2021-01-04,598.045005449295,2021-01-04,260.9418,263.42046785223323,260.9418
2021-01-05,597.5064714164735,2021-01-05,258.8528,263.1832601411286,258.8528
2021-01-06,606.3135309562683,2021-01-05,258.8528,267.0624995348801,258.8528
2021-01-07,611.1942796039581,2021-01-07,263.9732,269.2123194991446,263.9732
2021-01-08,614.196525177002,2021-01-08,266.3456,270.53471651985774,266.3456
2021-01-11,618.0013803100586,2021-01-11,268.1719,272.2106384155799,268.1719
2021-01-12,618.200574684906,2021-01-12,267.5918,272.29837742341,267.5918
2021-01-13,622.8971380771636,2021-01-13,269.1411,274.3670694362405,269.1411
2021-01-14,624.1808069831849,2021-01-14,270.7455,274.93248618700403,270.7455
2021-01-15,620.2094722366332,2021-01-15,269.3583,273.1832351316449,269.3583
2021-01-18,622.9885169296265,2021-01-15,269.3583,274.40731901586787,269.3583
2021-01-19,618.7207282230377,2021-01-19,268.615,272.52748909079475,268.615
2021-01-20,629.4059480255127,2021-01-20,271.6459,277.2340004299494,271.6459
2021-01-21,625.6191173076629,2021-01-21,270.7978,275.56601773586476,270.7978
2021-01-22,621.2623615379333,2021-01-22,269.3837,273.6470005503306,269.3837
2021-01-25,619.3267533779144,2021-01-25,269.9343,272.7944245695183,269.9343
2021-01-26,622.740995376587,2021-01-26,270.4378,274.2982933694515,270.4378
2021-01-27,617.757030519104,2021-01-27,267.7969,272.1030098330044,267.7969
2021-01-28,620.4222613140107,2021-01-28,266.5632,273.2769621886487,266.5632
2021-01-29,606.3162219886781,2021-01-29,264.0808,267.0636848520551,264.0808
2021-02-01,617.384025,2021-02-01,265.8661,271.9387123512789,265.8661
2021-02-02,630.4455183197022,2021-02-02,271.2976,277.6918992348311,271.2976
2021-02-03,628.8687544345855,2021-02-03,272.3647,276.99738314235424,272.3647
2021-02-04,635.3524680221558,2021-02-04,273.6946,279.8532599594752,273.6946
2021-02-05,636.5216748123169,2021-02-05,274.259,280.36825966162786,274.259
2021-02-08,638.4259467086792,2021-02-08,276.3336,281.20703298016895,276.3336
2021-02-09,637.6557640823364,2021-02-09,275.2258,280.8677911740937,275.2258
2021-02-10,633.7295892333984,2021-02-10,275.5616,279.13843166744596,275.5616
2021-02-11,637.041922946167,2021-02-11,275.5501,280.59741299552303,275.5501
2021-02-12,638.9239987380981,2021-02-12,275.9921,281.4264096113737,275.9921
2021-02-15,641.9001594333648,2021-02-12,275.9921,282.73731704410375,275.9921
2021-02-16,640.4067138061523,2021-02-16,277.5125,282.0795000867718,277.5125
2021-02-17,637.4417909717561,2021-02-17,276.8781,280.773542586808,276.8781
2021-02-18,633.6515918914795,2021-02-18,275.0623,279.1040762324665,275.0623
2021-02-19,636.0520670814514,2021-02-19,275.0994,280.1614118708355,275.0994
2021-02-22,629.7976480007171,2021-02-22,272.702,277.4065322457591,272.702
2021-02-23,627.8351625938416,2021-02-23,270.0516,276.5421176627061,270.0516
2021-02-24,634.152863123703,2021-02-24,272.0296,279.32487082369295,272.0296
2021-02-25,626.8596406082154,2021-02-25,272.4399,276.1124301717777,272.4399
2021-02-26,627.4700593505859,2021-02-26,269.6973,276.3813008909307,269.6973
2021-03-01,642.077412643051,2021-03-01,275.3945,282.81539164216645,275.3945
2021-03-02,635.5549342346192,2021-03-02,276.6339,279.9424401113458,276.6339
2021-03-03,632.8125,2021-03-03,273.6253,278.73448201027503,273.6253
2021-03-04,630.9049344978332,2021-03-04,271.411,277.8942579594746,271.411
2021-03-05,626.1518734344482,2021-03-05,272.2707,275.80068045671385,272.2707
2021-03-08,644.9830765476228,2021-03-08,276.5957,284.09524740250106,276.5957
2021-03-09,644.9942125549316,2021-03-09,277.7477,284.1001524718998,277.7477
2021-03-10,646.5892951641083,2021-03-10,279.1215,284.8027374000301,279.1215
2021-03-11,650.4760066223145,2021-03-11,280.6536,286.514714494393,280.6536
2021-03-12,648.5993148376465,2021-03-12,280.9152,285.6880893684791,280.9152
2021-03-15,655.201068649292,2021-03-15,282.8921,288.5959592810494,282.8921
2021-03-16,658.4339632141114,2021-03-16,284.9227,290.0199501028469,284.9227
2021-03-17,654.0640624923707,2021-03-17,282.1647,288.0951429694374,282.1647
2021-03-18,657.5032497787475,2021-03-18,283.6533,289.60999940290634,283.6533
2021-03-19,653.7802023124696,2021-03-19,282.6807,287.9701112733061,282.6807
2021-03-22,654.2361300201416,2021-03-22,282.3657,288.1709334337914,282.3657
2021-03-23,657.3658350639344,2021-03-23,283.4865,289.54947243898886,283.4865
2021-03-24,655.6677225456239,2021-03-24,283.1867,288.80150599839794,283.1867
2021-03-25,655.340124332428,2021-03-25,280.6933,288.6572090411434,280.6933
2021-03-26,661.3838353538513,2021-03-26,285.2716,291.31927823379715,285.2716
2021-03-29,665.906450138092,2021-03-29,288.3106,293.3113512241653,288.3106
2021-03-30,671.4030616004943,2021-03-30,289.6891,295.73243985434317,289.6891
2021-03-31,672.594882699585,2021-03-31,289.9584,296.2574004654309,289.9584
2021-04-01,677.7587785926819,2021-04-01,291.6405,298.53193810006576,291.6405
2021-04-02,677.7587785926819,2021-04-01,291.6405,298.53193810006576,291.6405
2021-04-05,677.7587785926819,2021-04-01,291.6405,298.53193810006576,291.6405
2021-04-06,683.6904018173217,2021-04-06,294.3603,301.14463605878194,294.3603
2021-04-07,677.9303143615723,2021-04-07,293.0503,298.6074943409553,293.0503
2021-04-08,679.0304463821411,2021-04-08,292.6108,299.0920687273591,292.6108
2021-04-09,679.1161217308044,2021-04-09,292.7611,299.12980608863234,292.7611
2021-04-12,680.6015120124816,2021-04-12,294.0659,299.78407491351555,294.0659
2021-04-13,682.8912411727905,2021-04-13,294.0144,300.79263032517775,294.0144
2021-04-14,678.5665100212098,2021-04-14,292.989,298.88771900093946,292.989
2021-04-15,681.289795413208,2021-04-15,292.9145,300.0872426246112,292.9145
2021-04-16,681.5553444671631,2021-04-16,294.0016,300.204208831825,294.0016
2021-04-19,676.5793140945434,2021-04-19,293.2522,298.0124201924104,293.2522
2021-04-20,669.1895664367676,2021-04-20,291.7516,294.7574631781656,291.7516
2021-04-21,676.1983906433106,2021-04-21,291.5946,297.8446351046239,291.5946
2021-04-22,679.7052118209839,2021-04-22,292.2797,299.3892821911802,292.2797
2021-04-23,678.257499092102,2021-04-23,291.6977,298.75160917178727,291.6977
2021-04-26,679.3309223266602,2021-04-26,293.3657,299.22441915778217,293.3657
2021-04-27,678.6091268920899,2021-04-27,292.7995,298.9064904244333,292.7995
2021-04-28,676.8505755767823,2021-04-28,293.1126,298.1319025489397,293.1126
2021-04-29,675.5623113311767,2021-04-29,293.4676,297.5644616921437,293.4676
2021-04-30,680.6830924072266,2021-04-30,293.8847,299.82000857328273,293.8847
2021-05-03,683.4442875396729,2021-05-03,294.9347,301.0362302739788,294.9347
2021-05-04,674.4783213363647,2021-05-04,292.2533,297.0869973726048,292.2533
2021-05-05,685.5393694000244,2021-05-05,295.2487,301.9590495247271,295.2487
2021-05-06,681.5300926208497,2021-05-06,293.1235,300.1930861686318,293.1235
2021-05-07,681.6012282775879,2021-05-07,293.8281,300.22441924190923,293.8281
2021-05-10,680.6029389839173,2021-05-10,293.9098,299.78470345063187,293.9098
2021-05-11,666.6691563720702,2021-05-11,287.9886,293.64729990889253,287.9886
2021-05-12,663.5195181121826,2021-05-12,288.1731,292.2599809338572,288.1731
2021-05-13,668.8904089050293,2021-05-12,288.1731,294.62569346810375,288.1731
2021-05-14,672.1565584373474,2021-05-14,289.5877,296.06433208232005,289.5877
2021-05-17,671.6040240722657,2021-05-17,289.852,295.8209576545963,289.852
2021-05-18,669.7458608345032,2021-05-18,288.9818,295.00249378485887,288.9818
2021-05-19,660.5941845657348,2021-05-19,284.8403,290.97146130003773,284.8403
2021-05-20,673.6355481140137,2021-05-20,289.0537,296.71578163716316,289.0537
2021-05-21,672.9712926177979,2021-05-21,291.3199,296.42319748046555,291.3199
2021-05-24,675.9631626205444,2021-05-24,292.0168,297.74102438094184,292.0168
2021-05-25,674.4044209259034,2021-05-25,291.104,297.05444651017666,291.104
2021-05-26,677.5933933456421,2021-05-26,291.6296,298.45909097526055,291.6296
2021-05-27,678.4737122497559,2021-05-27,292.6885,298.8468444310504,292.6885
2021-05-28,680.7442617416382,2021-05-28,294.2107,299.8469517874925,294.2107
2021-05-31,675.7791360244752,2021-05-28,294.2107,297.6599663140871,294.2107
2021-06-01,676.0956473236083,2021-06-01,292.9077,297.7993798260109,292.9077
2021-06-02,678.3776249008179,2021-06-02,293.0816,298.80452090325355,293.0816
2021-06-03,681.2925082855224,2021-06-03,292.4073,300.0884375615938,292.4073
2021-06-04,682.7948469161987,2021-06-04,293.355,300.75017161397994,293.355
2021-06-07,678.5852278137206,2021-06-07,293.7419,298.89596361399606,293.7419
2021-06-08,680.5798389472961,2021-06-08,293.9393,299.7745285935581,293.9393
2021-06-09,680.6861306838989,2021-06-09,293.602,299.8213468408967,293.602
2021-06-10,683.2102592468262,2021-06-10,294.641,300.9331479945005,294.641
2021-06-11,687.3111737571716,2021-06-11,296.4859,302.7394749583476,296.4859
2021-06-14,688.6803357421875,2021-06-14,297.391,303.3425487861901,297.391
2021-06-15,688.6180906494142,2021-06-15,297.8937,303.31513173344246,297.8937
2021-06-16,693.2821040908813,2021-06-16,299.3211,305.36948649207363,299.3211
2021-06-17,704.3062008285523,2021-06-17,302.282,310.2252627193225,302.282
2021-06-18,700.2237383651734,2021-06-18,303.1794,308.4270633157767,303.1794
2021-06-21,703.0244987541199,2021-06-21,301.025,309.6607122975018,301.025
2021-06-22,702.6206574172974,2021-06-22,302.4476,309.4828325845796,302.4476
2021-06-23,698.3807290893554,2021-06-23,301.5879,307.61527430112346,301.5879
2021-06-24,702.1057756187439,2021-06-24,302.4626,309.25604295666244,302.4626
2021-06-25,703.2724433166504,2021-06-24,302.4626,309.7699242666146,302.4626
2021-06-28,704.0354217407227,2021-06-28,303.654,310.1059928427233,303.654
2021-06-29,709.0676253585815,2021-06-29,306.5897,312.32252407242265,306.5897
2021-06-30,707.1026548690796,2021-06-30,305.0042,311.4570148867527,305.0042
2021-07-01,713.2037008987427,2021-07-01,306.6788,314.1443383906326,306.6788
2021-07-02,716.16015,2021-07-02,308.8991,315.4465634712507,308.8991
2021-07-05,717.0845914764404,2021-07-02,308.8991,315.8537515658039,308.8991
2021-07-06,715.5044999999999,2021-07-06,309.4089,315.15776977148965,309.4089
2021-07-07,722.8315971710206,2021-07-07,311.6938,318.38513116938145,311.6938
2021-07-08,712.9890994781493,2021-07-08,306.6169,314.0498130520721,306.6169
2021-07-09,720.874802746582,2021-07-09,309.7461,317.52322328940676,309.7461
2021-07-12,724.7056221252441,2021-07-12,311.8433,319.2105816383431,311.8433
2021-07-13,727.1434325286866,2021-07-13,313.4039,320.284362292238,313.4039
2021-07-14,725.9224974060058,2021-07-14,313.7054,319.7465778474165,313.7054
2021-07-15,725.6984339904785,2021-07-15,313.0219,319.64788479052453,313.0219
2021-07-16,723.5718600952149,2021-07-16,313.1571,318.7111942650484,313.1571
2021-07-19,710.4101757164001,2021-07-19,305.9817,312.91387629533114,305.9817
2021-07-20,719.5085719604492,2021-07-20,309.45,316.92144056469886,309.45
2021-07-21,724.3483635864258,2021-07-21,312.7213,319.0532202180784,312.7213
2021-07-22,726.7574787216187,2021-07-22,312.6525,320.11436148711323,312.6525
2021-07-23,733.706126449585,2021-07-23,315.4008,323.1750275218812,315.4008
2021-07-26,731.9434100341797,2021-07-26,315.4736,322.3986050476428,315.4736
2021-07-27,721.9996187591552,2021-07-27,313.6341,318.018670216611,313.6341
2021-07-28,729.402548538971,2021-07-28,314.4374,321.27943355098796,314.4374
2021-07-29,727.586275177002,2021-07-29,313.8443,320.4794208857238,313.8443
2021-07-30,725.4631836181641,2021-07-30,312.9188,319.5442642225525,312.9188
2021-08-02,728.5138266220093,2021-08-02,313.924,320.88797882596987,313.924
2021-08-03,728.3155908164978,2021-08-03,313.58,320.8006620385089,313.58
2021-08-04,730.982111503601,2021-08-04,314.5602,321.9751825520724,314.5602
2021-08-05,734.1144390266418,2021-08-05,316.3864,323.35487667888134,316.3864
2021-08-06,736.3069656661987,2021-08-06,317.7527,324.320617363793,317.7527
2021-08-09,740.891370601654,2021-08-09,319.0559,326.3399070191166,319.0559
2021-08-10,743.3091307106017,2021-08-10,320.9669,327.40485613373215,320.9669
2021-08-11,744.964557117462,2021-08-11,320.8723,328.1340206524835,320.8723
2021-08-12,743.3179932655335,2021-08-12,320.3255,327.40875981714265,320.3255
2021-08-13,743.2637938026428,2021-08-13,321.2893,327.38488661739694,321.2893
2021-08-16,741.1085259582519,2021-08-16,319.1461,326.4355572880937,319.1461
2021-08-17,742.7523774230957,2021-08-17,320.0199,327.15962340018075,320.0199
2021-08-18,744.8696442398071,2021-08-18,321.2333,328.09221444323634,321.2333
2021-08-19,740.865182862854,2021-08-19,319.2623,326.32837212401034,319.2623
2021-08-20,749.1937377685547,2021-08-20,322.3389,329.9968449141885,322.3389
2021-08-23,749.4599012077332,2021-08-23,322.42,330.1140817392346,322.42
2021-08-24,746.9108841705322,2021-08-24,322.7114,328.9913179766674,322.7114
2021-08-25,748.6598684814453,2021-08-25,322.9931,329.76169188038523,322.9931
2021-08-26,746.9594261711121,2021-08-26,322.6553,329.01269923792154,322.6553
2021-08-27,749.0016286354065,2021-08-27,322.2055,329.9122267378448,322.2055
2021-08-30,748.5902737426758,2021-08-30,322.4676,329.7310375341744,322.4676
2021-08-31,746.2730057716369,2021-08-31,321.4694,328.7103521216919,321.4694
2021-09-01,747.7207936660766,2021-09-01,322.4303,329.3480582492059,322.4303
2021-09-02,749.4147405784606,2021-09-02,322.6646,330.0941898682498,322.6646
2021-09-03,746.5570659454346,2021-09-03,320.9769,328.8354719089959,320.9769
2021-09-06,750.8459942047119,2021-09-03,320.9769,330.7246131581477,320.9769
2021-09-07,745.8713010864258,2021-09-07,321.8331,328.5334135382199,321.8331
2021-09-08,745.1844895324707,2021-09-08,322.5357,328.2308941304485,322.5357
2021-09-09,747.3484198532104,2021-09-09,322.8569,329.18403901468787,322.8569
2021-09-10,743.3520352439881,2021-09-10,321.808,327.42375426373013,321.808
2021-09-13,742.1824018569946,2021-09-13,320.9296,326.90856665876726,320.9296
2021-09-14,738.314083253479,2021-09-14,319.4778,325.2046910523252,319.4778
2021-09-15,736.0357487792968,2021-09-15,317.8202,324.2011546501408,317.8202
2021-09-16,740.4926092315674,2021-09-16,320.3779,326.1642648756116,320.3779
2021-09-17,738.6356019767761,2021-09-17,319.8738,325.3463101808899,319.8738
2021-09-20,729.7195472915649,2021-09-20,316.5911,321.4190617711988,316.5911
2021-09-21,732.7139414199829,2021-09-21,315.736,322.7380004715551,315.736
2021-09-22,736.0563134735108,2021-09-22,315.8515,324.21021276670683,315.8515
2021-09-23,740.3676250411987,2021-09-23,318.6782,326.1092131761557,318.6782
2021-09-24,738.2694217681885,2021-09-24,319.2895,325.18501903894327,319.2895
2021-09-27,742.3007751083373,2021-09-27,319.9349,326.96070644250557,319.9349
2021-09-28,730.0033454254151,2021-09-28,317.5777,321.5440661379492,317.5777
2021-09-29,734.2961362152099,2021-09-29,317.0183,323.4349087132332,317.0183
2021-09-30,732.2599555793762,2021-09-30,316.9005,322.5380336439062,316.9005
2021-10-01,726.6668700119019,2021-10-01,312.2754,320.07445113172594,312.2754
2021-10-04,717.2874274253845,2021-10-04,312.7791,315.9430945752451,312.7791
2021-10-05,730.0398352661133,2021-10-05,312.0189,321.5601387927176,312.0189
2021-10-06,726.6605144348146,2021-10-06,312.916,320.07165169510404,312.916
2021-10-07,740.8301287994385,2021-10-07,319.3269,326.3129318850636,319.3269
2021-10-08,735.0103376205444,2021-10-08,317.2351,323.74949250980313,317.2351
2021-10-11,737.3366578536987,2021-10-11,317.2015,324.7741651658873,317.2015
2021-10-12,731.7643264328002,2021-10-12,315.3886,322.3197242182232,315.3886
2021-10-13,730.2028519706727,2021-10-13,314.7195,321.6319426472628,314.7195
2021-10-14,734.5723409149169,2021-10-14,316.2228,323.5565684053247,316.2228
2021-10-15,741.4091404785156,2021-10-15,318.8863,326.56796875687866,318.8863
2021-10-18,742.1325699806213,2021-10-18,319.616,326.886617246819,319.616
2021-10-19,745.3694499969482,2021-10-19,320.4683,328.3123635376718,320.4683
2021-10-20,746.8786039352417,2021-10-20,321.7435,328.9770995238668,321.7435
2021-10-21,745.3191840629578,2021-10-21,321.7198,328.2902229366667,321.7198
2021-10-22,744.578957937622,2021-10-22,321.9074,327.9641760497674,321.9074
2021-10-25,750.5599975585938,2021-10-25,322.9761,330.59864041422685,322.9761
2021-10-26,754.6312436523438,2021-10-26,324.8982,332.39189935123864,324.8982
2021-10-27,750.140932472992,2021-10-27,324.1593,330.4140551072618,324.1593
2021-10-28,748.0737691268921,2021-10-28,322.8802,329.50353310507984,322.8802
2021-10-29,752.2952562194824,2021-10-29,322.318,331.3629685904191,322.318
2021-11-01,752.3156928405763,2021-11-01,323.2203,331.3719702947069,323.2203
2021-11-02,753.9961007469177,2021-11-02,325.6809,332.11213839717016,325.6809
2021-11-03,754.7790020141603,2021-11-03,326.447,332.45698237416184,326.447
2021-11-04,762.1874653015137,2021-11-04,329.7064,335.7201830487576,329.7064
2021-11-05,765.6637658180236,2021-11-05,331.5497,337.251386720906,331.5497
2021-11-08,768.261639239502,2021-11-08,331.8787,338.3956702210961,331.8787
2021-11-09,761.1725489578247,2021-11-09,328.8358,335.273143552316,328.8358
2021-11-10,768.9604467544555,2021-11-10,331.2972,338.70347348147016,331.2972
2021-11-11,769.8206373046876,2021-11-11,333.0407,339.0823610152168,333.0407
2021-11-12,777.8806382217407,2021-11-12,334.974,342.63254401668587,334.974
2021-11-15,781.3465783233643,2021-11-15,337.4327,344.15918424409085,337.4327
2021-11-16,789.9678321693419,2021-11-16,341.4863,347.9565819330392,341.4863
2021-11-17,789.1439079002381,2021-11-17,340.2329,347.5936685829326,340.2329
2021-11-18,788.2104389572144,2021-11-18,341.97,347.18250416644844,341.97
2021-11-19,794.5148073730469,2021-11-19,343.606,349.959384940436,343.606
2021-11-22,801.3070656738281,2021-11-22,346.8637,352.95116623291716,346.8637
2021-11-23,791.1035617752075,2021-11-23,344.6893,348.45683596309505,344.6893
2021-11-24,802.5426146087647,2021-11-24,346.2168,353.49538761346497,346.2168
2021-11-25,803.5783916015625,2021-11-24,346.2168,353.95161558551933,346.2168
2021-11-26,782.8174443054199,2021-11-26,342.3631,344.8070555608155,342.3631
2021-11-29,794.6169785614014,2021-11-29,342.6397,350.0043882127519,342.6397
2021-11-30,783.7520472106934,2021-11-30,338.9794,345.2187194528636,338.9794
2021-12-01,787.1361140136719,2021-12-01,338.9372,346.70929700532406,338.9372
2021-12-02,777.2237086013795,2021-12-02,334.849,342.34318668343377,334.849
2021-12-03,778.1799997787476,2021-12-03,338.8075,342.76440359361607,338.8075
2021-12-06,783.447814038086,2021-12-06,336.5303,345.08471407879614,336.5303
2021-12-07,803.4748311126709,2021-12-07,345.5871,353.9060003689616,345.5871
2021-12-08,796.6900658386231,2021-12-08,345.0052,350.9175195247574,345.0052
2021-12-09,799.5947051467896,2021-12-09,344.7189,352.19692398182553,344.7189
2021-12-10,794.4161078353882,2021-12-10,344.6627,349.91591082368905,344.6627
2021-12-13,792.1044520263672,2021-12-13,344.2098,348.89769739630964,344.2098
2021-12-14,788.3059817276002,2021-12-14,342.479,347.224587824109,342.479
2021-12-15,786.632515235901,2021-12-15,340.947,346.4874772017282,340.947
2021-12-16,797.259658241272,2021-12-16,344.0591,351.16840749443134,344.0591
2021-12-17,793.8080036224364,2021-12-17,340.9218,349.6480595837003,340.9218
2021-12-20,777.3340412521362,2021-12-20,338.0396,342.39178482942094,338.0396
2021-12-21,793.3558944587708,2021-12-21,341.4366,349.4489193746392,341.4366
2021-12-22,798.3035485427856,2021-12-22,343.6581,351.62820912993624,343.6581
2021-12-23,808.0417211036682,2021-12-23,348.5917,355.9175752288744,348.5917
2021-12-24,810.1199571990967,2021-12-23,348.5917,356.8329744372565,348.5917
2021-12-27,814.4153329849242,2021-12-27,350.5112,358.7249556239463,350.5112
2021-12-28,813.41612578125,2021-12-28,352.0234,358.2848355214877,352.0234
2021-12-29,810.192758605957,2021-12-29,350.192,356.86504122233237,350.192
2021-12-30,811.7801973083497,2021-12-30,350.7817,357.5642592441548,350.7817
2021-12-31,812.2952963226318,2021-12-30,350.7817,357.79114454893295,350.7817
2022-01-03,814.2124631408691,2022-01-03,351.4343,358.6355976847491,351.4343
2022-01-04,817.6320114501953,2022-01-04,354.1576,360.1418037516475,354.1576
2022-01-05,812.8536828422547,2022-01-05,351.188,358.0370966710996,351.188
2022-01-06,805.7974240493774,2022-01-05,351.188,354.9290312653703,351.188
2022-01-07,797.1873369758605,2022-01-07,345.5971,351.13655219692566,345.5971
2022-01-10,787.9933874176025,2022-01-10,341.8062,347.08689962566706,341.8062
2022-01-11,798.3777332115172,2022-01-11,342.5749,351.6608851994071,342.5749
2022-01-12,798.6418149414062,2022-01-12,344.5824,351.77720509540944,344.5824
2022-01-13,794.1821216278075,2022-01-13,342.285,349.8128470814786,342.285
2022-01-14,785.943345401001,2022-01-14,339.3974,346.1839190435883,339.3974
2022-01-17,795.4223764801026,2022-01-14,339.3974,350.3591412741742,339.3974
2022-01-18,787.1157930679321,2022-01-18,339.3871,346.70034625247905,339.3871
2022-01-19,785.6184042938232,2022-01-19,340.3961,346.04079245997457,340.3961
2022-01-20,794.092152835083,2022-01-20,339.5497,349.77321858988404,339.5497
2022-01-21,778.9672317810058,2022-01-21,333.3025,343.1111551264498,333.3025
2022-01-24,753.0594397644043,2022-01-24,327.7343,331.69956798527073,327.7343
2022-01-25,760.7228405914307,2022-01-25,326.5065,335.07506082076037,326.5065
2022-01-26,773.0392490776061,2022-01-26,332.8064,340.5000607055937,332.8064
2022-01-27,778.1316214752197,2022-01-27,332.9006,342.7430944358886,332.9006
2022-01-28,777.0492735595703,2022-01-28,329.1909,342.266353401817,329.1909
2022-01-31,785.9827061538697,2022-01-31,335.7485,346.20125624704485,335.7485
2022-02-01,789.6974766265869,2022-02-01,338.1042,347.8374986150447,338.1042
2022-02-02,787.4738104248047,2022-02-02,339.7797,346.8580419088047,339.7797
2022-02-03,773.2498305358887,2022-02-03,332.8745,340.5928153741494,332.8745
2022-02-04,770.4502565231323,2022-02-04,331.9988,339.35968895472007,331.9988
2022-02-07,774.7205758216858,2022-02-07,333.4642,341.24063352787687,333.4642
2022-02-08,777.6708134948731,2022-02-08,332.3373,342.5401226650906,332.3373
2022-02-09,786.0160515975953,2022-02-09,336.8293,346.2159438914644,336.8293
2022-02-10,790.5521036338806,2022-02-10,342.6312,348.2139355789005,342.6312
2022-02-11,786.662818473816,2022-02-11,339.5996,346.500824847869,339.5996
2022-02-14,784.3165757720948,2022-02-14,335.743,345.46737695590315,335.743
2022-02-15,787.6075160453796,2022-02-15,336.4917,346.9169351305612,336.4917
2022-02-16,781.3087831260682,2022-02-16,336.5988,344.14253661980905,336.5988
2022-02-17,781.9964311294556,2022-02-17,337.269,344.4454244578805,337.269
2022-02-18,771.9299014678954,2022-02-18,333.8762,340.0114271350463,333.8762
2022-02-21,768.5221882019042,2022-02-18,333.8762,338.5104340414591,333.8762
2022-02-22,765.9059310882569,2022-02-22,329.8451,337.3580530891578,329.8451
2022-02-23,759.6175955352783,2022-02-23,327.8099,334.5882342991271,327.8099
2022-02-24,761.0049805709839,2022-02-24,325.4884,335.1993348214402,325.4884
2022-02-25,774.8497243957519,2022-02-25,329.0087,341.29751951052526,329.0087
2022-02-28,781.1162905311584,2022-02-28,332.3394,344.0577495403298,332.3394
2022-03-01,781.109881450653,2022-03-01,336.5245,344.05492653709445,336.5245
2022-03-02,800.0812478027344,2022-03-02,339.1705,352.41123108729624,339.1705
2022-03-03,793.4882388244629,2022-03-03,342.2196,349.5072130054038,342.2196
2022-03-04,787.2131085777282,2022-03-04,340.2071,346.7432107474354,340.2071
2022-03-07,788.239963433075,2022-03-07,337.8629,347.1955087918085,337.8629
2022-03-08,774.3726797241211,2022-03-08,330.75,341.08739597560333,330.75
2022-03-09,774.7586670684815,2022-03-09,328.6305,341.25741155287596,328.6305
2022-03-10,766.3214577323913,2022-03-10,329.213,337.5410798212693,329.213
2022-03-11,771.3453093414307,2022-03-11,330.6129,339.75393224744937,330.6129
2022-03-14,754.6667069641113,2022-03-14,325.3088,332.40751985152247,325.3088
2022-03-15,761.8297702178955,2022-03-15,324.7435,335.56262934390827,324.7435
2022-03-16,768.8870454368591,2022-03-16,329.0865,338.6711424541293,329.0865
2022-03-17,773.4267253242493,2022-03-17,329.3568,340.6707320986199,329.3568
2022-03-18,784.4837025917054,2022-03-18,335.1836,345.54099118996805,335.1836
2022-03-21,786.697123059082,2022-03-21,338.1897,346.51593496469616,338.1897
2022-03-22,794.6743504989623,2022-03-22,339.7683,350.0296587902104,339.7683
2022-03-23,793.4541545219421,2022-03-23,340.5795,349.4921999163642,340.5795
2022-03-24,790.2074800949096,2022-03-24,337.0027,348.06213948823597,337.0027
2022-03-25,794.1317518920898,2022-03-25,340.1967,349.79066075899874,340.1967
2022-03-28,801.5736001014709,2022-03-28,345.9016,353.0685664669943,345.9016
2022-03-29,800.5181466522217,2022-03-29,342.3048,352.6036716198438,342.3048
2022-03-30,798.7768789291382,2022-03-30,342.0426,351.8366966362035,342.0426
2022-03-31,796.9620215835571,2022-03-31,342.2214,351.0373076826934,342.2214
2022-04-01,792.52640524292,2022-04-01,339.6752,349.08355483630714,339.6752
2022-04-04,806.6575183876038,2022-04-04,343.0551,355.30787642068174,343.0551
2022-04-05,799.0968707382202,2022-04-05,342.6521,351.9776432059252,342.6521
2022-04-06,786.1824472389221,2022-04-06,337.2071,346.2892360639389,337.2071
2022-04-07,787.3150755844117,2022-04-07,338.175,346.78812408399256,338.175
2022-04-08,793.6566777832031,2022-04-08,338.3728,349.581405196479,338.3728
2022-04-11,786.1034713989258,2022-04-11,337.1565,346.2544496305914,337.1565
2022-04-12,790.521994720459,2022-04-12,337.0275,348.20067352673425,337.0275
2022-04-13,787.734529927826,2022-04-13,335.654,346.97288084707566,335.654
2022-04-14,789.782907421875,2022-04-14,338.2712,347.8751282580628,338.2712
2022-04-15,789.782907421875,2022-04-14,338.2712,347.8751282580628,338.2712
2022-04-18,789.782907421875,2022-04-14,338.2712,347.8751282580628,338.2712
2022-04-19,793.5943892822265,2022-04-19,336.6058,349.55396902375026,336.6058
2022-04-20,786.8915812683106,2022-04-20,336.3832,346.6015878369482,336.3832
2022-04-21,788.2838622589111,2022-04-21,338.6615,347.21484487711064,338.6615
2022-04-22,771.2611294097901,2022-04-22,330.5957,339.71685357147265,330.5957
2022-04-25,764.9567034942627,2022-04-25,327.155,336.9399474706344,327.155
2022-04-26,766.1256510658263,2022-04-26,331.2043,337.45483299495163,331.2043
2022-04-27,774.9774883460998,2022-04-27,331.7247,341.35379560892693,331.7247
2022-04-28,775.6497212905884,2022-04-28,330.2541,341.64989358672017,330.2541
2022-04-29,773.1115842956543,2022-04-29,333.478,340.53192214880755,333.478
2022-05-02,764.65725,2022-05-02,327.5999,336.8080473981651,327.5999
2022-05-03,774.1993943038941,2022-05-03,328.2007,341.01106906700574,328.2007
2022-05-04,764.3727010986329,2022-05-04,328.651,336.6827123413684,328.651
2022-05-05,766.9674907623291,2022-05-05,330.9156,337.82563754091177,330.9156
2022-05-06,760.5228802749634,2022-05-06,321.7162,334.9869844391575,321.7162
2022-05-09,749.4030727706909,2022-05-09,323.2727,330.08905055707174,323.2727
2022-05-10,745.7920957565308,2022-05-10,322.5844,328.49852602161627,322.5844
2022-05-11,749.4933290557861,2022-05-11,318.7506,330.128805680231,318.7506
2022-05-12,745.6636033447265,2022-05-12,314.6207,328.44192905830323,314.6207
2022-05-13,758.5889988632202,2022-05-13,321.9076,334.135169037958,321.9076
2022-05-16,755.0647890701293,2022-05-16,321.5744,332.5828628000554,321.5744
2022-05-17,755.5547710655212,2022-05-17,321.3508,332.7986848289817,321.3508
2022-05-18,746.7724150276183,2022-05-18,320.7118,328.93032656953727,320.7118
2022-05-19,735.9172489562989,2022-05-19,311.558,324.1489591154735,311.558
2022-05-20,731.9290053596496,2022-05-20,315.3011,322.3922602306651,315.3011
2022-05-23,740.6581477706909,2022-05-23,312.6855,326.2371795208743,312.6855
2022-05-24,724.2326916931153,2022-05-24,309.4578,319.00227029963486,309.4578
2022-05-25,740.083572693634,2022-05-25,313.6151,325.98409683606724,313.6151
2022-05-26,755.785932081604,2022-05-25,313.6151,332.90050416105686,313.6151
2022-05-27,765.2274331489563,2022-05-27,324.0945,337.0591955734545,324.0945
2022-05-30,769.6020407409668,2022-05-27,324.0945,338.98607593874004,324.0945
2022-05-31,761.5501736167907,2022-05-31,324.8538,335.4394756233658,324.8538
2022-06-01,758.2593952423096,2022-06-01,325.8991,333.9899887601613,325.8991
2022-06-02,759.2159773674011,2022-06-02,321.4234,334.41133382388506,321.4234
2022-06-03,756.4922561508179,2022-06-03,322.5943,333.2116182328612,322.5943
2022-06-06,762.912350189209,2022-06-03,322.5943,336.0394725913769,322.5943
2022-06-07,764.9990562332154,2022-06-07,321.9279,336.95860255212176,321.9279
2022-06-08,764.7042108932495,2022-06-08,324.4029,336.8287322301725,324.4029
2022-06-09,758.4669430046082,2022-06-09,323.2126,334.08140717875557,323.2126
2022-06-10,736.4692478485107,2022-06-10,314.7497,324.39209768383444,314.7497
2022-06-13,725.8371694946289,2022-06-13,309.4881,319.7089935216033,309.4881
2022-06-14,720.0441573944091,2022-06-14,306.8064,317.1573495085125,306.8064
2022-06-15,725.6661710266113,2022-06-15,308.3857,319.63367394525574,308.3857
2022-06-16,707.8491241088867,2022-06-16,304.2615,311.7858116739436,304.2615
2022-06-17,706.9279447753905,2022-06-17,303.3807,311.38006045322555,303.3807
2022-06-20,708.7765957832336,2022-06-17,303.3807,312.1943344776623,303.3807
2022-06-21,716.7739191894532,2022-06-21,305.2629,315.7169099595014,305.2629
2022-06-22,717.9675394042969,2022-06-22,305.5085,316.24266302585426,305.5085
2022-06-23,720.7247914505004,2022-06-23,309.0237,317.45714791809377,309.0237
2022-06-24,738.9340074310303,2022-06-23,309.0237,325.4777486239051,309.0237
2022-06-27,738.987525,2022-06-27,315.8374,325.5013214703094,315.8374
2022-06-28,737.1497461166381,2022-06-28,318.9913,324.69183628298566,318.9913
2022-06-29,734.1739560791015,2022-06-29,313.3282,323.3810921136083,313.3282
2022-06-30,728.4167970275879,2022-06-30,309.819,320.84524026795987,309.819
2022-07-01,736.3734527107239,2022-07-01,315.4147,324.3499028660802,315.4147
2022-07-04,739.0075449737549,2022-07-01,315.4147,325.51013965423346,315.4147
2022-07-05,739.6234047721863,2022-07-05,317.3803,325.7814069915675,317.3803
2022-07-06,751.2474239349365,2022-07-06,324.2583,330.9014306323879,324.2583
2022-07-07,764.5928011627198,2022-07-07,327.8609,336.77965966360637,327.8609
2022-07-08,764.0413657035828,2022-07-08,326.8041,336.53676927022025,326.8041
2022-07-11,763.4019399200439,2022-07-11,328.3444,336.25512183980646,328.3444
2022-07-12,760.4411623764038,2022-07-12,325.8451,334.9509902131806,325.8451
2022-07-13,746.0627691192627,2022-07-13,321.5165,328.6177493295551,321.5165
2022-07-14,739.7158004486084,2022-07-14,319.0432,325.82210445093745,319.0432
2022-07-15,753.3183255447389,2022-07-15,322.6948,331.8135992249845,322.6948
2022-07-18,751.6341989326477,2022-07-18,323.4082,331.0717931467845,323.4082
2022-07-19,749.9257854309081,2022-07-19,319.1557,330.31928943918274,319.1557
2022-07-20,757.9959761306762,2022-07-20,323.2234,333.87396072716143,323.2234
2022-07-21,756.9275840911865,2022-07-21,325.3557,333.4033668281612,325.3557
2022-07-22,757.170855230713,2022-07-22,327.5422,333.5105202978919,327.5422
2022-07-25,754.7399689239502,2022-07-25,324.0753,332.4397894960487,324.0753
2022-07-26,756.9129277496338,2022-07-26,325.8912,333.39691115958504,325.8912
2022-07-27,764.9348483428955,2022-07-27,328.5475,336.93032094730313,328.5475
2022-07-28,775.1277097091674,2022-07-28,331.4085,341.41996350829925,331.4085
2022-07-29,777.5251227378844,2022-07-29,335.2941,342.4759503586287,335.2941
2022-08-01,777.3441432220459,2022-08-01,334.4448,342.39623443708524,334.4448
2022-08-02,780.0873047904968,2022-08-02,334.7619,343.60451290638326,334.7619
2022-08-03,787.2032885513305,2022-08-03,337.4849,346.73888532723385,337.4849
2022-08-04,782.5108231658936,2022-08-04,339.1761,344.6719983606191,339.1761
2022-08-05,780.1739425025941,2022-08-05,337.6209,343.6426741592093,337.6209
2022-08-08,786.4132970809936,2022-08-08,340.8455,346.3909183334136,340.8455
2022-08-09,779.6649610519408,2022-08-09,335.1156,343.4184834534305,335.1156
2022-08-10,785.2710151977539,2022-08-10,338.7951,345.88777822629726,338.7951
2022-08-11,789.2662203979492,2022-08-11,340.3283,347.6475434837806,340.3283
2022-08-12,803.9293608627319,2022-08-12,344.647,354.1062067720297,344.647
2022-08-15,815.8415393218994,2022-08-15,352.9752,359.353155737845,352.9752
2022-08-16,823.1324703636169,2022-08-16,354.2091,362.56458706590155,354.2091
2022-08-17,818.3416632514953,2022-08-17,354.5023,360.4543835872908,354.5023
2022-08-18,826.8270556983947,2022-08-18,355.4929,364.1919385002238,355.4929
2022-08-19,823.2971838111878,2022-08-19,355.583,362.6371382836616,355.583
2022-08-22,821.967003250122,2022-08-22,353.6084,362.0512345765307,353.6084
2022-08-23,812.0183021057128,2022-08-23,348.513,357.6691370987439,348.513
2022-08-24,813.7881698150635,2022-08-24,348.3591,358.4487094984556,348.3591
2022-08-25,814.695235118866,2022-08-25,349.5171,358.8482439223251,349.5171
2022-08-26,804.5055394515991,2022-08-26,348.9311,354.35999575456924,348.9311
2022-08-29,794.8043156738281,2022-08-29,340.3323,350.0869044604454,340.3323
2022-08-30,787.9296123504639,2022-08-30,340.708,347.0588086661742,340.708
2022-08-31,784.1229413909913,2022-08-31,339.3809,345.3820869546528,339.3809
2022-09-01,783.1842755355835,2022-09-01,335.4464,344.96863345778314,335.4464
2022-09-02,794.5392451568604,2022-09-02,338.6178,349.97014903408575,338.6178
2022-09-05,788.1952226028442,2022-09-02,338.6178,347.17580182941583,338.6178
2022-09-06,783.2195434761047,2022-09-06,335.6234,344.9841679030299,335.6234
2022-09-07,781.0306127380371,2022-09-07,334.1334,344.02001110234784,334.1334
2022-09-08,793.6399294090271,2022-09-08,337.8241,349.5740280517474,337.8241
2022-09-09,796.3245783569337,2022-09-09,340.3413,350.7565335077461,340.3413
2022-09-12,799.6746272460937,2022-09-12,342.1164,352.23212721335256,342.1164
2022-09-13,783.7349044189452,2022-09-13,338.007,345.21116857929815,338.007
2022-09-14,782.6696584701539,2022-09-14,334.6212,344.741960436681,334.6212
2022-09-15,778.9161430358886,2022-09-15,335.6083,343.0886521023995,335.6083
2022-09-16,769.1331958992004,2022-09-16,330.5462,338.7795641771789,330.5462
2022-09-19,773.9858112258911,2022-09-19,332.3407,340.9169922770983,332.3407
2022-09-20,775.6567520736694,2022-09-20,333.0158,341.6529904308568,333.0158
2022-09-21,792.1072978668213,2022-09-21,337.2635,348.89895090167636,337.2635
2022-09-22,771.2663496887208,2022-09-22,331.1457,339.7191529441046,331.1457
2022-09-23,766.6735267944337,2022-09-23,329.1074,337.6961554363056,329.1074
2022-09-26,769.1211893463135,2022-09-26,328.8711,338.77427565917446,328.8711
2022-09-27,762.3792409713745,2022-09-27,330.8191,335.80465434475883,330.8191
2022-09-28,769.5556117401122,2022-09-28,327.521,338.9656253890062,327.521
2022-09-29,754.3486798706055,2022-09-29,324.3756,332.26743867870493,324.3756
2022-09-30,754.8855412834167,2022-09-30,320.3958,332.5039096520363,320.3958
2022-10-03,752.0883644760132,2022-10-03,320.6136,331.27183912798256,320.6136
2022-10-04,764.4740486679077,2022-10-04,327.6031,336.7273528347607,327.6031
2022-10-05,764.5927130737305,2022-10-05,328.5781,336.77962086311044,328.5781
2022-10-06,772.8821112182617,2022-10-06,328.2679,340.43084630191396,328.2679
2022-10-07,756.4112433128356,2022-10-07,321.6751,333.1759345644268,321.6751
2022-10-10,758.6298426330567,2022-10-10,323.5782,334.1531594648676,323.5782
2022-10-11,757.7832897834778,2022-10-11,321.3691,333.7802789196481,321.3691
2022-10-12,756.3467095947266,2022-10-12,319.6373,333.1475094424684,319.6373
2022-10-13,757.0998940322876,2022-10-13,326.7428,333.4792640681462,326.7428
2022-10-14,758.0531031951905,2022-10-14,319.5067,333.89912344555927,319.5067
2022-10-17,764.7673971244812,2022-10-17,324.4977,336.8565638255227,324.4977
2022-10-18,760.3227332763672,2022-10-18,325.4329,334.8988258298069,325.4329
2022-10-19,765.6544428283692,2022-10-19,324.9286,337.24728023013324,324.9286
2022-10-20,770.1676298370361,2022-10-20,322.832,339.23520057474764,322.832
2022-10-21,773.7034593109131,2022-10-21,330.7307,340.7926249253693,330.7307
2022-10-24,782.1240957832337,2022-10-24,332.5553,344.50165681919106,332.5553
2022-10-25,782.5142920166015,2022-10-25,332.7826,344.67352628287927,332.7826
2022-10-26,782.3508993759154,2022-10-26,329.1312,344.60155684000966,329.1312
2022-10-27,780.8445886825562,2022-10-27,327.6549,343.9380732159345,327.6549
2022-10-28,785.3822784355164,2022-10-28,334.8096,345.936786267296,334.8096
2022-10-31,789.2542066574097,2022-10-31,335.3664,347.6422517998359,335.3664
2022-11-01,787.4733240356446,2022-11-01,333.8506,346.8578276693094,333.8506
2022-11-02,785.1589117012023,2022-11-02,327.6353,345.83840007709375,327.6353
2022-11-03,778.1616153259278,2022-11-03,327.2826,342.7563058064614,327.2826
2022-11-04,765.4968050750732,2022-11-04,325.898,337.1778456385122,325.898
2022-11-07,768.1188117675782,2022-11-07,326.0402,338.33275910381644,326.0402
2022-11-08,776.059059614563,2022-11-08,325.4636,341.8301945537523,325.4636
2022-11-09,767.717559928894,2022-11-09,323.3236,338.15601998533936,323.3236
2022-11-10,788.0170609680175,2022-11-10,333.7989,347.09732709796293,333.7989
2022-11-11,774.3015055091857,2022-11-11,331.168,341.05604591862357,331.168
2022-11-14,781.1993143188477,2022-11-14,331.3359,344.0943189703838,331.3359
2022-11-15,787.5862766853332,2022-11-15,333.1994,346.90757984440495,333.1994
2022-11-16,781.984754298401,2022-11-16,331.6576,344.4402811722224,331.6576
2022-11-17,786.1929249176026,2022-11-17,336.0033,346.2938511597843,336.0033
2022-11-18,791.5622558517456,2022-11-18,336.1637,348.65887662415184,336.1637
2022-11-21,794.8652506477356,2022-11-21,337.7818,350.11374444604684,337.7818
2022-11-22,798.4493055473328,2022-11-22,340.3832,351.6924106164142,340.3832
2022-11-23,796.2131148490906,2022-11-23,336.9341,350.7074372539242,336.9341
2022-11-24,794.862923059845,2022-11-23,336.9341,350.1127192150265,336.9341
2022-11-25,791.0989998573303,2022-11-25,336.1269,348.45482657829865,336.1269
2022-11-28,790.9042713256836,2022-11-28,333.6975,348.369054637319,333.6975
2022-11-29,786.2455200119018,2022-11-29,334.4378,346.3170176844117,334.4378
2022-11-30,794.0634200325012,2022-11-30,346.3282,349.76056267230285,346.3282
2022-12-01,799.5937699584962,2022-12-01,339.1241,352.196512060088,339.1241
2022-12-02,795.8242079772949,2022-12-02,339.7524,350.53613571443145,339.7524
2022-12-05,788.2900453460694,2022-12-05,333.7971,347.2175683372134,333.7971
2022-12-06,777.452850578308,2022-12-06,330.8518,342.4441166907361,330.8518
2022-12-07,775.3363873214722,2022-12-07,328.6482,341.5118795911404,328.6482
2022-12-08,775.6128667297364,2022-12-08,330.6614,341.6336602839191,330.6614
2022-12-09,780.5413374664306,2022-12-09,329.4471,343.80450036355603,329.4471
2022-12-12,776.3304442787171,2022-12-12,332.7237,341.9497311681341,332.7237
2022-12-13,787.097793636322,2022-12-13,331.9147,346.692418055349,331.9147
2022-12-14,782.5195007385254,2022-12-14,330.415,344.67582056500447,330.415
2022-12-15,758.0866374206543,2022-12-15,324.8997,333.9138942425398,324.8997
2022-12-16,759.813328439331,2022-12-16,323.7059,334.67444863532234,323.7059
2022-12-19,756.0007733627319,2022-12-19,321.6705,332.9951351508202,321.6705
2022-12-20,757.6906391525268,2022-12-20,321.8064,333.73946916063414,321.8064
2022-12-21,771.3077943969727,2022-12-21,325.9233,339.7374080659404,325.9233
2022-12-22,759.0907905578614,2022-12-22,323.4357,334.3561928769037,323.4357
2022-12-23,764.5892016563415,2022-12-23,326.2473,336.7780741915339,326.2473
2022-12-26,764.5892016563415,2022-12-23,326.2473,336.7780741915339,326.2473
2022-12-27,765.8856113777161,2022-12-27,322.7122,337.3491028803801,322.7122
2022-12-28,760.1217470321656,2022-12-28,319.6916,334.81029755852796,319.6916
2022-12-29,769.70118119812,2022-12-29,324.8037,339.02974426699035,324.8037
2022-12-30,761.5985851013183,2022-12-30,322.4569,335.4607993963051,322.4569
2023-01-02,780.0554044830322,2022-12-30,322.4569,343.5904618001281,322.4569
2023-01-03,770.627562034607,2023-01-03,326.3815,339.43778659011514,326.3815
2023-01-04,779.9408246299744,2023-01-04,328.5074,343.53999289189557,328.5074
2023-01-05,776.247494378662,2023-01-05,330.0659,341.91319428331497,330.0659
2023-01-06,788.7579561462402,2023-01-05,330.0659,347.42366868212224,330.0659
2023-01-09,789.1164972839355,2023-01-09,329.1432,347.5815950478228,329.1432
2023-01-10,780.1134268180848,2023-01-10,331.7631,343.6160188577177,331.7631
2023-01-11,793.1803154418945,2023-01-11,337.3876,349.37158220711984,337.3876
2023-01-12,795.4228524780273,2023-01-12,338.6847,350.3593509366492,338.6847
2023-01-13,796.8783060913087,2023-01-13,338.824,351.0004335780129,338.824
2023-01-16,801.5197980308533,2023-01-13,338.824,353.0448683063469,338.824
2023-01-17,805.3878372955322,2023-01-17,338.9809,354.7486208726057,338.9809
2023-01-18,792.2458364982606,2023-01-18,331.5796,348.9599729163689,331.5796
2023-01-19,779.4149528060913,2023-01-19,331.4241,343.30836249516057,331.4241
2023-01-20,785.6045868148803,2023-01-20,334.5371,346.03470628462907,334.5371
2023-01-23,794.157948007965,2023-01-23,336.1688,349.8021993439495,336.1688
2023-01-24,791.4609442901611,2023-01-24,335.8162,348.6142519910419,335.8162
2023-01-25,787.6283606948853,2023-01-25,337.1329,346.9261165588399,337.1329
2023-01-26,799.8654472679137,2023-01-26,341.6666,352.31617757572565,341.6666
2023-01-27,809.5318577362061,2023-01-27,343.4943,356.573934675622,343.4943
2023-01-30,809.2873268737793,2023-01-30,341.2085,356.46622633662105,341.2085
2023-01-31,814.9906730041505,2023-01-31,347.8423,358.97837524229897,347.8423
2023-02-01,814.0849820709228,2023-02-01,350.0046,358.5794461864813,350.0046
2023-02-02,834.3646817588807,2023-02-02,352.554,367.5120314117208,352.554
2023-02-03,836.9583806167602,2023-02-03,354.5186,368.6544761447842,354.5186
2023-02-06,834.842145767212,2023-02-06,355.9665,367.72233965158773,355.9665
2023-02-07,837.9234352455139,2023-02-07,359.1552,369.0795530863069,359.1552
2023-02-08,833.9766330154418,2023-02-08,355.9986,367.341107851429,355.9986
2023-02-09,819.8526487655639,2023-02-09,344.392,361.1199263263943,344.392
2023-02-10,818.1139664840698,2023-02-10,347.5538,360.35409015041375,347.5538
2023-02-13,822.658952255249,2023-02-13,349.0876,362.3560168738488,349.0876
2023-02-14,815.4572600326538,2023-02-14,349.1827,359.1838925064216,349.1827
2023-02-15,825.1843321228027,2023-02-15,352.078,363.4683691887315,352.078
2023-02-16,823.9954945220946,2023-02-16,348.9699,362.94472271710254,348.9699
2023-02-17,818.9541179763794,2023-02-17,349.4292,360.72415109424634,349.4292
2023-02-20,810.2029682159423,2023-02-17,349.4292,356.86953824214595,349.4292
2023-02-21,798.849053616333,2023-02-21,338.0322,351.8684873705039,338.0322
2023-02-22,798.9020390190124,2023-02-22,340.0739,351.8918258139922,340.0739
2023-02-23,801.1670092704773,2023-02-23,342.0012,352.8894756862857,342.0012
2023-02-24,793.4263367156982,2023-02-24,340.1026,349.479947026584,340.1026
2023-02-27,801.9243686256409,2023-02-27,339.2503,353.22306923501804,339.2503
2023-02-28,800.3190685119629,2023-02-28,339.149,352.5159838097822,339.149
2023-03-01,793.9164230346679,2023-03-01,338.1541,349.6958150068441,338.1541
2023-03-02,800.0274752426147,2023-03-02,341.2033,352.38754592511737,341.2033
2023-03-03,813.7732763977051,2023-03-03,346.7786,358.4421494052641,346.7786
2023-03-06,818.4903272323609,2023-03-06,345.8558,360.5198655076071,345.8558
2023-03-07,818.2881598320008,2023-03-07,348.1574,360.43081697329603,348.1574
2023-03-08,820.9197342071533,2023-03-08,348.608,361.5899447091256,348.608
2023-03-09,825.0251350708007,2023-03-09,345.9644,363.3982477738932,345.9644
2023-03-10,811.3026439056397,2023-03-10,338.3631,357.353911628808,338.3631
2023-03-13,795.8340919418335,2023-03-13,336.2089,350.5404892974215,336.2089
2023-03-14,796.5264657592774,2023-03-14,337.2465,350.8454587115255,337.2465
2023-03-15,783.0422087860107,2023-03-15,339.2935,344.9060574153487,339.2935
2023-03-16,792.1919777015686,2023-03-16,340.8545,348.936249769627,340.8545
2023-03-17,787.6384688110352,2023-03-17,338.0678,346.9305688737344,338.0678
2023-03-20,785.0089118957519,2023-03-20,336.6301,345.7723297670511,336.6301
2023-03-21,787.0523164520264,2023-03-21,339.6471,346.6723867515933,339.6471
2023-03-22,792.4338291969299,2023-03-22,336.5797,349.042777929679,336.5797
2023-03-23,790.6572463836669,2023-03-23,335.6547,348.26024773281466,335.6547
2023-03-24,787.5413150024414,2023-03-24,340.8311,346.8877756031942,340.8311
2023-03-27,794.4150062561035,2023-03-27,340.3818,349.91542561182723,340.3818
2023-03-28,791.0420300216675,2023-03-28,338.8353,348.4297331143837,338.8353
2023-03-29,804.2622302970886,2023-03-29,345.278,354.25282554040496,345.278
2023-03-30,808.9153393844604,2023-03-30,346.3988,356.30237726576735,346.3988
2023-03-31,816.4600104103089,2023-03-31,351.0435,359.62557326826067,351.0435
2023-04-03,818.5502095375061,2023-04-03,352.033,360.5462418249306,352.033
2023-04-04,811.7328504943847,2023-04-04,347.4025,357.54340442591814,347.4025
2023-04-05,815.417351360321,2023-04-05,350.2075,359.1663139612595,350.2075
2023-04-06,820.3782729148865,2023-04-06,352.2121,361.35144763008776,352.2121
2023-04-07,820.3782729148865,2023-04-06,352.2121,361.35144763008776,352.2121
2023-04-10,820.3782729148865,2023-04-06,352.2121,361.35144763008776,352.2121
2023-04-11,828.3030731048584,2023-04-11,353.3843,364.8420788612767,353.3843
2023-04-12,819.3483354797364,2023-04-12,349.2176,360.89779180393145,349.2176
2023-04-13,821.2774823272705,2023-04-13,351.8319,361.74752177492473,351.8319
2023-04-14,824.069077468872,2023-04-14,352.2287,362.97713374652244,352.2287
2023-04-17,825.7504248138428,2023-04-17,354.2356,363.7177156428658,354.2356
2023-04-18,825.9495696144104,2023-04-18,353.6357,363.8054328147473,353.6357
2023-04-19,825.3605995788573,2023-04-19,354.1095,363.54600959257726,354.1095
2023-04-20,824.4065390625,2023-04-20,351.9397,363.12577522009997,351.9397
2023-04-21,823.392132598877,2023-04-21,352.8412,362.67896031017665,352.8412
2023-04-24,819.0882678756714,2023-04-24,351.469,360.7832400071406,351.469
2023-04-25,817.2249119300843,2023-04-25,348.3982,359.962488908997,348.3982
2023-04-26,814.4048011016846,2023-04-26,347.9988,358.7203166526564,347.9988
2023-04-27,818.2807158622742,2023-04-27,352.2028,360.42753813312476,352.2028
2023-04-28,823.7329704780578,2023-04-28,352.8,362.8290889339048,352.8
2023-05-01,823.7329704780578,2023-04-28,352.8,362.8290889339048,352.8
2023-05-02,811.6556457290649,2023-05-02,352.1976,357.50939809660235,352.1976
2023-05-03,814.8057970962524,2023-05-03,348.8342,358.8969430796534,348.8342
2023-05-04,810.4051800765991,2023-05-04,347.858,356.95860635985304,347.858
2023-05-05,813.5226171455383,2023-05-05,349.8922,358.3317416986942,349.8922
2023-05-08,813.632771069336,2023-05-08,349.9334,358.3802611209419,349.9334
2023-05-09,815.5297581710815,2023-05-09,349.5637,359.21582571106177,349.5637
2023-05-10,814.7071256378174,2023-05-10,351.754,358.85348133094254,351.754
2023-05-11,819.0329834899903,2023-05-11,354.8544,360.7588889322075,354.8544
2023-05-12,823.3557306861877,2023-05-12,355.8613,362.6629263849972,355.8613
2023-05-15,829.3324138755798,2023-05-15,356.6106,365.2954718750669,356.6106
2023-05-16,826.7704359474183,2023-05-16,356.3491,364.1669992378673,356.3491
2023-05-17,832.613961982727,2023-05-17,360.9052,366.74089308883475,360.9052
2023-05-18,847.3867800765992,2023-05-17,360.9052,373.2478660061325,360.9052
2023-05-19,847.4142741394044,2023-05-19,366.6527,373.2599762968653,366.6527
2023-05-22,851.3035158309937,2023-05-22,367.7892,374.9730678813677,367.7892
2023-05-23,854.3312858734131,2023-05-23,365.5584,376.30670764736476,365.5584
2023-05-24,845.9380261367799,2023-05-24,365.2599,372.6097343652817,365.2599
2023-05-25,852.4316618041992,2023-05-25,370.8383,375.469981554017,370.8383
2023-05-26,862.963043701172,2023-05-26,374.9468,380.10873201786706,374.9468
2023-05-29,870.8527207672118,2023-05-26,374.9468,383.58389259107156,374.9468
2023-05-30,869.8741409454346,2023-05-30,377.3737,383.1528582171792,377.3737
2023-05-31,864.3641237670898,2023-05-31,374.9512,380.72586478061834,374.9512
2023-06-01,870.1983306274415,2023-06-01,378.2941,383.2956538210701,378.2941
2023-06-02,878.577266544342,2023-06-02,380.1941,386.98631790023194,380.1941
2023-06-05,888.0982882080077,2023-06-05,383.5887,391.1800356944134,383.5887
2023-06-06,888.1847880821227,2023-06-05,383.5887,391.21813623383923,383.5887
2023-06-07,886.7931258087159,2023-06-07,381.7033,390.605151719609,381.7033
2023-06-08,883.873580078125,2023-06-08,382.2024,389.3191814410169,382.2024
2023-06-09,890.1129163513184,2023-06-09,383.3088,392.06741755233975,383.3088
2023-06-12,888.4202607116698,2023-06-12,386.0417,391.3218546993,386.0417
2023-06-13,898.4217379760743,2023-06-13,385.2745,395.72719843797665,385.2745
2023-06-14,892.2625018272399,2023-06-14,385.642,393.01424397275304,385.642
2023-06-15,893.5777008651733,2023-06-15,387.4458,393.59354877880344,387.4458
2023-06-16,895.1032589149474,2023-06-16,387.3123,394.2655102725799,387.3123
2023-06-19,897.6311172294617,2023-06-16,387.3123,395.3789542672726,387.3123
2023-06-20,898.240618988037,2023-06-20,392.0553,395.64742108321076,392.0553
2023-06-21,893.5963881141662,2023-06-21,385.0455,393.60177993837794,385.0455
2023-06-22,888.8626601867676,2023-06-22,386.0895,391.5167180885867,386.0895
2023-06-23,884.5446992874146,2023-06-22,386.0895,389.61478885264114,386.0895
2023-06-26,883.1035735130309,2023-06-26,380.8635,388.9800171845176,380.8635
2023-06-27,886.6425205879212,2023-06-27,385.8044,390.53881474269053,385.8044
2023-06-28,899.6046104049683,2023-06-28,389.2066,396.24821743452304,389.2066
2023-06-29,904.4878388023377,2023-06-29,391.4296,398.3991296524053,391.4296
2023-06-30,911.4082520713806,2023-06-30,394.3092,401.4473592746769,394.3092
2023-07-03,915.8031687774659,2023-07-03,396.492,403.3831851813222,396.492
2023-07-04,915.2646327209472,2023-07-03,396.492,403.14597657884104,396.492
2023-07-05,915.7689303283692,2023-07-05,396.4362,403.36810419544753,396.4362
2023-07-06,906.4562145767212,2023-07-06,395.005,399.2661387615401,395.005
2023-07-07,906.6608446502686,2023-07-07,389.4477,399.3562720277982,389.4477
2023-07-10,900.6333349723816,2023-07-10,389.4242,396.7013390296704,389.4242
2023-07-11,895.4298999023438,2023-07-11,386.5545,394.40938560125187,386.5545
2023-07-12,893.21630859375,2023-07-12,380.6124,393.4343665762115,380.6124
2023-07-13,880.722154006958,2023-07-13,377.8512,387.9310749899901,377.8512
2023-07-14,879.1915266265869,2023-07-14,379.687,387.25688061168927,379.687
2023-07-17,877.8824069458008,2023-07-17,381.9046,386.6802535758558,381.9046
2023-07-18,883.9213271484375,2023-07-18,382.0638,389.34021255988876,382.0638
2023-07-19,889.3211818237305,2023-07-19,385.1599,391.7186827953037,385.1599
2023-07-20,890.4877578849793,2023-07-20,383.932,392.2325237421209,383.932
2023-07-21,897.5670547470093,2023-07-21,387.2138,395.3507367101563,387.2138
2023-07-24,900.7685666389466,2023-07-24,387.3593,396.76090442784346,387.3593
2023-07-25,901.1620627975464,2023-07-25,387.8787,396.9342274073047,387.8787
2023-07-26,900.5023126792908,2023-07-26,390.0631,396.64362773130557,390.0631
2023-07-27,910.6811649093628,2023-07-27,390.3492,401.1270996978174,390.3492
2023-07-28,912.4819754104615,2023-07-28,394.4982,401.9203014475022,394.4982
2023-07-31,915.709586025238,2023-07-31,394.9533,403.3419648514972,394.9533
2023-08-01,919.6194524414062,2023-08-01,396.1995,405.06414099409875,396.1995
2023-08-02,912.5664504165649,2023-08-02,395.1436,401.95751009472247,395.1436
2023-08-03,912.5728644332886,2023-08-03,392.9537,401.9603352722104,392.9537
2023-08-04,907.9433692932129,2023-08-04,386.07,399.9211847657996,386.07
2023-08-07,902.9807541847229,2023-08-07,389.8281,397.7353051384513,389.8281
2023-08-08,906.8482192382812,2023-08-08,392.858,399.438804782337,392.858
2023-08-09,904.3235151672363,2023-08-09,388.6168,398.3267501350727,388.6168
2023-08-10,906.9866114501954,2023-08-10,387.0731,399.4997623037231,387.0731
2023-08-11,909.6262087821959,2023-08-11,392.3585,400.66242390577884,392.3585
2023-08-14,917.8755202522278,2023-08-14,394.2967,404.2959923949296,394.2967
2023-08-15,911.6266649932861,2023-08-15,390.4267,401.54356346257083,390.4267
2023-08-16,908.910852935791,2023-08-16,389.9283,400.34733161335305,389.9283
2023-08-17,905.7300688674927,2023-08-17,386.9808,398.9462938657364,386.9808
2023-08-18,904.3023615158081,2023-08-18,389.3742,398.31743260093197,389.3742
2023-08-21,902.5495072937011,2023-08-21,391.1543,397.54535412012046,391.1543
2023-08-22,907.7092942428588,2023-08-22,390.0665,399.8180818910745,390.0665
2023-08-23,916.6030153266908,2023-08-23,394.7175,403.73549303489,394.7175
2023-08-24,914.3106145477295,2023-08-24,391.3876,402.725760857217,391.3876
2023-08-25,913.1791100692749,2023-08-25,396.1616,402.227367866095,396.1616
2023-08-28,920.1555702209473,2023-08-28,396.0359,405.3002844198005,396.0359
2023-08-29,926.6771546173095,2023-08-29,400.5565,408.17284216574626,400.5565000000001
2023-08-30,923.1006801681518,2023-08-30,397.4236,406.5975149511148,397.4236
2023-08-31,930.2439227981567,2023-08-31,401.5995,409.7438940671218,401.59950000000003
2023-09-01,938.6657549438477,2023-09-01,404.1693,413.4534526183619,404.1693
2023-09-04,939.0602849349975,2023-09-01,404.1693,413.6272309693279,404.1693
2023-09-05,943.9143363647461,2023-09-05,405.9294,415.7652916285629,405.92939999999993
2023-09-06,935.7126588363648,2023-09-06,403.0572,412.1527044285808,403.0572
2023-09-07,934.4431650123596,2023-09-07,401.9874,411.59353136633996,401.9874
2023-09-08,936.130552734375,2023-09-08,400.6141,412.33677386336154,400.61410000000006
2023-09-11,934.0375604743957,2023-09-11,402.7194,411.41487501743666,402.71939999999995
2023-09-12,935.4749279022217,2023-09-12,402.0342,412.0479912492644,402.03420000000006
2023-09-13,939.6708932304382,2023-09-13,402.5213,413.89618518079,402.5213
2023-09-14,951.7457664489746,2023-09-14,407.0358,419.2147961941762,407.0358
2023-09-15,941.1252042312622,2023-09-15,404.1064,414.5367645364388,404.10640000000006
2023-09-18,946.0058408203124,2023-09-18,404.207,416.6865351423122,404.207
2023-09-19,933.4799087104797,2023-09-19,401.0459,411.16924653260537,401.0459
2023-09-20,936.025100328827,2023-09-20,396.1718,412.2903253155892,396.1718
2023-09-21,924.6943731231689,2023-09-21,394.0611,407.2994877792434,394.0611
2023-09-22,920.4561947250365,2023-09-22,390.6022,405.4327002861541,390.6022
2023-09-25,908.3335642089844,2023-09-25,388.7562,400.09305364912694,388.7562
2023-09-26,895.073825958252,2023-09-26,382.2269,394.2525459586029,382.2269
2023-09-27,895.1402617721558,2023-09-27,381.0556,394.28180889537396,381.0556
2023-09-28,895.6271832504273,2023-09-28,381.1466,394.4962828604516,381.1466
2023-09-29,891.2315859222413,2023-09-29,378.4616,392.56015716066264,378.4616
2023-10-02,894.1844169021606,2023-10-02,383.075,393.8607885698901,383.075
2023-10-03,887.0335264205933,2023-10-03,379.8722,390.7110408100214,379.8722
2023-10-04,880.3821202507019,2023-10-04,382.9442,387.78130055772766,382.9442
2023-10-05,881.6419110679626,2023-10-05,380.8306,388.3361997433324,380.8306
2023-10-06,887.326451877594,2023-10-06,385.0805,390.84006548245554,385.0805
2023-10-09,893.3669451255798,2023-10-09,385.0198,393.50071734467997,385.0198
2023-10-10,904.9782180366516,2023-10-10,385.3204,398.6151266528835,385.3204
2023-10-11,898.3618069419861,2023-10-11,386.7807,395.70080065704957,386.7807
2023-10-12,904.0869164772033,2023-10-12,387.6934,398.2225356745324,387.6934
2023-10-13,899.1443950653077,2023-10-13,386.6709,396.045506703756,386.6709
2023-10-16,902.1863401412963,2023-10-16,385.927,397.38539013693634,385.927
2023-10-17,899.7089332580566,2023-10-17,385.4216,396.2941684491086,385.4216
2023-10-18,897.2046469650268,2023-10-18,383.946,395.19110720633427,383.946
2023-10-19,890.93212141037,2023-10-19,378.4131,392.42825223527495,378.4131
2023-10-20,876.6683926849365,2023-10-20,374.2329,386.145517558228,374.2329
2023-10-23,878.8987961036682,2023-10-23,375.695,387.1279418017348,375.695
2023-10-24,886.5108812255859,2023-10-24,380.6441,390.4808316442645,380.6441
2023-10-25,884.5811828269958,2023-10-25,376.22,389.63085873196104,376.22
2023-10-26,880.0104574699402,2023-10-26,373.6242,387.6175945110265,373.6242
2023-10-27,874.0167323608398,2023-10-27,371.012,384.9775425784286,371.012
2023-10-30,873.5732029113769,2023-10-30,375.2122,384.78218147011876,375.2122
2023-10-31,882.497066230774,2023-10-31,377.8467,388.7128693434819,377.8467
2023-11-01,891.093230529785,2023-11-01,384.056,392.4992158571176,384.056
2023-11-02,905.4063471832276,2023-11-02,388.4183,398.8037044004854,388.4183
2023-11-03,903.98,2023-11-03,384.943,398.17544224813577,384.943
2023-11-06,894.783031578064,2023-11-06,385.4688,394.1244599600912,385.4688
2023-11-07,901.5388535385131,2023-11-07,387.7741,397.100192163073,387.7741
2023-11-08,896.9373747444153,2023-11-08,386.8113,395.0733819971011,386.8113
2023-11-09,899.1918706512452,2023-11-09,383.5354,396.0664182420939,383.5354
2023-11-10,896.9680720062255,2023-11-10,389.6421,395.0869031986731,389.6421
2023-11-13,901.4236001586913,2023-11-13,387.3748,397.04942658697496,387.3748
2023-11-14,911.0396803627015,2023-11-14,387.7837,401.2850147503473,387.7837
2023-11-15,897.9873990325929,2023-11-15,384.8502,395.5358854654482,384.8502
2023-11-16,895.9056539794923,2023-11-16,386.719,394.61894066891927,386.719
2023-11-17,899.0770819702149,2023-11-17,387.0866,396.01585735154947,387.0866
2023-11-20,894.8483421020508,2023-11-20,387.0332,394.15322724119466,387.0332
2023-11-21,893.663037902832,2023-11-21,384.7852,393.6311371244637,384.7852
2023-11-22,900.1289186096192,2023-11-22,389.56,396.47915910498165,389.56
2023-11-23,903.4813616981506,2023-11-22,389.56,397.9558073819211,389.56
2023-11-24,901.8507181091309,2023-11-24,387.2688,397.23755893371754,387.2688
2023-11-27,899.1067928466796,2023-11-27,387.0601,396.02894408065407,387.0601
2023-11-28,897.764915725708,2023-11-28,384.377,395.4378883979116,384.377
2023-11-29,893.9193108558655,2023-11-29,384.0307,393.74401749395236,384.0307
2023-11-30,902.7359880371093,2023-11-30,389.6071,397.6274931635476,389.6071
2023-12-01,907.6503960227966,2023-12-01,390.242,399.7921390330235,390.242
2023-12-04,903.619586982727,2023-12-04,389.1333,398.01669137693875,389.1333
2023-12-05,902.7016799736023,2023-12-05,390.0009,397.61238151466205,390.0009
2023-12-06,902.4622259712219,2023-12-06,388.4478,397.5069093766768,388.4478
2023-12-07,904.7331350852966,2023-12-07,389.6908,398.507175135656,389.6908
2023-12-08,908.6822232055664,2023-12-08,392.9433,400.2466272350004,392.9433
2023-12-11,916.6385731048584,2023-12-11,395.9967,403.7511551447235,395.9967
2023-12-12,915.313251296997,2023-12-12,396.0218,403.16739156923916,396.0218
2023-12-13,918.5567848434448,2023-12-13,399.9877,404.59606853587945,399.9877
2023-12-14,910.0073216247558,2023-12-14,393.8612,400.83029241463163,393.8612
2023-12-15,918.9989024162293,2023-12-15,395.9006,404.7908077558502,395.9006
2023-12-18,913.8677222442626,2023-12-18,394.4899,402.53068039216106,394.4899
2023-12-19,917.4451452255249,2023-12-19,394.9753,404.1064254060693,394.9753
2023-12-20,916.8069894332885,2023-12-20,390.0702,403.8253373678418,390.0702
2023-12-21,907.3210641937256,2023-12-21,392.0871,399.6470784711895,392.0871
2023-12-22,907.1120137390137,2023-12-22,389.4784,399.5549981627124,389.4784
2023-12-25,907.1120137390137,2023-12-22,389.4784,399.5549981627124,389.4784
2023-12-26,907.1120137390137,2023-12-22,389.4784,399.5549981627124,389.4784
2023-12-27,904.711859527588,2023-12-27,388.4167,398.49780390554065,388.4167
2023-12-28,905.9934119384766,2023-12-28,390.1638,399.0622884051642,390.1638
2023-12-29,912.7569837036133,2023-12-29,393.9872,402.0414341592299,393.9872
2024-01-01,912.7569837036133,2023-12-29,393.9872,402.0414341592299,393.9872
2024-01-02,917.0784101257325,2024-01-02,394.863,403.94488985157943,394.863
2024-01-03,915.9347751045227,2024-01-03,395.159,403.44115372872193,395.159
2024-01-04,915.3604800682068,2024-01-04,391.3098,403.1881943932655,391.3098
2024-01-05,917.0905614852904,2024-01-05,391.6935,403.9502421524776,391.6935
2024-01-08,916.8026085777283,2024-01-08,398.0424,403.82340773543825,398.0424
2024-01-09,923.7154781570434,2024-01-09,399.4888,406.868314593939,399.4888
2024-01-10,923.0358585128783,2024-01-10,399.9299,406.56896300167375,399.9299
2024-01-11,919.228919517517,2024-01-11,402.2889,404.8921232285707,402.2889
2024-01-12,931.0218186950683,2024-01-12,402.0589,410.0865333321229,402.0589
2024-01-15,933.1868691711426,2024-01-12,402.0589,411.0401716104039,402.0589
2024-01-16,939.2542601966858,2024-01-16,406.1983,413.7126711180125,406.1983000000001
2024-01-17,938.5825230789185,2024-01-17,405.9875,413.4167915366706,405.9875
2024-01-18,940.0300938720703,2024-01-18,409.1047,414.05440203773117,409.1047
2024-01-19,944.5854949951173,2024-01-19,413.55,416.0609164039637,413.55000000000007
2024-01-22,953.3238096046448,2024-01-22,413.8894,419.90987576606454,413.8894
2024-01-23,953.9196050033569,2024-01-23,416.301,420.1723053512009,416.301
2024-01-24,960.0203818702697,2024-01-24,414.3,422.85951029715125,414.29999999999995
2024-01-25,963.4561180114746,2024-01-25,416.265,424.3728466071052,416.26500000000004
2024-01-26,961.7047931465148,2024-01-26,415.6188,423.60144176117336,415.6188
2024-01-29,968.7973942749023,2024-01-29,420.6513,426.72551485016345,420.6513
2024-01-30,966.3087807655335,2024-01-30,418.5048,425.6293569875143,418.5048
2024-01-31,958.2927863571167,2024-01-31,409.8266,422.0985575023156,409.8266
2024-02-01,959.9950536743164,2024-02-01,417.1225,422.84835400428517,417.12249999999995
2024-02-02,969.7465761108399,2024-02-02,422.3444,427.14360031366743,422.34439999999995
2024-02-05,980.0066171569824,2024-02-05,427.0016,431.66283346155996,427.0016
2024-02-06,983.152061252594,2024-02-06,423.9794,433.0483050359719,423.9794
2024-02-07,977.8893750000001,2024-02-07,424.8809,430.73025328035806,424.88089999999994
2024-02-08,978.1216480827331,2024-02-08,425.9963,430.8325624436577,425.9963
2024-02-09,980.6331466255187,2024-02-09,427.0987,431.9388004610687,427.0987
2024-02-12,984.5971611328124,2024-02-12,425.0847,433.68482717573016,425.0847
2024-02-13,976.6318136138916,2024-02-13,425.7123,430.1763360907434,425.7123
2024-02-14,983.3677885093689,2024-02-14,427.7647,433.1433262708126,427.7647
2024-02-15,983.4552068710327,2024-02-15,427.095,433.1818313758107,427.095
2024-02-16,988.1195133094787,2024-02-16,426.4265,435.2363151906174,426.4265
2024-02-19,983.7094519424438,2024-02-16,426.4265,433.2938185256906,426.4265
2024-02-20,972.2176757583619,2024-02-20,420.4116,428.2320438577628,420.4116
2024-02-21,970.1660635185241,2024-02-21,421.0876,427.3283716405466,421.0876
2024-02-22,983.8036416778564,2024-02-22,428.0186,433.33530621297706,428.01859999999994
2024-02-23,985.9462481918335,2024-02-23,427.5376,434.27905861487375,427.53759999999994
2024-02-26,983.1867102241516,2024-02-26,425.6758,433.0635668443896,425.6758
2024-02-27,983.0566709785462,2024-02-27,426.6249,433.0062885482674,426.6249
2024-02-28,984.5155102539063,2024-02-28,427.2564,433.64886246985355,427.2564
2024-02-29,989.1405480957031,2024-02-29,429.0912,435.68604967318964,429.0912000000001
2024-03-01,994.0534341522217,2024-03-01,431.8681,437.8500251795825,431.8681000000001
2024-03-04,997.8304173461914,2024-03-04,433.231,439.51367034166867,433.231
2024-03-05,994.6743092353821,2024-03-05,429.4399,438.1235015958951,429.4399
2024-03-06,996.4494012603759,2024-03-06,429.2002,438.90537514628676,429.2002
2024-03-07,995.1374240783691,2024-03-07,432.3042,438.3274894688769,432.3042
2024-03-08,992.5688799743652,2024-03-08,427.6592,437.1961246327681,427.6592
2024-03-11,988.1035654830933,2024-03-11,428.1978,435.2292906626148,428.1978
2024-03-12,995.0226852722168,2024-03-12,432.5829,438.2769505466852,432.5829
2024-03-13,997.2515355148315,2024-03-13,431.1865,439.2586906637874,431.1865
2024-03-14,1000.9336034202577,2024-03-14,433.4848,440.8805285547039,433.4848
2024-03-15,998.4043208770752,2024-03-15,431.8814,439.76645723099966,431.8814
2024-03-18,1011.9018299331665,2024-03-18,436.732,445.7116956628869,436.732
2024-03-19,1015.9656203880311,2024-03-19,438.7227,447.5016706198211,438.7226999999999
2024-03-20,1019.2879731330872,2024-03-20,443.4077,448.9650650240857,443.4076999999999
2024-03-21,1034.3740353355408,2024-03-21,445.2071,455.6100123561559,445.2071
2024-03-22,1037.4678656959534,2024-03-22,448.5886,456.9727496645012,448.5886
2024-03-25,1039.2644595108034,2024-03-25,448.1186,457.764094093325,448.1186
2024-03-26,1041.2609521942138,2024-03-26,447.5262,458.6434878378349,447.52619999999996
2024-03-27,1045.3430818023683,2024-03-27,451.821,460.4415406288714,451.82099999999997
2024-03-28,1053.98434009552,2024-03-28,455.1657,464.2477496627616,455.1657000000001
2024-03-29,1053.98434009552,2024-03-28,455.1657,464.2477496627616,455.1657000000001
2024-04-01,1053.98434009552,2024-03-28,455.1657,464.2477496627616,455.1657000000001
2024-04-02,1048.1959078216553,2024-04-02,450.9221,461.69812292260195,450.9221
2024-04-03,1050.732211303711,2024-04-03,448.7815,462.8152867543715,448.78150000000005
2024-04-04,1045.7058990821838,2024-04-04,441.6642,460.60135050391926,441.66419999999994
2024-04-05,1040.0370973663328,2024-04-05,447.328,458.10441735249344,447.328
2024-04-08,1036.501473197937,2024-04-08,444.0623,456.54708343263434,444.06229999999994
2024-04-09,1029.5287148780824,2024-04-09,444.8199,453.4757974222166,444.81989999999996
2024-04-10,1032.375302593231,2024-04-10,446.5049,454.7296319344595,446.5049
2024-04-11,1042.817481513977,2024-04-11,452.3024,459.3290912253756,452.3023999999999
2024-04-12,1051.2411210617065,2024-04-12,452.1679,463.0394458817352,452.1679
2024-04-15,1048.014143737793,2024-04-15,446.5582,461.61806142292636,446.55820000000006
2024-04-16,1038.0514569854736,2024-04-16,446.0324,457.2298037141448,446.0324
2024-04-17,1036.3977112815855,2024-04-17,445.5031,456.5013794934634,445.5031
2024-04-18,1035.2973817749023,2024-04-18,442.7844,456.016718120488,442.7844
2024-04-19,1028.1349874267578,2024-04-19,436.6594,452.8619032605044,436.6594
2024-04-22,1024.1340253295898,2024-04-22,440.8891,451.0996022666131,440.8891
2024-04-23,1035.7533845443725,2024-04-23,443.4113,456.21757334339134,443.4113
2024-04-24,1037.5870891189575,2024-04-24,445.8408,457.02526392276013,445.84080000000006
2024-04-25,1026.5364992675782,2024-04-25,444.9711,452.15781829213154,444.9711
2024-04-26,1051.1737908020018,2024-04-26,451.1982,463.00978896904405,451.1982
2024-04-29,1049.6167679214477,2024-04-29,452.3481,462.323968183125,452.34810000000004
2024-04-30,1052.7866856765747,2024-04-30,448.8131,463.7202196533322,448.8131
2024-05-01,1052.7866856765747,2024-04-30,448.8131,463.7202196533322,448.8131
2024-05-02,1038.412972869873,2024-05-02,448.7764,457.3890403644584,448.7764
2024-05-03,1043.5080877609253,2024-05-03,450.828,459.6332820789319,450.82800000000003
2024-05-06,1049.876958847046,2024-05-06,454.2147,462.4385742992659,454.2147
2024-05-07,1062.3402160186765,2024-05-07,456.6225,467.9282565225078,456.6225
2024-05-08,1066.9285998001099,2024-05-08,458.8183,469.9492987373537,458.81829999999997
2024-05-09,1068.2063628463745,2024-05-08,458.8183,470.5121141381754,458.81829999999997
2024-05-10,1068.5667790489197,2024-05-10,460.2386,470.67086641238694,460.2386
2024-05-13,1068.373834991455,2024-05-13,459.6355,470.58588047750993,459.6355
2024-05-14,1070.3429350547792,2024-05-14,461.8301,471.453208613691,461.83009999999996
2024-05-15,1073.2452718162538,2024-05-15,463.1278,472.73159886961827,463.1278
2024-05-16,1072.1281769989014,2024-05-16,462.4301,472.23955289190593,462.4301
2024-05-17,1071.956958618164,2024-05-17,462.6245,472.16413645075556,462.6245
2024-05-20,1074.3141144493104,2024-05-20,463.0374,473.20239124125374,463.0374
2024-05-21,1068.9494846191405,2024-05-21,463.5874,470.8394364688854,463.5874
2024-05-22,1074.2381050300598,2024-05-22,463.7835,473.1689114251902,463.7835
2024-05-23,1070.9847233963012,2024-05-23,461.6575,471.7358966783774,461.6575
2024-05-24,1067.5256001052855,2024-05-24,460.8384,470.21225904680256,460.8384
2024-05-27,1064.4495753479002,2024-05-24,460.8384,468.8573645600461,460.8384
2024-05-28,1053.6565718078612,2024-05-28,457.1219,464.1033777929265,457.12190000000004
2024-05-29,1054.8394208450318,2024-05-29,457.5564,464.62438648613676,457.5564
2024-05-30,1049.283402267456,2024-05-30,453.3382,462.17713084523206,453.3382
2024-05-31,1036.181622299194,2024-05-31,452.706,456.40619892959177,452.7060000000001
2024-06-03,1042.4851546478271,2024-06-03,450.914,459.1827114416412,450.91399999999993
2024-06-04,1036.8313653526304,2024-06-04,452.722,456.6923908007058,452.722
2024-06-05,1045.233758506775,2024-06-05,456.8202,460.39338707285145,456.82020000000006
2024-06-06,1045.5285342712402,2024-06-05,456.8202,460.5232267489283,456.82020000000006
2024-06-07,1052.4116241264342,2024-06-07,460.8047,463.55501655304516,460.8047
2024-06-10,1059.0461618652344,2024-06-10,460.79,466.47732677922124,460.78999999999996
2024-06-11,1049.0921622711182,2024-06-11,461.2538,462.0928954969751,461.25379999999996
2024-06-12,1053.9308742294313,2024-06-12,457.3797,464.22419958988934,457.3797
2024-06-13,1052.3502256469726,2024-06-13,464.2225,463.52797240747446,464.22249999999997
2024-06-14,1060.3929121147155,2024-06-14,467.4809,467.07052892549103,467.48089999999996
2024-06-17,1062.4284501319885,2024-06-17,469.0244,467.96712094106726,469.0244
2024-06-18,1064.948130912781,2024-06-18,467.2107,469.07696298316574,467.2107
2024-06-19,1062.2797564086914,2024-06-18,467.2107,467.90162592012285,467.2107
2024-06-20,1065.0641705322269,2024-06-20,465.6942,469.1280748736845,465.69419999999997
2024-06-21,1065.8212120018004,2024-06-20,465.6942,469.4615284035719,465.69419999999997
2024-06-24,1068.6421947479248,2024-06-24,463.5731,470.70408471290665,463.57309999999995
2024-06-25,1064.8284981842041,2024-06-25,468.0357,469.0242684383656,468.03569999999996
2024-06-26,1072.4819177719116,2024-06-26,470.6299,472.39536484431034,470.6299
2024-06-27,1074.8650981445312,2024-06-27,472.7713,473.44508264650165,472.77129999999994
2024-06-28,1081.265333026886,2024-06-28,470.3121,476.264189656362,470.31209999999993
2024-07-01,1075.9793373680116,2024-07-01,473.8044,473.93587082276605,473.80439999999993
2024-07-02,1082.6741309051513,2024-07-02,475.1843,476.88472187855336,475.1843
2024-07-03,1081.3366236343384,2024-07-03,472.6484,476.29559098067284,472.64840000000004
2024-07-04,1080.4410355567932,2024-07-03,472.6484,475.9011119226752,472.64840000000004
2024-07-05,1082.9509820899964,2024-07-05,477.0386,477.0066663275042,477.0385999999999
2024-07-08,1086.9288308143616,2024-07-08,479.7468,478.7587865901431,479.7468
2024-07-09,1092.4686545257566,2024-07-09,480.7912,481.19890888959816,480.7912
2024-07-10,1095.3710012054444,2024-07-10,485.1051,482.477303514194,485.1051
2024-07-11,1094.6709978790284,2024-07-11,479.2565,482.16897353557624,479.25649999999996
2024-07-12,1107.6188163490292,2024-07-12,484.8713,487.87209013709526,484.8713
2024-07-15,1111.753507041931,2024-07-15,487.1911,489.6932944725954,487.1911
2024-07-16,1114.8705840110779,2024-07-16,490.3862,491.0662711985313,490.38620000000003
2024-07-17,1098.900631702423,2024-07-17,480.7108,484.03199740577014,480.71080000000006
2024-07-18,1094.972802305603,2024-07-18,476.9285,482.30190912156684,476.9285
2024-07-19,1095.1713212585446,2024-07-19,478.8102,482.38935062677956,478.8102
2024-07-22,1102.2904882507323,2024-07-22,486.3648,485.52512516333195,486.36480000000006
2024-07-23,1116.8504810371398,2024-07-23,488.0926,491.9383550653846,488.09259999999995
2024-07-24,1099.0691485404968,2024-07-24,477.6319,484.1062239003013,477.6319
2024-07-25,1101.4812709960936,2024-07-25,475.4831,485.1686898016641,475.4830999999999
2024-07-26,1099.5933664321901,2024-07-26,479.9859,484.33712579067424,479.9859000000001
2024-07-29,1101.3762986450195,2024-07-29,481.5763,485.1224527031522,481.57630000000006
2024-07-30,1098.0399084625244,2024-07-30,477.197,483.6528752385763,477.19699999999995
2024-07-31,1107.5305813789369,2024-07-31,482.8112,487.83322534115035,482.8112
2024-08-01,1087.515510284424,2024-08-01,474.1337,479.0172008885236,474.1337
2024-08-02,1050.7423747749328,2024-08-02,459.9496,462.819763451476,459.9495999999999
2024-08-05,1022.3045869750977,2024-08-05,443.9094,450.29379082624314,443.9094
2024-08-06,1032.5423858642578,2024-08-06,448.6537,454.80322698670994,448.6537
2024-08-07,1035.768724082947,2024-08-07,443.0656,456.22432993928487,443.0656
2024-08-08,1041.9980697250364,2024-08-08,455.0076,458.9681654842698,455.0076000000001
2024-08-09,1046.136456741333,2024-08-09,456.5998,460.7909979367663,456.5998000000001
2024-08-12,1047.839399581909,2024-08-12,457.187,461.541091986048,457.18700000000007
2024-08-13,1059.3804158477783,2024-08-13,465.1839,466.62455539857416,465.1839
2024-08-14,1060.0697929962157,2024-08-14,464.1238,466.9282048719639,464.1238
2024-08-15,1081.3248845672608,2024-08-15,474.2518,476.290420281957,474.25180000000006
2024-08-16,1085.6892845458983,2024-08-16,476.584,478.21280450687533,476.584
2024-08-19,1083.1875542564392,2024-08-19,473.5525,477.1108691052172,473.5525
2024-08-20,1071.1159851264954,2024-08-20,469.4975,471.7937134414367,469.49750000000006
2024-08-21,1071.6255304718018,2024-08-21,470.8597,472.01815252550136,470.85970000000003
2024-08-22,1074.8124111328125,2024-08-22,467.9871,473.42187563507235,467.98710000000005
2024-08-23,1079.1223622894286,2024-08-23,471.5493,475.3202768252021,471.5493
2024-08-26,1075.6450108795166,2024-08-26,469.7996,473.7886102667673,469.7996
2024-08-27,1073.7390159545896,2024-08-27,469.9295,472.949078007032,469.9295
2024-08-28,1069.6839811325076,2024-08-28,467.258,471.1629596375835,467.258
2024-08-29,1082.837226234436,2024-08-29,470.1871,476.9565603648767,470.1871
2024-08-30,1078.3688288955686,2024-08-30,474.0958,474.9883684949858,474.0958
2024-09-02,1086.2906653594973,2024-08-30,474.0958,478.47769429582456,474.0958
2024-09-03,1077.838146118164,2024-09-03,468.5682,474.7546190208974,468.5682
2024-09-04,1068.4347951812742,2024-09-04,464.0074,470.6127315699465,464.0074
2024-09-05,1060.51825756073,2024-09-05,464.2126,467.1257397469701,464.2126
2024-09-06,1043.3610536148074,2024-09-06,455.1977,459.56851805079407,455.1977
2024-09-09,1063.482158050537,2024-09-09,465.3124,468.4312469355233,465.3124
2024-09-10,1063.6387378654479,2024-09-10,467.7872,468.50021553775935,467.7872
2024-09-11,1058.7437506866456,2024-09-11,472.4238,466.34412393759277,472.4238000000001
2024-09-12,1076.3630502929686,2024-09-12,473.0852,474.10488458810505,473.0852
2024-09-13,1079.373411693573,2024-09-13,470.7426,475.4308563817425,470.7426
2024-09-16,1070.2134200553894,2024-09-16,470.4727,471.3961612319349,470.47270000000003
2024-09-17,1077.503555721283,2024-09-17,469.6577,474.6072422213552,469.6577
2024-09-18,1071.7713461608885,2024-09-18,468.6887,472.0823798607177,468.6887
2024-09-19,1086.4347548675537,2024-09-19,475.9379,478.5411613012823,475.9379
2024-09-20,1085.269417449951,2024-09-20,474.8785,478.02786593897093,474.8785
2024-09-23,1091.0247115783693,2024-09-23,475.442,480.56289634323986,475.44199999999995
2024-09-24,1084.8310078353882,2024-09-24,474.45,477.83475996078073,474.44999999999993
2024-09-25,1086.7835102844238,2024-09-25,474.6571,478.69477735733295,474.6571
2024-09-26,1088.2803848266603,2024-09-26,476.9148,479.3541046464821,476.9148
2024-09-27,1089.6707548980712,2024-09-27,475.4542,479.9665199853973,475.45419999999996
2024-09-30,1089.2748420715332,2024-09-30,477.9832,479.7921325378891,477.9832
2024-10-01,1092.8675135650635,2024-10-01,478.7314,481.3745940533969,478.7314
2024-10-02,1099.9027730941773,2024-10-02,478.4211,484.4734099280128,478.4211
2024-10-03,1098.6768805618287,2024-10-03,478.9206,483.93344189640084,478.92060000000004
2024-10-04,1103.1160355567933,2024-10-04,483.922,485.88875341139897,483.922
2024-10-07,1109.2307046051026,2024-10-07,480.6636,488.58207743683266,480.66360000000003
2024-10-08,1106.5955565948486,2024-10-08,484.3591,487.42137562443395,484.3591
2024-10-09,1116.7937019195556,2024-10-09,488.779,491.9133456069291,488.779
2024-10-10,1118.956245540619,2024-10-10,488.6675,492.8658796925259,488.6675
2024-10-11,1122.002276535034,2024-10-11,489.6279,494.2075628473554,489.62789999999995
2024-10-14,1133.1873295440673,2024-10-14,495.1583,499.1342353715712,495.15830000000005
2024-10-15,1123.3871859970095,2024-10-15,489.5632,494.81757295542826,489.5632
2024-10-16,1127.2704417572022,2024-10-16,495.2889,496.52802792088914,495.2889
2024-10-17,1144.3690325775146,2024-10-17,498.2559,504.0594323343694,498.2559
2024-10-18,1143.4204913673402,2024-10-18,500.9536,503.6416290468499,500.9536
2024-10-21,1139.6874558067323,2024-10-21,500.0598,501.9973414682828,500.0598
2024-10-22,1138.4767254333497,2024-10-22,498.3758,501.46405190229143,498.37579999999997
2024-10-23,1135.8591575317384,2024-10-23,496.5772,500.3110935881268,496.5772
2024-10-24,1134.9572284851074,2024-10-24,497.1973,499.9138215278835,497.19730000000004
2024-10-25,1141.7736255455015,2024-10-25,496.7655,502.9162352030326,496.7655
2024-10-28,1143.4292835006713,2024-10-28,501.3498,503.64550171170686,501.3498
2024-10-29,1148.9359446029664,2024-10-29,503.0837,506.07101689978293,503.0837
2024-10-30,1148.0643040008545,2024-10-30,501.4965,505.6870859696436,501.4965
2024-10-31,1134.840401272583,2024-10-31,493.7277,499.86236272678883,493.72769999999997
2024-11-01,1141.3407661170959,2024-11-01,497.2047,502.72557391148115,497.2047
2024-11-04,1135.1058990898132,2024-11-04,494.3412,499.97930636579804,494.3412
2024-11-05,1142.8270091362,2024-11-05,500.9328,503.3802183410261,500.9328
2024-11-06,1177.092805278778,2024-11-06,514.8284,518.4732497499682,514.8284
2024-11-07,1178.7483750000001,2024-11-07,511.8461,519.2024773942968,511.8461
2024-11-08,1186.2944889068604,2024-11-08,519.3491,522.5263089415864,519.3491
2024-11-11,1199.7140718383791,2024-11-11,521.2478,528.4372233075493,521.2478
2024-11-12,1190.4418729553222,2024-11-12,521.5077,524.3531043105871,521.5077
2024-11-13,1199.8030051841736,2024-11-13,522.6253,528.4763957165542,522.6253
2024-11-14,1200.0403104095458,2024-11-14,519.6597,528.5809213842242,519.6597
2024-11-15,1183.1002521286014,2024-11-15,514.863,521.1193456881643,514.863
2024-11-18,1187.7819610595702,2024-11-18,514.5929,523.1814947667563,514.5929
2024-11-19,1185.0432353515623,2024-11-19,516.767,521.9751701578242,516.767
2024-11-20,1187.88780708313,2024-11-20,520.4086,523.2281166911806,520.4086
2024-11-21,1203.1816625061035,2024-11-21,522.398,529.9645905586573,522.398
2024-11-22,1211.909717628479,2024-11-22,524.7868,533.8090309315836,524.7868
2024-11-25,1203.731396385193,2024-11-25,524.5266,530.2067314582625,524.5266
2024-11-26,1207.725601867676,2024-11-26,527.0952,531.9660563707802,527.0952
2024-11-27,1198.3242881469725,2024-11-27,521.0986,527.8250662510269,521.0986
2024-11-28,1204.8611285209656,2024-11-27,521.0986,530.7043437868354,521.0986
2024-11-29,1207.1439935150147,2024-11-29,525.2267,531.7098757439564,525.2267
2024-12-02,1218.461556106567,2024-12-02,532.0529,536.6949146718778,532.0529
2024-12-03,1222.7200332069394,2024-12-03,532.9005,538.5706431202332,532.9005
2024-12-04,1223.7992823791503,2024-12-04,533.2548,539.0460192529363,533.2548
2024-12-05,1218.2230415496824,2024-12-05,530.0628,536.5898563307969,530.0628
2024-12-06,1220.228046318054,2024-12-06,534.2032,537.4729993874531,534.2032
2024-12-09,1217.624835205078,2024-12-09,529.597,536.3263647979992,529.597
2024-12-10,1219.725260822296,2024-12-10,531.6634,537.2515378096201,531.6634
2024-12-11,1225.0101366310123,2024-12-11,535.7909,539.5793633835954,535.7909
2024-12-12,1220.2075386047363,2024-12-12,534.7042,537.4639663692228,534.7042
2024-12-13,1215.9264390563965,2024-12-13,532.6596,535.578273426936,532.6596
2024-12-16,1211.729249486542,2024-12-16,530.1479,533.729540254547,530.1479
2024-12-17,1210.123927001953,2024-12-17,530.7234,533.0224449756116,530.7234
2024-12-18,1214.267779449463,2024-12-18,518.5951,534.8476847827958,518.5951
2024-12-19,1192.1572810173034,2024-12-19,517.9412,525.1086889072766,517.9412
2024-12-20,1196.258215484619,2024-12-20,522.6837,526.9150246615566,522.6837
2024-12-23,1194.336,2024-12-23,527.1021,526.0683477431686,527.1021
2024-12-24,1199.484,2024-12-23,527.1021,528.3358837248202,527.1021
2024-12-25,1199.484,2024-12-23,527.1021,528.3358837248202,527.1021
2024-12-26,1199.484,2024-12-23,527.1021,528.3358837248202,527.1021
2024-12-27,1200.2964919738772,2024-12-27,526.065,528.6937614997947,526.065
2024-12-30,1189.8864929351805,2024-12-30,522.4532,524.108476459157,522.4532
2024-12-31,1187.0377680358886,2024-12-30,522.4532,522.8537005828999,522.4532
2025-01-01,1187.0377680358886,2024-12-30,522.4532,522.8537005828999,522.4532
2025-01-02,1203.5106150993345,2025-01-02,523.7422,530.1094840787445,523.7422
2025-01-03,1203.0921940536502,2025-01-03,528.4559,529.9251824515943,528.4559
2025-01-06,1212.4855444908144,2025-01-03,528.4559,534.0626649893821,528.4559
2025-01-07,1204.932343482971,2025-01-07,525.6147,530.7357117916487,525.6147
2025-01-08,1209.7335210800168,2025-01-08,529.6916,532.8504831505455,529.6916
2025-01-09,1209.048954437256,2025-01-08,529.6916,532.5489525572475,529.6916
2025-01-10,1197.3550264053345,2025-01-10,523.495,527.3981362054164,523.495
2025-01-13,1196.7445754776002,2025-01-13,526.567,527.1292513095987,526.567
2025-01-14,1195.2333648681642,2025-01-14,521.613,526.4636094228952,521.613
2025-01-15,1212.9481794700623,2025-01-15,528.7251,534.2664414971164,528.7251
2025-01-16,1214.9981605148314,2025-01-16,529.2679,535.1693952229745,529.2679
2025-01-17,1227.7477510681151,2025-01-17,533.7625,540.7851985118043,533.7625
2025-01-20,1220.8882754058839,2025-01-17,533.7625,537.7638100348477,533.7625
2025-01-21,1219.5629859924315,2025-01-21,533.39,537.1800607281062,533.39
2025-01-22,1229.0903670043947,2025-01-22,536.633,541.3765796200119,536.633
2025-01-23,1230.7994165000916,2025-01-23,539.9024,542.12936346343,539.9024
2025-01-24,1224.2795180358887,2025-01-24,534.2448,539.2575483188505,534.2448
2025-01-27,1208.2871185913086,2025-01-27,528.6887,532.2133872517312,528.6887
2025-01-28,1221.6609019775392,2025-01-28,536.7701,538.1041283238159,536.7701
2025-01-29,1223.7337525405885,2025-01-29,534.6695,539.0171553704945,534.6695
2025-01-30,1228.666431503296,2025-01-30,537.9676,541.1898490445184,537.9676
2025-01-31,1241.2573235015868,2025-01-31,538.7944,546.7357504911411,538.7944
2025-02-03,1230.8206260223387,2025-02-03,535.4519,542.1387056069516,535.4519
2025-02-04,1223.9525065155028,2025-02-04,532.501,539.1135097817702,532.501
2025-02-05,1214.8269972976682,2025-02-05,531.0668,535.0940030796853,531.0668
2025-02-06,1224.25293309021,2025-02-06,534.9208,539.2458384663065,534.9208
2025-02-07,1217.5311875,2025-02-07,530.8931,536.2851158584376,530.8931
2025-02-10,1224.1204609413148,2025-02-10,533.0784,539.1874885509633,533.0784
2025-02-11,1218.6457843399046,2025-02-11,531.0914,536.7760615537599,531.0914
2025-02-12,1214.1857594528196,2025-02-12,531.7423,534.8115574918859,531.7423
2025-02-13,1219.5865953712462,2025-02-13,533.0835,537.1904599347819,533.0835
2025-02-14,1212.944245883942,2025-02-14,529.4397,534.2647088731721,529.4397
2025-02-17,1215.9826502685546,2025-02-14,529.4397,535.6030327404832,529.4397
2025-02-18,1216.223557636261,2025-02-18,530.9669,535.7091450412833,530.9669
2025-02-19,1220.2514373779295,2025-02-19,531.9735,537.4833024313374,531.9735
2025-02-20,1202.9690168151856,2025-02-20,526.1372,529.8709266589876,526.1372
2025-02-21,1201.7186079978942,2025-02-21,518.0271,529.320159956388,518.0271
2025-02-24,1189.8020434036255,2025-02-24,516.2051,524.0712790326934,516.2051
2025-02-25,1170.66763331604,2025-02-25,511.8396,515.6431587216451,511.8396000000001
2025-02-26,1185.5037631988525,2025-02-26,513.6074,522.1780185386096,513.6074
2025-02-27,1189.4936186218263,2025-02-27,510.7666,523.9354273834389,510.7666
2025-02-28,1180.6137170715333,2025-02-28,516.3204,520.0241033199553,516.3204
2025-03-03,1179.27974319458,2025-03-03,502.6687,519.4365287736122,502.6687
2025-03-04,1135.8673223381043,2025-03-04,495.7154,500.3146899347114,495.7154
2025-03-05,1109.7847043037414,2025-03-05,489.3773,488.82609729900975,489.37729999999993
2025-03-06,1106.8879332733154,2025-03-06,478.0751,487.5501585767687,478.0751
2025-03-07,1087.8023107948304,2025-03-07,474.9893,479.1435277099888,474.9893
2025-03-10,1079.1793798713682,2025-03-10,465.5015,475.34539131988646,465.5015000000001
2025-03-11,1059.2096271400453,2025-03-11,457.4697,466.54932821519344,457.46969999999993
2025-03-12,1069.4623392906187,2025-03-12,461.4165,471.0653332095488,461.4165
2025-03-13,1071.1774793243408,2025-03-13,461.3644,471.82079974801735,461.3644
2025-03-14,1081.9680934295654,2025-03-14,467.6503,476.5737340424451,467.6503
2025-03-17,1082.98265789032,2025-03-17,468.3863,477.0206185452551,468.38629999999995
2025-03-18,1076.0784151382445,2025-03-18,463.2076,473.97951153935213,463.20760000000007
2025-03-19,1087.7951283645632,2025-03-19,471.1173,479.1403640699214,471.11729999999994
2025-03-20,1094.4351909942627,2025-03-20,470.5193,482.06510784095167,470.51929999999993
2025-03-21,1081.361132637024,2025-03-21,470.1826,476.3063864440497,470.1826
2025-03-24,1103.1507633438111,2025-03-24,475.5526,485.9040499356076,475.5526
2025-03-25,1089.0898144340513,2025-03-25,472.9975,479.7106335430191,472.99749999999995
2025-03-26,1088.1232306556703,2025-03-26,467.3749,479.2848830580231,467.37489999999997
2025-03-27,1081.6572636299134,2025-03-27,464.989,476.4368230566485,464.98900000000003
2025-03-28,1058.412396697998,2025-03-28,456.0236,466.19817267653565,456.0236
2025-03-31,1054.2841372299195,2025-03-31,457.5485,464.379801098163,457.54849999999993
2025-04-01,1063.60216015625,2025-04-01,457.2849,468.48410417961384,457.2849
2025-04-02,1057.4984514770508,2025-04-02,456.5155,465.79560786034364,456.5155
2025-04-03,1001.4448027038575,2025-04-03,429.6982,441.1056961478192,429.6982
2025-04-04,977.2347334899903,2025-04-04,420.555,430.44190378948207,420.55499999999995
2025-04-07,960.3739908752441,2025-04-07,412.7478,423.0152642097805,412.7478
2025-04-08,982.5741055107115,2025-04-08,409.5955,432.793733272079,409.5955
2025-04-09,943.0039808692933,2025-04-09,439.4878,415.36430797626434,439.48780000000005
2025-04-10,976.5478620529175,2025-04-10,423.9838,430.13935800503543,423.9838
2025-04-11,976.8744130325317,2025-04-11,433.8149,430.28319368804216,433.8149
2025-04-14,993.4687144203186,2025-04-14,429.5314,437.59247408570684,429.5314
2025-04-15,1008.9271409690858,2025-04-15,435.8841,444.40143648256924,435.8841
2025-04-16,1005.5786715316771,2025-04-16,426.7074,442.9265384769778,426.7074
2025-04-17,983.944416430664,2025-04-17,421.0036,433.39731317049433,421.00359999999995
2025-04-18,983.944416430664,2025-04-17,421.0036,433.39731317049433,421.00359999999995
2025-04-21,983.944416430664,2025-04-17,421.0036,433.39731317049433,421.00359999999995
2025-04-22,965.7638787567139,2025-04-22,417.4342,425.3893443784481,417.4341999999999
2025-04-23,996.8072700462343,2025-04-23,428.4426,439.063005361641,428.44259999999997
2025-04-24,1003.2883099594115,2025-04-24,434.7529,441.91770450726057,434.75289999999995
2025-04-25,1016.0765558013916,2025-04-25,441.5925,447.5505342642334,441.5925
2025-04-28,1018.2121897277832,2025-04-28,439.5996,448.49121545532296,439.5996
2025-04-29,1019.9264019927977,2025-04-29,442.911,449.24627334015366,442.91099999999994
2025-04-30,1024.2992466964722,2025-04-30,444.6266,451.17237720723926,444.62659999999994
2025-05-01,1024.2992466964722,2025-04-30,444.6266,451.17237720723926,444.62659999999994
2025-05-02,1046.150028705597,2025-05-02,451.2106,460.7969759704319,451.2106
2025-05-05,1047.4240356369019,2025-05-05,451.1193,461.35813691790804,451.11930000000007
2025-05-06,1036.6463867187501,2025-05-06,445.4621,456.61091339041826,445.4621
2025-05-07,1033.8878387374878,2025-05-07,447.7783,455.3958576785642,447.77829999999994
2025-05-08,1050.6784687194825,2025-05-08,453.3053,462.7916147956526,453.3053
2025-05-09,1051.792568664551,2025-05-09,453.8731,463.28234162405175,453.8731
2025-05-12,1082.8336106224058,2025-05-12,470.2862,476.9549677987589,470.28619999999995
2025-05-13,1083.5242553558348,2025-05-13,470.634,477.2591756044288,470.634
2025-05-14,1083.7067952117918,2025-05-14,471.1003,477.33957880789967,471.1003
2025-05-15,1091.1452632904052,2025-05-15,473.7257,480.6159956720454,473.7257000000001
2025-05-16,1103.7107485183715,2025-05-16,478.6689,486.15070621620333,478.6689
2025-05-19,1094.2380625,2025-05-19,475.3436,481.9782787901068,475.3436
2025-05-20,1094.9889416427611,2025-05-20,473.1174,482.30901800418656,473.1173999999999
2025-05-21,1082.1943420143125,2025-05-21,462.8997,476.67338959930436,462.8997
2025-05-22,1074.7392066078187,2025-05-22,465.7718,473.38963128883245,465.7718
2025-05-23,1061.2686269348146,2025-05-23,458.2214,467.4562544235952,458.2214
2025-05-26,1071.3464634857178,2025-05-23,458.2214,471.895232084119,458.2214
2025-05-27,1084.0642866477967,2025-05-27,471.412,477.49704281222625,471.4119999999999
2025-05-28,1084.5228667716979,2025-05-28,469.3647,477.69903328064436,469.3647
2025-05-29,1079.3631102294921,2025-05-28,469.3647,475.42631890301925,469.3647
2025-05-30,1079.825523399353,2025-05-30,469.8415,475.6299977105268,469.8415
2025-06-02,1073.0855748100282,2025-06-02,468.547,472.66125724029064,468.547
2025-06-03,1093.1601191711425,2025-06-03,473.5121,481.5034778413178,473.5120999999999
2025-06-04,1095.7352349090577,2025-06-04,473.6929,482.63773728044754,473.6929
2025-06-05,1095.5584216232298,2025-06-05,470.7087,482.559856455341,470.7087
2025-06-06,1101.3795,2025-06-05,470.7087,485.1238628017552,470.7087
2025-06-09,1102.3752765655518,2025-06-09,476.8831,485.5624718134246,476.88310000000007
2025-06-10,1099.9635166168212,2025-06-10,478.2024,484.5001655852092,478.2024
2025-06-11,1103.8873576698306,2025-06-11,475.6403,486.22849712638646,475.6403000000001
2025-06-12,1089.1539243278503,2025-06-12,471.949,479.7388719833783,471.94900000000007
2025-06-13,1087.710739917755,2025-06-13,468.8375,479.10319354941385,468.8375
2025-06-16,1091.7434723167419,2025-06-16,471.1076,480.87948838606394,471.10760000000005
2025-06-17,1088.2531006774902,2025-06-17,468.8251,479.3420868162622,468.8251
2025-06-18,1095.3780558471678,2025-06-18,473.7533,482.48041086733025,473.7533
2025-06-19,1090.4979464492797,2025-06-18,473.7533,480.3308724729815,473.7533
2025-06-20,1099.6839952468872,2025-06-18,473.7533,484.37704500168826,473.7533
2025-06-23,1100.9890301322937,2025-06-23,476.6878,484.9518728105402,476.68780000000004
2025-06-24,1101.3880252990723,2025-06-24,477.6945,485.1276179343117,477.69450000000006
2025-06-25,1099.784319152832,2025-06-25,476.2426,484.42123460280516,476.2426
2025-06-26,1103.9981501541138,2025-06-26,479.3467,486.2772978149274,479.34669999999994
2025-06-27,1115.9993625,2025-06-27,482.2609,491.5634634749387,482.2609
2025-06-30,1116.3776938934325,2025-06-30,486.7009,491.73010684082766,486.70089999999993
2025-07-01,1115.5206321411135,2025-07-01,484.0507,491.352597446523,484.05069999999995
2025-07-02,1122.7380960731505,2025-07-02,489.1285,494.53166876784513,489.1285
2025-07-03,1138.9893827705384,2025-07-03,493.4621,501.68986172325754,493.46209999999996
2025-07-04,1131.3502525329593,2025-07-03,493.4621,498.3250593374313,493.46209999999996
2025-07-07,1126.3306063499454,2025-07-07,486.8235,496.1140592723295,486.8235
2025-07-08,1127.1701027259826,2025-07-08,488.4096,496.48383165755297,488.40960000000007
2025-07-09,1130.405625,2025-07-09,489.9254,497.9089799045945,489.9254
2025-07-10,1137.2809974365234,2025-07-10,491.5324,500.93737042267384,491.5324
2025-07-11,1129.682569793701,2025-07-11,489.3356,497.59049628046796,489.3356
2025-07-14,1137.0273579025268,2025-07-14,493.5063,500.8256499934379,493.50630000000007
2025-07-15,1149.8780862426756,2025-07-15,495.9092,506.48600137294784,495.9092
2025-07-16,1137.4399644088744,2025-07-16,499.785,501.0073904944881,499.7850000000001
2025-07-17,1159.9996084518432,2025-07-17,503.3268,510.9442212250016,503.32679999999993
2025-07-18,1149.9135946998597,2025-07-18,498.6887,506.501641758402,498.6886999999999
2025-07-21,1147.0996926269534,2025-07-21,494.9534,505.26220426827774,494.9534
2025-07-22,1139.2618507919312,2025-07-22,493.4449,501.8098755232493,493.44489999999996
2025-07-23,1144.4216638488772,2025-07-23,497.2331,504.08261479388267,497.2331
2025-07-24,1149.0350875473023,2025-07-24,498.3271,506.1146863235608,498.3270999999999
2025-07-25,1149.5353390922546,2025-07-25,499.7247,506.33503177384364,499.7247
2025-07-28,1158.1159284591677,2025-07-28,501.6502,510.1145180079642,501.6502
2025-07-29,1163.0687493591308,2025-07-29,503.8546,512.2960835870905,503.8546
2025-07-30,1167.225938106537,2025-07-30,505.9954,514.1271976250199,505.9954
2025-07-31,1171.4259011650086,2025-07-31,505.4985,515.977152434012,505.4984999999999
2025-08-01,1140.0835783309938,2025-08-01,494.0763,502.1718212812016,494.07630000000006
2025-08-04,1152.02111246109,2025-08-04,500.5804,507.4299386417663,500.58040000000005
2025-08-05,1147.9139961318967,2025-08-05,498.8651,505.62087996708203,498.8651
2025-08-06,1153.5843302497863,2025-08-06,501.1172,508.11848809456865,501.1172
2025-08-07,1155.608272579193,2025-08-07,500.0266,509.0099725655705,500.0266
2025-08-08,1157.4819341125487,2025-08-08,502.1369,509.83526295879517,502.13689999999997
2025-08-11,1164.9966427001955,2025-08-11,504.5782,513.1452614269606,504.5782
2025-08-12,1165.7027463378906,2025-08-12,505.4531,513.456278405447,505.4531
2025-08-13,1163.83879776001,2025-08-13,506.0044,512.6352662709692,506.0044
2025-08-14,1172.5445268249512,2025-08-14,508.4266,516.4698727008961,508.42660000000006
2025-08-15,1168.6076591110227,2025-08-15,506.8556,514.7358033154386,506.8556
2025-08-18,1168.4726474533081,2025-08-18,507.4906,514.6763348244109,507.4906
2025-08-19,1168.577377456665,2025-08-19,505.4688,514.7224651761923,505.4688
2025-08-20,1163.8051249999999,2025-08-20,504.9124,512.6204344537732,504.9124
2025-08-21,1167.4194765930176,2025-08-21,504.3907,514.2124453876324,504.3907
2025-08-22,1175.0905443000793,2025-08-22,506.1253,517.591315248442,506.1253
2025-08-25,1169.567890193939,2025-08-25,505.0455,515.1587556330791,505.04550000000006
2025-08-26,1169.2569859046935,2025-08-26,506.9024,515.021811836903,506.9024
2025-08-27,1174.6833339233397,2025-08-27,508.235,517.4119515768493,508.235
2025-08-28,1166.537871017456,2025-08-28,506.0365,513.8241251925643,506.0365
2025-08-29,1156.1871648788451,2025-08-29,501.6785,509.26495685441313,501.6785
2025-09-01,1154.6081831970216,2025-08-29,501.6785,508.5694638905625,501.6785
2025-09-02,1140.295928504944,2025-09-02,495.6401,502.26535501471784,495.6401000000001
2025-09-03,1148.4465782852174,2025-09-03,498.2892,505.85546605796,498.28919999999994
2025-09-04,1159.697125,2025-09-04,505.2181,510.81098654922295,505.2181
2025-09-05,1150.1545835723875,2025-09-05,498.9934,506.6077899595742,498.9934
2025-09-08,1157.1975941429139,2025-09-08,500.9116,509.7100199300133,500.9116000000001
2025-09-09,1157.719450932312,2025-09-09,502.1613,509.9398818272995,502.1612999999999
2025-09-10,1158.6158334197996,2025-09-10,499.8238,510.3347107984923,499.82379999999995
2025-09-11,1165.6228757629394,2025-09-11,504.2074,513.4210978688159,504.20740000000006
2025-09-12,1165.9605375709534,2025-09-12,504.4117,513.5698275306848,504.4117
2025-09-15,1163.547825809479,2025-09-15,504.6797,512.5071020581718,504.6797000000001
2025-09-16,1155.7910466499327,2025-09-16,501.4441,509.0904789334639,501.4441
2025-09-17,1158.513024925232,2025-09-17,502.5551,510.2894268123518,502.55510000000004
2025-09-18,1175.2462867126465,2025-09-18,509.8806,517.6599150006498,509.88059999999996
2025-09-19,1184.155991958618,2025-09-19,514.5177,521.5843666772524,514.5177
2025-09-22,1184.2854133720398,2025-09-22,515.0805,521.6413728372621,515.0805
2025-09-23,1179.0325463790896,2025-09-23,510.3933,519.3276461641183,510.39330000000007
2025-09-24,1181.9037120437622,2025-09-24,511.3163,520.592306508704,511.3163
2025-09-25,1181.6923377304076,2025-09-25,511.9403,520.499202611826,511.94030000000004
2025-09-26,1181.6764319458007,2025-09-26,512.4529,520.4921966019361,512.4529
2025-09-29,1184.0153634643555,2025-09-29,514.1695,521.5224241421347,514.1695
2025-09-30,1185.201514125824,2025-09-30,515.7178,522.0448870995045,515.7178
2025-10-01,1192.2202829132082,2025-10-01,515.87,525.1364393085735,515.87
2025-10-02,1192.891029853821,2025-10-02,519.8089,525.4318827472724,519.8089
2025-10-03,1197.8966402206422,2025-10-03,518.0153,527.636700466172,518.0153
2025-10-06,1200.3290965270994,2025-10-06,520.3224,528.7081228046893,520.3224
2025-10-07,1193.7144532432558,2025-10-07,519.0847,525.7945754752593,519.0847
2025-10-08,1206.0946584205628,2025-10-08,523.0229,531.2476758442906,523.0229
2025-10-09,1209.6686832351684,2025-10-09,526.8045,532.8219240700936,526.8045
2025-10-10,1187.9833398437502,2025-10-10,514.0461,523.2701959398466,514.0461
2025-10-13,1197.608715248108,2025-10-13,520.3415,527.509878353655,520.3415
2025-10-14,1195.525753051758,2025-10-14,520.8321,526.5923974428852,520.8321
2025-10-15,1199.913348274231,2025-10-15,520.5135,528.524998460733,520.5135
2025-10-16,1198.2144336090087,2025-10-16,515.9472,527.7766786990493,515.9472
2025-10-17,1186.8831870269776,2025-10-17,518.1275,522.7856123933534,518.1275
2025-10-20,1203.405,2025-10-20,522.3313,530.0629638693531,522.3313
2025-10-21,1202.3029675216674,2025-10-21,522.5995,529.5775523896391,522.5995
2025-10-22,1193.664583343506,2025-10-22,518.1811,525.7726093151808,518.1811
2025-10-23,1198.7753904876708,2025-10-23,519.9481,528.0237629854754,519.9481
2025-10-24,1197.0956799316407,2025-10-24,524.5905,527.2839020444189,524.5905
2025-10-27,1215.2694699707033,2025-10-27,530.5838,535.2888987104166,530.5838
2025-10-28,1218.565199996948,2025-10-28,530.1614,536.7405666242314,530.1614
2025-10-29,1217.7914333496094,2025-10-29,529.999,536.3997461669195,529.999
2025-10-30,1224.2406866455078,2025-10-30,528.9005,539.2404442833209,528.9005
2025-10-31,1221.797364997864,2025-10-31,533.3461,538.1642360955236,533.3461
2025-11-03,1224.3919633483888,2025-11-03,533.2963,539.3070770274873,533.2963
2025-11-04,1225.434220058441,2025-11-04,531.3129,539.7661591160967,531.3129
2025-11-05,1231.0403692245484,2025-11-05,533.4835,542.2354957424864,533.4835
2025-11-06,1209.6692966461183,2025-11-06,529.2579,532.8221942587884,529.2579
2025-11-07,1200.7001662902833,2025-11-07,526.5996,528.8715676453502,526.5996
2025-11-10,1218.623115058899,2025-11-10,533.7063,536.7660764313125,533.7063
2025-11-11,1221.843533256531,2025-11-11,531.8444,538.1845717963273,531.8444
2025-11-12,1224.7317425308227,2025-11-12,532.5253,539.4567393277952,532.5253
2025-11-13,1207.831216693878,2025-11-13,522.0539,532.0125764598652,522.0539
2025-11-14,1210.930875,2025-11-14,522.9696,533.377880799406,522.9696
2025-11-17,1203.5182292289733,2025-11-17,519.4679,530.112837869134,519.4679
2025-11-18,1190.9200948638918,2025-11-18,515.1698,524.5637463822451,515.1698
2025-11-19,1193.1816335449219,2025-11-19,519.0111,525.5598847530945,519.0111
2025-11-20,1201.5853565025327,2025-11-20,512.8051,529.2614667628485,512.8051
2025-11-21,1193.7849829864501,2025-11-21,519.0294,525.8256416622193,519.0294
2025-11-24,1205.8724168701171,2025-11-24,524.4996,531.1497852630448,524.4996
2025-11-25,1213.015139770508,2025-11-25,529.6771,534.2959354541099,529.6771
2025-11-26,1226.0984439277647,2025-11-26,531.3869,540.0587293421191,531.3869
2025-11-27,1220.3895,2025-11-26,531.3869,537.5441147785142,531.3869
2025-11-28,1222.7152773284913,2025-11-28,530.1675,538.5685483017589,530.1675
2025-12-01,1217.0026534194947,2025-12-01,527.6751,536.0523128193788,527.6751
2025-12-02,1220.4353424415588,2025-12-02,529.4813,537.5643069668828,529.4813
2025-12-03,1216.3884651184082,2025-12-03,527.7404,535.7817817253183,527.7404
2025-12-04,1221.0657398376466,2025-12-04,530.7171,537.8419776697515,530.7171
2025-12-05,1224.3394933776856,2025-12-05,531.3342,539.2839656159633,531.3342
2025-12-08,1221.143004207611,2025-12-08,530.6734,537.8760102530838,530.6734
2025-12-09,1217.2069691925049,2025-12-09,526.674,536.1423076458977,526.674
2025-12-10,1209.4726133728027,2025-12-10,526.7692,532.7355613141045,526.7692
2025-12-11,1203.5781364059449,2025-12-11,525.0006,530.1392251417334,525.0006
2025-12-12,1200.889788421631,2025-12-12,522.7973,528.9550903737396,522.7973
2025-12-15,1205.6169416885377,2025-12-15,522.2512,531.037256287394,522.2512
2025-12-16,1200.720376678467,2025-12-16,521.7121,528.8804697009854,521.7121
2025-12-17,1194.9220333251953,2025-12-17,516.1901,526.3264774345686,516.1901
2025-12-18,1204.343195865631,2025-12-18,519.9736,530.4762103501525,519.9736
2025-12-19,1209.8533399658202,2025-12-19,523.8649,532.9032596918898,523.8649
2025-12-22,1206.8072499389648,2025-12-22,523.764,531.5615505350825,523.764
2025-12-23,1205.510309906006,2025-12-23,523.9833,530.9902882602614,523.9833
2025-12-24,1203.8947923927308,2025-12-23,523.9833,530.2787023841271,523.9833
2025-12-25,1203.8947923927308,2025-12-23,523.9833,530.2787023841271,523.9833
2025-12-26,1203.8947923927308,2025-12-23,523.9833,530.2787023841271,523.9833
2025-12-29,1206.7411166992188,2025-12-29,524.0737,531.5324208729404,524.0737
2025-12-30,1209.181966506958,2025-12-30,523.6223,532.6075402911331,523.6223
2025-12-31,1209.5731790122986,2025-12-30,523.6223,532.7798573914307,523.6223
2026-01-01,1209.5731790122986,2025-12-30,523.6223,532.7798573914307,523.6223
2026-01-02,1203.2022167015077,2026-01-02,521.1669,529.9736440508198,521.1669
2026-01-05,1216.1803446273807,2026-01-05,525.0602,535.690111037299,525.0602
2026-01-06,1217.682952003479,2026-01-05,525.0602,536.3519634637943,525.0602
2026-01-07,1218.324321117401,2026-01-07,525.5422,536.634466871591,525.5422
2026-01-08,1219.3033004302977,2026-01-08,526.5004,537.0656772090592,526.5004
2026-01-09,1227.314146240234,2026-01-09,528.9015,540.5942088946641,528.9015
2026-01-12,1221.71031640625,2026-01-12,527.3787,538.1258938628824,527.3787
2026-01-13,1225.0351705780029,2026-01-13,528.1632,539.5903900688254,528.1632
2026-01-14,1218.0255307312013,2026-01-14,524.8847,536.5028588778694,524.8847
2026-01-15,1229.792542350769,2026-01-15,528.8665,541.685866306751,528.8665
2026-01-16,1230.487585372925,2026-01-16,528.3928,541.992011423599,528.3928
2026-01-19,1213.83125,2026-01-16,528.3928,534.6554069596202,528.3928
2026-01-20,1201.276953857422,2026-01-20,512.7142,529.1256248641257,512.7142
2026-01-21,1196.643974281311,2026-01-21,514.4511,527.0849395705965,514.4511
2026-01-22,1197.1749409027097,2026-01-22,514.2415,527.3188140692519,514.2415
2026-01-23,1192.5109833068846,2026-01-23,513.5288,525.2644839089118,513.5288
2026-01-26,1194.2592252006532,2026-01-26,512.0015,526.0345308006661,512.0015
2026-01-27,1187.6707764587404,2026-01-27,509.9995,523.1325213629126,509.9995
2026-01-28,1189.3532301864625,2026-01-28,509.6688,523.8735905868974,509.6687999999999
2026-01-29,1177.096570655823,2026-01-29,509.1448,518.4749082829778,509.1448
2026-01-30,1181.2417271575928,2026-01-30,506.3969,520.3007224860354,506.3969
2026-02-02,1201.726665863037,2026-02-02,514.5124,529.3237091986464,514.5124
2026-02-03,1191.6112638702393,2026-02-03,506.9114,524.868185114043,506.9114
2026-02-04,1192.0278677215579,2026-02-04,511.1118,525.051686322854,511.1118
2026-02-05,1187.1631909790037,2026-02-05,506.1595,522.908945539473,506.1595
2026-02-06,1202.636645072937,2026-02-06,514.4425,529.7245271087093,514.4425
2026-02-09,1205.8496230010985,2026-02-09,513.396,531.139745263402,513.396
2026-02-10,1204.2607386322022,2026-02-10,510.8177,530.4398904698597,510.81770000000006
2026-02-11,1198.0104071044923,2026-02-11,511.6278,527.6868112864227,511.6277999999999
2026-02-12,1187.625123550415,2026-02-12,503.4201,523.1124126581157,503.42009999999993
2026-02-13,1192.7542478164673,2026-02-13,505.9703,525.3716344583557,505.9703
2026-02-16,1189.496,2026-02-13,505.9703,523.9364763074277,505.9703
2026-02-17,1196.143070251465,2026-02-17,510.3691,526.864306720746,510.36910000000006
2026-02-18,1205.3937005615235,2026-02-18,511.7841,530.9389254233519,511.7841
2026-02-19,1211.8815086860657,2026-02-19,514.6741,533.7966057583267,514.6741
2026-02-20,1214.3311428031923,2026-02-20,516.9582,534.8755943951693,516.9582
2026-02-23,1207.7893701400753,2026-02-23,512.3662,531.9941443373989,512.3662
2026-02-24,1212.2864326171875,2026-02-24,515.7405,533.9749623208074,515.7405
2026-02-25,1220.0036191596985,2026-02-25,518.896,537.3741461130104,518.896
2026-02-26,1217.0955940856934,2026-02-26,518.4941,536.0932503300166,518.4941
2026-02-27,1210.771339553833,2026-02-27,515.077,533.3076103323251,515.077
2026-03-02,1220.2301596069335,2026-03-02,520.2954,537.4739302263368,520.2954
2026-03-03,1207.9647745857237,2026-03-03,520.0967,532.0714046116509,520.0967
2026-03-04,1215.747208705902,2026-03-04,516.577,535.4993279590358,516.577
2026-03-05,1211.0604957618714,2026-03-05,516.8527,533.4349747662887,516.8527
2026-03-06,1211.5703682632445,2026-03-06,509.3478,533.6595579525589,509.3478
2026-03-09,1192.5971609725952,2026-03-09,510.2119,525.3024425254257,510.2119
2026-03-10,1198.849248840332,2026-03-10,508.7459,528.0562953227334,508.7459
2026-03-11,1200.0471032600403,2026-03-11,512.0012,528.5839134263599,512.0012
2026-03-12,1199.9309109252931,2026-03-12,509.5896,528.5327342694385,509.58959999999996
2026-03-13,1203.1059445381165,2026-03-13,510.0088,529.9312391179292,510.00880000000006
2026-03-16,1208.1202387084963,2026-03-16,511.2488,532.1398817857462,511.2488
2026-03-17,1203.7264461364746,2026-03-17,509.0562,530.2045510256505,509.05620000000005
2026-03-18,1204.0958291564941,2026-03-18,506.3852,530.3672529077222,506.3852
2026-03-19,1187.1480937767028,2026-03-19,502.8339,522.9022956852697,502.83389999999997
2026-03-20,1172.3272960472107,2026-03-20,495.7254,516.3741892112207,495.7254
2026-03-23,1182.4542707763674,2026-03-23,499.8422,520.8348107309641,499.8422
2026-03-24,1181.0930857284548,2026-03-24,497.6435,520.2352504990629,497.6435
2026-03-25,1186.8577012023927,2026-03-25,502.933,522.7743866699136,502.933
2026-03-26,1181.8312736091614,2026-03-26,497.8393,520.560399601767,497.8393
2026-03-27,1169.1130334014892,2026-03-27,491.9037,514.9584051778774,491.9037
2026-03-30,1180.0837499694824,2026-03-30,495.2846,519.7906690788924,495.2846
2026-03-31,1182.4458683395385,2026-03-31,506.6483,520.8311097154545,506.6483
2026-04-01,1201.545276550293,2026-04-01,505.9592,529.2438127741449,505.9592
2026-04-02,1208.4402099304198,2026-04-02,507.9887,532.2808192874564,507.98870000000005
2026-04-03,1208.4402099304198,2026-04-02,507.9887,532.2808192874564,507.98870000000005
2026-04-06,1208.4402099304198,2026-04-02,507.9887,532.2808192874564,507.98870000000005
2026-04-07,1205.8777332305908,2026-04-07,514.7287,531.1521269566472,514.7287
2026-04-08,1213.0921369628907,2026-04-08,517.431,534.3298503539183,517.431
2026-04-09,1225.618375946045,2026-04-09,522.0988,539.8472741319038,522.0988
2026-04-10,1223.9261669311525,2026-04-10,518.466,539.1019080033599,518.466
2026-04-13,1230.1969366760254,2026-04-13,520.6303,541.8639895941042,520.6303
2026-04-14,1233.1315670471192,2026-04-14,525.2793,543.1566041938133,525.2793
2026-04-15,1243.7897731781006,2026-04-15,528.9534,547.8512168398622,528.9534
2026-04-16,1245.9172767028808,2026-04-16,531.1174,548.7883168386054,531.1174
2026-04-17,1260.7100670318605,2026-04-17,534.5299,555.3040869124184,534.5299
2026-04-20,1251.2996671371461,2026-04-20,534.7453,551.1590946119143,534.7453
2026-04-21,1247.4257078170776,2026-04-21,531.5339,549.452734442973,531.5339
2026-04-22,1256.1044663085936,2026-04-22,536.7087,553.2754611631705,536.7087
2026-04-23,1260.770310131073,2026-04-23,534.8332,555.3306221484538,534.8332
2026-04-24,1262.9644834899902,2026-04-24,540.5337,556.2970881626974,540.5337
2026-04-27,1258.2627253684998,2026-04-27,538.5266,554.2261080310925,538.5266
2026-04-28,1261.138125,2026-04-28,540.3939,555.4926333081038,540.3939
2026-04-29,1261.1837303009033,2026-04-29,538.9849,555.5127210432928,538.9849
2026-04-30,1270.4734822540283,2026-04-30,543.0206,559.6045716288268,543.0206
2026-05-01,1270.4734822540283,2026-04-30,543.0206,559.6045716288268,543.0206
2026-05-04,1272.0290165328981,2026-05-04,541.4643,560.2897367313966,541.4643
2026-05-05,1281.7215768432616,2026-05-05,544.1586,564.5590120340535,544.1586
2026-05-06,1295.3615916938784,2026-05-06,552.2417,570.5670198942003,552.2417
2026-05-07,1294.6158882141112,2026-05-07,550.5405,570.2385604008018,550.5405
2026-05-08,1296.1068701477052,2026-05-08,553.6828,570.895292176718,553.6828
2026-05-11,1304.4186483192443,2026-05-11,553.55,574.5563753304615,553.55
2026-05-12,1298.0149792022705,2026-05-12,556.5276,571.7357556456657,556.5276
2026-05-13,1314.4389083099363,2026-05-13,560.7185,578.9699922835302,560.7185
2026-05-14,1331.569,2026-05-13,560.7185,586.5152718632136,560.7185
2026-05-15,1329.4808931884766,2026-05-15,563.8295,585.5955249073743,563.8295
2026-05-18,1318.0681050872804,2026-05-18,562.3422,580.568542065411,562.3422
2026-05-19,1312.2436199874878,2026-05-19,559.9527,578.003035162075,559.9527
2026-05-20,1320.039049015045,2026-05-20,561.6968,581.4366823672805,561.6968
2026-05-21,1319.8894435386658,2026-05-21,564.6159,581.3707857470896,564.6159
2026-05-22,1335.3180584144593,2026-05-22,567.1161,588.1666170170793,567.1161
2026-05-25,1333.36775,2026-05-22,567.1161,587.3075660254117,567.1161
2026-05-26,1332.6582943763733,2026-05-26,567.3576,586.9950726000119,567.3576
2026-05-27,1325.1124688415525,2026-05-27,565.4957,583.671368071754,565.4957
2026-05-28,1332.9382955245972,2026-05-28,566.7732,587.1184045111427,566.7732
2026-05-29,1329.480220275879,2026-05-29,566.8806,585.5952285100302,566.8806
2026-06-01,1335.3544937820434,2026-06-01,572.3214,588.182665678113,572.3214
2026-06-02,1345.547533035278,2026-06-02,572.2133,592.672386592856,572.2133
2026-06-03,1348.4187533569336,2026-06-03,573.4736,593.937071012165,573.4736
2026-06-04,1348.1780128448486,2026-06-04,574.4803,593.8310322061444,574.4803
2026-06-05,1340.3431025505065,2026-06-05,565.3332,590.3799947148016,565.3332
2026-06-08,1333.6151498718264,2026-06-08,564.6148,587.4165380749887,564.6148
2026-06-09,1316.2686582183835,2026-06-09,565.1404,579.7759409538542,565.1404
2026-06-10,1323.42622177124,2026-06-10,559.2265,582.9286279967952,559.2265
2026-06-11,1328.9492709846497,2026-06-11,571.2244,585.3613616447825,571.2244
2026-06-12,1343.051216674805,2026-06-12,568.0149,591.572835860735,568.0149
2026-06-15,1354.2322884178163,2026-06-15,575.2593,596.4977547594737,575.2593
2026-06-16,1352.5356699295046,2026-06-16,572.7195,595.7504463932378,572.7195
2026-06-17,1352.7711000289917,2026-06-17,569.9797,595.8541461255126,569.9797
2026-06-18,1369.1080732955934,2026-06-18,582.7074,603.0500813845063,582.7074
2026-06-19,1369.610073348999,2026-06-18,582.7074,603.2711969990922,582.7074
2026-06-22,1375.4098531494142,2026-06-22,584.72,605.8258219763838,584.72
2026-06-23,1371.0328671226503,2026-06-23,582.7724,603.8978939835956,582.7724
2026-06-24,1383.2971601486206,2026-06-24,585.2808,609.2999386078976,585.2808
2026-06-25,1373.6075685119629,2026-06-25,582.5212,605.0319709148845,582.5212
2026-06-26,1370.840625,2026-06-26,582.3963,603.8132172294585,582.3963
2026-06-29,1373.4510761833192,2026-06-29,588.6016,604.9630408476638,588.6016
2026-06-30,1387.0758131256105,2026-06-30,590.2894,610.96431925815,590.2894
2026-07-01,1396.701509525299,2026-07-01,591.7161,615.2041430605486,591.7161
2026-07-02,1388.010783805847,2026-07-02,589.421,611.3761451437806,589.421
2026-07-03,1387.3214635658264,2026-07-02,589.421,611.0725207368016,589.421
2026-07-06,1391.745233192444,2026-07-06,593.954,613.0210554692982,593.954
2026-07-07,1384.9552368522643,2026-07-07,591.4945,610.0302705010309,591.4945
2026-07-08,1376.53425,2026-07-08,590.6015,606.3210842755989,590.6015
2026-07-09,1390.6040098724363,2026-07-09,592.8996,612.5183816267929,592.8996
2026-07-10,1389.4240655250549,2026-07-10,594.3095,611.9986523602752,594.3095
2026-07-13,1392.7101336517333,2026-07-13,591.2437,613.446064503904,591.2437
2026-07-14,1391.1981330566407,2026-07-14,591.0756,612.7800746527674,591.0756
2026-07-15,1395.2740237136838,2026-07-15,594.1449,614.5753793773446,594.1449
2026-07-16,1392.4032372093197,2026-07-16,591.5548,613.3108860412362,591.5548
2026-07-17,1378.737609676361,2026-07-17,585.514,607.2915965807016,585.514
2026-07-20,1383.2757764053342,2026-07-20,585.7541,609.290519725356,585.7541
2026-07-21,1389.127942089081,2026-07-21,592.0537,611.8682190762656,592.0537
2026-07-22,1395.765,2026-07-22,590.9334,614.7916393609032,590.9334
2026-07-23,1380.8349411392212,2026-07-23,587.3948,608.2154067123032,587.3948
2026-07-24,1385.302023010254,2026-07-24,585.0424,610.1830191589914,585.0424
2026-07-27,1377.3595848884581,2026-07-27,587.5805,606.684618960232,587.5805
2026-07-28,1385.0803327560423,2026-07-28,587.916,610.0853714068145,587.916
2026-07-29,1374.4958521041872,2026-07-29,580.5617,605.4232325713101,580.5617
2026-07-30,1361.4168055603027,2026-07-30,580.818,599.6623140313036,580.818
2026-07-31,1365.3878050575256,2026-07-31,582.6758,601.411417419624,582.6758
2026-08-03,1385.9693210220337,2026-08-03,590.5913,610.4769434504045,590.5913
2026-08-04,1404.7315850639343,2026-08-04,599.3187,618.7411448513869,599.3187
2026-08-05,1405.9593002243041,2026-08-05,596.2957,619.2819156946965,596.2957
2026-08-06,1399.9105333251953,2026-08-06,596.2329,616.6176195431129,596.2329
2026-08-07,1408.1385081939695,2026-08-07,599.6637,620.2417899143388,599.6637
2026-08-10,1411.8630060424805,2026-08-10,599.8778,621.882316892793,599.8778
2026-08-11,1411.1121586074828,2026-08-11,599.5914,621.5515916450098,599.5914
2026-08-12,1416.2941973648071,2026-08-12,602.7906,623.8341206544399,602.7906
2026-08-13,1427.0328046188354,2026-08-13,606.7614,628.5641475272708,606.7614
2026-08-14,1417.3861954193117,2026-08-14,603.0588,624.3151122784652,603.0588
2026-08-17,1415.8286664276122,2026-08-17,599.4498,623.6290685661218,599.4498
2026-08-18,1405.0431833648681,2026-08-18,596.8251,618.878394338409,596.8251
2026-08-19,1401.6135206565857,2026-08-19,592.7324,617.3677331892327,592.7324
2026-08-20,1398.6326502799989,2026-08-20,591.1644,616.0547512864453,591.1644
2026-08-21,1399.461532115936,2026-08-21,593.2601,616.419848292569,593.2601
2026-08-24,1398.6915521965027,2026-08-24,593.8082,616.0806957726653,593.8082
2026-08-25,1400.3375785278322,2026-08-25,594.6865,616.8057198466814,594.6865
2026-08-26,1403.4243833808898,2026-08-26,598.2966,618.1653626346856,598.2966
2026-08-27,1409.045324558258,2026-08-27,600.3668,620.6412146879935,600.3668
2026-08-28,1421.7119868927002,2026-08-28,602.2242,626.2204906419132,602.2242
2026-08-31,1408.3591432189942,2026-08-31,601.305,620.3389728704491,601.305
2026-09-01,1406.9845142974852,2026-09-01,596.4328,619.7334910248896,596.4328
2026-09-02,1414.93838973999,2026-09-02,600.5951,623.2369290123517,600.5951
2026-09-03,1422.378576789856,2026-09-03,603.9942,626.5141030305701,603.9942
2026-09-04,1414.8142478256225,2026-09-04,602.6443,623.1822483096206,602.6443
2026-09-07,1421.2574804382323,2026-09-04,602.6443,626.0202944998389,602.6443
2026-09-08,1417.9210025634766,2026-09-08,600.4824,624.5506784095139,600.4824
2026-09-09,1405.059952571869,2026-09-09,596.0358,618.8857806593604,596.0358
2026-09-10,1404.9772408218387,2026-09-10,597.2941,618.8493486723171,597.2941
2026-09-11,1423.0355095054626,2026-09-11,602.9071,626.8034617271829,602.9071
2026-09-14,1425.8619571304323,2026-09-14,606.0316,628.048425147904,606.0316
2026-09-15,1418.2692344055174,2026-09-15,602.2093,624.7040638469234,602.2093
2026-09-16,1427.0222219467162,2026-09-16,601.3865,628.5594861850384,601.3865
2026-09-17,1435.989117198944,2026-09-17,609.7238,632.5091283039444,609.7238
2026-09-18,1434.472170337677,2026-09-18,611.9256,631.840959774384,611.9256
2026-09-21,1432.376010322571,2026-09-21,618.7783,630.9176656295604,618.7783
