date,world_price_date,world_eur,em_price_date,em_eur,dnb_world_nav_date,dnb_world_sek,dnb_em_nav_date,dnb_em_sek,fx_date,sek_per_eur,world_etf_sek,em_etf_sek,ibkr_portfolio_index_100,avanza_portfolio_index_100
2018-04-23,2018-04-23,44.58700180053711,2018-04-23,24.832000732421875,2018-04-23,248.91766137380495,2018-04-23,99.1788848805808,2018-04-23,10.3763,462.6481067829132,257.6642891998291,100.0,100.0
2018-04-24,2018-04-24,44.48199844360352,2018-04-24,24.761999130249023,2018-04-23,248.91766137380495,2018-04-23,99.1788848805808,2018-04-24,10.3775,461.6119388484955,256.9676459741592,99.77139501331416,100.0
2018-04-25,2018-04-25,44.09299850463867,2018-04-25,24.406999588012695,2018-04-23,248.91766137380495,2018-04-23,99.1788848805808,2018-04-25,10.422,459.53723041534425,254.36974970626832,99.2669723637883,100.0
2018-04-26,2018-04-26,44.72700119018555,2018-04-26,24.819000244140625,2018-04-23,248.91766137380495,2018-04-23,99.1788848805808,2018-04-26,10.4478,467.2987630348206,259.30395075073244,100.96833843034443,100.0
2018-04-27,2018-04-27,44.90599822998047,2018-04-27,25.072999954223633,2018-04-23,248.91766137380495,2018-04-23,99.1788848805808,2018-04-27,10.5178,472.31230818328856,263.71279891853334,102.11474313067515,100.0
2018-04-30,2018-04-30,45.097999572753906,2018-04-30,25.184999465942383,2018-04-30,256.53999968457197,2018-04-30,102.835275699894,2018-04-30,10.4993,473.49742691421505,264.4248648927689,102.37292241809604,103.12463963393566
2018-05-01,2018-04-30,45.097999572753906,2018-04-30,25.184999465942383,2018-04-30,256.53999968457197,2018-04-30,102.835275699894,2018-04-30,10.4993,473.49742691421505,264.4248648927689,102.37292241809604,103.12463963393566
2018-05-02,2018-05-02,45.1510009765625,2018-05-02,25.082000732421875,2018-04-30,256.53999968457197,2018-04-30,102.835275699894,2018-05-02,10.6174,479.3862377685547,266.305634576416,103.59147936261952,103.12463963393566
2018-05-03,2018-05-03,44.59099960327149,2018-05-03,24.5939998626709,2018-04-30,256.53999968457197,2018-04-30,102.835275699894,2018-05-03,10.6045,472.8652552928925,260.80707154369355,102.10953737204295,103.12463963393566
2018-05-04,2018-05-04,45.35200119018555,2018-05-04,24.974000930786133,2018-04-30,256.53999968457197,2018-04-30,102.835275699894,2018-05-04,10.5715,479.4386805820465,264.0126508398056,103.51269004940595,103.12463963393566
2018-05-07,2018-05-07,45.72600173950195,2018-05-07,24.996999740600582,2018-05-07,259.810299758147,2018-05-07,101.600723462686,2018-05-07,10.5383,481.8743241313934,263.4258823663711,103.96372879355043,104.18258948096648
2018-05-08,2018-05-08,45.80500030517578,2018-05-08,25.035999298095703,2018-05-07,259.810299758147,2018-05-07,101.600723462686,2018-05-08,10.476,479.8531831970215,262.2771286468506,103.5259682502588,104.18258948096648
2018-05-09,2018-05-09,45.972999572753906,2018-05-09,25.104999542236328,2018-05-07,259.810299758147,2018-05-07,101.600723462686,2018-05-09,10.3473,475.69641847915653,259.768961763382,102.62000081875331,104.18258948096648
2018-05-10,2018-05-10,46.35200119018555,2018-05-10,25.59600067138672,2018-05-07,259.810299758147,2018-05-07,101.600723462686,2018-05-10,10.315,478.12089227676387,264.022746925354,103.25672949132725,104.18258948096648
2018-05-11,2018-05-11,46.38399887084961,2018-05-11,25.483999252319336,2018-05-07,259.810299758147,2018-05-07,101.600723462686,2018-05-11,10.2635,476.062172410965,261.55502632617953,102.7604692769978,104.18258948096648
2018-05-14,2018-05-14,46.42499923706055,2018-05-14,25.53300094604492,2018-05-14,260.676788211167,2018-05-14,101.23747074295,2018-05-14,10.2958,477.982507144928,262.8826711402893,103.18556255569207,104.45925566332423
2018-05-15,2018-05-15,46.42300033569336,2018-05-15,25.20199966430664,2018-05-14,260.676788211167,2018-05-14,101.23747074295,2018-05-15,10.2928,477.8226578552246,259.3991421447754,103.01927028390226,104.45925566332423
2018-05-16,2018-05-16,46.73199844360352,2018-05-16,25.618999481201172,2018-05-14,260.676788211167,2018-05-14,101.23747074295,2018-05-16,10.2903,480.88628358421334,263.6271903614044,103.77933579558167,104.45925566332423
2018-05-17,2018-05-17,46.94900131225586,2018-05-17,25.402000427246097,2018-05-14,260.676788211167,2018-05-14,101.23747074295,2018-05-17,10.295,483.33996850967407,261.5135943984986,104.17462770526018,104.45925566332423
2018-05-18,2018-05-18,46.87300109863281,2018-05-18,25.187000274658203,2018-05-14,260.676788211167,2018-05-14,101.23747074295,2018-05-18,10.3073,483.134084223938,259.6099679309845,104.06069645701193,104.45925566332423
2018-05-21,2018-05-21,46.87300109863281,2018-05-21,25.187000274658203,2018-05-21,260.9935925168331,2018-05-21,100.50755995471602,2018-05-21,10.2555,480.7060627670288,258.3052813167572,103.53773272485385,104.5002057396292
2018-05-22,2018-05-22,47.15599822998047,2018-05-22,25.448999404907227,2018-05-21,260.9935925168331,2018-05-21,100.50755995471602,2018-05-22,10.2158,481.7362467178345,259.98188812065126,103.80320620603607,104.5002057396292
2018-05-23,2018-05-23,46.94100189208984,2018-05-23,25.31800079345703,2018-05-21,260.9935925168331,2018-05-21,100.50755995471602,2018-05-23,10.2906,483.0510740707397,260.5374189651489,104.08054285182071,104.5002057396292
2018-05-24,2018-05-24,46.79100036621094,2018-05-24,25.125999450683594,2018-05-21,260.9935925168331,2018-05-21,100.50755995471602,2018-05-24,10.2518,479.6919775543213,257.58672116851807,103.31257294087064,104.5002057396292
2018-05-25,2018-05-25,47.05799865722656,2018-05-25,25.566999435424805,2018-05-21,260.9935925168331,2018-05-21,100.50755995471602,2018-05-25,10.1922,479.62453391418455,260.5839716457367,103.41577683474374,104.5002057396292
2018-05-28,2018-05-28,47.12200164794922,2018-05-28,25.59600067138672,2018-05-28,262.69414704081,2018-05-28,101.371235160926,2018-05-28,10.2373,482.4020674705505,262.03393767318727,104.01237028087698,105.2021498907819
2018-05-29,2018-05-29,46.89400100708008,2018-05-29,25.3700008392334,2018-05-28,262.69414704081,2018-05-28,101.371235160926,2018-05-29,10.3173,483.8194765903473,261.74990965862276,104.27707895487488,105.2021498907819
2018-05-30,2018-05-30,46.93399810791016,2018-05-30,25.173999786376953,2018-05-28,262.69414704081,2018-05-28,101.371235160926,2018-05-30,10.2783,482.401712752533,258.74592200431823,103.88469276418961,105.2021498907819
2018-05-31,2018-05-31,46.74100112915039,2018-05-31,25.17200088500977,2018-05-28,262.69414704081,2018-05-28,101.371235160926,2018-05-31,10.2683,479.95062189445497,258.4736566875458,103.39730975501152,105.2021498907819
2018-06-01,2018-06-01,47.053001403808594,2018-06-01,25.475000381469727,2018-05-28,262.69414704081,2018-05-28,101.371235160926,2018-06-01,10.2943,484.3777123512268,262.2472964269638,104.40497751595935,105.2021498907819
2018-06-04,2018-06-04,47.14799880981445,2018-06-04,25.666000366210938,2018-06-04,262.701668636402,2018-06-04,101.571510778375,2018-06-04,10.2583,483.65831619071963,263.28953155670166,104.30548107004472,105.22506281166399
2018-06-05,2018-06-05,47.167999267578125,2018-06-05,25.57799911499023,2018-06-04,262.701668636402,2018-06-04,101.571510778375,2018-06-05,10.2498,483.4625588928223,262.1693753288269,104.22392647682493,105.22506281166399
2018-06-06,2018-06-06,47.141998291015625,2018-06-06,25.60099983215332,2018-06-04,262.701668636402,2018-06-04,101.571510778375,2018-06-06,10.276,484.43117443847655,263.0758742752075,104.44753488237544,105.22506281166399
2018-06-07,2018-06-07,47.069000244140625,2018-06-07,25.36000061035156,2018-06-04,262.701668636402,2018-06-04,101.571510778375,2018-06-07,10.2515,482.5278560028076,259.978046257019,103.95705067696737,105.22506281166399
2018-06-08,2018-06-08,47.15299987792969,2018-06-08,25.218000411987305,2018-06-04,262.701668636402,2018-06-04,101.571510778375,2018-06-08,10.287,485.06290974426275,259.4175702381134,104.42844832951472,105.22506281166399
2018-06-11,2018-06-11,47.29999923706055,2018-06-11,25.2450008392334,2018-06-11,260.973803276858,2018-06-11,99.3766086815502,2018-06-11,10.253,484.96689217758177,258.83699360466005,104.38723752208212,104.37901917940948
2018-06-12,2018-06-12,47.345001220703125,2018-06-12,25.2549991607666,2018-06-11,260.973803276858,2018-06-11,99.3766086815502,2018-06-12,10.155,480.7884873962402,256.4645164775848,103.48232654448668,104.37901917940948
2018-06-13,2018-06-13,47.45500183105469,2018-06-13,25.2549991607666,2018-06-11,260.973803276858,2018-06-11,99.3766086815502,2018-06-13,10.136,481.0038985595703,255.98467149353024,103.50560809842948,104.37901917940948
2018-06-14,2018-06-14,47.926998138427734,2018-06-14,25.3700008392334,2018-06-11,260.973803276858,2018-06-11,99.3766086815502,2018-06-14,10.16,486.9383010864258,257.75920852661136,104.72891118649406,104.37901917940948
2018-06-15,2018-06-15,47.59400177001953,2018-06-15,24.88599967956543,2018-06-11,260.973803276858,2018-06-11,99.3766086815502,2018-06-15,10.1713,484.0928702033997,253.12296854076388,103.99544961981688,104.37901917940948
2018-06-18,2018-06-18,47.59299850463867,2018-06-18,24.645000457763672,2018-06-18,267.006947877658,2018-06-18,98.3416159220089,2018-06-18,10.2223,486.5099086139679,251.9285881793976,104.41928753076553,106.45603902557382
2018-06-19,2018-06-19,47.38399887084961,2018-06-19,24.49799919128418,2018-06-18,267.006947877658,2018-06-18,98.3416159220089,2018-06-19,10.3227,489.1308051441192,252.8854962518692,104.96627434315131,106.45603902557382
2018-06-20,2018-06-20,47.58700180053711,2018-06-20,24.69300079345703,2018-06-18,267.006947877658,2018-06-18,98.3416159220089,2018-06-20,10.2755,488.980237001419,253.7329296531677,104.96987302739453,106.45603902557382
2018-06-21,2018-06-21,47.270999908447266,2018-06-21,24.309999465942383,2018-06-18,267.006947877658,2018-06-18,98.3416159220089,2018-06-21,10.3248,488.0636198547363,250.9958824859619,104.68533606584633,106.45603902557382
2018-06-22,2018-06-22,47.40950012207031,2018-06-22,24.434999465942383,2018-06-18,267.006947877658,2018-06-18,98.3416159220089,2018-06-22,10.295,488.08080375671386,251.55831950187684,104.71050717721666,106.45603902557382
2018-06-25,2018-06-25,46.301998138427734,2018-06-25,23.820999145507812,2018-06-25,261.280131413419,2018-06-25,95.9494056223206,2018-06-25,10.3623,479.7951953098297,246.8403394454956,102.91558301253652,104.14421908493891
2018-06-26,2018-06-26,46.51499938964844,2018-06-26,23.90999984741211,2018-06-25,261.280131413419,2018-06-25,95.9494056223206,2018-06-26,10.3383,480.88601819000246,247.18875142250062,103.14130523059315,104.14421908493891
2018-06-27,2018-06-27,46.9739990234375,2018-06-27,23.85849952697754,2018-06-25,261.280131413419,2018-06-25,95.9494056223206,2018-06-27,10.3503,486.1949820922852,246.94262765407564,104.16451807544584,104.14421908493891
2018-06-28,2018-06-28,46.680999755859375,2018-06-28,23.694000244140625,2018-06-25,261.280131413419,2018-06-25,95.9494056223206,2018-06-28,10.4191,486.37400455627443,246.8701579437256,104.19653116377776,104.14421908493891
2018-06-29,2018-06-29,46.8390007019043,2018-06-29,24.027999877929688,2018-06-25,261.280131413419,2018-06-25,95.9494056223206,2018-06-29,10.453,489.6080743370056,251.16468272399902,104.99233351681269,104.14421908493891
2018-07-02,2018-07-02,46.52199935913086,2018-07-02,23.788999557495117,2018-07-02,260.098157280139,2018-07-02,94.8719042524673,2018-07-02,10.449,486.10837130355833,248.5712563762665,104.21087686958764,103.60821598555077
2018-07-03,2018-07-03,46.72850036621094,2018-07-03,23.93199920654297,2018-07-02,260.098157280139,2018-07-02,94.8719042524673,2018-07-03,10.3123,481.8783143264771,246.79395541763307,103.3190167717231,103.60821598555077
2018-07-04,2018-07-04,46.65599822998047,2018-07-04,23.756999969482425,2018-07-02,260.098157280139,2018-07-02,94.8719042524673,2018-07-04,10.251,478.27063785552974,243.53300668716432,102.49064913298172,103.60821598555077
2018-07-05,2018-07-05,46.624000549316406,2018-07-05,23.643999099731445,2018-07-02,260.098157280139,2018-07-02,94.8719042524673,2018-07-05,10.2363,477.2572568229675,242.02706798458098,102.2350680235466,103.60821598555077
2018-07-06,2018-07-06,46.84600067138672,2018-07-06,23.850000381469727,2018-07-02,260.098157280139,2018-07-02,94.8719042524673,2018-07-06,10.291,482.09219290924074,245.44035392570495,103.30808953322813,103.60821598555077
2018-07-09,2018-07-09,47.21649932861328,2018-07-09,24.166500091552734,2018-07-09,264.197459901688,2018-07-09,95.7714888876072,2018-07-09,10.2548,484.1957573150635,247.82262513885496,103.80975715214112,105.18108499188314
2018-07-10,2018-07-10,47.457000732421875,2018-07-10,24.159000396728516,2018-07-09,264.197459901688,2018-07-09,95.7714888876072,2018-07-10,10.2438,486.14002410278323,247.47996826400757,104.174681262505,105.18108499188314
2018-07-11,2018-07-11,47.08599853515625,2018-07-11,23.871999740600582,2018-07-09,264.197459901688,2018-07-09,95.7714888876072,2018-07-11,10.2745,483.78509194946287,245.27286133480067,103.63091265681759,105.18108499188314
2018-07-12,2018-07-12,47.4379997253418,2018-07-12,24.190000534057617,2018-07-09,264.197459901688,2018-07-09,95.7714888876072,2018-07-12,10.335,490.2717271614075,250.0036555194855,105.07637574039835,105.18108499188314
2018-07-13,2018-07-13,47.699501037597656,2018-07-13,24.28700065612793,2018-07-09,264.197459901688,2018-07-09,95.7714888876072,2018-07-13,10.376,494.93002276611327,252.00191880798337,106.0601176731506,105.18108499188314
2018-07-16,2018-07-16,47.47999954223633,2018-07-16,23.98500061035156,2018-07-16,266.29672449195095,2018-07-16,96.0747520503084,2018-07-16,10.3333,490.6250792697906,247.84420680694575,105.06130552385964,105.97068370862772
2018-07-17,2018-07-17,47.64400100708008,2018-07-17,24.18600082397461,2018-07-16,266.29672449195095,2018-07-16,96.0747520503084,2018-07-17,10.3003,490.74750357322694,249.12306428718566,105.13475370679426,105.97068370862772
2018-07-18,2018-07-18,47.96599960327149,2018-07-18,24.2189998626709,2018-07-16,266.29672449195095,2018-07-16,96.0747520503084,2018-07-18,10.312,494.6253879089356,249.7463265838623,105.91331639131818,105.97068370862772
2018-07-19,2018-07-19,48.0,2018-07-19,24.058000564575195,2018-07-16,266.29672449195095,2018-07-16,96.0747520503084,2018-07-19,10.3565,497.112,249.15668284702303,106.37415857355839,105.97068370862772
2018-07-20,2018-07-20,47.69200134277344,2018-07-20,24.209999084472656,2018-07-16,266.29672449195095,2018-07-16,96.0747520503084,2018-07-20,10.3908,495.5580475524903,251.5612584869385,106.16518666813913,105.97068370862772
2018-07-23,2018-07-23,47.61800003051758,2018-07-23,24.035999298095703,2018-07-23,267.951820268424,2018-07-23,96.9363024714412,2018-07-23,10.3488,492.78915871582035,248.74374953613284,105.51720029862346,106.65597731443081
2018-07-24,2018-07-24,47.96099853515625,2018-07-24,24.469999313354492,2018-07-23,267.951820268424,2018-07-23,96.9363024714412,2018-07-24,10.3278,495.3316006713867,252.72125890846252,106.16615527234772,106.65597731443081
2018-07-25,2018-07-25,48.042999267578125,2018-07-25,24.611000061035156,2018-07-23,267.951820268424,2018-07-23,96.9363024714412,2018-07-25,10.2925,494.4825699615479,253.30871812820436,106.0237907800381,106.65597731443081
2018-07-26,2018-07-26,48.40399932861328,2018-07-26,24.719999313354492,2018-07-23,267.951820268424,2018-07-23,96.9363024714412,2018-07-26,10.2738,497.2930083023071,253.96832894554137,106.59611143372834,106.65597731443081
2018-07-27,2018-07-27,48.41600036621094,2018-07-27,24.829999923706055,2018-07-23,267.951820268424,2018-07-23,96.9363024714412,2018-07-27,10.301,498.7332197723389,255.77382921409608,106.94635089086349,106.65597731443081
2018-07-30,2018-07-30,47.87799835205078,2018-07-30,24.60099983215332,2018-07-30,267.348345367465,2018-07-30,97.2658869786939,2018-07-30,10.2503,490.76384650802606,252.16762857952116,105.25609305389449,106.47101302203895
2018-07-31,2018-07-31,47.99700164794922,2018-07-31,24.63400077819824,2018-07-30,267.348345367465,2018-07-30,97.2658869786939,2018-07-31,10.257,492.30524590301513,252.67094598197932,105.57547886639091,106.47101302203895
2018-08-01,2018-08-01,48.02000045776367,2018-08-01,24.62700080871582,2018-07-30,267.348345367465,2018-07-30,97.2658869786939,2018-08-01,10.2995,494.58199471473694,253.64579482936858,106.05621411667829,106.47101302203895
2018-08-02,2018-08-02,48.040000915527344,2018-08-02,24.290000915527344,2018-07-30,267.348345367465,2018-07-30,97.2658869786939,2018-08-02,10.3003,494.8264214302063,250.1942964302063,105.96980969927236,106.47101302203895
2018-08-03,2018-08-03,48.35599899291992,2018-08-03,24.61199951171875,2018-07-30,267.348345367465,2018-07-30,97.2658869786939,2018-08-03,10.3193,499.00006040763856,253.9786065612793,106.9285870810986,106.47101302203895
2018-08-06,2018-08-06,48.608001708984375,2018-08-06,24.558000564575195,2018-08-06,273.07987942075204,2018-08-06,98.0594364240839,2018-08-06,10.304,500.856849609375,253.0456378173828,107.25358385976892,108.62334904146576
2018-08-07,2018-08-07,48.76800155639648,2018-08-07,24.78700065612793,2018-08-06,273.07987942075204,2018-08-06,98.0594364240839,2018-08-07,10.3245,503.50523206901545,255.9133882741928,107.88007772906536,108.62334904146576
2018-08-08,2018-08-08,48.71900177001953,2018-08-08,24.63400077819824,2018-08-06,273.07987942075204,2018-08-06,98.0594364240839,2018-08-08,10.3878,506.0832465866089,255.89307328376768,108.38079639228042,108.62334904146576
2018-08-09,2018-08-09,48.80899810791016,2018-08-09,24.736000061035156,2018-08-06,273.07987942075204,2018-08-06,98.0594364240839,2018-08-09,10.3875,507.00346784591676,256.9452006340027,108.60064241204445,108.62334904146576
2018-08-10,2018-08-10,48.902000427246094,2018-08-10,24.483999252319336,2018-08-06,273.07987942075204,2018-08-06,98.0594364240839,2018-08-10,10.4258,509.84247605438236,255.26527940483095,109.08772314473765,108.62334904146576
2018-08-13,2018-08-13,48.79199981689453,2018-08-13,24.125999450683594,2018-08-13,275.26168971955303,2018-08-13,96.6782508671666,2018-08-13,10.4093,507.89056369400026,251.13476608200074,108.54770713861797,109.2729539764
2018-08-14,2018-08-14,49.051998138427734,2018-08-14,24.263999938964844,2018-08-13,275.26168971955303,2018-08-13,96.6782508671666,2018-08-14,10.3718,508.7575142921448,251.66135456695557,108.73679403100529,109.2729539764
2018-08-15,2018-08-15,48.64099884033203,2018-08-15,23.67099952697754,2018-08-13,275.26168971955303,2018-08-13,96.6782508671666,2018-08-15,10.4033,506.0269032356262,246.25650937900542,107.99583891532025,109.2729539764
2018-08-16,2018-08-16,48.88899993896485,2018-08-16,23.888999938964844,2018-08-13,275.26168971955303,2018-08-13,96.6782508671666,2018-08-16,10.4663,511.68694006118784,250.02944006118776,109.24332704971161,109.2729539764
2018-08-17,2018-08-17,48.76300048828125,2018-08-17,23.655000686645508,2018-08-13,275.26168971955303,2018-08-13,96.6782508671666,2018-08-17,10.4935,511.6945456237793,248.22374970531462,109.17472739163831,109.2729539764
2018-08-20,2018-08-20,48.95199966430664,2018-08-20,23.9060001373291,2018-08-20,277.97898490876,2018-08-20,97.0202513180512,2018-08-20,10.4918,513.5945900779724,250.81697224082944,109.64499086728354,110.28991693952833
2018-08-21,2018-08-21,48.82400131225586,2018-08-21,24.06399917602539,2018-08-20,277.97898490876,2018-08-20,97.0202513180512,2018-08-21,10.5118,513.2281369941711,252.95594653854369,109.65671790502256,110.28991693952833
2018-08-22,2018-08-22,48.60100173950195,2018-08-22,24.035999298095703,2018-08-20,277.97898490876,2018-08-20,97.0202513180512,2018-08-22,10.5075,510.6750257778168,252.55826262474062,109.14462112139849,110.28991693952833
2018-08-23,2018-08-23,48.470001220703125,2018-08-23,23.875999450683594,2018-08-20,277.97898490876,2018-08-20,97.0202513180512,2018-08-23,10.5183,509.8220138397217,251.13492502212523,108.92344274503145,110.28991693952833
2018-08-24,2018-08-24,48.54999923706055,2018-08-24,24.049999237060547,2018-08-20,277.97898490876,2018-08-20,97.0202513180512,2018-08-24,10.5843,513.86775692482,254.55240692481996,109.84310357163302,110.28991693952833
2018-08-27,2018-08-27,48.7760009765625,2018-08-27,24.38800048828125,2018-08-27,281.861868969519,2018-08-27,99.4473205887071,2018-08-27,10.6095,517.4889823608398,258.7444911804199,110.71024446827732,111.9385495826665
2018-08-28,2018-08-28,48.63100051879883,2018-08-28,24.174999237060547,2018-08-27,281.861868969519,2018-08-27,99.4473205887071,2018-08-28,10.6633,518.5669478321075,257.78526936454773,110.88271598916586,111.9385495826665
2018-08-29,2018-08-29,48.92399978637695,2018-08-29,24.290000915527344,2018-08-27,281.861868969519,2018-08-27,99.4473205887071,2018-08-29,10.6923,523.1100829158783,259.715976789093,111.84143362507652,111.9385495826665
2018-08-30,2018-08-30,48.90399932861328,2018-08-30,23.881000518798828,2018-08-27,281.861868969519,2018-08-27,99.4473205887071,2018-08-30,10.644,520.5341688537598,254.18936952209472,111.12584646200068,111.9385495826665
2018-08-31,2018-08-31,48.90399932861328,2018-08-31,23.940000534057617,2018-08-27,281.861868969519,2018-08-27,99.4473205887071,2018-08-31,10.6205,519.3849248695374,254.25477567195892,110.90481981234004,111.9385495826665
2018-09-03,2018-09-03,48.948001861572266,2018-09-03,23.909000396728516,2018-09-03,279.357910991419,2018-09-03,96.5764000199628,2018-09-03,10.5806,517.8992284965516,252.97156959762575,110.56600240932075,110.74373622354312
2018-09-04,2018-09-04,48.79100036621094,2018-09-04,23.729999542236328,2018-09-03,279.357910991419,2018-09-03,96.5764000199628,2018-09-04,10.5645,515.4525233688355,250.6955801639557,110.00170765282589,110.74373622354312
2018-09-05,2018-09-05,48.26599884033203,2018-09-05,23.22599983215332,2018-09-03,279.357910991419,2018-09-03,96.5764000199628,2018-09-05,10.5408,508.7622405761719,244.82061903076175,108.4722232005376,110.74373622354312
2018-09-06,2018-09-06,48.13999938964844,2018-09-06,23.21500015258789,2018-09-03,279.357910991419,2018-09-03,96.5764000199628,2018-09-06,10.5908,509.8411055358887,245.86542361602784,108.72264634621955,110.74373622354312
2018-09-07,2018-09-07,48.37900161743164,2018-09-07,23.37299919128418,2018-09-03,279.357910991419,2018-09-03,96.5764000199628,2018-09-07,10.5163,508.76809470939634,245.7974713953018,108.5112738443281,110.74373622354312
2018-09-10,2018-09-10,48.32500076293945,2018-09-10,23.020999908447266,2018-09-10,275.860146641154,2018-09-10,92.7911121874258,2018-09-10,10.4683,505.88060548667903,240.99073334159849,107.76301350972935,109.09740317790533
2018-09-11,2018-09-11,48.39099884033203,2018-09-11,22.909000396728516,2018-09-10,275.860146641154,2018-09-10,92.7911121874258,2018-09-11,10.485,507.3796228408813,240.20086915969847,108.02396602348784,109.09740317790533
2018-09-12,2018-09-12,48.41400146484375,2018-09-12,23.100000381469727,2018-09-10,275.860146641154,2018-09-10,92.7911121874258,2018-09-12,10.474,507.08825134277345,241.94940399551393,108.03514582506087,109.09740317790533
2018-09-13,2018-09-13,48.380001068115234,2018-09-13,23.20199966430664,2018-09-10,275.860146641154,2018-09-10,92.7911121874258,2018-09-13,10.446,505.3774911575317,242.36808849334716,107.7185969374766,109.09740317790533
2018-09-14,2018-09-14,48.62900161743164,2018-09-14,23.413999557495117,2018-09-10,275.860146641154,2018-09-10,92.7911121874258,2018-09-14,10.546,512.841451057434,246.9240393333435,109.34739553639822,109.09740317790533
2018-09-17,2018-09-17,48.46500015258789,2018-09-17,23.12700080871582,2018-09-17,274.09624200343796,2018-09-17,92.7733130072683,2018-09-17,10.4527,506.59010709495544,241.73960135326385,107.93009819873554,108.45784173561785
2018-09-18,2018-09-18,48.685001373291016,2018-09-18,23.26799964904785,2018-09-17,274.09624200343796,2018-09-17,92.7733130072683,2018-09-18,10.4179,507.1954758068085,242.4036935438156,108.07363551024484,108.45784173561785
2018-09-19,2018-09-19,48.79899978637695,2018-09-19,23.56100082397461,2018-09-17,274.09624200343796,2018-09-17,92.7733130072683,2018-09-19,10.3878,506.9142499809265,244.74696435928345,108.10987078908822,108.45784173561785
2018-09-20,2018-09-20,48.87699890136719,2018-09-20,23.559999465942383,2018-09-17,274.09624200343796,2018-09-17,92.7733130072683,2018-09-20,10.335,505.1437836456299,243.49259448051455,107.71677556874278,108.45784173561785
2018-09-21,2018-09-21,49.05400085449219,2018-09-21,23.790000915527344,2018-09-17,274.09624200343796,2018-09-17,92.7733130072683,2018-09-21,10.3315,506.801409828186,245.78639445877076,108.12826021428907,108.45784173561785
2018-09-24,2018-09-24,48.66400146484375,2018-09-24,23.441999435424805,2018-09-24,273.25962162201796,2018-09-24,94.3451536862882,2018-09-24,10.3563,503.9789983703613,242.7723787530899,107.46223550173552,108.31383421476116
2018-09-25,2018-09-25,48.85100173950195,2018-09-25,23.51300048828125,2018-09-24,273.25962162201796,2018-09-24,94.3451536862882,2018-09-25,10.3515,505.6811445064545,243.39482455444335,107.81751514317736,108.31383421476116
2018-09-26,2018-09-26,48.970001220703125,2018-09-26,23.7189998626709,2018-09-24,273.25962162201796,2018-09-24,94.3451536862882,2018-09-26,10.3763,508.12742366638184,246.11545827503207,108.39898376440193,108.31383421476116
2018-09-27,2018-09-27,49.242000579833984,2018-09-27,23.924999237060547,2018-09-24,273.25962162201796,2018-09-24,94.3451536862882,2018-09-27,10.3208,508.2168395843506,246.9251321258545,108.44780164444785,108.31383421476116
2018-09-28,2018-09-28,49.2599983215332,2018-09-28,23.924999237060547,2018-09-24,273.25962162201796,2018-09-24,94.3451536862882,2018-09-28,10.309,507.82132269668574,246.64281713485715,108.35990413644222,108.31383421476116
2018-10-01,2018-10-01,49.63800048828125,2018-10-01,23.969999313354492,2018-10-01,278.373713844197,2018-10-01,94.8351395927909,2018-10-01,10.33,512.7605450439453,247.6100929069519,109.35828257305195,110.21231698762001
2018-10-02,2018-10-02,49.45000076293945,2018-10-02,23.722999572753903,2018-10-01,278.373713844197,2018-10-01,94.8351395927909,2018-10-02,10.3815,513.3651829204559,246.28032006454467,109.4242954328734,110.21231698762001
2018-10-03,2018-10-02,49.45000076293945,2018-10-02,23.722999572753903,2018-10-01,278.373713844197,2018-10-01,94.8351395927909,2018-10-03,10.3795,513.2662829189301,246.23287406539913,109.4032147999335,110.21231698762001
2018-10-04,2018-10-04,49.194000244140625,2018-10-04,23.11000061035156,2018-10-01,278.373713844197,2018-10-01,94.8351395927909,2018-10-04,10.4015,511.69139353942876,240.37867134857174,108.86964522844255,110.21231698762001
2018-10-05,2018-10-05,48.91299819946289,2018-10-05,22.840999603271484,2018-10-01,278.373713844197,2018-10-01,94.8351395927909,2018-10-05,10.4438,510.8375705955505,238.54683165664673,108.63245504158606,110.21231698762001
2018-10-08,2018-10-08,48.73600006103515,2018-10-08,22.881000518798828,2018-10-08,276.52537600367395,2018-10-08,92.70174461408332,2018-10-08,10.4463,509.1108774375915,239.02179571952823,108.31499089679197,109.3289163156403
2018-10-09,2018-10-09,48.900001525878906,2018-10-09,22.969999313354492,2018-10-08,276.52537600367395,2018-10-08,92.70174461408332,2018-10-09,10.4445,510.7360659370422,239.910157828331,108.66562005462113,109.3289163156403
2018-10-10,2018-10-10,47.882999420166016,2018-10-10,22.381000518798828,2018-10-08,276.52537600367395,2018-10-08,92.70174461408332,2018-10-10,10.48,501.81383392333987,234.55288543701172,106.722040986736,109.3289163156403
2018-10-11,2018-10-11,46.45600128173828,2018-10-11,21.902000427246097,2018-10-08,276.52537600367395,2018-10-08,92.70174461408332,2018-10-11,10.412,483.699885345459,228.04362844848637,102.94566741969062,109.3289163156403
2018-10-12,2018-10-12,46.573001861572266,2018-10-12,22.441999435424805,2018-10-08,276.52537600367395,2018-10-08,92.70174461408332,2018-10-12,10.3593,482.46369818458555,232.48340475139617,102.87749765039314,109.3289163156403
2018-10-15,2018-10-15,46.62900161743164,2018-10-15,22.309999465942383,2018-10-15,263.57552332104797,2018-10-15,89.82634516210311,2018-10-15,10.392,484.5685848083496,231.84551445007324,103.26220944143026,104.35677784205808
2018-10-16,2018-10-16,47.0890007019043,2018-10-16,22.676000595092773,2018-10-15,263.57552332104797,2018-10-15,89.82634516210311,2018-10-16,10.3165,485.79367574119567,233.9369601392746,103.58169860191302,104.35677784205808
2018-10-17,2018-10-17,47.25,2018-10-17,22.606000900268555,2018-10-15,263.57552332104797,2018-10-15,89.82634516210311,2018-10-17,10.3148,487.3743,233.1763780860901,103.85966273944294,104.35677784205808
2018-10-18,2018-10-18,46.97999954223633,2018-10-18,22.184999465942383,2018-10-15,263.57552332104797,2018-10-15,89.82634516210311,2018-10-18,10.333,485.444335269928,229.23759948158263,103.33135751714543,104.35677784205808
2018-10-19,2018-10-19,47.124000549316406,2018-10-19,22.39299964904785,2018-10-15,263.57552332104797,2018-10-15,89.82634516210311,2018-10-19,10.3358,487.06424487762456,231.4495657726288,103.73232908971828,104.35677784205808
2018-10-22,2018-10-22,46.93399810791016,2018-10-22,22.58799934387207,2018-10-22,260.552170475825,2018-10-22,88.85471531192799,2018-10-22,10.331,484.87513445281985,233.35662122154235,103.38048958942574,103.16567081863404
2018-10-23,2018-10-23,46.00600051879883,2018-10-23,22.066999435424805,2018-10-22,260.552170475825,2018-10-22,88.85471531192799,2018-10-23,10.3606,476.6497689750671,228.62735435066222,101.59684658463577,103.16567081863404
2018-10-24,2018-10-24,46.167999267578125,2018-10-24,22.04599952697754,2018-10-22,260.552170475825,2018-10-22,88.85471531192799,2018-10-24,10.359,478.2543044128418,228.37450909996033,101.89916758052564,103.16567081863404
2018-10-25,2018-10-25,46.2140007019043,2018-10-25,22.284000396728516,2018-10-22,260.552170475825,2018-10-22,88.85471531192799,2018-10-25,10.393,480.3021092948914,231.5976161231995,102.42262116855156,103.16567081863404
2018-10-26,2018-10-26,45.55799865722656,2018-10-26,21.881000518798828,2018-10-22,260.552170475825,2018-10-22,88.85471531192799,2018-10-26,10.4025,473.9170810317993,227.6171078968048,101.02604265889768,103.16567081863404
2018-10-29,2018-10-29,45.891998291015625,2018-10-29,21.801000595092773,2018-10-29,259.12154213097205,2018-10-29,87.7171401093243,2018-10-29,10.391,476.86375424194335,226.534197183609,101.55723780343689,102.53370585436734
2018-10-30,2018-10-30,45.74300003051758,2018-10-30,21.834999084472656,2018-10-29,259.12154213097205,2018-10-29,87.7171401093243,2018-10-30,10.42,476.6420603179932,227.5206904602051,101.55239716608169,102.53370585436734
2018-10-31,2018-10-31,46.84099960327149,2018-10-31,22.316999435424805,2018-10-29,259.12154213097205,2018-10-29,87.7171401093243,2018-10-31,10.4015,487.21665737342846,232.13026962757112,103.78839648886694,102.53370585436734
2018-11-01,2018-11-01,46.7869987487793,2018-11-01,22.798999786376953,2018-10-29,259.12154213097205,2018-10-29,87.7171401093243,2018-11-01,10.3158,482.64532169265743,235.18992199630736,103.017869737336,102.53370585436734
2018-11-02,2018-11-02,46.73199844360352,2018-11-02,23.038999557495117,2018-10-29,259.12154213097205,2018-10-29,87.7171401093243,2018-11-02,10.3123,481.9143875499726,237.5850751367569,102.96863578616338,102.53370585436734
2018-11-05,2018-11-05,46.7859992980957,2018-11-05,23.06399917602539,2018-11-05,263.253099059399,2018-11-05,91.8930455808704,2018-11-05,10.3268,483.1496575515747,238.177306690979,103.23192031898394,104.44858149331964
2018-11-06,2018-11-06,46.95000076293945,2018-11-06,23.007999420166016,2018-11-05,263.253099059399,2018-11-05,91.8930455808704,2018-11-06,10.347,485.7916578941345,238.06377000045777,103.7414683399696,104.44858149331964
2018-11-07,2018-11-07,47.45500183105469,2018-11-07,23.209999084472656,2018-11-05,263.253099059399,2018-11-05,91.8930455808704,2018-11-07,10.3313,490.27186041717533,239.78946354141237,104.67998693237897,104.44858149331964
2018-11-08,2018-11-08,47.84000015258789,2018-11-08,23.10199928283691,2018-11-05,263.253099059399,2018-11-05,91.8930455808704,2018-11-08,10.2528,490.49395356445314,236.86017824707028,104.60950510437807,104.44858149331964
2018-11-09,2018-11-09,47.67900085449219,2018-11-09,22.649999618530273,2018-11-05,263.253099059399,2018-11-05,91.8930455808704,2018-11-09,10.2648,489.41540797119137,232.49771608428952,104.23038516510698,104.44858149331964
2018-11-12,2018-11-12,47.32400131225586,2018-11-12,22.524999618530273,2018-11-12,260.615109801833,2018-11-12,89.54694739916629,2018-11-12,10.2705,486.04115547752383,231.34300858211517,103.52916965147998,103.25822381456223
2018-11-13,2018-11-13,47.3650016784668,2018-11-13,22.875999450683594,2018-11-12,260.615109801833,2018-11-12,89.54694739916629,2018-11-13,10.2284,484.46818316802984,233.98487278137208,103.32570698263008,103.25822381456223
2018-11-14,2018-11-14,46.80500030517578,2018-11-14,22.70599937438965,2018-11-12,260.615109801833,2018-11-12,89.54694739916629,2018-11-14,10.2685,480.6171456336975,233.1565545759201,102.5444086093437,103.25822381456223
2018-11-15,2018-11-15,46.62099838256836,2018-11-15,23.07799911499023,2018-11-12,260.615109801833,2018-11-12,89.54694739916629,2018-11-15,10.2553,478.1123247127533,236.67180432395932,102.19356754649066,103.25822381456223
2018-11-16,2018-11-16,46.58000183105469,2018-11-16,22.915000915527344,2018-11-12,260.615109801833,2018-11-12,89.54694739916629,2018-11-16,10.262,478.0039787902832,235.1537393951416,102.11357437686634,103.25822381456223
2018-11-19,2018-11-19,46.150001525878906,2018-11-19,22.78499984741211,2018-11-19,254.208099366225,2018-11-19,89.7915008594325,2018-11-19,10.2815,474.49124068832396,234.26397593116758,101.39570146787351,100.9663286939299
2018-11-20,2018-11-20,45.540000915527344,2018-11-20,22.507999420166016,2018-11-19,254.208099366225,2018-11-19,89.7915008594325,2018-11-20,10.3133,469.66769144210815,232.13175041999816,100.37461326495891,100.9663286939299
2018-11-21,2018-11-21,45.84700012207031,2018-11-21,22.882999420166016,2018-11-19,254.208099366225,2018-11-19,89.7915008594325,2018-11-21,10.3143,472.8797133590698,236.0221209194183,101.15044129196139,100.9663286939299
2018-11-22,2018-11-22,45.334999084472656,2018-11-22,22.625999450683594,2018-11-19,254.208099366225,2018-11-19,89.7915008594325,2018-11-22,10.3035,467.10916306686397,233.1269853401184,99.91552211345076,100.9663286939299
2018-11-23,2018-11-23,45.762001037597656,2018-11-23,22.70800018310547,2018-11-19,254.208099366225,2018-11-19,89.7915008594325,2018-11-23,10.3043,471.54538729171753,233.99004628677366,100.81200657157471,100.9663286939299
2018-11-26,2018-11-26,46.06399917602539,2018-11-26,22.913000106811523,2018-11-26,258.949914284562,2018-11-26,91.1157396595281,2018-11-26,10.293,474.1367435188293,235.843510099411,101.3880423394385,102.81432487353135
2018-11-27,2018-11-27,46.375999450683594,2018-11-27,23.084999084472656,2018-11-26,258.949914284562,2018-11-26,91.1157396595281,2018-11-27,10.2823,476.8519391517639,237.36688608627318,101.97535810045721,102.81432487353135
2018-11-28,2018-11-28,46.59000015258789,2018-11-28,23.229999542236328,2018-11-26,258.949914284562,2018-11-26,91.1157396595281,2018-11-28,10.2544,477.7524975646973,238.2097073059082,102.18325585082391,102.81432487353135
2018-11-29,2018-11-29,46.847999572753906,2018-11-29,23.381999969482425,2018-11-26,258.949914284562,2018-11-26,91.1157396595281,2018-11-29,10.317,483.33081159210207,241.23209368515018,103.38571749443881,102.81432487353135
2018-11-30,2018-11-30,47.0369987487793,2018-11-30,23.320999145507812,2018-11-26,258.949914284562,2018-11-26,91.1157396595281,2018-11-30,10.3195,485.39830858802793,240.66105068206787,103.76575015154141,102.81432487353135
2018-12-03,2018-12-03,47.63999938964844,2018-12-03,23.760000228881836,2018-12-03,258.260151466619,2018-12-03,93.3555261092114,2018-12-03,10.2355,487.6192137527466,243.19548234272003,104.29614971395549,102.79076353642705
2018-12-04,2018-12-04,47.34400177001953,2018-12-04,23.732999801635746,2018-12-03,258.260151466619,2018-12-03,93.3555261092114,2018-12-04,10.2293,484.2959973060608,242.77197487087255,103.63324037194539,102.79076353642705
2018-12-05,2018-12-05,46.53799819946289,2018-12-05,23.41200065612793,2018-12-03,258.260151466619,2018-12-03,93.3555261092114,2018-12-05,10.1753,473.53809307899473,238.22413027629852,101.36397781407123,102.79076353642705
2018-12-06,2018-12-06,45.16400146484375,2018-12-06,22.60300064086914,2018-12-03,258.260151466619,2018-12-03,93.3555261092114,2018-12-06,10.2355,462.2761369934082,231.3530130596161,98.90649423746511,102.79076353642705
2018-12-07,2018-12-07,45.49100112915039,2018-12-07,22.858999252319336,2018-12-03,258.260151466619,2018-12-03,93.3555261092114,2018-12-07,10.2665,467.0333630924225,234.68191582393646,99.9611237175251,102.79076353642705
2018-12-10,2018-12-10,44.52000045776367,2018-12-10,22.184999465942383,2018-12-10,252.65459192866496,2018-12-10,89.45217718697049,2018-12-10,10.333,460.02516473007205,229.23759948158263,98.38650782458959,100.37042094419517
2018-12-11,2018-12-11,45.529998779296875,2018-12-11,22.64900016784668,2018-12-10,252.65459192866496,2018-12-10,89.45217718697049,2018-12-11,10.297,468.8223974304199,233.21675472831728,100.25228550051501,100.37042094419517
2018-12-12,2018-12-12,45.854000091552734,2018-12-12,23.040000915527344,2018-12-10,252.65459192866496,2018-12-10,89.45217718697049,2018-12-12,10.3595,475.0245139484406,238.68288948440554,101.67093921559378,100.37042094419517
2018-12-13,2018-12-13,45.61100006103515,2018-12-13,23.020999908447266,2018-12-10,252.65459192866496,2018-12-10,89.45217718697049,2018-12-13,10.302,469.8845226287841,237.16234105682372,100.61203211230843,100.37042094419517
2018-12-14,2018-12-14,45.37900161743164,2018-12-14,22.988000869750977,2018-12-10,252.65459192866496,2018-12-10,89.45217718697049,2018-12-14,10.261,465.633935596466,235.87987692451475,99.73538296680312,100.37042094419517
2018-12-17,2018-12-17,44.76499938964844,2018-12-17,22.731000900268555,2018-12-17,245.942779243218,2018-12-17,89.0542914959813,2018-12-17,10.2725,459.8484562301636,233.50420674800876,98.51772015212184,97.90354409407433
2018-12-18,2018-12-18,44.20899963378906,2018-12-18,22.59600067138672,2018-12-17,245.942779243218,2018-12-17,89.0542914959813,2018-12-18,10.276,454.2916802368164,232.19650289916993,97.38599550645664,97.90354409407433
2018-12-19,2018-12-19,44.1510009765625,2018-12-19,22.64699935913086,2018-12-17,245.942779243218,2018-12-17,89.0542914959813,2018-12-19,10.3393,456.49044439697263,234.1541204738617,97.8897016641175,97.90354409407433
2018-12-20,2018-12-20,42.95800018310547,2018-12-20,22.326000213623047,2018-12-17,245.942779243218,2018-12-17,89.0542914959813,2018-12-20,10.253,440.4483758773804,228.9084801902771,94.56541689308516,97.90354409407433
2018-12-21,2018-12-21,42.86800003051758,2018-12-21,22.38599967956543,2018-12-17,245.942779243218,2018-12-17,89.0542914959813,2018-12-21,10.2733,440.3958247135163,229.97809050807953,94.59670577392204,97.90354409407433
2018-12-24,2018-12-21,42.86800003051758,2018-12-21,22.38599967956543,2018-12-24,234.94585522574,2018-12-24,87.9562462808569,2018-12-24,10.3428,443.37515071563723,231.53391748580933,95.23666285210408,93.81672386498498
2018-12-25,2018-12-21,42.86800003051758,2018-12-21,22.38599967956543,2018-12-24,234.94585522574,2018-12-24,87.9562462808569,2018-12-24,10.3428,443.37515071563723,231.53391748580933,95.23666285210408,93.81672386498498
2018-12-26,2018-12-21,42.86800003051758,2018-12-21,22.38599967956543,2018-12-24,234.94585522574,2018-12-24,87.9562462808569,2018-12-24,10.3428,443.37515071563723,231.53391748580933,95.23666285210408,93.81672386498498
2018-12-27,2018-12-27,42.141998291015625,2018-12-27,22.198999404907227,2018-12-24,234.94585522574,2018-12-24,87.9562462808569,2018-12-27,10.2725,432.903677444458,228.0392213869095,93.06399325981545,93.81672386498498
2018-12-28,2018-12-28,43.0989990234375,2018-12-28,22.440000534057617,2018-12-24,234.94585522574,2018-12-24,87.9562462808569,2018-12-28,10.2773,442.94134266357423,230.62261748867036,95.11690544829695,93.81672386498498
2018-12-31,2018-12-28,43.0989990234375,2018-12-28,22.440000534057617,2018-12-31,237.727276087646,2018-12-31,87.5530570423583,2018-12-31,10.2548,441.97161518554685,230.11771747665404,94.90866686690042,94.7817365277088
2019-01-01,2018-12-28,43.0989990234375,2018-12-28,22.440000534057617,2018-12-31,237.727276087646,2018-12-31,87.5530570423583,2018-12-31,10.2548,441.97161518554685,230.11771747665404,94.90866686690042,94.7817365277088
2019-01-02,2019-01-02,43.4010009765625,2019-01-02,22.594999313354492,2018-12-31,237.727276087646,2018-12-31,87.5530570423583,2019-01-02,10.2145,443.31952447509764,230.79662048625946,95.19722711504643,94.7817365277088
2019-01-03,2019-01-03,42.84199905395508,2019-01-03,22.19499969482422,2018-12-31,237.727276087646,2018-12-31,87.5530570423583,2019-01-03,10.2808,440.45002387390133,228.1823528625488,94.53755634214089,94.7817365277088
2019-01-04,2019-01-04,43.75600051879883,2019-01-04,22.775999069213867,2018-12-31,237.727276087646,2018-12-31,87.5530570423583,2019-01-04,10.246,448.3239813156128,233.3628864631653,96.27035288115813,94.7817365277088
2019-01-07,2019-01-07,44.0629997253418,2019-01-07,22.701000213623047,2019-01-07,246.118723743556,2019-01-07,89.1601941274607,2019-01-07,10.2235,450.47807769203183,232.0836756839752,96.6397477889824,97.97783746929998
2019-01-08,2019-01-08,44.2140007019043,2019-01-08,22.74799919128418,2019-01-07,246.118723743556,2019-01-07,89.1601941274607,2019-01-08,10.1855,450.3417041492462,231.699745762825,96.5983183369779,97.97783746929998
2019-01-09,2019-01-09,44.40399932861328,2019-01-09,23.07200050354004,2019-01-07,246.118723743556,2019-01-07,89.1601941274607,2019-01-09,10.2268,454.11082033386236,235.95273474960328,97.49659248518266,97.97783746929998
2019-01-10,2019-01-10,44.582000732421875,2019-01-10,23.191999435424805,2019-01-07,246.118723743556,2019-01-07,89.1601941274607,2019-01-10,10.2303,456.0872420928955,237.26111182422636,97.93184871719835,97.97783746929998
2019-01-11,2019-01-11,44.707000732421875,2019-01-11,23.263999938964844,2019-01-07,246.118723743556,2019-01-07,89.1601941274607,2019-01-11,10.2338,457.522504095459,238.07912257537842,98.24280068732985,97.97783746929998
2019-01-14,2019-01-14,44.58300018310547,2019-01-14,23.099000930786133,2019-01-14,249.989038171878,2019-01-14,92.00571375682742,2019-01-14,10.2493,456.94454377670286,236.74859023990632,98.07873052495492,99.66411684541863
2019-01-15,2019-01-15,45.09199905395508,2019-01-15,23.42300033569336,2019-01-14,249.989038171878,2019-01-14,92.00571375682742,2019-01-15,10.2403,461.75559791221616,239.8585503376007,99.13533409025047,99.66411684541863
2019-01-16,2019-01-16,45.40399932861328,2019-01-16,23.691999435424805,2019-01-14,249.989038171878,2019-01-14,92.00571375682742,2019-01-16,10.2488,465.33650831909176,242.81456381378172,99.94666026987072,99.66411684541863
2019-01-17,2019-01-17,45.459999084472656,2019-01-17,23.6299991607666,2019-01-14,249.989038171878,2019-01-14,92.00571375682742,2019-01-17,10.2858,467.59245858306883,243.0534453678131,100.39478650041053,99.66411684541863
2019-01-18,2019-01-18,46.30899810791016,2019-01-18,23.999000549316406,2019-01-14,249.989038171878,2019-01-14,92.00571375682742,2019-01-18,10.2515,474.73669410324106,246.02575413131714,101.89992693082932,99.66411684541863
2019-01-21,2019-01-21,46.141998291015625,2019-01-21,23.79800033569336,2019-01-21,254.225156926608,2019-01-21,93.2984420778156,2019-01-21,10.2515,473.0246954803467,243.96520044136048,101.48691742219054,101.32609368153267
2019-01-22,2019-01-22,45.92599868774414,2019-01-22,23.64699935913086,2019-01-21,254.225156926608,2019-01-21,93.2984420778156,2019-01-22,10.2538,470.9160053443909,242.471602028656,101.01874224337288,101.32609368153267
2019-01-23,2019-01-23,45.59099960327149,2019-01-23,23.63400077819824,2019-01-21,254.225156926608,2019-01-21,93.2984420778156,2019-01-23,10.245,467.07979093551637,242.13033797264094,100.25923011080731,101.32609368153267
2019-01-24,2019-01-24,45.874000549316406,2019-01-24,23.97800064086914,2019-01-21,254.225156926608,2019-01-21,93.2984420778156,2019-01-24,10.2843,471.7819838493347,246.59695199089052,101.3473086486524,101.32609368153267
2019-01-25,2019-01-25,46.17300033569336,2019-01-25,24.19300079345703,2019-01-21,254.225156926608,2019-01-21,93.2984420778156,2019-01-25,10.298,475.4895574569702,249.1395221710205,102.16722909911707,101.32609368153267
2019-01-28,2019-01-28,45.56399917602539,2019-01-28,23.83799934387207,2019-01-28,256.828491878749,2019-01-28,95.5678818858164,2019-01-28,10.3503,471.60106067161564,246.7304446088791,101.31729412074328,102.49619226055593
2019-01-29,2019-01-29,45.733001708984375,2019-01-29,23.95299911499023,2019-01-28,256.828491878749,2019-01-28,95.5678818858164,2019-01-29,10.3508,473.37315408935547,247.93270323944088,101.70868341373765,102.49619226055593
2019-01-30,2019-01-30,46.08399963378906,2019-01-30,24.083999633789062,2019-01-28,256.828491878749,2019-01-28,95.5678818858164,2019-01-30,10.3843,478.55007739715575,250.09547739715575,102.79969988415536,102.49619226055593
2019-01-31,2019-01-31,46.49700164794922,2019-01-31,24.530000686645508,2019-01-28,256.828491878749,2019-01-28,95.5678818858164,2019-01-31,10.373,482.3133980941772,254.44969712257384,103.70077540702508,102.49619226055593
2019-02-01,2019-02-01,46.56399917602539,2019-02-01,24.392000198364254,2019-01-28,256.828491878749,2019-01-28,95.5678818858164,2019-02-01,10.3878,483.6975106407166,253.3792196605682,103.92848456964754,102.49619226055593
2019-02-04,2019-02-04,46.73899841308594,2019-02-04,24.55500030517578,2019-02-04,265.77740306910897,2019-02-04,97.0693326820366,2019-02-04,10.4113,486.6137341781617,255.64947467727663,104.58389326816034,105.88319656909026
2019-02-05,2019-02-05,47.250999450683594,2019-02-05,24.81399917602539,2019-02-04,265.77740306910897,2019-02-04,97.0693326820366,2019-02-05,10.3998,491.4009440872193,258.0606286308289,105.60873756208441,105.88319656909026
2019-02-06,2019-02-06,47.25199890136719,2019-02-06,24.707000732421875,2019-02-04,265.77740306910897,2019-02-04,97.0693326820366,2019-02-06,10.4258,492.63989014587406,257.590248236084,105.83149703518302,105.88319656909026
2019-02-07,2019-02-07,46.66999816894531,2019-02-07,24.246999740600582,2019-02-04,265.77740306910897,2019-02-04,97.0693326820366,2019-02-07,10.473,488.7748908233643,253.93882828330993,104.9379175281564,105.88319656909026
2019-02-08,2019-02-08,46.62799835205078,2019-02-08,24.20400047302246,2019-02-04,265.77740306910897,2019-02-04,97.0693326820366,2019-02-08,10.4973,489.46808710098264,254.07665416545865,105.07811564260115,105.88319656909026
2019-02-11,2019-02-11,47.14500045776367,2019-02-11,24.393999099731445,2019-02-11,270.142423558976,2019-02-11,98.907410766754,2019-02-11,10.4858,494.35304580001826,255.79059575996396,106.09491628932717,107.64676628414551
2019-02-12,2019-02-12,47.49599838256836,2019-02-12,24.482999801635746,2019-02-11,270.142423558976,2019-02-11,98.907410766754,2019-02-12,10.4725,497.40184306144715,256.39821542263036,106.71158766533758,107.64676628414551
2019-02-13,2019-02-13,47.79100036621094,2019-02-13,24.395999908447266,2019-02-11,270.142423558976,2019-02-11,98.907410766754,2019-02-13,10.4083,497.4230691116333,253.92088584709168,106.61957118635989,107.64676628414551
2019-02-14,2019-02-14,47.66899871826172,2019-02-14,24.280000686645508,2019-02-11,270.142423558976,2019-02-11,98.907410766754,2019-02-14,10.4775,499.45193407058713,254.3937071943283,107.03260123817077,107.64676628414551
2019-02-15,2019-02-15,48.23400115966797,2019-02-15,24.444000244140625,2019-02-11,270.142423558976,2019-02-11,98.907410766754,2019-02-15,10.4813,505.55503635482785,256.2048997589111,108.29014448607768,107.64676628414551
2019-02-18,2019-02-18,48.2140007019043,2019-02-18,24.413000106811523,2019-02-18,275.648216702144,2019-02-18,98.9955420887156,2019-02-18,10.4685,504.72826634788515,255.56749161815645,108.10457308459718,109.64635637627826
2019-02-19,2019-02-19,48.1510009765625,2019-02-19,24.426000595092773,2019-02-18,275.648216702144,2019-02-18,98.9955420887156,2019-02-19,10.6,510.4006103515625,258.9156063079834,109.33796817330055,109.64635637627826
2019-02-20,2019-02-20,48.25699996948242,2019-02-20,24.70599937438965,2019-02-18,275.648216702144,2019-02-18,98.9955420887156,2019-02-20,10.5703,510.09096677742,261.1498251871109,109.36444295587184,109.64635637627826
2019-02-21,2019-02-21,48.22999954223633,2019-02-21,24.513999938964844,2019-02-18,275.648216702144,2019-02-18,98.9955420887156,2019-02-21,10.6188,512.1447191390992,260.3092625518799,109.73134172955935,109.64635637627826
2019-02-22,2019-02-22,48.45399856567383,2019-02-22,24.868999481201172,2019-02-18,275.648216702144,2019-02-18,98.9955420887156,2019-02-22,10.5998,513.6026939964295,263.60642070083617,110.14292826490706,109.64635637627826
2019-02-25,2019-02-25,48.68600082397461,2019-02-25,25.17200088500977,2019-02-25,277.202564144867,2019-02-25,101.434941585546,2019-02-25,10.5793,515.0638085170746,266.30214896278386,110.53178395803893,110.45431410578644
2019-02-26,2019-02-26,48.540000915527344,2019-02-26,24.97599983215332,2019-02-25,277.202564144867,2019-02-25,101.434941585546,2019-02-26,10.5858,513.8347416915894,264.39093902320866,110.21851634169286,110.45431410578644
2019-02-27,2019-02-27,48.39300155639648,2019-02-27,24.788000106811523,2019-02-25,277.202564144867,2019-02-25,101.434941585546,2019-02-27,10.5443,510.2703263111114,261.37210952625276,109.40796107578905,110.45431410578644
2019-02-28,2019-02-28,48.34600067138672,2019-02-28,24.510000228881836,2019-02-25,277.202564144867,2019-02-25,101.434941585546,2019-02-28,10.4844,506.878809439087,256.97264639968876,108.57745750091003,110.45431410578644
2019-03-01,2019-03-01,48.39400100708008,2019-03-01,24.4950008392334,2019-02-25,277.202564144867,2019-02-25,101.434941585546,2019-03-01,10.5003,508.1515287746429,257.2048573122024,108.83405466929297,110.45431410578644
2019-03-04,2019-03-04,48.63100051879883,2019-03-04,24.611000061035156,2019-03-04,277.331364519162,2019-03-04,100.62661098988698,2019-03-04,10.5543,513.2661687755584,259.7518779441833,109.92786770345478,110.41938157032847
2019-03-05,2019-03-05,48.73600006103515,2019-03-05,24.97699928283691,2019-03-04,277.331364519162,2019-03-04,100.62661098988698,2019-03-05,10.5523,514.2768934440612,263.56478953228,110.27246612011352,110.41938157032847
2019-03-06,2019-03-06,48.51800155639648,2019-03-06,24.91200065612793,2019-03-04,277.331364519162,2019-03-04,100.62661098988698,2019-03-06,10.5375,511.2584414005279,262.510206913948,109.64435115191691,110.41938157032847
2019-03-07,2019-03-07,48.487998962402344,2019-03-07,24.677000045776367,2019-03-04,277.331364519162,2019-03-04,100.62661098988698,2019-03-07,10.5625,512.1544890403748,260.6508129835129,109.74649792803852,110.41938157032847
2019-03-08,2019-03-08,47.97700119018555,2019-03-08,24.301000595092773,2019-03-04,277.331364519162,2019-03-04,100.62661098988698,2019-03-08,10.6316,510.0722858535767,258.35851792678835,109.25247774789855,110.41938157032847
2019-03-11,2019-03-11,48.63999938964844,2019-03-11,24.79800033569336,2019-03-11,278.109391522686,2019-03-11,100.576102013784,2019-03-11,10.5802,514.6209215423584,262.36780315170284,110.29293542835003,110.69559645726896
2019-03-12,2019-03-12,48.67499923706055,2019-03-12,24.832000732421875,2019-03-11,278.109391522686,2019-03-11,100.576102013784,2019-03-12,10.5715,514.5677544345856,262.5114957427979,110.28816944537631,110.69559645726896
2019-03-13,2019-03-13,48.948001861572266,2019-03-13,24.75200080871582,2019-03-11,278.109391522686,2019-03-11,100.576102013784,2019-03-13,10.554,516.5972116470338,261.23261653518676,110.63333087840088,110.69559645726896
2019-03-14,2019-03-14,48.9630012512207,2019-03-14,24.667999267578125,2019-03-11,278.109391522686,2019-03-11,100.576102013784,2019-03-14,10.5373,515.9378330844879,259.93410868225095,110.45466511410234,110.69559645726896
2019-03-15,2019-03-15,49.2140007019043,2019-03-15,24.97699928283691,2019-03-11,278.109391522686,2019-03-11,100.576102013784,2019-03-15,10.4964,516.5698369674683,262.1685752723693,110.66433035539053,110.69559645726896
2019-03-18,2019-03-18,49.207000732421875,2019-03-18,25.117000579833984,2019-03-18,278.302638878369,2019-03-18,100.689370589839,2019-03-18,10.4643,514.9168177642822,262.83182916755675,110.36850573857244,110.77688863816981
2019-03-19,2019-03-19,49.47700119018555,2019-03-19,25.23200035095215,2019-03-18,278.302638878369,2019-03-18,100.689370589839,2019-03-19,10.4485,516.9604469356536,263.6365556669235,110.79728920856327,110.77688863816981
2019-03-20,2019-03-20,48.946998596191406,2019-03-20,24.961000442504883,2019-03-18,278.302638878369,2019-03-18,100.689370589839,2019-03-20,10.431,510.5661423568725,260.3681956157684,109.42654476182267,110.77688863816981
2019-03-21,2019-03-21,49.29499816894531,2019-03-21,25.059999465942383,2019-03-18,278.302638878369,2019-03-18,100.689370589839,2019-03-21,10.4288,514.0876769042969,261.3457224304199,110.14953497588593,110.77688863816981
2019-03-22,2019-03-22,48.92499923706055,2019-03-22,24.71699905395508,2019-03-18,278.302638878369,2019-03-18,100.689370589839,2019-03-22,10.4723,512.3572695102692,258.84382919273384,109.71581589500295,110.77688863816981
2019-03-25,2019-03-25,48.62799835205078,2019-03-25,24.68199920654297,2019-03-25,276.94056872872403,2019-03-25,98.9620975890279,2019-03-25,10.445,507.9194427871704,257.8034817123413,108.81213917516565,110.11025394293983
2019-03-26,2019-03-26,49.1150016784668,2019-03-26,24.79599952697754,2019-03-25,276.94056872872403,2019-03-25,98.9620975890279,2019-03-26,10.4263,512.0877420001983,258.5305298681259,109.65122488244165,110.11025394293983
2019-03-27,2019-03-27,49.01800155639648,2019-03-27,24.674999237060547,2019-03-25,276.94056872872403,2019-03-25,98.9620975890279,2019-03-27,10.4298,511.247952632904,257.3553070426941,109.44224810480073,110.11025394293983
2019-03-28,2019-03-28,49.180999755859375,2019-03-28,24.732999801635746,2019-03-25,276.94056872872403,2019-03-25,98.9620975890279,2019-03-28,10.476,515.2201534423829,259.1029059219361,110.28279410613906,110.11025394293983
2019-03-29,2019-03-29,49.555999755859375,2019-03-29,25.12299919128418,2019-03-25,276.94056872872403,2019-03-25,98.9620975890279,2019-03-29,10.398,515.2832854614257,261.2289455909729,110.37758732630307,110.11025394293983
2019-04-01,2019-04-01,50.108001708984375,2019-04-01,25.493000030517575,2019-04-01,284.365715475968,2019-04-01,102.072918764679,2019-04-01,10.42,522.1253778076172,265.63706031799313,111.87967505249144,113.10858729256962
2019-04-02,2019-04-02,50.27799987792969,2019-04-02,25.479000091552734,2019-04-01,284.365715475968,2019-04-01,102.072918764679,2019-04-02,10.4418,524.9928191253663,266.04662315597534,112.4533802167966,113.10858729256962
2019-04-03,2019-04-03,50.52199935913086,2019-04-03,25.709999084472656,2019-04-01,284.365715475968,2019-04-01,102.072918764679,2019-04-03,10.43,526.9444533157349,268.1552904510498,112.91487388153338,113.10858729256962
2019-04-04,2019-04-04,50.422000885009766,2019-04-04,25.714000701904297,2019-04-01,284.365715475968,2019-04-01,102.072918764679,2019-04-04,10.4075,524.7669742107391,267.618462305069,112.47044946216222,113.10858729256962
2019-04-05,2019-04-05,50.630001068115234,2019-04-05,25.913999557495117,2019-04-01,284.365715475968,2019-04-01,102.072918764679,2019-04-05,10.426,527.8683911361694,270.1793593864441,113.1731641299923,113.10858729256962
2019-04-08,2019-04-08,50.45600128173828,2019-04-08,25.788999557495117,2019-04-08,283.412910268337,2019-04-08,103.204852271217,2019-04-08,10.4325,526.3822333717346,269.0437378835678,112.83998475668137,112.87821644277133
2019-04-09,2019-04-09,50.2599983215332,2019-04-09,25.770999908447266,2019-04-08,283.412910268337,2019-04-08,103.204852271217,2019-04-09,10.425,523.9604825019837,268.66267404556277,112.35408683162302,112.87821644277133
2019-04-10,2019-04-10,50.358001708984375,2019-04-10,25.92200088500977,2019-04-08,283.412910268337,2019-04-08,103.204852271217,2019-04-10,10.44,525.7375378417969,270.625689239502,112.77596648543668,112.87821644277133
2019-04-11,2019-04-11,50.402000427246094,2019-04-11,25.61199951171875,2019-04-08,283.412910268337,2019-04-08,103.204852271217,2019-04-11,10.437,526.0456784591674,267.3124389038086,112.70732191346741,112.87821644277133
2019-04-12,2019-04-12,50.428001403808594,2019-04-12,25.739999771118164,2019-04-08,283.412910268337,2019-04-08,103.204852271217,2019-04-12,10.4788,528.4249411102295,269.724309601593,113.26377050757239,112.87821644277133
2019-04-15,2019-04-15,50.4900016784668,2019-04-15,25.57900047302246,2019-04-15,286.32073129382303,2019-04-15,105.171490189547,2019-04-15,10.4608,528.1658095581055,267.5768081481934,113.1300161116404,114.12787575115455
2019-04-16,2019-04-16,50.70399856567383,2019-04-16,25.77400016784668,2019-04-15,286.32073129382303,2019-04-15,105.171490189547,2019-04-16,10.4638,530.5565001914979,269.69398295631413,113.67725061397786,114.12787575115455
2019-04-17,2019-04-17,50.54999923706055,2019-04-17,25.82799911499023,2019-04-15,286.32073129382303,2019-04-15,105.171490189547,2019-04-17,10.4408,527.7824320343017,269.66497315979,113.13647888110658,114.12787575115455
2019-04-18,2019-04-18,50.79199981689453,2019-04-18,25.961000442504883,2019-04-15,286.32073129382303,2019-04-15,105.171490189547,2019-04-18,10.476,532.0969900817871,271.96744063568116,114.06515897876946,114.12787575115455
2019-04-19,2019-04-18,50.79199981689453,2019-04-18,25.961000442504883,2019-04-15,286.32073129382303,2019-04-15,105.171490189547,2019-04-18,10.476,532.0969900817871,271.96744063568116,114.06515897876946,114.12787575115455
2019-04-22,2019-04-18,50.79199981689453,2019-04-18,25.961000442504883,2019-04-22,291.545117857559,2019-04-22,104.272607280558,2019-04-18,10.476,532.0969900817871,271.96744063568116,114.06515897876946,115.92620039119028
2019-04-23,2019-04-23,51.27799987792969,2019-04-23,25.92099952697754,2019-04-22,291.545117857559,2019-04-22,104.272607280558,2019-04-23,10.507,538.7779447174072,272.351942029953,115.37974301799197,115.92620039119028
2019-04-24,2019-04-24,51.33599853515625,2019-04-24,25.729000091552734,2019-04-22,291.545117857559,2019-04-22,104.272607280558,2019-04-24,10.501,539.0793206176758,270.18022996139524,115.3540858070014,115.92620039119028
2019-04-25,2019-04-25,51.459999084472656,2019-04-25,25.69099998474121,2019-04-22,291.545117857559,2019-04-22,104.272607280558,2019-04-25,10.6295,546.9940602684021,273.0824843378067,117.00639535352354,115.92620039119028
2019-04-26,2019-04-26,51.45000076293945,2019-04-26,25.80299949645996,2019-04-22,291.545117857559,2019-04-22,104.272607280558,2019-04-26,10.5738,544.0220180671693,272.83575607566837,116.4186615796552,115.92620039119028
2019-04-29,2019-04-29,51.619998931884766,2019-04-29,25.78700065612793,2019-04-29,296.54335088717005,2019-04-29,104.743178398436,2019-04-29,10.6113,547.7552946659088,273.6336000623703,117.17586893715028,117.78083494254561
2019-04-30,2019-04-30,51.36199951171875,2019-04-30,25.60199928283691,2019-04-29,296.54335088717005,2019-04-29,104.743178398436,2019-04-30,10.635,546.2348648071289,272.27726237297054,116.82745649740518,117.78083494254561
2019-05-01,2019-04-30,51.36199951171875,2019-04-30,25.60199928283691,2019-04-29,296.54335088717005,2019-04-29,104.743178398436,2019-04-30,10.635,546.2348648071289,272.27726237297054,116.82745649740518,117.78083494254561
2019-05-02,2019-05-02,51.13399887084961,2019-05-02,25.586000442504883,2019-04-29,296.54335088717005,2019-04-29,104.743178398436,2019-05-02,10.685,546.3667779350282,273.3864147281647,116.89616427504686,117.78083494254561
2019-05-03,2019-05-03,51.50400161743164,2019-05-03,25.89900016784668,2019-04-29,296.54335088717005,2019-04-29,104.743178398436,2019-05-03,10.7043,551.3142845134735,277.23066749668124,118.0078102858302,117.78083494254561
2019-05-06,2019-05-06,51.06999969482422,2019-05-06,25.29199981689453,2019-05-06,293.167075227135,2019-05-06,103.404882646819,2019-05-06,10.7258,547.7666027267455,271.2769316360474,117.08660597101688,116.42515310228463
2019-05-07,2019-05-07,50.56800079345703,2019-05-07,24.950000762939453,2019-05-06,293.167075227135,2019-05-06,103.404882646819,2019-05-07,10.7145,541.8108445014954,267.32678317451473,115.77471261710448,116.42515310228463
2019-05-08,2019-05-08,50.400001525878906,2019-05-08,24.906999588012695,2019-05-06,293.167075227135,2019-05-06,103.404882646819,2019-05-08,10.7494,541.7697764022827,267.7353013713837,115.78257821414206,116.42515310228463
2019-05-09,2019-05-09,49.573001861572266,2019-05-09,24.062999725341797,2019-05-06,293.167075227135,2019-05-06,103.404882646819,2019-05-09,10.7973,535.2545729999542,259.815426934433,114.2077888845304,116.42515310228463
2019-05-10,2019-05-10,49.47600173950195,2019-05-10,24.17799949645996,2019-05-06,293.167075227135,2019-05-06,103.404882646819,2019-05-10,10.8108,534.8751596054077,261.38351695632934,114.19483859605188,116.42515310228463
2019-05-13,2019-05-13,49.07500076293945,2019-05-13,23.625999450683594,2019-05-13,289.025375946552,2019-05-13,99.5139381500604,2019-05-13,10.8323,531.5951307643891,255.9239138496399,113.3448788102211,114.53534236072318
2019-05-14,2019-05-14,49.7760009765625,2019-05-14,24.09000015258789,2019-05-13,289.025375946552,2019-05-13,99.5139381500604,2019-05-14,10.779,536.5355145263671,259.6661116447449,114.45117843023868,114.53534236072318
2019-05-15,2019-05-15,49.90700149536133,2019-05-15,24.05299949645996,2019-05-13,289.025375946552,2019-05-13,99.5139381500604,2019-05-15,10.7688,537.438517703247,259.02194097747804,114.6018413286139,114.53534236072318
2019-05-16,2019-05-16,50.624000549316406,2019-05-16,24.20599937438965,2019-05-13,289.025375946552,2019-05-13,99.5139381500604,2019-05-16,10.759,544.6636219100952,260.43234726905825,116.0620955990215,114.53534236072318
2019-05-17,2019-05-17,50.47200012207031,2019-05-17,23.708999633789062,2019-05-13,289.025375946552,2019-05-13,99.5139381500604,2019-05-17,10.766,543.381553314209,255.25109005737303,115.61160627072499,114.53534236072318
2019-05-20,2019-05-20,49.92599868774414,2019-05-20,23.520999908447266,2019-05-20,293.213941593653,2019-05-20,98.409722480607,2019-05-20,10.7668,537.5432426712036,253.24590181427,114.39804454050746,115.93844678038288
2019-05-21,2019-05-21,50.27399826049805,2019-05-21,23.75200080871582,2019-05-20,293.213941593653,2019-05-20,98.409722480607,2019-05-21,10.7743,541.6671394580841,255.91118231334687,115.3037157070849,115.93844678038288
2019-05-22,2019-05-22,50.2239990234375,2019-05-22,23.76499938964844,2019-05-20,293.213941593653,2019-05-20,98.409722480607,2019-05-22,10.76,540.4102294921875,255.71139343261723,115.05145227694418,115.93844678038288
2019-05-23,2019-05-23,49.51900100708008,2019-05-23,23.458999633789062,2019-05-20,293.213941593653,2019-05-20,98.409722480607,2019-05-23,10.7373,531.7003695133209,251.8863167678833,113.2086512364589,115.93844678038288
2019-05-24,2019-05-24,49.595001220703125,2019-05-24,23.358999252319336,2019-05-20,293.213941593653,2019-05-20,98.409722480607,2019-05-24,10.7098,531.1525440734863,250.1702101924896,113.03547907189062,115.93844678038288
2019-05-27,2019-05-27,49.74599838256836,2019-05-27,23.48500061035156,2019-05-27,286.50992081151304,2019-05-27,96.6802177764852,2019-05-27,10.7148,533.0184234695434,251.6370845397949,113.45538255311658,113.34012284614082
2019-05-28,2019-05-28,49.70500183105469,2019-05-28,23.541000366210938,2019-05-27,286.50992081151304,2019-05-27,96.6802177764852,2019-05-28,10.6865,531.1725020675659,251.5709004135132,113.09372259986927,113.34012284614082
2019-05-29,2019-05-29,49.07600021362305,2019-05-29,23.57699966430664,2019-05-27,286.50992081151304,2019-05-27,96.6802177764852,2019-05-29,10.7063,525.4223810871125,252.4224315059662,112.00818642745361,113.34012284614082
2019-05-30,2019-05-30,49.26399993896485,2019-05-30,23.8799991607666,2019-05-27,286.50992081151304,2019-05-27,96.6802177764852,2019-05-30,10.6323,523.789626551056,253.89931507701877,111.74788106517433,113.34012284614082
2019-05-31,2019-05-31,48.90399932861328,2019-05-31,23.930999755859375,2019-05-27,286.50992081151304,2019-05-27,96.6802177764852,2019-05-31,10.639,520.2896488571166,254.60190640258787,111.09429005949976,113.34012284614082
2019-06-03,2019-06-03,48.62200164794922,2019-06-03,24.048999786376953,2019-06-03,282.502144487363,2019-06-03,97.3980120575156,2019-06-03,10.618,516.2684134979248,255.35227973175049,110.34115203028685,111.96342351809936
2019-06-04,2019-06-04,48.952999114990234,2019-06-04,23.929000854492188,2019-06-03,282.502144487363,2019-06-03,97.3980120575156,2019-06-04,10.626,520.1745685958862,254.26956307983397,111.05900492419795,111.96342351809936
2019-06-05,2019-06-05,49.31700134277344,2019-06-05,23.78300094604492,2019-06-03,282.502144487363,2019-06-03,97.3980120575156,2019-06-05,10.6255,524.0177977676392,252.7062765522003,111.74596568484789,111.96342351809936
2019-06-06,2019-06-06,49.422000885009766,2019-06-06,23.68400001525879,2019-06-03,282.502144487363,2019-06-03,97.3980120575156,2019-06-06,10.6175,524.7380943965911,251.4648701620102,111.83790742651438,111.96342351809936
2019-06-07,2019-06-07,49.87300109863281,2019-06-07,23.844999313354492,2019-06-03,282.502144487363,2019-06-03,97.3980120575156,2019-06-07,10.6562,531.456674307251,254.09708168296814,113.24704485391048,111.96342351809936
2019-06-10,2019-06-07,49.87300109863281,2019-06-07,23.844999313354492,2019-06-10,290.604270072318,2019-06-10,99.78192122695768,2019-06-10,10.6455,530.9230331954956,253.84194019031526,113.1333323316289,115.13323593374605
2019-06-11,2019-06-11,50.28799819946289,2019-06-11,24.28499984741211,2019-06-10,290.604270072318,2019-06-10,99.78192122695768,2019-06-11,10.6828,537.2166271652222,259.4317963699341,114.57458301767092,115.13323593374605
2019-06-12,2019-06-12,50.08000183105469,2019-06-12,24.07699966430664,2019-06-10,290.604270072318,2019-06-10,99.78192122695768,2019-06-12,10.68,534.8544195556641,257.1423564147949,114.02620374037946,115.13323593374605
2019-06-13,2019-06-13,50.279998779296875,2019-06-13,24.097999572753903,2019-06-10,290.604270072318,2019-06-10,99.78192122695768,2019-06-13,10.6968,537.8350909423827,257.77148182983393,114.63045707567163,115.13323593374605
2019-06-14,2019-06-14,50.39799880981445,2019-06-14,24.086999893188477,2019-06-10,290.604270072318,2019-06-10,99.78192122695768,2019-06-14,10.639,536.1843093376159,256.2615918636322,114.2507276180304,115.13323593374605
2019-06-17,2019-06-17,50.40800094604492,2019-06-17,24.041000366210938,2019-06-17,294.623702097376,2019-06-17,99.9863183663539,2019-06-17,10.6495,536.8200060749053,256.02463339996336,114.36519476304265,116.60713219583197
2019-06-18,2019-06-18,51.189998626708984,2019-06-18,24.67799949645996,2019-06-17,294.623702097376,2019-06-17,99.9863183663539,2019-06-18,10.6413,544.7281323863983,262.60599604167936,116.15900469199802,116.60713219583197
2019-06-19,2019-06-19,51.09000015258789,2019-06-19,24.64800071716309,2019-06-17,294.623702097376,2019-06-17,99.9863183663539,2019-06-19,10.6868,545.9886136306762,263.4082540641785,116.43534479294817,116.60713219583197
2019-06-20,2019-06-20,51.28799819946289,2019-06-20,25.051000595092773,2019-06-17,294.623702097376,2019-06-17,99.9863183663539,2019-06-20,10.6348,545.4376032516479,266.41238112869263,116.44474621887699,116.60713219583197
2019-06-21,2019-06-21,51.2400016784668,2019-06-21,24.913999557495117,2019-06-17,294.623702097376,2019-06-17,99.9863183663539,2019-06-21,10.6308,544.7222098434448,264.8557464958191,116.24516580850192,116.60713219583197
2019-06-24,2019-06-24,50.854000091552734,2019-06-24,24.74099922180176,2019-06-24,288.385972564906,2019-06-24,99.6105454849111,2019-06-24,10.6078,539.4490621711731,262.4475715450287,115.12590653982426,114.31389697270657
2019-06-25,2019-06-25,50.68199920654297,2019-06-25,24.63400077819824,2019-06-24,288.385972564906,2019-06-24,99.6105454849111,2019-06-25,10.532,533.7828156433105,259.4452961959839,113.90711969760964,114.31389697270657
2019-06-26,2019-06-26,50.49399948120117,2019-06-26,24.76499938964844,2019-06-24,288.385972564906,2019-06-24,99.6105454849111,2019-06-26,10.5435,532.3834835300446,261.1097710647583,113.69950298984679,114.31389697270657
2019-06-27,2019-06-27,50.56600189208984,2019-06-27,24.867000579833984,2019-06-24,288.385972564906,2019-06-24,99.6105454849111,2019-06-27,10.5488,533.4106407592773,262.31701571655276,113.94617164165668,114.31389697270657
2019-06-28,2019-06-28,50.810001373291016,2019-06-28,24.85300064086914,2019-06-24,288.385972564906,2019-06-24,99.6105454849111,2019-06-28,10.5633,536.7212875064849,262.529701669693,114.59845374794453,114.31389697270657
2019-07-01,2019-07-01,51.529998779296875,2019-07-01,25.339000701904297,2019-07-01,295.020337885382,2019-07-01,102.045294303208,2019-07-01,10.545,543.3838371276855,267.1997624015808,116.07578078920807,116.9581441983093
2019-07-02,2019-07-02,51.59199905395508,2019-07-02,25.26799964904785,2019-07-01,295.020337885382,2019-07-01,102.045294303208,2019-07-02,10.5565,544.6309380130767,266.74163829517363,116.30060230838055,116.9581441983093
2019-07-03,2019-07-03,52.124000549316406,2019-07-03,25.22800064086914,2019-07-01,295.020337885382,2019-07-01,102.045294303208,2019-07-03,10.5155,548.1099277763367,265.2850407390594,116.92084735863165,116.9581441983093
2019-07-04,2019-07-04,52.25,2019-07-04,25.39900016784668,2019-07-01,295.020337885382,2019-07-01,102.045294303208,2019-07-04,10.5208,549.7117999999999,267.21780096588134,117.30747403703432,116.9581441983093
2019-07-05,2019-07-05,52.150001525878906,2019-07-05,25.274999618530273,2019-07-01,295.020337885382,2019-07-01,102.045294303208,2019-07-05,10.5575,550.5736411094665,266.84080847263334,117.46049881946657,116.9581441983093
2019-07-08,2019-07-08,52.03799819946289,2019-07-08,25.13599967956543,2019-07-08,299.052795174118,2019-07-08,101.783477102046,2019-07-08,10.5973,551.4622783191681,266.37372940425877,117.61524003180091,118.38974252526371
2019-07-09,2019-07-09,51.95399856567383,2019-07-09,25.041000366210938,2019-07-08,299.052795174118,2019-07-08,101.783477102046,2019-07-09,10.6338,552.4684299476623,266.2809896942139,117.80736977582124,118.38974252526371
2019-07-10,2019-07-10,51.99800109863281,2019-07-10,25.174999237060547,2019-07-08,299.052795174118,2019-07-08,101.783477102046,2019-07-10,10.6093,551.662393055725,267.08911940574643,117.68193323346226,118.38974252526371
2019-07-11,2019-07-11,52.10599899291992,2019-07-11,25.125999450683594,2019-07-08,299.052795174118,2019-07-08,101.783477102046,2019-07-11,10.5808,551.3231541442871,265.85317498779295,117.56797307039899,118.38974252526371
2019-07-12,2019-07-12,52.1879997253418,2019-07-12,25.10099983215332,2019-07-08,299.052795174118,2019-07-08,101.783477102046,2019-07-12,10.5515,550.6616791019441,264.85319972896576,117.40048557974028,118.38974252526371
2019-07-15,2019-07-15,52.279998779296875,2019-07-15,25.23200035095215,2019-07-15,297.810788383257,2019-07-15,102.37605821531402,2019-07-15,10.5563,551.8833511138916,266.35656530475615,117.69648614878847,118.00042462906497
2019-07-16,2019-07-16,52.44599914550781,2019-07-16,25.37299919128418,2019-07-15,297.810788383257,2019-07-15,102.37605821531402,2019-07-16,10.5405,552.807053993225,267.44409797573087,117.91838354332369,118.00042462906497
2019-07-17,2019-07-17,52.15999984741211,2019-07-17,25.21500015258789,2019-07-15,297.810788383257,2019-07-15,102.37605821531402,2019-07-17,10.5168,548.5562863952637,265.1811136047363,117.00364509528272,118.00042462906497
2019-07-18,2019-07-18,51.849998474121094,2019-07-18,25.19300079345703,2019-07-15,297.810788383257,2019-07-15,102.37605821531402,2019-07-18,10.504,544.632383972168,264.62728033447263,116.21882496010913,118.00042462906497
2019-07-19,2019-07-19,52.22200012207031,2019-07-19,25.325000762939453,2019-07-15,297.810788383257,2019-07-15,102.37605821531402,2019-07-19,10.5195,549.3493302841187,266.4063455257416,117.20546923001591,118.00042462906497
2019-07-22,2019-07-22,52.04600143432617,2019-07-22,25.274999618530273,2019-07-22,301.105534039325,2019-07-22,103.098366287816,2019-07-22,10.544,548.7730391235352,266.4995959777832,117.0969810532096,119.26451929308332
2019-07-23,2019-07-23,52.551998138427734,2019-07-23,25.336999893188477,2019-07-22,301.105534039325,2019-07-22,103.098366287816,2019-07-23,10.5695,555.4483443241119,267.7994203710556,118.44598995427442,119.26451929308332
2019-07-24,2019-07-24,52.77399826049805,2019-07-24,25.413000106811523,2019-07-22,301.105534039325,2019-07-22,103.098366287816,2019-07-24,10.5293,555.673259884262,267.58110202465053,118.48127031886139,119.26451929308332
2019-07-25,2019-07-25,52.63399887084961,2019-07-25,25.20400047302246,2019-07-22,301.105534039325,2019-07-22,103.098366287816,2019-07-25,10.4947,552.3780279499053,264.50842376422884,117.72099004693996,119.26451929308332
2019-07-26,2019-07-26,52.9739990234375,2019-07-26,25.275999069213867,2019-07-22,301.105534039325,2019-07-22,103.098366287816,2019-07-26,10.5585,559.3259686889648,266.87663617229464,119.16449970795364,119.26451929308332
2019-07-29,2019-07-29,52.85599899291992,2019-07-29,25.152999877929688,2019-07-29,303.56835293646,2019-07-29,102.91372375152498,2019-07-29,10.5773,559.0737581478119,266.0508256088257,119.08338674665622,120.13637213456852
2019-07-30,2019-07-30,52.54999923706055,2019-07-30,25.007999420166016,2019-07-29,303.56835293646,2019-07-29,102.91372375152498,2019-07-30,10.6453,559.4105068782807,266.2176562274933,119.15536997949107,120.13637213456852
2019-07-31,2019-07-31,52.64400100708008,2019-07-31,24.993000030517575,2019-07-29,303.56835293646,2019-07-29,102.91372375152498,2019-07-31,10.6645,561.4219487400055,266.53784882545466,119.55908712538937,120.13637213456852
2019-08-01,2019-08-01,52.96200180053711,2019-08-01,25.083999633789062,2019-07-29,303.56835293646,2019-07-29,102.91372375152498,2019-08-01,10.6868,565.99432084198,268.06768728637695,120.50793450506507,120.13637213456852
2019-08-02,2019-08-02,51.25199890136719,2019-08-02,24.04700088500977,2019-07-29,303.56835293646,2019-07-29,102.91372375152498,2019-08-02,10.7223,549.5393078201295,257.8391575893403,116.90993180600951,120.13637213456852
2019-08-05,2019-08-05,50.0,2019-08-05,23.10099983215332,2019-08-05,291.05099291200804,2019-08-05,96.1195995338043,2019-08-05,10.7603,538.0150000000001,248.5736884939194,114.30848709209141,114.92549117726337
2019-08-06,2019-08-06,49.64099884033203,2019-08-06,23.17200088500977,2019-08-05,291.05099291200804,2019-08-05,96.1195995338043,2019-08-06,10.7267,532.4841022605896,248.55910189323427,113.23198272866,114.92549117726337
2019-08-07,2019-08-07,49.724998474121094,2019-08-07,23.114999771118164,2019-08-05,291.05099291200804,2019-08-05,96.1195995338043,2019-08-07,10.7673,535.403976070404,248.8861370355606,113.81268479066478,114.92549117726337
2019-08-08,2019-08-08,50.80799865722656,2019-08-08,23.6200008392334,2019-08-05,291.05099291200804,2019-08-05,96.1195995338043,2019-08-08,10.753,546.3384095611573,253.98586902427672,116.13770684668793,114.92549117726337
2019-08-09,2019-08-09,50.49399948120117,2019-08-09,23.399999618530273,2019-08-05,291.05099291200804,2019-08-05,96.1195995338043,2019-08-09,10.6972,540.1444112503052,250.31447591934204,114.7902866494587,114.92549117726337
2019-08-12,2019-08-12,50.20000076293945,2019-08-12,23.1299991607666,2019-08-12,293.63745393790504,2019-08-12,95.5592843672507,2019-08-12,10.7315,538.7213081874847,248.2195859937668,114.43214406256601,115.80417044026483
2019-08-13,2019-08-13,50.79999923706055,2019-08-13,23.50200080871582,2019-08-12,293.63745393790504,2019-08-12,95.5592843672507,2019-08-13,10.7088,544.007031829834,251.67822626037596,115.5946185220329,115.80417044026483
2019-08-14,2019-08-14,50.012001037597656,2019-08-14,23.06100082397461,2019-08-12,293.63745393790504,2019-08-12,95.5592843672507,2019-08-14,10.7313,536.6937867347717,247.47451814231871,114.00880942757925,115.80417044026483
2019-08-15,2019-08-15,49.9119987487793,2019-08-15,23.125,2019-08-12,293.63745393790504,2019-08-12,95.5592843672507,2019-08-15,10.7305,535.5807025737762,248.1428125,113.81821523732202,115.80417044026483
2019-08-16,2019-08-16,50.645999908447266,2019-08-16,23.47699928283691,2019-08-12,293.63745393790504,2019-08-12,95.5592843672507,2019-08-16,10.712,542.5199510192871,251.485616317749,115.29785804419141,115.80417044026483
2019-08-19,2019-08-19,51.24599838256836,2019-08-19,23.66699981689453,2019-08-19,296.18098959080703,2019-08-19,98.1139772561556,2019-08-19,10.7268,549.7055754501343,253.87117363586427,116.78827801953852,116.98140913794761
2019-08-20,2019-08-20,51.08599853515625,2019-08-20,23.670000076293945,2019-08-19,296.18098959080703,2019-08-19,98.1139772561556,2019-08-20,10.7653,549.9561000305175,254.8146518213272,116.8736297097681,116.98140913794761
2019-08-21,2019-08-21,51.33000183105469,2019-08-21,23.81100082397461,2019-08-19,296.18098959080703,2019-08-19,98.1139772561556,2019-08-21,10.6983,549.1437585891723,254.73723011512755,116.71259831020843,116.98140913794761
2019-08-22,2019-08-22,51.1619987487793,2019-08-22,23.57799911499023,2019-08-19,296.18098959080703,2019-08-19,98.1139772561556,2019-08-22,10.7188,548.3952321884155,252.72785691375728,116.48900159277929,116.98140913794761
2019-08-23,2019-08-23,50.358001708984375,2019-08-23,23.222000122070312,2019-08-19,296.18098959080703,2019-08-19,98.1139772561556,2019-08-23,10.7165,539.661525314331,248.8585643081665,114.63984553187277,116.98140913794761
2019-08-26,2019-08-26,50.4640007019043,2019-08-26,23.308000564575195,2019-08-26,292.71942936451694,2019-08-26,96.08009667685342,2019-08-26,10.7515,542.563703546524,250.5959680700302,115.27184190645909,115.52475698744651
2019-08-27,2019-08-27,50.70800018310547,2019-08-27,23.441999435424805,2019-08-26,292.71942936451694,2019-08-26,96.08009667685342,2019-08-27,10.705,542.829141960144,250.94660395622253,115.33708649673169,115.52475698744651
2019-08-28,2019-08-28,50.7400016784668,2019-08-28,23.44499969482422,2019-08-26,292.71942936451694,2019-08-26,96.08009667685342,2019-08-28,10.7545,545.6833480510712,252.13924921798707,115.93860855952252,115.52475698744651
2019-08-29,2019-08-29,51.45600128173828,2019-08-29,23.698999404907227,2019-08-26,292.71942936451694,2019-08-26,96.08009667685342,2019-08-29,10.779,554.644237815857,255.451514585495,117.8103406976271,115.52475698744651
2019-08-30,2019-08-30,51.7760009765625,2019-08-30,23.993999481201172,2019-08-26,292.71942936451694,2019-08-26,96.08009667685342,2019-08-30,10.8395,561.2259625854492,260.08295737648007,119.27044592504224,115.52475698744651
2019-09-02,2019-09-02,51.81600189208984,2019-09-02,24.034000396728516,2019-09-02,301.963225756485,2019-09-02,99.1441477057353,2019-09-02,10.747,556.8665723342895,258.2934022636414,118.35295074193739,119.17593528619186
2019-09-03,2019-09-03,51.69599914550781,2019-09-03,23.986000061035156,2019-09-02,301.963225756485,2019-09-02,99.1441477057353,2019-09-03,10.8128,558.9784995605469,259.3558214599609,118.80502149209622,119.17593528619186
2019-09-04,2019-09-04,51.948001861572266,2019-09-04,24.22800064086914,2019-09-02,301.963225756485,2019-09-02,99.1441477057353,2019-09-04,10.753,558.5968640174866,260.52369089126586,118.77610628682622,119.17593528619186
2019-09-05,2019-09-05,52.58399963378906,2019-09-05,24.503999710083008,2019-09-02,301.963225756485,2019-09-02,99.1441477057353,2019-09-05,10.6825,561.7285760879516,261.7639769029617,119.43346117245135,119.17593528619186
2019-09-06,2019-09-06,52.68000030517578,2019-09-06,24.6299991607666,2019-09-02,301.963225756485,2019-09-02,99.1441477057353,2019-09-06,10.635,560.2518032455445,261.9400410747528,119.15301423975365,119.17593528619186
2019-09-09,2019-09-09,52.650001525878906,2019-09-09,24.663999557495117,2019-09-09,305.256819270868,2019-09-09,101.308120561621,2019-09-09,10.6598,561.238486265564,262.91330248298647,119.38272841645994,120.5849734274054
2019-09-10,2019-09-10,52.400001525878906,2019-09-10,24.56599998474121,2019-09-09,305.256819270868,2019-09-09,101.308120561621,2019-09-10,10.7445,563.0118163948059,263.94938683605193,119.76790903451662,120.5849734274054
2019-09-11,2019-09-11,53.11199951171875,2019-09-11,24.920000076293945,2019-09-09,305.256819270868,2019-09-09,101.308120561621,2019-09-11,10.6563,565.9774003967285,265.55499681301114,120.40712493745747,120.5849734274054
2019-09-12,2019-09-12,53.2239990234375,2019-09-12,25.01499938964844,2019-09-09,305.256819270868,2019-09-09,101.308120561621,2019-09-12,10.6315,565.8509456176758,265.94696601104744,120.39773779754461,120.5849734274054
2019-09-13,2019-09-13,53.25400161743164,2019-09-13,25.093000411987305,2019-09-09,305.256819270868,2019-09-09,101.308120561621,2019-09-13,10.6485,567.0752362232208,267.2028148870468,120.68464159749858,120.5849734274054
2019-09-16,2019-09-16,53.25600051879883,2019-09-16,25.14900016784668,2019-09-16,307.868878578772,2019-09-16,102.622052895929,2019-09-16,10.6703,568.2575023357391,268.3473764909744,120.95905119603023,121.66188460646825
2019-09-17,2019-09-17,53.0880012512207,2019-09-17,24.881999969482425,2019-09-16,307.868878578772,2019-09-16,102.622052895929,2019-09-17,10.699,567.9885253868102,266.21251767349247,120.82387221552091,121.66188460646825
2019-09-18,2019-09-18,53.0,2019-09-18,24.81800079345703,2019-09-16,307.868878578772,2019-09-16,102.622052895929,2019-09-18,10.7298,568.6794,266.29218491363525,120.96136154330419,121.66188460646825
2019-09-19,2019-09-19,53.46599960327149,2019-09-19,24.913999557495117,2019-09-16,307.868878578772,2019-09-16,102.622052895929,2019-09-19,10.7223,573.278487546158,267.1353774553299,121.88875708123047,121.66188460646825
2019-09-20,2019-09-20,53.50600051879883,2019-09-20,25.01300048828125,2019-09-16,307.868878578772,2019-09-16,102.622052895929,2019-09-20,10.7113,573.1188233570099,267.92175213012695,121.8882165898713,121.66188460646825
2019-09-23,2019-09-23,53.262001037597656,2019-09-23,24.941999435424805,2019-09-23,304.94892691389,2019-09-23,101.552605441132,2019-09-23,10.7143,570.6650577171325,267.236064550972,121.38426825271841,120.49830112148922
2019-09-24,2019-09-24,53.19200134277344,2019-09-24,24.743999481201172,2019-09-23,304.94892691389,2019-09-23,101.552605441132,2019-09-24,10.6763,567.893763935852,264.17436166114805,120.7263368306467,120.49830112148922
2019-09-25,2019-09-25,53.071998596191406,2019-09-25,24.70599937438965,2019-09-23,304.94892691389,2019-09-23,101.552605441132,2019-09-25,10.6825,566.9416250038147,263.9218383169174,120.53131457595241,120.49830112148922
2019-09-26,2019-09-26,53.22600173950195,2019-09-26,24.78499984741211,2019-09-23,304.94892691389,2019-09-23,101.552605441132,2019-09-26,10.6598,567.3785333427429,264.2031413734436,120.6272247847765,120.49830112148922
2019-09-27,2019-09-27,53.35200119018555,2019-09-27,24.816999435424805,2019-09-23,304.94892691389,2019-09-23,101.552605441132,2019-09-27,10.701,570.9197647361756,265.5667109584808,121.36902906482032,120.49830112148922
2019-09-30,2019-09-30,53.448001861572266,2019-09-30,24.784000396728516,2019-09-30,308.218456716791,2019-09-30,102.423740074977,2019-09-30,10.6958,571.6691383110046,265.08471144332884,121.49609993667461,121.768284478484
2019-10-01,2019-10-01,52.97600173950195,2019-10-01,24.53300094604492,2019-09-30,308.218456716791,2019-09-30,102.423740074977,2019-10-01,10.8043,572.3686155941009,265.0619021213531,121.63128562677691,121.768284478484
2019-10-02,2019-10-02,51.54199981689453,2019-10-02,24.1560001373291,2019-09-30,308.218456716791,2019-09-30,102.423740074977,2019-10-02,10.8118,557.2617936203003,261.1698422847748,118.54146923097495,121.768284478484
2019-10-03,2019-10-02,51.54199981689453,2019-10-02,24.1560001373291,2019-09-30,308.218456716791,2019-09-30,102.423740074977,2019-10-03,10.833,558.3544840164185,261.68194948768615,118.7739077840093,121.768284478484
2019-10-04,2019-10-04,52.2760009765625,2019-10-04,24.469999313354492,2019-09-30,308.218456716791,2019-09-30,102.423740074977,2019-10-04,10.8105,565.1297085571289,264.5329275770187,120.20255479360189,121.768284478484
2019-10-07,2019-10-07,52.51399993896485,2019-10-07,24.450000762939453,2019-10-07,304.358488872591,2019-10-07,102.39037125741402,2019-10-07,10.891,571.9299733352661,266.2849583091736,121.59342258251075,120.36928936668933
2019-10-08,2019-10-08,51.83599853515625,2019-10-08,24.30500030517578,2019-10-07,304.358488872591,2019-10-07,102.39037125741402,2019-10-08,10.8703,563.472854876709,264.2026448173523,119.86742490084123,120.36928936668933
2019-10-09,2019-10-09,51.97200012207031,2019-10-09,24.386999130249023,2019-10-07,304.358488872591,2019-10-07,102.39037125741402,2019-10-09,10.9173,567.3939169326782,266.24018560466766,120.7092754633924,120.36928936668933
2019-10-10,2019-10-10,52.349998474121094,2019-10-10,24.60099983215332,2019-10-07,304.358488872591,2019-10-07,102.39037125741402,2019-10-10,10.8415,567.5525084571839,266.71173968029024,120.75842774054458,120.36928936668933
2019-10-11,2019-10-11,53.11399841308594,2019-10-11,25.00900077819824,2019-10-07,304.358488872591,2019-10-07,102.39037125741402,2019-10-11,10.8448,576.0106899902344,271.21761163940425,122.57869098894272,120.36928936668933
2019-10-14,2019-10-14,52.84600067138672,2019-10-14,24.854000091552734,2019-10-14,310.78108626008003,2019-10-14,104.095215477733,2019-10-14,10.8523,573.5006530860901,269.7230651935577,122.03240410712843,122.86337388915778
2019-10-15,2019-10-15,53.27000045776367,2019-10-15,24.947999954223633,2019-10-14,310.78108626008003,2019-10-14,104.095215477733,2019-10-15,10.8225,576.5145799541473,269.9997295045853,122.62944762528436,122.86337388915778
2019-10-16,2019-10-16,53.06800079345703,2019-10-16,24.969999313354492,2019-10-14,310.78108626008003,2019-10-14,104.095215477733,2019-10-16,10.8358,575.0342429977418,270.5699185596466,122.36360341886817,122.86337388915778
2019-10-17,2019-10-17,52.900001525878906,2019-10-17,24.993999481201172,2019-10-14,310.78108626008003,2019-10-14,104.095215477733,2019-10-17,10.8105,571.8754664955139,270.19763139152525,121.73467082707307,122.86337388915778
2019-10-18,2019-10-18,52.69200134277344,2019-10-18,24.875999450683594,2019-10-14,310.78108626008003,2019-10-14,104.095215477733,2019-10-18,10.7742,567.7141608673096,268.0189932815552,120.84060911612247,122.86337388915778
2019-10-21,2019-10-21,52.97800064086914,2019-10-21,24.916000366210938,2019-10-21,307.393985863117,2019-10-21,103.716956570258,2019-10-21,10.7311,568.5122226772309,267.3760915298462,120.9709067759406,121.6005767107883
2019-10-22,2019-10-22,53.099998474121094,2019-10-22,25.094999313354492,2019-10-21,307.393985863117,2019-10-21,103.716956570258,2019-10-22,10.7303,569.7789136268616,269.2768711320877,121.29108869629465,121.6005767107883
2019-10-23,2019-10-23,53.10200119018555,2019-10-23,25.069000244140625,2019-10-21,307.393985863117,2019-10-21,103.716956570258,2019-10-23,10.7385,570.2358397808075,269.2034591217041,121.37712645758698,121.6005767107883
2019-10-24,2019-10-24,53.40800094604492,2019-10-24,25.256000518798828,2019-10-21,307.393985863117,2019-10-21,103.716956570258,2019-10-24,10.6963,571.2680005191803,270.14575834922795,121.61448587129975,121.6005767107883
2019-10-25,2019-10-25,53.625999450683594,2019-10-25,25.358999252319336,2019-10-21,307.393985863117,2019-10-21,103.716956570258,2019-10-25,10.7445,576.1845510978699,272.46976746654514,122.66110899544114,121.6005767107883
2019-10-28,2019-10-28,53.79999923706055,2019-10-28,25.534000396728516,2019-10-28,313.363730347689,2019-10-28,105.350664395224,2019-10-28,10.7503,578.366131798172,274.49816446495055,123.16421937802279,123.92375278308275
2019-10-29,2019-10-29,53.79800033569336,2019-10-29,25.3799991607666,2019-10-28,313.363730347689,2019-10-28,105.350664395224,2019-10-29,10.7923,580.6041590229034,273.90856494274135,123.57670549061113,123.92375278308275
2019-10-30,2019-10-30,53.64400100708008,2019-10-30,25.290000915527344,2019-10-28,313.363730347689,2019-10-28,105.350664395224,2019-10-30,10.801,579.408854877472,273.15729988861085,123.31502348735128,123.92375278308275
2019-10-31,2019-10-31,53.400001525878906,2019-10-31,25.11599922180176,2019-10-28,313.363730347689,2019-10-28,105.350664395224,2019-10-31,10.7498,574.0393364028931,269.9919684345246,122.14763159721743,123.92375278308275
2019-11-01,2019-11-01,53.86800003051758,2019-11-01,25.47100067138672,2019-10-28,313.363730347689,2019-10-28,105.350664395224,2019-11-01,10.6993,576.3498927265167,272.5218774833679,122.69529568228896,123.92375278308275
2019-11-04,2019-11-04,54.37799835205078,2019-11-04,25.85300064086914,2019-11-04,315.496918672723,2019-11-04,107.486577769208,2019-11-04,10.7035,582.0349053611756,276.71759235954283,123.96405075311692,124.91039944318119
2019-11-05,2019-11-05,54.645999908447266,2019-11-05,26.121000289916992,2019-11-04,315.496918672723,2019-11-04,107.486577769208,2019-11-05,10.6943,584.4007168209076,279.3458134004593,124.52627925395024,124.91039944318119
2019-11-06,2019-11-06,54.63399887084961,2019-11-06,26.14699935913086,2019-11-04,315.496918672723,2019-11-04,107.486577769208,2019-11-06,10.644,581.5242839813233,278.30866117858886,123.92646808504604,124.91039944318119
2019-11-07,2019-11-07,55.08399963378906,2019-11-07,26.33300018310547,2019-11-04,315.496918672723,2019-11-04,107.486577769208,2019-11-07,10.6253,585.2840213088989,279.7960268455505,124.71558337633026,124.91039944318119
2019-11-08,2019-11-08,54.97999954223633,2019-11-08,26.165000915527344,2019-11-04,315.496918672723,2019-11-04,107.486577769208,2019-11-08,10.7025,588.4234451007843,280.0309222984314,125.33541904232166,124.91039944318119
2019-11-11,2019-11-11,54.88199996948242,2019-11-11,25.88400077819824,2019-11-11,318.678679932651,2019-11-11,106.499859972409,2019-11-11,10.7085,587.7038966732025,277.17882233333586,125.08475309089194,125.96132535300492
2019-11-12,2019-11-12,55.25400161743164,2019-11-12,25.885000228881836,2019-11-11,318.678679932651,2019-11-11,106.499859972409,2019-11-12,10.7003,591.2343935070038,276.9772679491043,125.76372639386919,125.96132535300492
2019-11-13,2019-11-13,55.11800003051758,2019-11-13,25.6299991607666,2019-11-11,318.678679932651,2019-11-11,106.499859972409,2019-11-13,10.7353,591.7082657276154,275.1457299905777,125.78482751052036,125.96132535300492
2019-11-14,2019-11-14,54.99399948120117,2019-11-14,25.59000015258789,2019-11-11,318.678679932651,2019-11-11,106.499859972409,2019-11-14,10.694,588.1058304519654,273.65946163177495,125.02635513582692,125.96132535300492
2019-11-15,2019-11-15,55.25199890136719,2019-11-15,25.809999465942383,2019-11-11,318.678679932651,2019-11-11,106.499859972409,2019-11-15,10.6518,588.533241897583,274.92295231132505,125.1585367803474,125.96132535300492
2019-11-18,2019-11-18,55.20000076293945,2019-11-18,25.70599937438965,2019-11-18,318.739856035977,2019-11-18,105.908905011302,2019-11-18,10.6603,588.4485681331635,274.03366513080596,125.10755159388938,125.92385975633505
2019-11-19,2019-11-19,55.16999816894531,2019-11-19,25.66900062561035,2019-11-18,318.739856035977,2019-11-18,105.908905011302,2019-11-19,10.6475,587.4225555038453,273.31068416118626,124.8798999692103,125.92385975633505
2019-11-20,2019-11-20,55.11399841308594,2019-11-20,25.69499969482422,2019-11-18,318.739856035977,2019-11-18,105.908905011302,2019-11-20,10.6935,589.3615420303345,274.76947923660276,125.31371159054123,125.92385975633505
2019-11-21,2019-11-21,54.854000091552734,2019-11-21,25.469999313354492,2019-11-18,318.739856035977,2019-11-18,105.908905011302,2019-11-21,10.6568,584.5681081756592,271.4286886825562,124.25157716514134,125.92385975633505
2019-11-22,2019-11-22,55.11800003051758,2019-11-22,25.604000091552734,2019-11-18,318.739856035977,2019-11-18,105.908905011302,2019-11-22,10.6265,585.7114273242951,272.08090697288515,124.49930238372882,125.92385975633505
2019-11-25,2019-11-25,55.68600082397461,2019-11-25,25.913000106811523,2019-11-25,318.619744597185,2019-11-25,104.478159081616,2019-11-25,10.6158,591.1514475471497,275.08722653388975,125.67423785929219,125.73617249611627
2019-11-26,2019-11-26,55.7599983215332,2019-11-26,25.738000869750977,2019-11-25,318.619744597185,2019-11-25,104.478159081616,2019-11-26,10.5808,589.9853902404785,272.32863960266116,125.3403407675399,125.73617249611627
2019-11-27,2019-11-27,56.007999420166016,2019-11-27,25.850000381469727,2019-11-25,318.619744597185,2019-11-25,104.478159081616,2019-11-27,10.558,591.3324578781128,272.92430402755735,125.62550678192197,125.73617249611627
2019-11-28,2019-11-28,55.98400115966797,2019-11-28,25.816999435424805,2019-11-25,318.619744597185,2019-11-25,104.478159081616,2019-11-28,10.5463,590.4240714302064,272.27382114582065,125.42355091333577,125.73617249611627
2019-11-29,2019-11-29,55.75,2019-11-29,25.53300094604492,2019-11-25,318.619744597185,2019-11-25,104.478159081616,2019-11-29,10.4995,585.347125,268.08374343299863,124.27330313879419,125.73617249611627
2019-12-02,2019-12-02,54.84000015258789,2019-12-02,25.30500030517578,2019-12-02,312.469107222194,2019-12-02,103.070189238706,2019-12-02,10.5385,577.9313416080475,266.676745716095,122.77608789550163,123.37035251324
2019-12-03,2019-12-03,54.38600158691406,2019-12-03,25.073999404907227,2019-12-02,312.469107222194,2019-12-02,103.070189238706,2019-12-03,10.5653,574.6044225662232,264.91432591266636,122.06049483726788,123.37035251324
2019-12-04,2019-12-04,55.0359992980957,2019-12-04,25.40999984741211,2019-12-02,312.469107222194,2019-12-02,103.070189238706,2019-12-04,10.5523,580.7563753932953,268.1339413898468,123.38220225432465,123.37035251324
2019-12-05,2019-12-05,54.86600112915039,2019-12-05,25.43600082397461,2019-12-02,312.469107222194,2019-12-02,103.070189238706,2019-12-05,10.5418,578.3864107032776,268.14123348617557,122.92145058145296,123.37035251324
2019-12-06,2019-12-06,55.79399871826172,2019-12-06,25.70599937438965,2019-12-02,312.469107222194,2019-12-02,103.070189238706,2019-12-06,10.5183,586.8580167182922,270.38341321964265,124.65647099999246,123.37035251324
2019-12-09,2019-12-09,55.57600021362305,2019-12-09,25.663999557495117,2019-12-09,315.149815671944,2019-12-09,103.64510315406,2019-12-09,10.5435,585.9655582523346,270.58837933444977,124.49081377638326,124.39757115789847
2019-12-10,2019-12-10,55.34400177001953,2019-12-10,25.621000289916992,2019-12-09,315.149815671944,2019-12-09,103.64510315406,2019-12-10,10.5565,584.2389546852112,270.4680895605087,124.15026514544142,124.39757115789847
2019-12-11,2019-12-11,55.38800048828125,2019-12-11,25.84600067138672,2019-12-09,315.149815671944,2019-12-09,103.64510315406,2019-12-11,10.4595,579.3307911071778,270.3362440223694,123.1903518486706,124.39757115789847
2019-12-12,2019-12-12,55.650001525878906,2019-12-12,26.246000289916992,2019-12-09,315.149815671944,2019-12-09,103.64510315406,2019-12-12,10.4495,581.5146909446717,274.2575800294876,123.76737870078185,124.39757115789847
2019-12-13,2019-12-13,55.762001037597656,2019-12-13,26.30299949645996,2019-12-09,315.149815671944,2019-12-09,103.64510315406,2019-12-13,10.449,582.6571488418579,274.84004173851014,124.01222911197564,124.39757115789847
2019-12-16,2019-12-16,56.30799865722656,2019-12-16,26.584999084472656,2019-12-16,317.277378247608,2019-12-16,107.41632599081102,2019-12-16,10.4213,586.8025464065552,277.05025095901493,124.90442147155005,125.54706858262041
2019-12-17,2019-12-17,56.13999938964844,2019-12-17,26.68600082397461,2019-12-16,317.277378247608,2019-12-16,107.41632599081102,2019-12-17,10.4718,587.8868456085205,279.4504634284973,125.2085053902802,125.54706858262041
2019-12-18,2019-12-18,56.28799819946289,2019-12-18,26.86000061035156,2019-12-16,317.277378247608,2019-12-16,107.41632599081102,2019-12-18,10.4483,588.113891587448,280.6413443771362,125.29889148240932,125.54706858262041
2019-12-19,2019-12-19,56.35599899291992,2019-12-19,26.920000076293945,2019-12-16,317.277378247608,2019-12-16,107.41632599081102,2019-12-19,10.478,590.498157447815,282.06776079940795,125.81806769473225,125.54706858262041
2019-12-20,2019-12-20,56.900001525878906,2019-12-20,27.106000900268555,2019-12-16,317.277378247608,2019-12-16,107.41632599081102,2019-12-20,10.434,593.6946159210205,282.8240133934021,126.4692324180871,125.54706858262041
2019-12-23,2019-12-23,56.84000015258789,2019-12-23,27.065000534057617,2019-12-23,321.342229774197,2019-12-23,109.024148084005,2019-12-23,10.4473,593.8245335941315,282.75618007946014,126.49187297796578,127.17889137190745
2019-12-24,2019-12-23,56.84000015258789,2019-12-23,27.065000534057617,2019-12-23,321.342229774197,2019-12-23,109.024148084005,2019-12-24,10.4553,594.2792535953521,282.9727000837326,126.58873388784906,127.17889137190745
2019-12-25,2019-12-23,56.84000015258789,2019-12-23,27.065000534057617,2019-12-23,321.342229774197,2019-12-23,109.024148084005,2019-12-24,10.4553,594.2792535953521,282.9727000837326,126.58873388784906,127.17889137190745
2019-12-26,2019-12-23,56.84000015258789,2019-12-23,27.065000534057617,2019-12-23,321.342229774197,2019-12-23,109.024148084005,2019-12-24,10.4553,594.2792535953521,282.9727000837326,126.58873388784906,127.17889137190745
2019-12-27,2019-12-27,56.76399993896485,2019-12-27,27.187999725341797,2019-12-23,321.342229774197,2019-12-23,109.024148084005,2019-12-27,10.4363,592.4061325630188,283.74212153358457,126.25421273907706,127.17889137190745
2019-12-30,2019-12-30,56.608001708984375,2019-12-30,27.15399932861328,2019-12-30,320.22317959251995,2019-12-30,108.74293635102,2019-12-30,10.44,590.9875378417969,283.48775299072264,125.96837815466071,126.74592761518151
2019-12-31,2019-12-30,56.608001708984375,2019-12-30,27.15399932861328,2019-12-30,320.22317959251995,2019-12-30,108.74293635102,2019-12-31,10.4468,591.372472253418,283.67240018615723,126.0504265235737,126.74592761518151
2020-01-01,2019-12-30,56.608001708984375,2019-12-30,27.15399932861328,2019-12-30,320.22317959251995,2019-12-30,108.74293635102,2019-12-31,10.4468,591.372472253418,283.67240018615723,126.0504265235737,126.74592761518151
2020-01-02,2020-01-02,56.70000076293945,2020-01-02,27.371999740600582,2019-12-30,320.22317959251995,2019-12-30,108.74293635102,2020-01-02,10.4728,593.8077679901123,286.6614788833618,126.64017691474818,126.74592761518151
2020-01-03,2020-01-03,56.68000030517578,2020-01-03,27.232999801635746,2019-12-30,320.22317959251995,2019-12-30,108.74293635102,2020-01-03,10.4858,594.3351472000122,285.5597893199921,126.70001242388702,126.74592761518151
2020-01-06,2020-01-06,56.54999923706055,2020-01-06,26.96500015258789,2020-01-06,323.574320845356,2020-01-06,109.75156931243902,2020-01-06,10.5308,595.5167319656372,283.9630236068725,126.86789804462751,128.05928251363483
2020-01-07,2020-01-07,56.902000427246094,2020-01-07,27.07900047302246,2020-01-06,323.574320845356,2020-01-06,109.75156931243902,2020-01-07,10.5423,599.8779591041564,285.47494668674466,127.7749756097261,128.05928251363483
2020-01-08,2020-01-08,57.13600158691406,2020-01-08,27.174999237060547,2020-01-06,323.574320845356,2020-01-06,109.75156931243902,2020-01-08,10.5108,600.5450854797363,285.63098198089597,127.9108089969218,128.05928251363483
2020-01-09,2020-01-09,57.49599838256836,2020-01-09,27.49799919128418,2020-01-06,323.574320845356,2020-01-06,109.75156931243902,2020-01-09,10.533,605.6053509635925,289.63642548179627,129.05064609978388,128.05928251363483
2020-01-10,2020-01-10,57.4379997253418,2020-01-10,27.608999252319336,2020-01-06,323.574320845356,2020-01-06,109.75156931243902,2020-01-10,10.551,606.0283351020813,291.3025511112213,129.19759282894262,128.05928251363483
2020-01-13,2020-01-13,57.369998931884766,2020-01-13,27.816999435424805,2020-01-13,327.555444775583,2020-01-13,112.440735226332,2020-01-13,10.5598,605.8157147209167,293.74195063819883,129.25090485624509,129.76986194663093
2020-01-14,2020-01-14,57.61600112915039,2020-01-14,27.760000228881836,2020-01-13,327.555444775583,2020-01-13,112.440735226332,2020-01-14,10.5248,606.3968886840821,292.16845040893554,129.30289412087873,129.76986194663093
2020-01-15,2020-01-15,57.59400177001953,2020-01-15,27.613000869750977,2020-01-13,327.555444775583,2020-01-13,112.440735226332,2020-01-15,10.559,608.1350646896362,291.56567618370053,129.61763171374358,129.76986194663093
2020-01-16,2020-01-16,57.84600067138672,2020-01-16,27.7810001373291,2020-01-13,327.555444775583,2020-01-13,112.440735226332,2020-01-16,10.5678,611.3049658950806,293.5840532512665,130.31261348126125,129.76986194663093
2020-01-17,2020-01-17,58.305999755859375,2020-01-17,27.959999084472656,2020-01-13,327.555444775583,2020-01-13,112.440735226332,2020-01-17,10.545,614.8367674255371,294.83819034576413,131.04833625263635,129.76986194663093
2020-01-20,2020-01-20,58.38399887084961,2020-01-20,27.954999923706055,2020-01-20,332.504242241333,2020-01-20,111.289657115315,2020-01-20,10.5548,616.2314312820434,295.05943319473266,131.328229896443,131.4431148035486
2020-01-21,2020-01-21,58.290000915527344,2020-01-21,27.506999969482425,2020-01-20,332.504242241333,2020-01-20,111.289657115315,2020-01-21,10.5523,615.0935766609192,290.2621157779694,130.9206956206142,131.4431148035486
2020-01-22,2020-01-22,58.395999908447266,2020-01-22,27.649999618530273,2020-01-20,332.504242241333,2020-01-20,111.289657115315,2020-01-22,10.5528,616.2413078338623,291.78491597442627,131.20306656955447,131.4431148035486
2020-01-23,2020-01-23,58.20600128173828,2020-01-23,27.249000549316406,2020-01-20,332.504242241333,2020-01-20,111.289657115315,2020-01-23,10.5473,613.9161573188782,287.40338349380494,130.5807015858289,131.4431148035486
2020-01-24,2020-01-24,58.470001220703125,2020-01-24,27.426000595092773,2020-01-20,332.504242241333,2020-01-20,111.289657115315,2020-01-24,10.5363,616.0574738616943,288.968570070076,131.05800200481667,131.4431148035486
2020-01-27,2020-01-27,57.321998596191406,2020-01-27,26.400999069213867,2020-01-27,331.349226976513,2020-01-27,111.179738743742,2020-01-27,10.5795,606.4380841484069,279.3093696527481,128.81184460290456,131.01441847132728
2020-01-28,2020-01-28,57.8120002746582,2020-01-28,26.65999984741211,2020-01-27,331.349226976513,2020-01-27,111.179738743742,2020-01-28,10.5993,612.7667345111846,282.5773363826752,130.16980191917276,131.01441847132728
2020-01-29,2020-01-29,58.007999420166016,2020-01-29,26.802000045776367,2020-01-27,331.349226976513,2020-01-27,111.179738743742,2020-01-29,10.5753,613.4519962680816,283.4391910840988,130.33655620904256,131.01441847132728
2020-01-30,2020-01-30,57.347999572753906,2020-01-30,26.14299964904785,2020-01-27,331.349226976513,2020-01-27,111.179738743742,2020-01-30,10.6398,610.171245854187,278.1562876659393,129.4933138024521,131.01441847132728
2020-01-31,2020-01-31,56.75199890136719,2020-01-31,25.645000457763672,2020-01-27,331.349226976513,2020-01-27,111.179738743742,2020-01-31,10.6768,605.9297418701171,273.80654088745115,128.49938978116444,131.01441847132728
2020-02-03,2020-02-03,57.02799987792969,2020-02-03,25.992000579833984,2020-02-03,331.9115906549,2020-02-03,108.292109679959,2020-02-03,10.6808,609.1046610961914,277.6153597930908,129.26483510355365,130.92659607575442
2020-02-04,2020-02-04,58.0880012512207,2020-02-04,26.854999542236328,2020-02-03,331.9115906549,2020-02-03,108.292109679959,2020-02-04,10.6278,617.3476596977234,285.4095641349793,131.17085912580637,130.92659607575442
2020-02-05,2020-02-05,58.577999114990234,2020-02-05,26.98200035095215,2020-02-03,331.9115906549,2020-02-03,108.292109679959,2020-02-05,10.545,617.705000667572,284.5251937007904,131.2060509018087,130.92659607575442
2020-02-06,2020-02-06,59.00600051879883,2020-02-06,27.142000198364254,2020-02-03,331.9115906549,2020-02-03,108.292109679959,2020-02-06,10.555,622.8083354759216,286.4838120937347,132.2748287082185,130.92659607575442
2020-02-07,2020-02-07,58.99800109863281,2020-02-07,26.81800079345703,2020-02-03,331.9115906549,2020-02-03,108.292109679959,2020-02-07,10.5455,622.1634205856324,282.80922736740115,132.0067606006148,130.92659607575442
2020-02-10,2020-02-10,59.18000030517578,2020-02-10,26.93600082397461,2020-02-10,338.265984469103,2020-02-10,110.070758017284,2020-02-10,10.5728,625.6983072265625,284.7889495117188,132.7712436192122,133.4034620648542
2020-02-11,2020-02-11,59.59600067138672,2020-02-11,27.312000274658203,2020-02-10,338.265984469103,2020-02-10,110.070758017284,2020-02-11,10.5373,627.9809378746032,287.79474049415586,133.33194432662515,133.4034620648542
2020-02-12,2020-02-12,59.939998626708984,2020-02-12,27.66900062561035,2020-02-10,338.265984469103,2020-02-10,110.070758017284,2020-02-12,10.4965,629.1601955852508,290.42766506671904,133.66353234330938,133.4034620648542
2020-02-13,2020-02-13,60.16999816894531,2020-02-13,27.58300018310547,2020-02-10,338.265984469103,2020-02-10,110.070758017284,2020-02-13,10.4823,630.7199718063355,289.13328281936646,133.91672397720873,133.4034620648542
2020-02-14,2020-02-14,60.15999984741211,2020-02-14,27.57200050354004,2020-02-10,338.265984469103,2020-02-10,110.070758017284,2020-02-14,10.5085,632.1913583965302,289.74036729145047,134.22651725748477,133.4034620648542
2020-02-17,2020-02-17,60.310001373291016,2020-02-17,27.7450008392334,2020-02-17,343.12291073088,2020-02-17,111.153307977961,2020-02-17,10.5323,635.2030274639129,292.2186723390579,134.90856765561102,135.26870953567652
2020-02-18,2020-02-18,59.97800064086914,2020-02-18,27.3799991607666,2020-02-17,343.12291073088,2020-02-17,111.153307977961,2020-02-18,10.5498,632.7559111610412,288.85351514625546,134.3019221046787,135.26870953567652
2020-02-19,2020-02-19,60.551998138427734,2020-02-19,27.68400001525879,2020-02-17,343.12291073088,2020-02-17,111.153307977961,2020-02-19,10.5743,640.2949939151763,292.738921361351,135.9193105609239,135.26870953567652
2020-02-20,2020-02-20,59.895999908447266,2020-02-20,27.173999786376953,2020-02-17,343.12291073088,2020-02-17,111.153307977961,2020-02-20,10.5985,634.8077550296783,288.00363673591613,134.6680880678252,135.26870953567652
2020-02-21,2020-02-21,59.51399993896485,2020-02-21,27.038999557495117,2020-02-17,343.12291073088,2020-02-17,111.153307977961,2020-02-21,10.569,629.0034653549195,285.77518632316594,133.45247966758015,135.26870953567652
2020-02-24,2020-02-24,57.50400161743164,2020-02-24,25.947999954223633,2020-02-24,320.56414431579697,2020-02-24,106.350830540504,2020-02-24,10.5833,608.5821003177642,274.61546791553496,129.04675378026496,126.62801760570956
2020-02-25,2020-02-25,56.52399826049805,2020-02-25,25.906999588012695,2020-02-24,320.56414431579697,2020-02-24,106.350830540504,2020-02-25,10.5688,597.3908328155517,273.8058972457886,126.8382711890285,126.62801760570956
2020-02-26,2020-02-26,56.33399963378906,2020-02-26,26.083999633789062,2020-02-24,320.56414431579697,2020-02-24,106.350830540504,2020-02-26,10.5813,596.0869503250123,276.0026253250122,126.66987936403042,126.62801760570956
2020-02-27,2020-02-27,53.928001403808594,2020-02-27,25.1560001373291,2020-02-24,320.56414431579697,2020-02-24,106.350830540504,2020-02-27,10.5753,570.304793245697,266.0322482522965,121.26746483753486,126.62801760570956
2020-02-28,2020-02-28,51.71200180053711,2020-02-28,24.400999069213867,2020-02-24,320.56414431579697,2020-02-24,106.350830540504,2020-02-28,10.6738,551.963564818573,260.45138386497496,117.48290909199646,126.62801760570956
2020-03-02,2020-03-02,52.4379997253418,2020-03-02,24.645000457763672,2020-03-02,298.141086841597,2020-03-02,100.560206284059,2020-03-02,10.6063,556.1731564868927,261.3922683551788,118.33832654429703,117.93676054397841
2020-03-03,2020-03-03,52.86600112915039,2020-03-03,25.05500030517578,2020-03-02,298.141086841597,2020-03-02,100.560206284059,2020-03-03,10.559,558.2121059226989,264.55574822235104,118.85774332075205,117.93676054397841
2020-03-04,2020-03-04,53.36199951171875,2020-03-04,25.21500015258789,2020-03-02,298.141086841597,2020-03-02,100.560206284059,2020-03-04,10.5555,563.2625858459472,266.1569341106415,119.90236712144151,117.93676054397841
2020-03-05,2020-03-05,53.02199935913086,2020-03-05,24.981000900268555,2020-03-02,298.141086841597,2020-03-02,100.560206284059,2020-03-05,10.5915,561.5825062122345,264.5862710351944,119.51457963495122,117.93676054397841
2020-03-06,2020-03-06,50.73199844360352,2020-03-06,23.868000030517575,2020-03-02,298.141086841597,2020-03-02,100.560206284059,2020-03-06,10.6145,538.4947974796296,253.3468863239288,114.58707191334221,117.93676054397841
2020-03-09,2020-03-09,47.20000076293945,2020-03-09,22.06599998474121,2020-03-09,283.28738513932296,2020-03-09,95.23829937222668,2020-03-09,10.7203,505.9981681789398,236.5541396364212,107.61369820626668,112.02958000172636
2020-03-10,2020-03-10,47.06399917602539,2020-03-10,22.645000457763672,2020-03-09,283.28738513932296,2020-03-09,95.23829937222668,2020-03-10,10.8015,508.3617870998383,244.59997244453433,108.38575872908865,112.02958000172636
2020-03-11,2020-03-11,47.27399826049805,2020-03-11,22.579999923706055,2020-03-09,283.28738513932296,2020-03-09,95.23829937222668,2020-03-11,10.7238,506.956902545929,242.143403181839,108.01712338686056,112.02958000172636
2020-03-12,2020-03-12,42.7140007019043,2020-03-12,19.901500701904297,2020-03-09,283.28738513932296,2020-03-09,95.23829937222668,2020-03-12,10.8945,465.3476806468964,216.8168993968964,98.93985935493606,112.02958000172636
2020-03-13,2020-03-13,43.69300079345703,2020-03-13,21.20299911499023,2020-03-09,283.28738513932296,2020-03-09,95.23829937222668,2020-03-13,10.8453,473.86370150527955,229.95288630180355,101.10631062037989,112.02958000172636
2020-03-16,2020-03-16,42.422000885009766,2020-03-16,19.727500915527344,2020-03-16,256.63336203377395,2020-03-16,85.71047744669701,2020-03-16,10.8998,462.39132524642946,215.02581447906496,98.29524039537507,101.43173855136371
2020-03-17,2020-03-17,43.029998779296875,2020-03-17,20.299999237060547,2020-03-16,256.63336203377395,2020-03-16,85.71047744669701,2020-03-17,10.9593,471.5786656219483,222.47378163871767,100.3715318634881,101.43173855136371
2020-03-18,2020-03-18,41.37799835205078,2020-03-18,19.180500030517575,2020-03-16,256.63336203377395,2020-03-16,85.71047744669701,2020-03-18,11.0223,456.0807112358093,211.41322548637385,96.92741687669461,101.43173855136371
2020-03-19,2020-03-19,42.5359992980957,2020-03-19,19.162500381469727,2020-03-16,256.63336203377395,2020-03-16,85.71047744669701,2020-03-19,11.1523,474.3742249721527,213.70595300426484,100.57507735733031,101.43173855136371
2020-03-20,2020-03-20,42.540000915527344,2020-03-20,19.969999313354492,2020-03-16,256.63336203377395,2020-03-16,85.71047744669701,2020-03-20,11.0598,470.48390212554926,220.864198405838,100.0960967723313,101.43173855136371
2020-03-23,2020-03-23,40.1870002746582,2020-03-23,18.870500564575195,2020-03-23,258.578651289671,2020-03-23,84.3138659931664,2020-03-23,11.0715,444.9303735408783,208.92474700069428,94.66173772378225,101.99427031296091
2020-03-24,2020-03-24,43.4900016784668,2020-03-24,20.28499984741211,2020-03-23,258.578651289671,2020-03-23,84.3138659931664,2020-03-24,11.0888,482.25193061218266,224.93630630798341,102.54339769365697,101.99427031296091
2020-03-25,2020-03-25,44.70500183105469,2020-03-25,20.774999618530273,2020-03-23,258.578651289671,2020-03-23,84.3138659931664,2020-03-25,10.9638,490.13669907531744,227.77294081764222,104.18733015665154,101.99427031296091
2020-03-26,2020-03-26,45.560001373291016,2020-03-26,21.179000854492188,2020-03-23,258.578651289671,2020-03-23,84.3138659931664,2020-03-26,11.007,501.4789351158142,233.1172624053955,106.60117554914659,101.99427031296091
2020-03-27,2020-03-27,44.457000732421875,2020-03-27,20.086999893188477,2020-03-23,258.578651289671,2020-03-23,84.3138659931664,2020-03-27,11.0158,489.7294286682129,221.27437342338564,103.85589227310943,101.99427031296091
2020-03-30,2020-03-30,45.310001373291016,2020-03-30,20.347999572753903,2020-03-30,268.297651602289,2020-03-30,87.4447836905385,2020-03-30,11.0375,500.1091401576996,224.5910452842712,106.00380208052536,105.82400790765831
2020-03-31,2020-03-31,46.10900115966797,2020-03-31,20.89800071716309,2020-03-30,268.297651602289,2020-03-30,87.4447836905385,2020-03-31,11.0613,510.0254945274353,231.15905533275605,108.1877590145802,105.82400790765831
2020-04-01,2020-04-01,44.24800109863281,2020-04-01,20.176000595092773,2020-03-30,268.297651602289,2020-03-30,87.4447836905385,2020-04-01,10.9368,483.9315384155273,220.66088330841063,102.70420568302814,105.82400790765831
2020-04-02,2020-04-02,44.55899810791016,2020-04-02,20.704999923706055,2020-03-30,268.297651602289,2020-03-30,87.4447836905385,2020-04-02,10.9265,486.8738928260804,226.23318166637424,103.49285060957578,105.82400790765831
2020-04-03,2020-04-03,44.354000091552734,2020-04-03,20.513999938964844,2020-03-30,268.297651602289,2020-03-30,87.4447836905385,2020-04-03,10.952,485.76500900268553,224.66932733154297,103.21644340595914,105.82400790765831
2020-04-06,2020-04-06,46.2859992980957,2020-04-06,21.437000274658203,2020-04-06,277.65035326116197,2020-04-06,91.3129777191561,2020-04-06,10.9788,508.1647290939331,235.35253861541747,107.9885299188951,109.5956426373659
2020-04-07,2020-04-07,47.7859992980957,2020-04-07,21.81800079345703,2020-04-06,277.65035326116197,2020-04-06,91.3129777191561,2020-04-07,10.8788,519.8543291641236,237.35366703186034,110.34019887287117,109.5956426373659
2020-04-08,2020-04-08,47.68899917602539,2020-04-08,21.718000411987305,2020-04-06,277.65035326116197,2020-04-06,91.3129777191561,2020-04-08,10.9385,521.6461174869537,237.5623475065231,110.6968585041052,109.5956426373659
2020-04-09,2020-04-09,48.6510009765625,2020-04-09,21.917999267578125,2020-04-06,277.65035326116197,2020-04-06,91.3129777191561,2020-04-09,10.9455,532.5095311889648,239.90346098327635,112.90100240895336,109.5956426373659
2020-04-10,2020-04-09,48.6510009765625,2020-04-09,21.917999267578125,2020-04-06,277.65035326116197,2020-04-06,91.3129777191561,2020-04-09,10.9455,532.5095311889648,239.90346098327635,112.90100240895336,109.5956426373659
2020-04-13,2020-04-09,48.6510009765625,2020-04-09,21.917999267578125,2020-04-13,292.111139097079,2020-04-13,92.87193218117,2020-04-09,10.9455,532.5095311889648,239.90346098327635,112.90100240895336,114.98134777588085
2020-04-14,2020-04-14,49.00600051879883,2020-04-14,22.059999465942383,2020-04-13,292.111139097079,2020-04-13,92.87193218117,2020-04-14,10.9158,534.9397004631043,240.80254217033388,113.4086423372739,114.98134777588085
2020-04-15,2020-04-15,48.19499969482422,2020-04-15,21.57900047302246,2020-04-13,292.111139097079,2020-04-13,92.87193218117,2020-04-15,10.9323,526.8821951637268,235.90810687122345,111.65124334088294,114.98134777588085
2020-04-16,2020-04-16,48.72999954223633,2020-04-16,21.9689998626709,2020-04-13,292.111139097079,2020-04-13,92.87193218117,2020-04-16,10.8895,530.6453300151825,239.23142400455475,112.51227318539729,114.98134777588085
2020-04-17,2020-04-17,49.41600036621094,2020-04-17,22.117000579833984,2020-04-13,292.111139097079,2020-04-13,92.87193218117,2020-04-17,10.8548,536.4008007751464,240.07561789398193,113.66466147132464,114.98134777588085
2020-04-20,2020-04-20,49.904998779296875,2020-04-20,22.242000579833984,2020-04-20,285.38429016129896,2020-04-20,92.1393979381888,2020-04-20,10.8623,542.0830682403564,241.59928289833067,114.82917975502059,112.47529242356131
2020-04-21,2020-04-21,47.80799865722656,2020-04-21,21.437999725341797,2020-04-20,285.38429016129896,2020-04-20,92.1393979381888,2020-04-21,10.9543,523.703159690857,234.83828039131166,110.99129809177776,112.47529242356131
2020-04-22,2020-04-22,48.88999938964844,2020-04-22,22.11400032043457,2020-04-20,285.38429016129896,2020-04-20,92.1393979381888,2020-04-22,10.9423,534.9690403213501,241.9780257062912,113.45997062664179,112.47529242356131
2020-04-23,2020-04-23,49.54899978637695,2020-04-23,22.31599998474121,2020-04-20,285.38429016129896,2020-04-20,92.1393979381888,2020-04-23,10.8883,539.5043743740082,242.9833026338577,114.38125457668535,112.47529242356131
2020-04-24,2020-04-24,49.14799880981445,2020-04-24,21.94300079345703,2020-04-20,285.38429016129896,2020-04-20,92.1393979381888,2020-04-24,10.8723,534.3517874599456,238.57088752670288,113.2076633283948,112.47529242356131
2020-04-27,2020-04-27,50.23400115966797,2020-04-27,22.32799911499023,2020-04-27,292.99925032055796,2020-04-27,92.8744013119778,2020-04-27,10.8748,546.2847158111573,242.81252477569578,115.69362206568705,115.30270697370646
2020-04-28,2020-04-28,50.61000061035156,2020-04-28,22.59000015258789,2020-04-27,292.99925032055796,2020-04-27,92.8744013119778,2020-04-28,10.748,543.9562865600585,242.79732164001464,115.24007733302591,115.30270697370646
2020-04-29,2020-04-29,51.41999816894531,2020-04-29,22.945999145507812,2020-04-27,292.99925032055796,2020-04-27,92.8744013119778,2020-04-29,10.7338,551.9319763458252,246.29776562805176,116.9274595018995,115.30270697370646
2020-04-30,2020-04-30,50.555999755859375,2020-04-30,22.64800071716309,2020-04-27,292.99925032055796,2020-04-27,92.8744013119778,2020-04-30,10.6639,539.1241257965088,241.51601484775546,114.25033822893273,115.30270697370646
2020-05-01,2020-04-30,50.555999755859375,2020-04-30,22.64800071716309,2020-04-27,292.99925032055796,2020-04-27,92.8744013119778,2020-04-30,10.6639,539.1241257965088,241.51601484775546,114.25033822893273,115.30270697370646
2020-05-04,2020-05-04,49.01599884033203,2020-05-04,21.819000244140625,2020-05-04,290.61636135275404,2020-05-04,91.5409044240273,2020-05-04,10.8113,529.9266682624816,235.89175733947752,112.24285716464493,114.30668319450601
2020-05-05,2020-05-05,50.49599838256836,2020-05-05,22.356000900268555,2020-05-04,290.61636135275404,2020-05-04,91.5409044240273,2020-05-05,10.698,540.2061906967164,239.164497631073,114.36957197222577,114.30668319450601
2020-05-06,2020-05-06,50.290000915527344,2020-05-06,22.257999420166016,2020-05-04,290.61636135275404,2020-05-04,91.5409044240273,2020-05-06,10.6278,534.4720717300415,236.55356623764038,113.15276988166904,114.30668319450601
2020-05-07,2020-05-07,50.85200119018555,2020-05-07,22.402000427246097,2020-05-04,290.61636135275404,2020-05-04,91.5409044240273,2020-05-07,10.62,540.0482526397705,237.90924453735354,114.29013130788644,114.30668319450601
2020-05-08,2020-05-08,51.108001708984375,2020-05-08,22.76799964904785,2020-05-04,290.61636135275404,2020-05-04,91.5409044240273,2020-05-08,10.5875,541.1059680938721,241.05619628429415,114.61802492219995,114.30668319450601
2020-05-11,2020-05-11,51.28799819946289,2020-05-11,22.722999572753903,2020-05-11,289.852373132195,2020-05-11,92.279663295704,2020-05-11,10.5998,543.6425233146667,240.85925087127683,115.10382335283269,114.10493904572385
2020-05-12,2020-05-12,51.17599868774414,2020-05-12,22.856000900268555,2020-05-11,289.852373132195,2020-05-11,92.279663295704,2020-05-12,10.5968,542.301822894287,242.20047033996582,114.89506679963077,114.10493904572385
2020-05-13,2020-05-13,49.98199844360352,2020-05-13,22.62299919128418,2020-05-11,289.852373132195,2020-05-11,92.279663295704,2020-05-13,10.5843,529.0244661266328,239.44861034030916,112.20539184917189,114.10493904572385
2020-05-14,2020-05-14,49.43000030517578,2020-05-14,22.357999801635746,2020-05-11,289.852373132195,2020-05-11,92.279663295704,2020-05-14,10.6418,526.0241772476196,237.92936228904728,111.56277644943049,114.10493904572385
2020-05-15,2020-05-15,49.71900177001953,2020-05-15,22.2549991607666,2020-05-11,289.852373132195,2020-05-11,92.279663295704,2020-05-15,10.6695,530.4768893852233,237.44971354579923,112.41035752105768,114.10493904572385
2020-05-18,2020-05-18,51.52199935913086,2020-05-18,22.934999465942383,2020-05-18,291.97678150269104,2020-05-18,92.9206185837969,2020-05-18,10.6103,546.6638698001861,243.34722483348847,115.7881315737729,114.93767767435266
2020-05-19,2020-05-19,51.3380012512207,2020-05-19,22.972999572753903,2020-05-18,291.97678150269104,2020-05-18,92.9206185837969,2020-05-19,10.5685,542.565666223526,242.79014598464963,114.96927827289707,114.93767767435266
2020-05-20,2020-05-20,51.540000915527344,2020-05-20,23.065000534057617,2020-05-18,291.97678150269104,2020-05-18,92.9206185837969,2020-05-20,10.5568,544.0974816650391,243.49259763793947,115.2945281349818,114.93767767435266
2020-05-21,2020-05-21,51.077999114990234,2020-05-21,22.729000091552734,2020-05-18,291.97678150269104,2020-05-18,92.9206185837969,2020-05-21,10.53,537.8513306808471,239.33637096405027,113.91814607539901,114.93767767435266
2020-05-22,2020-05-22,51.13999938964844,2020-05-22,22.469999313354492,2020-05-18,291.97678150269104,2020-05-18,92.9206185837969,2020-05-22,10.5373,538.8775155685424,236.7731237646103,114.01829207052756,114.93767767435266
2020-05-25,2020-05-25,52.152000427246094,2020-05-25,22.81999969482422,2020-05-25,298.78029235086296,2020-05-25,93.1028989574514,2020-05-25,10.549,550.151452507019,240.72817678070066,116.36493330454437,117.4159703680437
2020-05-26,2020-05-26,52.18199920654297,2020-05-26,22.94099998474121,2020-05-25,298.78029235086296,2020-05-25,93.1028989574514,2020-05-26,10.5563,550.8488382240296,242.17207813892364,116.55663543754613,117.4159703680437
2020-05-27,2020-05-27,52.03200149536133,2020-05-27,22.746999740600582,2020-05-25,298.78029235086296,2020-05-25,93.1028989574514,2020-05-27,10.5608,549.499561392212,240.22651486053465,116.21864983266012,117.4159703680437
2020-05-28,2020-05-28,52.81399917602539,2020-05-28,22.72100067138672,2020-05-25,298.78029235086296,2020-05-25,93.1028989574514,2020-05-28,10.548,557.0820633087159,239.6611150817871,117.6717480924689,117.4159703680437
2020-05-29,2020-05-29,51.81600189208984,2020-05-29,22.45299911499023,2020-05-25,298.78029235086296,2020-05-25,93.1028989574514,2020-05-29,10.487,543.3944118423461,235.46460171890254,114.84619029946134,117.4159703680437
2020-06-01,2020-05-29,51.81600189208984,2020-05-29,22.45299911499023,2020-06-01,299.584153746219,2020-06-01,94.2514209475186,2020-06-01,10.4635,542.176735797882,234.93695623970027,114.58883495741523,117.82242186599761
2020-06-02,2020-06-02,52.68600082397461,2020-06-02,23.599000930786133,2020-06-01,299.584153746219,2020-06-01,94.2514209475186,2020-06-02,10.452,550.6740806121826,246.65675772857665,116.69669070409992,117.82242186599761
2020-06-03,2020-06-03,53.51399993896485,2020-06-03,24.12700080871582,2020-06-01,299.584153746219,2020-06-01,94.2514209475186,2020-06-03,10.4588,559.6922225616456,252.33947605819702,118.6715579709934,117.82242186599761
2020-06-04,2020-06-04,52.9900016784668,2020-06-04,23.660999298095703,2020-06-01,299.584153746219,2020-06-01,94.2514209475186,2020-06-04,10.4172,552.0074454849242,246.48136188812254,116.94926609278036,117.82242186599761
2020-06-05,2020-06-05,54.45600128173828,2020-06-05,24.37700080871582,2020-06-01,299.584153746219,2020-06-01,94.2514209475186,2020-06-05,10.425,567.7038133621217,254.13023343086243,120.2995707845573,117.82242186599761
2020-06-08,2020-06-08,54.5,2020-06-08,24.197999954223633,2020-06-08,306.307183913296,2020-06-08,96.8369762024202,2020-06-08,10.3978,566.6801,251.6059639240265,120.00245809137881,120.51393272571744
2020-06-09,2020-06-09,54.09600067138672,2020-06-09,24.038000106811523,2020-06-08,306.307183913296,2020-06-08,96.8369762024202,2020-06-09,10.4188,563.6154117950439,250.4471155128479,119.36130212116495,120.51393272571744
2020-06-10,2020-06-10,53.9739990234375,2020-06-10,24.141000747680664,2020-06-08,306.307183913296,2020-06-08,96.8369762024202,2020-06-10,10.4605,564.5950167846679,252.5269383211136,119.63258525043938,120.51393272571744
2020-06-11,2020-06-11,51.93000030517578,2020-06-11,23.41200065612793,2020-06-08,306.307183913296,2020-06-08,96.8369762024202,2020-06-11,10.5018,545.3584772048949,245.86814849052428,115.632028076572,120.51393272571744
2020-06-12,2020-06-12,52.01599884033203,2020-06-12,23.680999755859375,2020-06-08,306.307183913296,2020-06-08,96.8369762024202,2020-06-12,10.5103,546.7037526115417,248.8944117340088,116.01117744591308,120.51393272571744
2020-06-15,2020-06-15,51.560001373291016,2020-06-15,23.26300048828125,2020-06-15,306.37373457218604,2020-06-15,97.1931617799354,2020-06-15,10.5393,543.4063224735261,245.1757410461426,115.22539846358204,120.5739085861364
2020-06-16,2020-06-16,53.25,2020-06-16,23.770000457763672,2020-06-15,306.37373457218604,2020-06-15,97.1931617799354,2020-06-16,10.5136,559.8492,249.90827681274413,118.60773984856712,120.5739085861364
2020-06-17,2020-06-17,53.5880012512207,2020-06-17,23.999000549316406,2020-06-15,306.37373457218604,2020-06-15,97.1931617799354,2020-06-17,10.5123,563.3331455532074,252.28469347457886,119.37770896980464,120.5739085861364
2020-06-18,2020-06-18,53.34199905395508,2020-06-18,24.062000274658203,2020-06-15,306.37373457218604,2020-06-15,97.1931617799354,2020-06-18,10.5525,562.891445016861,253.9142578983307,119.35502765362351,120.5739085861364
2020-06-19,2020-06-19,53.77000045776367,2020-06-19,24.277000427246097,2020-06-15,306.37373457218604,2020-06-15,97.1931617799354,2020-06-19,10.567,568.1875948371887,256.5350635147095,120.48701381956712,120.5739085861364
2020-06-22,2020-06-22,53.09400177001953,2020-06-22,24.207000732421875,2020-06-22,304.820129501153,2020-06-22,98.5803131793523,2020-06-22,10.5525,560.2744536781311,255.44437522888185,118.9053224553368,120.15204241428017
2020-06-23,2020-06-23,53.58000183105469,2020-06-23,24.402999877929688,2020-06-22,304.820129501153,2020-06-22,98.5803131793523,2020-06-23,10.5175,563.5276692581177,256.6585512161255,119.5853003630398,120.15204241428017
2020-06-24,2020-06-24,52.19200134277344,2020-06-24,24.06800079345703,2020-06-22,304.820129501153,2020-06-22,98.5803131793523,2020-06-24,10.5145,548.7727981185913,253.06299434280396,116.57545710860194,120.15204241428017
2020-06-25,2020-06-25,52.4119987487793,2020-06-25,24.17099952697754,2020-06-22,304.820129501153,2020-06-22,98.5803131793523,2020-06-25,10.4865,549.618424879074,253.46918653964994,116.75572322301065,120.15204241428017
2020-06-26,2020-06-26,52.23400115966797,2020-06-26,24.059999465942383,2020-06-22,304.820129501153,2020-06-22,98.5803131793523,2020-06-26,10.4773,547.2713003501892,252.08383240451812,116.24536583446421,120.15204241428017
2020-06-29,2020-06-29,52.30400085449219,2020-06-29,24.013999938964844,2020-06-29,301.845806743781,2020-06-29,97.1215990544866,2020-06-29,10.478,548.0413209533691,251.61869136047363,116.3771075006837,118.92955128047424
2020-06-30,2020-06-30,52.698001861572266,2020-06-30,24.03499984741211,2020-06-29,301.845806743781,2020-06-29,97.1215990544866,2020-06-30,10.4948,553.0549899368286,252.2425163986206,117.37663882439846,118.92955128047424
2020-07-01,2020-07-01,53.02199935913086,2020-07-01,24.18600082397461,2020-06-29,301.845806743781,2020-06-29,97.1215990544866,2020-07-01,10.4965,556.545416273117,253.86835764884947,118.11873869299494,118.92955128047424
2020-07-02,2020-07-02,53.847999572753906,2020-07-02,24.836999893188477,2020-06-29,301.845806743781,2020-06-29,97.1215990544866,2020-07-02,10.4635,563.4385435295105,259.88194838237763,119.69306318633978,118.92955128047424
2020-07-03,2020-07-03,53.48600006103515,2020-07-03,25.007999420166016,2020-06-29,301.845806743781,2020-06-29,97.1215990544866,2020-07-03,10.4715,560.0786496391296,261.87126592826843,119.11666109406092,118.92955128047424
2020-07-06,2020-07-06,54.2239990234375,2020-07-06,25.714000701904297,2020-07-06,305.254092314618,2020-07-06,102.212556359601,2020-07-06,10.4848,568.5277849609375,269.60615455932617,121.0604833124856,120.67517982869936
2020-07-07,2020-07-07,54.13999938964844,2020-07-07,25.538999557495117,2020-07-06,305.254092314618,2020-07-06,102.212556359601,2020-07-07,10.4555,566.0607636184693,267.0230098733902,120.48031564234498,120.67517982869936
2020-07-08,2020-07-08,53.53400039672851,2020-07-08,25.628000259399418,2020-07-06,305.254092314618,2020-07-06,102.212556359601,2020-07-08,10.431,558.413158138275,267.3256707057953,119.00435568818853,120.67517982869936
2020-07-09,2020-07-09,53.34400177001953,2020-07-09,25.802000045776367,2020-07-06,305.254092314618,2020-07-06,102.212556359601,2020-07-09,10.397,554.617586402893,268.2633944759369,118.30238762879024,120.67517982869936
2020-07-10,2020-07-10,53.84199905395508,2020-07-10,25.694000244140625,2020-07-06,305.254092314618,2020-07-06,102.212556359601,2020-07-10,10.398,559.8491061630249,267.1662145385742,119.27750543504862,120.67517982869936
2020-07-13,2020-07-13,54.67399978637695,2020-07-13,25.983999252319336,2020-07-13,304.69968360639797,2020-07-13,101.302282796406,2020-07-13,10.3833,567.6965419818878,269.7996594366074,120.90628966549497,120.3829438692338
2020-07-14,2020-07-14,53.672000885009766,2020-07-14,25.340999603271484,2020-07-13,304.69968360639797,2020-07-13,101.302282796406,2020-07-14,10.3855,557.4105651912689,263.17895137977604,118.64838401230391,120.3829438692338
2020-07-15,2020-07-15,54.36600112915039,2020-07-15,25.444000244140625,2020-07-13,304.69968360639797,2020-07-13,101.302282796406,2020-07-15,10.3468,562.5141404830932,263.26398172607423,119.64449429259079,120.3829438692338
2020-07-16,2020-07-16,54.12200164794922,2020-07-16,25.08099937438965,2020-07-13,304.69968360639797,2020-07-13,101.302282796406,2020-07-16,10.35,560.1627170562743,259.58834352493284,119.04441426996708,120.3829438692338
2020-07-17,2020-07-17,54.262001037597656,2020-07-17,25.22599983215332,2020-07-13,304.69968360639797,2020-07-13,101.302282796406,2020-07-17,10.333,560.6892567214966,260.66025626564027,119.18844437878585,120.3829438692338
2020-07-20,2020-07-20,54.54600143432617,2020-07-20,25.48500061035156,2020-07-20,304.847056240251,2020-07-20,101.780488943269,2020-07-20,10.301,561.8783607749939,262.5209912872314,119.49197900405564,120.48444523425744
2020-07-21,2020-07-21,54.9119987487793,2020-07-21,25.79800033569336,2020-07-20,304.847056240251,2020-07-20,101.780488943269,2020-07-21,10.239,562.2439551887512,264.14572543716434,119.62615516692337,120.48444523425744
2020-07-22,2020-07-22,54.26399993896485,2020-07-22,25.368000030517575,2020-07-20,304.847056240251,2020-07-20,101.780488943269,2020-07-22,10.2415,555.7447553749086,259.80637231254576,118.19343976432953,120.48444523425744
2020-07-23,2020-07-23,54.391998291015625,2020-07-23,25.36599922180176,2020-07-20,304.847056240251,2020-07-20,101.780488943269,2020-07-23,10.264,558.2794704589843,260.3566160125733,118.70787878032026,120.48444523425744
2020-07-24,2020-07-24,53.38600158691406,2020-07-24,24.964000701904297,2020-07-20,304.847056240251,2020-07-20,101.780488943269,2020-07-24,10.269,548.2208502960206,256.35532320785524,116.59586133809772,120.48444523425744
2020-07-27,2020-07-27,52.96799850463867,2020-07-27,24.999000549316406,2020-07-27,297.20631756287304,2020-07-27,99.8150550864024,2020-07-27,10.2678,543.8648150459289,256.684737840271,115.76125642931756,117.52364832733069
2020-07-28,2020-07-28,53.374000549316406,2020-07-28,25.1299991607666,2020-07-27,297.20631756287304,2020-07-27,99.8150550864024,2020-07-28,10.282,548.7914736480712,258.3866513710022,116.78570224263791,117.52364832733069
2020-07-29,2020-07-29,53.27000045776367,2020-07-29,25.222000122070312,2020-07-27,297.20631756287304,2020-07-27,99.8150550864024,2020-07-29,10.287,547.988494709015,259.45871525573733,116.67110390627309,117.52364832733069
2020-07-30,2020-07-30,52.77199935913086,2020-07-30,24.881000518798828,2020-07-27,297.20631756287304,2020-07-27,99.8150550864024,2020-07-30,10.3068,543.91044299469,256.44349614715577,115.76076990317749,117.52364832733069
2020-07-31,2020-07-31,52.53200149536133,2020-07-31,24.77899932861328,2020-07-27,297.20631756287304,2020-07-27,99.8150550864024,2020-07-31,10.2835,540.2128373775482,254.81483959579467,114.97825771032839,117.52364832733069
2020-08-03,2020-08-03,53.73199844360352,2020-08-03,25.142000198364254,2020-08-03,301.787328790882,2020-08-03,100.23512616345,2020-08-03,10.2958,553.2139095756531,258.8570056423187,117.66426341093596,119.22233812049913
2020-08-04,2020-08-04,53.73600006103515,2020-08-04,25.263999938964844,2020-08-03,301.787328790882,2020-08-03,100.23512616345,2020-08-04,10.3025,553.6151406288146,260.2823593711853,117.79763405919957,119.22233812049913
2020-08-05,2020-08-05,53.6619987487793,2020-08-05,25.4950008392334,2020-08-03,301.787328790882,2020-08-03,100.23512616345,2020-08-05,10.2865,551.9941501293182,262.25432613277434,117.55883145465387,119.22233812049913
2020-08-06,2020-08-06,53.66600036621094,2020-08-06,25.417999267578125,2020-08-03,301.787328790882,2020-08-03,100.23512616345,2020-08-06,10.3165,553.6452927780151,262.2247894439697,117.87888570614895,119.22233812049913
2020-08-07,2020-08-07,54.15599822998047,2020-08-07,25.33099937438965,2020-08-03,301.787328790882,2020-08-03,100.23512616345,2020-08-07,10.3163,558.6895245399475,261.32218884601593,118.82512160859532,119.22233812049913
2020-08-10,2020-08-10,54.31800079345703,2020-08-10,25.24799919128418,2020-08-10,304.808507636154,2020-08-10,100.460174455268,2020-08-10,10.2805,558.416207157135,259.562055685997,118.7036414474373,120.3373828402891
2020-08-11,2020-08-11,54.8380012512207,2020-08-11,25.47800064086914,2020-08-10,304.808507636154,2020-08-10,100.460174455268,2020-08-11,10.2835,563.9265858669281,262.0030195903778,119.87032236083613,120.3373828402891
2020-08-12,2020-08-12,55.01599884033203,2020-08-12,25.579999923706055,2020-08-10,304.808507636154,2020-08-10,100.460174455268,2020-08-12,10.2513,563.9855089118957,262.22825321788787,119.8905261561186,120.3373828402891
2020-08-13,2020-08-13,54.86199951171875,2020-08-13,25.415000915527344,2020-08-10,304.808507636154,2020-08-10,100.460174455268,2020-08-13,10.2748,563.6960725830079,261.13405140686035,119.79175526144698,120.3373828402891
2020-08-14,2020-08-14,54.66400146484375,2020-08-14,25.37299919128418,2020-08-10,304.808507636154,2020-08-10,100.460174455268,2020-08-14,10.2933,562.6729662780762,261.1718925756455,119.59419666242191,120.3373828402891
2020-08-17,2020-08-17,54.709999084472656,2020-08-17,25.524999618530273,2020-08-17,306.919265555135,2020-08-17,100.594201026421,2020-08-17,10.3108,564.1038585601807,263.18316606674193,119.95060933434925,121.11407337402198
2020-08-18,2020-08-18,54.560001373291016,2020-08-18,25.31999969482422,2020-08-17,306.919265555135,2020-08-17,100.594201026421,2020-08-18,10.32,563.0592141723633,261.3023968505859,119.67439924911076,121.11407337402198
2020-08-19,2020-08-19,54.83599853515625,2020-08-19,25.381000518798828,2020-08-17,306.919265555135,2020-08-17,100.594201026421,2020-08-19,10.314,565.5784888916015,261.7796393508911,120.18300142500115,121.11407337402198
2020-08-20,2020-08-20,54.608001708984375,2020-08-20,24.964000701904297,2020-08-17,306.919265555135,2020-08-17,100.594201026421,2020-08-20,10.3555,565.4931616973877,258.5147092685699,120.03968997313667,121.11407337402198
2020-08-21,2020-08-21,54.97600173950195,2020-08-21,25.420000076293945,2020-08-17,306.919265555135,2020-08-17,100.594201026421,2020-08-21,10.363,569.7163060264587,263.42746079063414,121.05189276954744,121.11407337402198
2020-08-24,2020-08-24,55.43399810791016,2020-08-24,25.631000518798828,2020-08-24,314.00606981288803,2020-08-24,102.782932145315,2020-08-24,10.369,574.7951263809205,265.76784437942507,122.13071810263175,123.89710138861965
2020-08-25,2020-08-25,55.444000244140625,2020-08-25,25.812000274658203,2020-08-24,314.00606981288803,2020-08-24,102.782932145315,2020-08-25,10.3525,573.9840125274658,267.21873284339904,122.02923951653145,123.89710138861965
2020-08-26,2020-08-26,55.89799880981445,2020-08-26,25.948999404907227,2020-08-24,314.00606981288803,2020-08-24,102.782932145315,2020-08-26,10.3348,577.6946380996703,268.1777190498352,122.78829447790454,123.89710138861965
2020-08-27,2020-08-27,56.29800033569336,2020-08-27,25.843000411987305,2020-08-24,314.00606981288803,2020-08-24,102.782932145315,2020-08-27,10.3138,580.6463158622742,266.5395376491547,123.29891300870143,123.89710138861965
2020-08-28,2020-08-28,55.849998474121094,2020-08-28,25.8439998626709,2020-08-24,314.00606981288803,2020-08-24,102.782932145315,2020-08-28,10.2603,573.0377393440247,265.16719179096225,121.76553812047017,123.89710138861965
2020-08-31,2020-08-31,55.66400146484375,2020-08-31,25.207000732421875,2020-08-31,315.92147622957,2020-08-31,102.087005110084,2020-08-31,10.2888,572.7157782714844,259.3497891357422,121.4771317908267,124.5194770988969
2020-09-01,2020-09-01,55.847999572753906,2020-09-01,25.628999710083008,2020-08-31,315.92147622957,2020-08-31,102.087005110084,2020-09-01,10.3605,578.6131995735168,265.529251496315,122.86419682474667,124.5194770988969
2020-09-02,2020-09-02,56.77000045776367,2020-09-02,25.7810001373291,2020-08-31,315.92147622957,2020-08-31,102.087005110084,2020-09-02,10.3065,585.1000097179412,265.7118779153824,124.13317868356357,124.5194770988969
2020-09-03,2020-09-03,55.72999954223633,2020-09-03,25.381999969482425,2020-08-31,315.92147622957,2020-08-31,102.087005110084,2020-09-03,10.3393,576.2091842670441,262.4321122844696,122.2763376384914,124.5194770988969
2020-09-04,2020-09-04,54.577999114990234,2020-09-04,25.263999938964844,2020-08-31,315.92147622957,2020-08-31,102.087005110084,2020-09-04,10.3688,565.9083572235107,261.95736256713866,120.25406894186463,124.5194770988969
2020-09-07,2020-09-07,55.375999450683594,2020-09-07,25.42799949645996,2020-09-07,306.49806503352505,2020-09-07,100.710805485314,2020-09-07,10.369,574.1937383041382,263.66292677879335,121.93203644540573,120.97353884656474
2020-09-08,2020-09-08,54.43199920654297,2020-09-08,25.224000930786133,2020-09-07,306.49806503352505,2020-09-07,100.710805485314,2020-09-08,10.3735,564.6503437690735,261.66117365550997,119.99784954405311,120.97353884656474
2020-09-09,2020-09-09,55.051998138427734,2020-09-09,25.381999969482425,2020-09-07,306.49806503352505,2020-09-07,100.710805485314,2020-09-09,10.362,570.4488047103882,263.0082836837769,121.17811907967115,120.97353884656474
2020-09-10,2020-09-10,54.79999923706055,2020-09-10,25.21500015258789,2020-09-07,306.49806503352505,2020-09-07,100.710805485314,2020-09-10,10.3703,568.292432088089,261.4871160823822,120.69959815169757,120.97353884656474
2020-09-11,2020-09-11,54.375999450683594,2020-09-11,25.288999557495117,2020-09-07,306.49806503352505,2020-09-07,100.710805485314,2020-09-11,10.3713,563.9498031028747,262.2798011106491,119.88558080649791,120.97353884656474
2020-09-14,2020-09-14,54.87200164794922,2020-09-14,25.5310001373291,2020-09-14,312.705210239399,2020-09-14,102.753300218227,2020-09-14,10.4178,571.6455387680054,265.97685323066713,121.52613325551557,123.42376792334215
2020-09-15,2020-09-15,55.35200119018555,2020-09-15,25.910999298095703,2020-09-14,312.705210239399,2020-09-14,102.753300218227,2020-09-15,10.404,575.8822203826904,269.5780366973877,122.49006728590001,123.42376792334215
2020-09-16,2020-09-16,55.55400085449219,2020-09-16,26.006000518798828,2020-09-14,312.705210239399,2020-09-14,102.753300218227,2020-09-16,10.4118,578.4171460968017,270.7692762016296,123.02942444513674,123.42376792334215
2020-09-17,2020-09-17,54.77199935913086,2020-09-17,25.753000259399418,2020-09-14,312.705210239399,2020-09-14,102.753300218227,2020-09-17,10.408,570.0669693298339,268.03722669982915,121.29901399868137,123.42376792334215
2020-09-18,2020-09-18,54.33000183105469,2020-09-18,25.6560001373291,2020-09-14,312.705210239399,2020-09-14,102.753300218227,2020-09-18,10.399,564.9776890411376,266.79674542808533,120.26084128835986,123.42376792334215
2020-09-21,2020-09-21,53.22200012207031,2020-09-21,25.211999893188477,2020-09-21,308.260167512259,2020-09-21,101.296360752556,2020-09-21,10.4055,553.8015222702027,262.34346488857267,117.9138832050338,121.6696943521091
2020-09-22,2020-09-22,53.81999969482422,2020-09-22,25.229999542236328,2020-09-21,308.260167512259,2020-09-21,101.296360752556,2020-09-22,10.407,560.1047368240356,262.5686052360535,119.14879976509943,121.6696943521091
2020-09-23,2020-09-23,54.242000579833984,2020-09-23,25.225000381469727,2020-09-21,308.260167512259,2020-09-21,101.296360752556,2020-09-23,10.4388,566.221395652771,263.3187339820862,120.36780011046059,121.6696943521091
2020-09-24,2020-09-24,53.5880012512207,2020-09-24,24.94300079345703,2020-09-21,308.260167512259,2020-09-21,101.296360752556,2020-09-24,10.5793,566.9235416370392,263.87948829422,120.52615316460957,121.6696943521091
2020-09-25,2020-09-25,54.0,2020-09-25,24.885000228881836,2020-09-21,308.260167512259,2020-09-21,101.296360752556,2020-09-25,10.6285,573.9390000000001,264.4902249326706,121.91458921584477,121.6696943521091
2020-09-28,2020-09-28,55.08000183105469,2020-09-28,25.231000900268555,2020-09-28,313.11450981242695,2020-09-28,100.766511350657,2020-09-28,10.5863,583.0934233840942,267.10294483051297,123.79682040137709,123.37143268892352
2020-09-29,2020-09-29,54.652000427246094,2020-09-29,25.0939998626709,2020-09-28,313.11450981242695,2020-09-28,100.766511350657,2020-09-29,10.5343,575.7205681007385,264.34772275333404,122.2556312182764,123.37143268892352
2020-09-30,2020-09-30,54.96799850463867,2020-09-30,25.493000030517575,2020-09-28,313.11450981242695,2020-09-28,100.766511350657,2020-09-30,10.5713,581.0832025920869,269.49415122261047,123.49857070273751,123.37143268892352
2020-10-01,2020-10-01,55.06999969482422,2020-10-01,25.650999069213867,2020-09-28,313.11450981242695,2020-09-28,100.766511350657,2020-10-01,10.4853,577.4254678001404,268.95842054042816,122.76623133374407,123.37143268892352
2020-10-02,2020-10-02,54.88199996948242,2020-10-02,25.60199928283691,2020-09-28,313.11450981242695,2020-09-28,100.766511350657,2020-10-02,10.425,572.1448496818543,266.9008425235748,121.65912555561833,123.37143268892352
2020-10-05,2020-10-05,55.2400016784668,2020-10-05,25.593000411987305,2020-10-05,314.539698525706,2020-10-05,103.492743710807,2020-10-05,10.4645,578.0589975643157,267.8179528112411,122.84521156630261,124.16161185697547
2020-10-06,2020-10-06,55.39799880981445,2020-10-06,25.847999572753903,2020-10-05,314.539698525706,2020-10-05,103.492743710807,2020-10-06,10.5138,582.4434798866272,271.76069790801995,123.85115367991911,124.16161185697547
2020-10-07,2020-10-07,55.50600051879883,2020-10-07,26.06399917602539,2020-10-05,314.539698525706,2020-10-05,103.492743710807,2020-10-07,10.483,581.8694034385682,273.2289033622742,123.79645860100284,124.16161185697547
2020-10-08,2020-10-08,56.0,2020-10-08,26.142000198364254,2020-10-05,314.539698525706,2020-10-05,103.492743710807,2020-10-08,10.4468,585.0208,273.1002476722717,124.4045138684819,124.16161185697547
2020-10-09,2020-10-09,56.189998626708984,2020-10-09,26.33799934387207,2020-10-05,314.539698525706,2020-10-05,103.492743710807,2020-10-09,10.42,585.4997856903076,274.441953163147,124.54976390109118,124.16161185697547
2020-10-12,2020-10-12,56.939998626708984,2020-10-12,26.527999877929688,2020-10-12,321.35142630106503,2020-10-12,105.23167619232498,2020-10-12,10.3933,591.7944877269745,275.71346113128664,125.8236342277054,126.79982949045292
2020-10-13,2020-10-13,57.141998291015625,2020-10-13,26.535999298095703,2020-10-12,321.35142630106503,2020-10-12,105.23167619232498,2020-10-13,10.343,591.0196883239746,274.46184074020385,125.62433509322051,126.79982949045292
2020-10-14,2020-10-14,56.91400146484375,2020-10-14,26.555999755859375,2020-10-12,321.35142630106503,2020-10-12,105.23167619232498,2020-10-14,10.3653,589.930699383545,275.26090426940914,125.443503378006,126.79982949045292
2020-10-15,2020-10-15,56.290000915527344,2020-10-15,26.21500015258789,2020-10-12,321.35142630106503,2020-10-12,105.23167619232498,2020-10-15,10.378,584.1776295013428,272.0592715835571,124.20008949293103,126.79982949045292
2020-10-16,2020-10-16,56.83000183105469,2020-10-16,26.364999771118164,2020-10-12,321.35142630106503,2020-10-12,105.23167619232498,2020-10-16,10.3593,588.7190379684448,273.1229421289444,125.12482138018137,126.79982949045292
2020-10-19,2020-10-19,56.30400085449219,2020-10-19,26.29800033569336,2020-10-19,314.140825113016,2020-10-19,104.357981228507,2020-10-19,10.3578,583.1855800506592,272.3894278770447,124.01991726067997,124.1046331474499
2020-10-20,2020-10-20,55.678001403808594,2020-10-20,26.305999755859375,2020-10-19,314.140825113016,2020-10-19,104.357981228507,2020-10-20,10.3805,577.9654935722351,273.06943046569825,123.03083286486665,124.1046331474499
2020-10-21,2020-10-21,55.43000030517578,2020-10-21,26.38400077819824,2020-10-19,314.140825113016,2020-10-19,104.357981228507,2020-10-21,10.3645,574.5042381629944,273.4569760656356,122.37254760982448,124.1046331474499
2020-10-22,2020-10-22,55.417999267578125,2020-10-22,26.36199951171875,2020-10-19,314.140825113016,2020-10-19,104.357981228507,2020-10-22,10.374,574.9063244018555,273.4793829345703,122.45163598524395,124.1046331474499
2020-10-23,2020-10-23,55.61800003051758,2020-10-23,26.35199928283691,2020-10-19,314.140825113016,2020-10-19,104.357981228507,2020-10-23,10.3618,576.3025927162171,273.05414616889954,122.70675175130145,124.1046331474499
2020-10-26,2020-10-26,54.75,2020-10-26,26.183000564575195,2020-10-26,306.996847126324,2020-10-26,103.909512417233,2020-10-26,10.3475,566.525625,270.92859834194184,120.722322825993,121.47640011081695
2020-10-27,2020-10-27,54.75,2020-10-27,26.292999267578125,2020-10-26,306.996847126324,2020-10-26,103.909512417233,2020-10-27,10.306,564.2534999999999,270.97565045166016,120.28214722665858,121.47640011081695
2020-10-28,2020-10-28,53.54600143432617,2020-10-28,25.9060001373291,2020-10-26,306.996847126324,2020-10-26,103.909512417233,2020-10-28,10.371,555.3255808753968,268.6711274242401,118.45593961461094,121.47640011081695
2020-10-29,2020-10-29,53.93600082397461,2020-10-29,26.18199920654297,2020-10-26,306.996847126324,2020-10-26,103.909512417233,2020-10-29,10.4225,562.1479685878753,272.8818867301941,119.94653475172166,121.47640011081695
2020-10-30,2020-10-30,53.459999084472656,2020-10-30,25.92099952697754,2020-10-26,306.996847126324,2020-10-26,103.909512417233,2020-10-30,10.365,554.112890510559,268.6711600971222,118.22003343758654,121.47640011081695
2020-11-02,2020-11-02,54.27199935913086,2020-11-02,26.23699951171875,2020-11-02,310.13290278579905,2020-11-02,104.389163764529,2020-11-02,10.3625,562.3935933589936,271.8809074401856,119.95546850686995,122.65865140030382
2020-11-03,2020-11-03,55.19200134277344,2020-11-03,26.2549991607666,2020-11-02,310.13290278579905,2020-11-02,104.389163764529,2020-11-03,10.3835,573.086145942688,272.61878378582,122.06415246795437,122.65865140030382
2020-11-04,2020-11-04,56.400001525878906,2020-11-04,27.094999313354492,2020-11-02,310.13290278579905,2020-11-02,104.389163764529,2020-11-04,10.352,583.8528157958984,280.4874328918457,124.46400127702137,122.65865140030382
2020-11-05,2020-11-05,56.79399871826172,2020-11-05,27.24799919128418,2020-11-02,310.13290278579905,2020-11-02,104.389163764529,2020-11-05,10.277,583.6719248275756,280.0276876888275,124.41096934237788,122.65865140030382
2020-11-06,2020-11-06,56.487998962402344,2020-11-06,27.2189998626709,2020-11-02,310.13290278579905,2020-11-02,104.389163764529,2020-11-06,10.2805,580.7248733329773,279.8249280881882,123.82980350023678,122.65865140030382
2020-11-09,2020-11-09,58.49599838256836,2020-11-09,27.97599983215332,2020-11-09,319.642643163948,2020-11-09,107.070929540213,2020-11-09,10.197,596.4836955070496,285.2712702884674,127.10677698789874,126.3674408037021
2020-11-10,2020-11-10,57.689998626708984,2020-11-10,27.427000045776367,2020-11-09,319.642643163948,2020-11-09,107.070929540213,2020-11-10,10.2,588.4379859924315,279.7554004669189,125.32755466079963,126.3674408037021
2020-11-11,2020-11-11,58.4900016784668,2020-11-11,27.594999313354492,2020-11-09,319.642643163948,2020-11-09,107.070929540213,2020-11-11,10.1748,595.1240690780639,280.7735990135193,126.66773025603008,126.3674408037021
2020-11-12,2020-11-12,58.0,2020-11-12,27.656999588012695,2020-11-09,319.642643163948,2020-11-09,107.070929540213,2020-11-12,10.1825,590.5849999999999,281.61739830493923,125.81748272214558,126.3674408037021
2020-11-13,2020-11-13,57.97200012207031,2020-11-13,27.599000930786133,2020-11-09,319.642643163948,2020-11-09,107.070929540213,2020-11-13,10.2537,594.4274976516724,282.99187584400175,126.61831635988719,126.3674408037021
2020-11-16,2020-11-16,58.858001708984375,2020-11-16,28.079999923706055,2020-11-16,326.73808491683,2020-11-16,109.157540991024,2020-11-16,10.2538,603.518177923584,287.92670321769714,128.5782688833967,129.14329532416855
2020-11-17,2020-11-17,58.65800094604492,2020-11-17,27.913999557495117,2020-11-16,326.73808491683,2020-11-16,109.157540991024,2020-11-17,10.2375,600.5112846851349,285.76957046985626,127.90961229620588,129.14329532416855
2020-11-18,2020-11-18,58.8120002746582,2020-11-18,28.011999130249023,2020-11-16,326.73808491683,2020-11-16,109.157540991024,2020-11-18,10.2135,600.6763648052215,286.1005531167984,127.9545712109312,129.14329532416855
2020-11-19,2020-11-19,58.25600051879883,2020-11-19,27.937999725341797,2020-11-16,326.73808491683,2020-11-16,109.157540991024,2020-11-19,10.206,594.5607412948608,285.13522519683835,126.72742034762281,129.14329532416855
2020-11-20,2020-11-20,58.53400039672851,2020-11-20,28.121000289916992,2020-11-16,326.73808491683,2020-11-16,109.157540991024,2020-11-20,10.2168,598.0301752532957,287.3066357620239,127.4866101694159,129.14329532416855
2020-11-23,2020-11-23,58.48600006103515,2020-11-23,28.281999588012695,2020-11-23,328.31009988778504,2020-11-23,110.600721060138,2020-11-23,10.2145,597.4052476234435,288.88648479175566,127.42635580154887,129.85719429358335
2020-11-24,2020-11-24,59.29999923706055,2020-11-24,28.44499969482422,2020-11-23,328.31009988778504,2020-11-23,110.600721060138,2020-11-24,10.204,605.0971922149658,290.25277688598635,128.97571352503675,129.85719429358335
2020-11-25,2020-11-25,59.145999908447266,2020-11-25,28.299999237060547,2020-11-23,328.31009988778504,2020-11-23,110.600721060138,2020-11-25,10.1358,599.4920258720398,286.8431322669983,127.75299867290728,129.85719429358335
2020-11-26,2020-11-26,59.20600128173828,2020-11-26,28.451000213623047,2020-11-23,328.31009988778504,2020-11-23,110.600721060138,2020-11-26,10.1568,601.3435138183594,288.9711189697266,128.19576044839872,129.85719429358335
2020-11-27,2020-11-27,59.22600173950195,2020-11-27,28.51300048828125,2020-11-23,328.31009988778504,2020-11-23,110.600721060138,2020-11-27,10.1723,602.4646574947357,290.0427948669434,128.45545105076604,129.85719429358335
2020-11-30,2020-11-30,58.5880012512207,2020-11-30,27.886999130249023,2020-11-30,328.753092723055,2020-11-30,109.384515287154,2020-11-30,10.1778,596.296959134674,283.8282997478485,127.01444877127577,129.89473766054164
2020-12-01,2020-12-01,59.152000427246094,2020-12-01,28.163999557495117,2020-11-30,328.753092723055,2020-11-30,109.384515287154,2020-12-01,10.2135,604.1489563636779,287.6530094804764,128.69035355780326,129.89473766054164
2020-12-02,2020-12-02,58.832000732421875,2020-12-02,28.097000122070312,2020-11-30,328.753092723055,2020-11-30,109.384515287154,2020-12-02,10.2813,604.869449130249,288.8736873550415,128.87788741249128,129.89473766054164
2020-12-03,2020-12-03,58.8380012512207,2020-12-03,28.33099937438965,2020-11-30,328.753092723055,2020-11-30,109.384515287154,2020-12-03,10.3025,606.1785078907013,291.88012105464935,129.24922188600965,129.89473766054164
2020-12-04,2020-12-04,59.194000244140625,2020-12-04,28.52400016784668,2020-11-30,328.753092723055,2020-11-30,109.384515287154,2020-12-04,10.2578,607.2002157043456,292.5934889217377,129.47566299866244,129.89473766054164
2020-12-07,2020-12-07,59.16600036621094,2020-12-07,28.6299991607666,2020-12-07,331.500483268019,2020-12-07,111.610307229752,2020-12-07,10.2018,603.5997025360108,292.0775254383087,128.75522225242025,131.11252082643284
2020-12-08,2020-12-08,59.36000061035156,2020-12-08,28.62700080871582,2020-12-07,331.500483268019,2020-12-07,111.610307229752,2020-12-08,10.2358,607.5970942474365,293.02025487785335,129.56943156201973,131.11252082643284
2020-12-09,2020-12-09,59.50199890136719,2020-12-09,28.64699935913086,2020-12-07,331.500483268019,2020-12-07,111.610307229752,2020-12-09,10.2745,611.3532877120972,294.33359491539,130.35110348977324,131.11252082643284
2020-12-10,2020-12-10,59.13399887084961,2020-12-10,28.69300079345703,2020-12-07,331.500483268019,2020-12-07,111.610307229752,2020-12-10,10.2395,605.5025814380646,293.8019816246033,129.19232013271403,131.11252082643284
2020-12-11,2020-12-11,58.73199844360352,2020-12-11,28.604000091552734,2020-12-07,331.500483268019,2020-12-07,111.610307229752,2020-12-11,10.256,602.3553760375977,293.36262493896487,128.56303551323765,131.11252082643284
2020-12-14,2020-12-14,59.07600021362305,2020-12-14,28.472000122070312,2020-12-14,328.347143707668,2020-12-14,110.047058563593,2020-12-14,10.193,602.1616701774597,290.21509724426267,128.4031973192518,129.8147634209169
2020-12-15,2020-12-15,58.9900016784668,2020-12-15,28.503999710083008,2020-12-14,328.347143707668,2020-12-14,110.047058563593,2020-12-15,10.1928,601.2732891082763,290.5355682449341,128.2428160475698,129.8147634209169
2020-12-16,2020-12-16,59.4119987487793,2020-12-16,28.70599937438965,2020-12-14,328.347143707668,2020-12-14,110.047058563593,2020-12-16,10.1785,604.7250292644501,292.184014632225,128.9782675142583,129.8147634209169
2020-12-17,2020-12-17,59.41600036621094,2020-12-17,28.72599983215332,2020-12-14,328.347143707668,2020-12-14,110.047058563593,2020-12-17,10.1335,602.0920397109985,291.09491929912565,128.4237980055536,129.8147634209169
2020-12-18,2020-12-18,59.25,2020-12-18,28.770000457763672,2020-12-14,328.347143707668,2020-12-14,110.047058563593,2020-12-18,10.1333,600.398025,291.53504563865664,128.11133881552607,129.8147634209169
2020-12-21,2020-12-21,58.54600143432617,2020-12-21,28.37299919128418,2020-12-21,326.936153056586,2020-12-21,109.32593470055896,2020-12-21,10.1313,593.1471043315887,287.4553667066574,126.54246743136099,129.23188868569966
2020-12-22,2020-12-22,59.11800003051758,2020-12-22,28.23900032043457,2020-12-21,326.936153056586,2020-12-21,109.32593470055896,2020-12-22,10.1143,597.9371877086639,285.61772094097137,127.40297398358086,129.23188868569966
2020-12-23,2020-12-23,59.40999984741211,2020-12-23,28.527000427246097,2020-12-21,326.936153056586,2020-12-21,109.32593470055896,2020-12-23,10.1213,601.3064314556121,288.7303294242859,128.17920164311855,129.23188868569966
2020-12-24,2020-12-23,59.40999984741211,2020-12-23,28.527000427246097,2020-12-21,326.936153056586,2020-12-21,109.32593470055896,2020-12-24,10.0763,598.6329814624786,287.44661440505985,127.60930804506883,129.23188868569966
2020-12-25,2020-12-23,59.40999984741211,2020-12-23,28.527000427246097,2020-12-21,326.936153056586,2020-12-21,109.32593470055896,2020-12-24,10.0763,598.6329814624786,287.44661440505985,127.60930804506883,129.23188868569966
2020-12-28,2020-12-28,59.76399993896485,2020-12-28,28.5049991607666,2020-12-28,326.241807486455,2020-12-28,109.237518335587,2020-12-28,10.107,604.0347473831177,288.100026517868,128.6854850383287,128.97192255281982
2020-12-29,2020-12-29,59.81999969482422,2020-12-29,28.76799964904785,2020-12-28,326.241807486455,2020-12-28,109.237518335587,2020-12-29,10.084,603.2248769226075,290.0965084609985,128.6054229188632,128.97192255281982
2020-12-30,2020-12-30,59.71200180053711,2020-12-30,29.073999404907227,2020-12-28,326.241807486455,2020-12-28,109.237518335587,2020-12-30,10.0568,600.5116597076417,292.391397215271,128.1666796038175,128.97192255281982
2020-12-31,2020-12-30,59.71200180053711,2020-12-30,29.073999404907227,2020-12-28,326.241807486455,2020-12-28,109.237518335587,2020-12-31,10.0343,599.1681396671295,291.73723222866056,127.87993329375011,128.97192255281982
2021-01-01,2020-12-30,59.71200180053711,2020-12-30,29.073999404907227,2020-12-28,326.241807486455,2020-12-28,109.237518335587,2020-12-31,10.0343,599.1681396671295,291.73723222866056,127.87993329375011,128.97192255281982
2021-01-04,2021-01-04,59.27399826049805,2021-01-04,29.42200088500977,2021-01-04,326.757757312755,2021-01-04,113.808752818549,2021-01-04,10.0895,598.045005449295,296.85327792930605,127.86000211717435,129.6193801633869
2021-01-05,2021-01-05,59.4119987487793,2021-01-05,29.742000579833984,2021-01-04,326.757757312755,2021-01-04,113.808752818549,2021-01-05,10.057,597.5064714164735,299.1152998313904,127.8430293531221,129.6193801633869
2021-01-06,2021-01-06,60.237998962402344,2021-01-06,29.825000762939453,2021-01-04,326.757757312755,2021-01-04,113.808752818549,2021-01-06,10.0653,606.3135309562683,300.19758017921447,129.59829040171303,129.6193801633869
2021-01-07,2021-01-07,60.77000045776367,2021-01-07,29.857999801635746,2021-01-04,326.757757312755,2021-01-04,113.808752818549,2021-01-07,10.0575,611.1942796039581,300.2968330049515,130.55160567968932,129.6193801633869
2021-01-08,2021-01-08,61.108001708984375,2021-01-08,30.66900062561035,2021-01-04,326.757757312755,2021-01-04,113.808752818549,2021-01-08,10.051,614.196525177002,308.2541252880097,131.4444634389828,129.6193801633869
2021-01-11,2021-01-11,61.33399963378906,2021-01-11,30.665000915527344,2021-01-11,336.401113174733,2021-01-11,117.617938883705,2021-01-11,10.076,618.0013803100586,308.9805492248535,132.2128233076431,133.4901557303656
2021-01-12,2021-01-12,61.28200149536133,2021-01-12,30.888999938964844,2021-01-11,336.401113174733,2021-01-11,117.617938883705,2021-01-12,10.0878,618.200574684906,311.60205358428954,132.35331412947014,133.4901557303656
2021-01-13,2021-01-13,61.439998626708984,2021-01-13,30.83799934387207,2021-01-11,336.401113174733,2021-01-11,117.617938883705,2021-01-13,10.1383,622.8971380771636,312.6448887479782,133.3074200359449,133.4901557303656
2021-01-14,2021-01-14,61.76399993896485,2021-01-14,31.42200088500977,2021-01-11,336.401113174733,2021-01-11,117.617938883705,2021-01-14,10.1059,624.1808069831849,317.54759874382023,133.7474102059025,133.4901557303656
2021-01-15,2021-01-15,61.22200012207031,2021-01-15,31.075000762939453,2021-01-11,336.401113174733,2021-01-11,117.617938883705,2021-01-15,10.1305,620.2094722366332,314.80529522895813,132.8684280059519,133.4901557303656
2021-01-18,2021-01-18,61.354000091552734,2021-01-18,31.15399932861328,2021-01-18,338.85424887829197,2021-01-18,121.418740776777,2021-01-18,10.154,622.9885169296265,316.3377091827393,133.46851523664745,134.76035150977657
2021-01-19,2021-01-19,61.28799819946289,2021-01-19,31.347000122070312,2021-01-18,338.85424887829197,2021-01-18,121.418740776777,2021-01-19,10.0953,618.7207282230377,316.45737033233644,132.64293655837912,134.76035150977657
2021-01-20,2021-01-20,62.082000732421875,2021-01-20,31.82900047302246,2021-01-18,338.85424887829197,2021-01-18,121.418740776777,2021-01-20,10.1383,629.4059480255127,322.6919554956436,134.96352236983293,134.76035150977657
2021-01-21,2021-01-21,62.04999923706055,2021-01-21,31.854000091552734,2021-01-18,338.85424887829197,2021-01-18,121.418740776777,2021-01-21,10.0825,625.6191173076629,321.16795592308046,134.16771477020762,134.76035150977657
2021-01-22,2021-01-22,61.624000549316406,2021-01-22,31.445999145507812,2021-01-18,338.85424887829197,2021-01-18,121.418740776777,2021-01-22,10.0815,621.2623615379333,317.022840385437,133.15931233137323,134.76035150977657
2021-01-25,2021-01-25,61.54800033569336,2021-01-25,31.701000213623047,2021-01-25,339.15813904208403,2021-01-25,121.267342257813,2021-01-25,10.0625,619.3267533779144,318.9913146495819,132.85917088542251,134.8549624648196
2021-01-26,2021-01-26,61.832000732421875,2021-01-26,31.475000381469727,2021-01-25,339.15813904208403,2021-01-25,121.267342257813,2021-01-26,10.0715,622.740995376587,317.00046634197236,133.44608603101938,134.8549624648196
2021-01-27,2021-01-27,61.08000183105469,2021-01-27,31.07699966430664,2021-01-25,339.15813904208403,2021-01-25,121.267342257813,2021-01-27,10.1139,617.757030519104,314.3096669048309,132.37211345024164,134.8549624648196
2021-01-28,2021-01-28,61.2140007019043,2021-01-28,30.96699905395508,2021-01-25,339.15813904208403,2021-01-25,121.267342257813,2021-01-28,10.1353,620.4222613140107,313.859825511551,132.87312849515138,134.8549624648196
2021-01-29,2021-01-29,59.96599960327149,2021-01-29,30.34600067138672,2021-01-25,339.15813904208403,2021-01-25,121.267342257813,2021-01-29,10.111,606.3162219886781,306.8284127883911,129.8561577673394,134.8549624648196
2021-02-01,2021-02-01,60.75,2021-02-01,31.013999938964844,2021-02-01,341.868767893071,2021-02-01,122.570757486819,2021-02-01,10.1627,617.384025,315.185977179718,132.33356159714114,135.96645255690876
2021-02-02,2021-02-02,62.055999755859375,2021-02-02,31.768999099731445,2021-02-01,341.868767893071,2021-02-01,122.570757486819,2021-02-02,10.1593,630.4455183197022,322.75079255390165,135.16803584689762,135.96645255690876
2021-02-03,2021-02-03,62.077999114990234,2021-02-03,31.94700050354004,2021-02-01,341.868767893071,2021-02-01,122.570757486819,2021-02-03,10.1303,628.8687544345855,323.63269920101163,134.89553130727,135.96645255690876
2021-02-04,2021-02-04,62.68399810791016,2021-02-04,31.930999755859375,2021-02-01,341.868767893071,2021-02-01,122.570757486819,2021-02-04,10.1358,635.3524680221558,323.64622732543944,136.15734804883152,135.96645255690876
2021-02-05,2021-02-05,62.880001068115234,2021-02-05,32.130001068115234,2021-02-01,341.868767893071,2021-02-01,122.570757486819,2021-02-05,10.1228,636.5216748123169,325.2455748123169,136.4468675138483,135.96645255690876
2021-02-08,2021-02-08,63.11800003051758,2021-02-08,32.19300079345703,2021-02-08,346.4401285971189,2021-02-08,123.799510236624,2021-02-08,10.1148,638.4259467086792,325.6257644256592,136.83206513552562,137.74319074059588
2021-02-09,2021-02-09,63.097999572753906,2021-02-09,32.308998107910156,2021-02-08,346.4401285971189,2021-02-08,123.799510236624,2021-02-09,10.1058,637.6557640823364,326.5082730789185,136.71649006674866,137.74319074059588
2021-02-10,2021-02-10,62.869998931884766,2021-02-10,32.439998626708984,2021-02-08,346.4401285971189,2021-02-08,123.799510236624,2021-02-10,10.08,633.7295892333984,326.99518615722656,135.97161943479972,137.74319074059588
2021-02-11,2021-02-11,63.15599822998047,2021-02-11,32.91699981689453,2021-02-08,346.4401285971189,2021-02-08,123.799510236624,2021-02-11,10.0868,637.041922946167,332.0271937530518,136.81126849862557,137.74319074059588
2021-02-12,2021-02-12,63.374000549316406,2021-02-12,32.9010009765625,2021-02-08,346.4401285971189,2021-02-08,123.799510236624,2021-02-12,10.0818,638.9239987380981,331.7013116455078,137.16474548348512,137.74319074059588
2021-02-15,2021-02-15,63.9119987487793,2021-02-15,33.19200134277344,2021-02-15,347.882684628684,2021-02-15,125.868925233855,2021-02-15,10.0435,641.9001594333648,333.363865486145,137.8082288970659,138.4734238049848
2021-02-16,2021-02-16,63.7760009765625,2021-02-16,33.04399871826172,2021-02-15,347.882684628684,2021-02-15,125.868925233855,2021-02-16,10.0415,640.4067138061523,331.811313129425,137.45745063342943,138.4734238049848
2021-02-17,2021-02-17,63.48199844360352,2021-02-17,33.02199935913086,2021-02-15,347.882684628684,2021-02-15,125.868925233855,2021-02-17,10.0413,637.4417909717561,331.5838021648407,136.87184763332954,138.4734238049848
2021-02-18,2021-02-18,63.15800094604492,2021-02-18,32.45199966430664,2021-02-15,347.882684628684,2021-02-15,125.868925233855,2021-02-18,10.0328,633.6515918914795,325.58442223205566,135.90169441666228,138.4734238049848
2021-02-19,2021-02-19,63.395999908447266,2021-02-19,32.8489990234375,2021-02-15,347.882684628684,2021-02-15,125.868925233855,2021-02-19,10.033,636.0520670814514,329.57400720214844,136.5235009252875,138.4734238049848
2021-02-22,2021-02-22,62.78200149536133,2021-02-22,31.965999603271484,2021-02-22,343.24125926084804,2021-02-22,121.773011325719,2021-02-22,10.0315,629.7976480007171,320.6669250202179,134.96112884931338,136.3822627904763
2021-02-23,2021-02-23,62.31800079345703,2021-02-23,31.71500015258789,2021-02-22,343.24125926084804,2021-02-22,121.773011325719,2021-02-23,10.0747,627.8351625938416,319.51911203727724,134.53481521082023,136.3822627904763
2021-02-24,2021-02-24,62.854000091552734,2021-02-24,31.582000732421875,2021-02-22,343.24125926084804,2021-02-22,121.773011325719,2021-02-24,10.0893,634.152863123703,318.640279989624,135.72970438278693,136.3822627904763
2021-02-25,2021-02-25,62.27000045776367,2021-02-25,31.381000518798828,2021-02-22,343.24125926084804,2021-02-22,121.773011325719,2021-02-25,10.0668,626.8596406082154,315.9062560226441,134.20482904780567,136.3822627904763
2021-02-26,2021-02-26,61.88800048828125,2021-02-26,30.836000442504883,2021-02-22,343.24125926084804,2021-02-22,121.773011325719,2021-02-26,10.1388,627.4700593505859,312.6400412864685,134.19681279508467,136.3822627904763
2021-03-01,2021-03-01,63.051998138427734,2021-03-01,31.742000579833984,2021-03-01,345.533591939875,2021-03-01,119.789989457756,2021-03-01,10.1833,642.077412643051,323.23831450462336,137.44973581485317,137.01114688854284
2021-03-02,2021-03-02,62.678001403808594,2021-03-02,31.243999481201172,2021-03-01,345.533591939875,2021-03-01,119.789989457756,2021-03-02,10.14,635.5549342346192,316.8141547393799,135.93158023205478,137.01114688854284
2021-03-03,2021-03-03,62.5,2021-03-03,31.468000411987305,2021-03-01,345.533591939875,2021-03-01,119.789989457756,2021-03-03,10.125,632.8125,318.61350417137146,135.46792128778432,137.01114688854284
2021-03-04,2021-03-04,62.099998474121094,2021-03-04,31.292999267578125,2021-03-01,345.533591939875,2021-03-01,119.789989457756,2021-03-04,10.1595,630.9049344978332,317.92122605896,135.06997073947537,137.01114688854284
2021-03-05,2021-03-05,61.470001220703125,2021-03-05,30.849000930786133,2021-03-01,345.533591939875,2021-03-01,119.789989457756,2021-03-05,10.1863,626.1518734344482,314.23717818126676,134.00236824407327,137.01114688854284
2021-03-08,2021-03-08,63.35599899291992,2021-03-08,30.746000289916992,2021-03-08,349.57706950868,2021-03-08,117.640401648996,2021-03-08,10.1803,644.9830765476228,313.003506751442,137.6177664626151,138.25638979581714
2021-03-09,2021-03-09,63.63399887084961,2021-03-09,31.09199905395508,2021-03-08,349.57706950868,2021-03-08,117.640401648996,2021-03-09,10.136,644.9942125549316,315.1485024108887,137.7031804646477,138.25638979581714
2021-03-10,2021-03-10,63.82600021362305,2021-03-10,30.920000076293945,2021-03-08,349.57706950868,2021-03-08,117.640401648996,2021-03-10,10.1305,646.5892951641083,313.2350607728958,137.9392145188803,138.25638979581714
2021-03-11,2021-03-11,64.21600341796875,2021-03-11,31.69099998474121,2021-03-08,349.57706950868,2021-03-08,117.640401648996,2021-03-11,10.1295,650.4760066223145,321.0139843454361,138.9972069369751,138.25638979581714
2021-03-12,2021-03-12,63.97200012207031,2021-03-12,31.190000534057617,2021-03-08,349.57706950868,2021-03-08,117.640401648996,2021-03-12,10.1388,648.5993148376465,316.2291774147034,138.44643050321957,138.25638979581714
2021-03-15,2021-03-15,64.33000183105469,2021-03-15,31.261999130249023,2021-03-15,357.42457031232607,2021-03-15,120.523018247856,2021-03-15,10.185,655.201068649292,318.4034611415863,139.81506921629227,141.38442234410368
2021-03-16,2021-03-16,64.94200134277344,2021-03-16,31.645000457763672,2021-03-15,357.42457031232607,2021-03-15,120.523018247856,2021-03-16,10.1388,658.4339632141114,320.8423306411743,140.53862461800023,141.38442234410368
2021-03-17,2021-03-17,64.53199768066406,2021-03-17,31.253000259399418,2021-03-15,357.42457031232607,2021-03-15,120.523018247856,2021-03-17,10.1355,654.0640624923707,316.7647841291428,139.53028742814317,141.38442234410368
2021-03-18,2021-03-18,64.73400115966797,2021-03-18,31.325000762939453,2021-03-15,357.42457031232607,2021-03-15,120.523018247856,2021-03-18,10.157,657.5032497787475,318.168032749176,140.253780784291,141.38442234410368
2021-03-19,2021-03-19,64.25800323486328,2021-03-19,31.347999572753903,2021-03-15,357.42457031232607,2021-03-15,120.523018247856,2021-03-19,10.1743,653.7802023124696,318.94395205307006,139.55964137565445,141.38442234410368
2021-03-22,2021-03-22,64.40599822998047,2021-03-22,31.274999618530273,2021-03-22,354.921761771718,2021-03-22,119.159433203504,2021-03-22,10.158,654.2361300201416,317.6914461250305,139.59972404801707,140.34200607722042
2021-03-23,2021-03-23,64.56600189208984,2021-03-23,31.079999923706055,2021-03-22,354.921761771718,2021-03-22,119.159433203504,2021-03-23,10.1813,657.3658350639344,316.43480322322847,140.15978221677383,140.34200607722042
2021-03-24,2021-03-24,64.51200103759766,2021-03-24,30.597999572753903,2021-03-22,354.921761771718,2021-03-22,119.159433203504,2021-03-24,10.1635,655.6677225456239,310.9827686576843,139.61784998708984,140.34200607722042
2021-03-25,2021-03-25,64.29000091552734,2021-03-25,30.58300018310547,2021-03-22,354.921761771718,2021-03-22,119.159433203504,2021-03-25,10.1935,655.340124332428,311.7478123664856,139.58381304505292,140.34200607722042
2021-03-26,2021-03-26,64.9020004272461,2021-03-26,30.77899932861328,2021-03-22,354.921761771718,2021-03-22,119.159433203504,2021-03-26,10.1905,661.3838353538513,313.65339265823366,140.8334659796606,140.34200607722042
2021-03-29,2021-03-29,65.15399932861328,2021-03-29,31.011999130249023,2021-03-29,364.98975805431104,2021-03-29,121.163233297425,2021-03-29,10.2205,665.906450138092,316.95813711071014,141.84151839253448,144.18428360411727
2021-03-30,2021-03-30,65.5199966430664,2021-03-30,31.33099937438965,2021-03-29,364.98975805431104,2021-03-29,121.163233297425,2021-03-30,10.2473,671.4030616004943,321.058149889183,143.06990913353636,144.18428360411727
2021-03-31,2021-03-31,65.69400024414062,2021-03-31,31.42200088500977,2021-03-29,364.98975805431104,2021-03-29,121.163233297425,2021-03-31,10.2383,672.594882699585,321.7078716609955,143.3269726577107,144.18428360411727
2021-04-01,2021-04-01,65.95999908447266,2021-04-01,31.76099967956543,2021-03-29,364.98975805431104,2021-03-29,121.163233297425,2021-04-01,10.2753,677.7587785926819,326.3538000074386,144.51182656086218,144.18428360411727
2021-04-02,2021-04-01,65.95999908447266,2021-04-01,31.76099967956543,2021-03-29,364.98975805431104,2021-03-29,121.163233297425,2021-04-01,10.2753,677.7587785926819,326.3538000074386,144.51182656086218,144.18428360411727
2021-04-05,2021-04-01,65.95999908447266,2021-04-01,31.76099967956543,2021-04-05,370.13007190503697,2021-04-05,122.172399496365,2021-04-01,10.2753,677.7587785926819,326.3538000074386,144.51182656086218,146.1445950746183
2021-04-06,2021-04-06,66.62999725341797,2021-04-06,31.777000427246097,2021-04-05,370.13007190503697,2021-04-05,122.172399496365,2021-04-06,10.261,683.6904018173217,326.0638013839722,145.6544639639445,146.1445950746183
2021-04-07,2021-04-07,66.2300033569336,2021-04-07,31.246999740600582,2021-04-05,370.13007190503697,2021-04-05,122.172399496365,2021-04-07,10.236,677.9303143615723,319.84428934478757,144.2925604632866,146.1445950746183
2021-04-08,2021-04-08,66.52400207519531,2021-04-08,31.479999542236328,2021-04-05,370.13007190503697,2021-04-05,122.172399496365,2021-04-08,10.2073,679.0304463821411,321.32579932746887,144.56406935863012,146.1445950746183
2021-04-09,2021-04-09,66.76000213623047,2021-04-09,31.1560001373291,2021-04-05,370.13007190503697,2021-04-05,122.172399496365,2021-04-09,10.1725,679.1161217308044,316.9344113969803,144.41030538159862,146.1445950746183
2021-04-12,2021-04-12,66.74199676513672,2021-04-12,30.930999755859375,2021-04-12,370.662145055716,2021-04-12,118.491028686264,2021-04-12,10.1975,680.6015120124816,315.418870010376,144.64044331946877,145.9657893500252
2021-04-13,2021-04-13,66.87799835205078,2021-04-13,31.055999755859375,2021-04-12,370.662145055716,2021-04-12,118.491028686264,2021-04-13,10.211,682.8912411727905,317.1128135070801,145.15161186672495,145.9657893500252
2021-04-14,2021-04-14,66.89800262451172,2021-04-14,31.211999893188477,2021-04-12,370.662145055716,2021-04-12,118.491028686264,2021-04-14,10.1433,678.5665100212098,316.5926785165787,144.29012543399332,145.9657893500252
2021-04-15,2021-04-15,67.25599670410156,2021-04-15,31.298999786376953,2021-04-12,370.662145055716,2021-04-12,118.491028686264,2021-04-15,10.1298,681.289795413208,317.05260803604125,144.83774235507204,145.9657893500252
2021-04-16,2021-04-16,67.44400024414062,2021-04-16,31.430999755859375,2021-04-12,370.662145055716,2021-04-12,118.491028686264,2021-04-16,10.1055,681.5553444671631,317.6259680328369,144.91165243349613,145.9657893500252
2021-04-19,2021-04-19,66.99800109863281,2021-04-19,31.17099952697754,2021-04-19,365.50915401240303,2021-04-19,118.646331040984,2021-04-19,10.0985,676.5793140945434,314.78033872318264,143.83321438954516,144.11830518031783
2021-04-20,2021-04-20,66.06800079345703,2021-04-20,30.905000686645508,2021-04-19,365.50915401240303,2021-04-19,118.646331040984,2021-04-20,10.1288,669.1895664367676,313.03057095489504,142.32776096669326,144.11830518031783
2021-04-21,2021-04-21,66.61199951171875,2021-04-21,31.010000228881836,2021-04-19,365.50915401240303,2021-04-19,118.646331040984,2021-04-21,10.1513,676.1983906433106,314.7918153234482,143.75955788373847,144.11830518031783
2021-04-22,2021-04-22,67.13999938964844,2021-04-22,31.222999572753903,2021-04-19,365.50915401240303,2021-04-19,118.646331040984,2021-04-22,10.1237,679.7052118209839,316.0922807746887,144.4922191819721,144.11830518031783
2021-04-23,2021-04-23,66.88600158691406,2021-04-23,31.347999572753903,2021-04-19,365.50915401240303,2021-04-19,118.646331040984,2021-04-23,10.1405,678.257499092102,317.88438966751096,144.28014438252356,144.11830518031783
2021-04-26,2021-04-26,67.05599975585938,2021-04-26,31.374000549316406,2021-04-26,368.385769158343,2021-04-26,119.253569547055,2021-04-26,10.1308,679.3309223266602,317.84372476501466,144.4873816599233,145.21961611811284
2021-04-27,2021-04-27,66.9219970703125,2021-04-27,31.44300079345703,2021-04-26,368.385769158343,2021-04-26,119.253569547055,2021-04-27,10.1403,678.6091268920899,318.8414609458923,144.3856914650518,145.21961611811284
2021-04-28,2021-04-28,66.94200134277344,2021-04-28,31.527999877929688,2021-04-26,368.385769158343,2021-04-26,119.253569547055,2021-04-28,10.111,676.8505755767823,318.7796067657471,144.04119586169026,145.21961611811284
2021-04-29,2021-04-29,66.80599975585938,2021-04-29,31.329999923706055,2021-04-26,368.385769158343,2021-04-26,119.253569547055,2021-04-29,10.1123,675.5623113311767,316.81835822849274,143.71447042761355,145.21961611811284
2021-04-30,2021-04-30,66.97000122070312,2021-04-30,31.20800018310547,2021-04-26,368.385769158343,2021-04-26,119.253569547055,2021-04-30,10.164,680.6830924072266,317.198113861084,144.72536613300372,145.21961611811284
2021-05-03,2021-05-03,67.13400268554688,2021-05-03,31.125999450683594,2021-05-03,368.603602491584,2021-05-03,117.922391053248,2021-05-03,10.1803,683.4442875396729,316.8720122077942,145.24985170396013,145.16415715262048
2021-05-04,2021-05-04,66.33799743652344,2021-05-04,30.683000564575195,2021-05-03,368.603602491584,2021-05-03,117.922391053248,2021-05-04,10.1673,674.4783213363647,311.96327164020533,143.3151725288761,145.16415715262048
2021-05-05,2021-05-05,67.24600219726562,2021-05-05,31.06399917602539,2021-05-03,368.603602491584,2021-05-03,117.922391053248,2021-05-05,10.1945,685.5393694000244,316.6819395999908,145.650036041562,145.16415715262048
2021-05-06,2021-05-06,66.85600280761719,2021-05-06,31.099000930786133,2021-05-03,368.603602491584,2021-05-03,117.922391053248,2021-05-06,10.194,681.5300926208497,317.0232154884339,144.88334719304575,145.16415715262048
2021-05-07,2021-05-07,67.30999755859375,2021-05-07,31.35099983215332,2021-05-03,368.603602491584,2021-05-03,117.922391053248,2021-05-07,10.1263,681.6012282775879,317.4696296003342,144.91451079238323,145.16415715262048
2021-05-10,2021-05-10,67.2300033569336,2021-05-10,30.854999542236328,2021-05-10,362.624012313193,2021-05-10,115.09920700073502,2021-05-10,10.1235,680.6029389839173,312.3605878658295,144.52202840063788,142.7174888127756
2021-05-11,2021-05-11,65.9219970703125,2021-05-11,30.474000930786133,2021-05-10,362.624012313193,2021-05-10,115.09920700073502,2021-05-11,10.113,666.6691563720702,308.18357141304017,141.64934682874397,142.7174888127756
2021-05-12,2021-05-12,65.65599822998047,2021-05-12,30.086000442504883,2021-05-10,362.624012313193,2021-05-10,115.09920700073502,2021-05-12,10.106,663.5195181121826,304.0491204719543,140.87618162969633,142.7174888127756
2021-05-13,2021-05-13,65.75800323486328,2021-05-13,29.96699905395508,2021-05-10,362.624012313193,2021-05-10,115.09920700073502,2021-05-13,10.172,668.8904089050293,304.8243143768311,141.95107878783338,142.7174888127756
2021-05-14,2021-05-14,66.3759994506836,2021-05-14,30.197999954223633,2021-05-10,362.624012313193,2021-05-10,115.09920700073502,2021-05-14,10.1265,672.1565584373474,305.8000465364456,142.62431871678695,142.7174888127756
2021-05-17,2021-05-17,66.13400268554688,2021-05-17,30.131999969482425,2021-05-17,361.879248375245,2021-05-17,115.275827812643,2021-05-17,10.1552,671.6040240722657,305.99648609008796,142.5244567926657,142.46601629084012
2021-05-18,2021-05-18,66.0739974975586,2021-05-18,30.510000228881836,2021-05-17,361.879248375245,2021-05-17,115.275827812643,2021-05-18,10.1363,669.7458608345032,309.25851532001496,142.28958399941084,142.46601629084012
2021-05-19,2021-05-19,64.99800109863281,2021-05-19,30.28300094604492,2021-05-17,361.879248375245,2021-05-17,115.275827812643,2021-05-19,10.1633,660.5941845657348,307.7752235149383,140.45172053532303,142.46601629084012
2021-05-20,2021-05-20,66.16400146484375,2021-05-20,30.538999557495117,2021-05-17,361.879248375245,2021-05-17,115.275827812643,2021-05-20,10.1813,673.6355481140137,310.92671619472503,143.110997002402,142.46601629084012
2021-05-21,2021-05-21,66.48600006103516,2021-05-21,30.368999481201172,2021-05-17,361.879248375245,2021-05-17,115.275827812643,2021-05-21,10.122,672.9712926177979,307.3950127487183,142.8447117718825,142.46601629084012
2021-05-24,2021-05-21,66.48600006103516,2021-05-21,30.368999481201172,2021-05-24,365.63052893689496,2021-05-24,116.238859723015,2021-05-24,10.167,675.9631626205444,308.76161772537233,143.47976532155,143.9194498375354
2021-05-25,2021-05-25,66.55000305175781,2021-05-25,30.68000030517578,2021-05-24,365.63052893689496,2021-05-24,116.238859723015,2021-05-25,10.1338,674.4044209259034,310.9049870925904,143.25972428782194,143.9194498375354
2021-05-26,2021-05-26,66.75599670410156,2021-05-26,30.93400001525879,2021-05-24,365.63052893689496,2021-05-24,116.238859723015,2021-05-26,10.1503,677.5933933456421,313.9893803548813,143.99978831348494,143.9194498375354
2021-05-27,2021-05-27,66.97799682617188,2021-05-27,31.094999313354492,2021-05-24,365.63052893689496,2021-05-24,116.238859723015,2021-05-27,10.1298,678.4737122497559,314.9861240444183,144.20972258595356,143.9194498375354
2021-05-28,2021-05-28,67.23400115966797,2021-05-28,31.312000274658203,2021-05-24,365.63052893689496,2021-05-24,116.238859723015,2021-05-28,10.125,680.7442617416382,317.0340027809143,144.7308963620865,143.9194498375354
2021-05-31,2021-05-31,66.7699966430664,2021-05-31,31.433000564575195,2021-05-31,367.076915305525,2021-05-31,119.874922410987,2021-05-31,10.121,675.7791360244752,318.13339871406555,143.807686804756,144.809029636505
2021-06-01,2021-06-01,66.97000122070312,2021-06-01,31.756000518798828,2021-05-31,367.076915305525,2021-05-31,119.874922410987,2021-06-01,10.0955,676.0956473236083,320.59270323753356,143.9647045511772,144.809029636505
2021-06-02,2021-06-02,67.23400115966797,2021-06-02,31.905000686645508,2021-05-31,367.076915305525,2021-05-31,119.874922410987,2021-06-02,10.0898,678.3776249008179,321.91507592811587,144.45994443159438,144.809029636505
2021-06-03,2021-06-03,67.35800170898438,2021-06-03,31.86400032043457,2021-05-31,367.076915305525,2021-05-31,119.874922410987,2021-06-03,10.1145,681.2925082855224,322.2884312410354,145.04147338934575,144.809029636505
2021-06-04,2021-06-04,67.56999969482422,2021-06-04,31.930999755859375,2021-05-31,367.076915305525,2021-05-31,119.874922410987,2021-06-04,10.105,682.7948469161987,322.662752532959,145.3482542579972,144.809029636505
2021-06-07,2021-06-07,67.48600006103516,2021-06-07,31.68600082397461,2021-06-07,370.10197635592,2021-06-07,119.137893342059,2021-06-07,10.0552,678.5852278137206,318.6090754852295,144.37202339852092,145.8284737744682
2021-06-08,2021-06-08,67.5479965209961,2021-06-08,31.642000198364254,2021-06-07,370.10197635592,2021-06-07,119.137893342059,2021-06-08,10.0755,680.5798389472961,318.808972998619,144.76779774909375,145.8284737744682
2021-06-09,2021-06-09,67.66600036621094,2021-06-09,31.608999252319336,2021-06-07,370.10197635592,2021-06-07,119.137893342059,2021-06-09,10.0595,680.6861306838989,317.97072797870635,144.7559424765923,145.8284737744682
2021-06-10,2021-06-10,67.83599853515625,2021-06-10,31.844999313354492,2021-06-07,370.10197635592,2021-06-07,119.137893342059,2021-06-10,10.0715,683.2102592468262,320.7269105844498,145.35393498016947,145.8284737744682
2021-06-11,2021-06-11,68.29199981689453,2021-06-11,31.910999298095703,2021-06-07,370.10197635592,2021-06-07,119.137893342059,2021-06-11,10.0643,687.3111737571716,321.16187023582455,146.16857617596173,145.8284737744682
2021-06-14,2021-06-14,68.2239990234375,2021-06-14,32.00400161743164,2021-06-14,375.07075459034104,2021-06-14,120.287700525751,2021-06-14,10.0944,688.6803357421875,323.06119392700197,146.50863551826058,147.7409444477654
2021-06-15,2021-06-15,68.2760009765625,2021-06-15,31.731000900268555,2021-06-14,375.07075459034104,2021-06-14,120.287700525751,2021-06-15,10.0858,688.6180906494142,320.03252887992863,146.37898377155298,147.7409444477654
2021-06-16,2021-06-16,68.44999694824219,2021-06-16,31.790000915527344,2021-06-14,375.07075459034104,2021-06-14,120.287700525751,2021-06-16,10.1283,693.2821040908813,321.97866627273555,147.3618149923261,147.7409444477654
2021-06-17,2021-06-17,69.11399841308594,2021-06-17,32.10300064086914,2021-06-14,375.07075459034104,2021-06-14,120.287700525751,2021-06-17,10.1905,704.3062008285523,327.145628030777,149.70688864605484,147.7409444477654
2021-06-18,2021-06-18,68.4280014038086,2021-06-18,31.97800064086914,2021-06-14,375.07075459034104,2021-06-14,120.287700525751,2021-06-18,10.233,700.2237383651734,327.23088055801395,148.9160265028383,147.7409444477654
2021-06-21,2021-06-21,68.81400299072266,2021-06-21,31.850000381469727,2021-06-21,381.68023430750503,2021-06-21,120.15511190914,2021-06-21,10.2163,703.0244987541199,325.3891588972092,149.38938729377435,150.117334625487
2021-06-22,2021-06-22,69.1760025024414,2021-06-22,31.7549991607666,2021-06-21,381.68023430750503,2021-06-21,120.15511190914,2021-06-22,10.157,702.6206574172974,322.53552647590635,149.20007709371302,150.117334625487
2021-06-23,2021-06-23,68.94999694824219,2021-06-23,31.992000579833984,2021-06-21,381.68023430750503,2021-06-21,120.15511190914,2021-06-23,10.1288,698.3807290893554,324.04057547302244,148.43368532444154,150.117334625487
2021-06-24,2021-06-24,69.42400360107422,2021-06-24,32.2760009765625,2021-06-21,381.68023430750503,2021-06-21,120.15511190914,2021-06-24,10.1133,702.1057756187439,326.41688067626956,149.25055204722085,150.117334625487
2021-06-25,2021-06-25,69.55999755859375,2021-06-25,32.465999603271484,2021-06-21,381.68023430750503,2021-06-21,120.15511190914,2021-06-25,10.1103,703.2724433166504,328.24099578895573,149.54830085102907,150.117334625487
2021-06-28,2021-06-28,69.52200317382812,2021-06-28,32.52000045776367,2021-06-28,384.877598707238,2021-06-28,122.936621378394,2021-06-28,10.1268,704.0354217407227,329.3235406356811,149.738738569315,151.5538445817814
2021-06-29,2021-06-29,69.85199737548828,2021-06-29,32.47200012207031,2021-06-28,384.877598707238,2021-06-28,122.936621378394,2021-06-29,10.151,709.0676253585815,329.62327323913576,150.72929738913427,151.5538445817814
2021-06-30,2021-06-30,69.93399810791016,2021-06-30,32.55799865722656,2021-06-28,384.877598707238,2021-06-28,122.936621378394,2021-06-30,10.111,707.1026548690796,329.1939244232178,150.33038405257815,151.5538445817814
2021-07-01,2021-07-01,70.10199737548828,2021-07-01,32.34600067138672,2021-06-28,384.877598707238,2021-06-28,122.936621378394,2021-07-01,10.1738,713.2037008987427,329.0817416305542,151.51288072964772,151.5538445817814
2021-07-02,2021-07-02,70.5,2021-07-02,32.34199905395508,2021-06-28,384.877598707238,2021-06-28,122.936621378394,2021-07-02,10.1583,716.16015,328.5397289897919,152.066969957683,151.5538445817814
2021-07-05,2021-07-05,70.69400024414062,2021-07-05,32.20399856567383,2021-07-05,389.53721316132095,2021-07-05,120.74353101172002,2021-07-05,10.1435,717.0845914764404,326.66125945091244,152.17389992413777,153.01747496213807
2021-07-06,2021-07-06,70.5,2021-07-06,32.040000915527344,2021-07-05,389.53721316132095,2021-07-05,120.74353101172002,2021-07-06,10.149,715.5044999999999,325.173969291687,151.80879908250176,153.01747496213807
2021-07-07,2021-07-07,70.99600219726562,2021-07-07,32.007999420166016,2021-07-05,389.53721316132095,2021-07-05,120.74353101172002,2021-07-07,10.1813,722.8315971710206,325.8830444965363,153.26167548607253,153.01747496213807
2021-07-08,2021-07-08,69.96399688720703,2021-07-08,31.260000228881836,2021-07-05,389.53721316132095,2021-07-05,120.74353101172002,2021-07-08,10.1908,712.9890994781493,318.564410332489,151.062954196705,153.01747496213807
2021-07-09,2021-07-09,70.7760009765625,2021-07-09,31.663999557495117,2021-07-05,389.53721316132095,2021-07-05,120.74353101172002,2021-07-09,10.1853,720.874802746582,322.507334692955,152.75000382874236,153.01747496213807
2021-07-12,2021-07-12,71.04399871826172,2021-07-12,31.70400047302246,2021-07-12,394.06068875739703,2021-07-12,120.810068763966,2021-07-12,10.2008,724.7056221252441,323.4061680252075,153.5301058231812,154.659715837322
2021-07-13,2021-07-13,71.41600036621094,2021-07-13,32.108001708984375,2021-07-12,394.06068875739703,2021-07-12,120.810068763966,2021-07-13,10.1818,727.1434325286866,326.91725180053714,154.14060451448265,154.659715837322
2021-07-14,2021-07-14,71.13400268554688,2021-07-14,32.04999923706055,2021-07-12,394.06068875739703,2021-07-12,120.810068763966,2021-07-14,10.205,725.9224974060058,327.0702422142029,153.90903078472738,154.659715837322
2021-07-15,2021-07-15,70.91400146484375,2021-07-15,32.2239990234375,2021-07-12,394.06068875739703,2021-07-12,120.810068763966,2021-07-15,10.2335,725.6984339904785,329.76429400634765,153.96999987501903,154.659715837322
2021-07-16,2021-07-16,70.64199829101562,2021-07-16,31.996000289916992,2021-07-12,394.06068875739703,2021-07-12,120.810068763966,2021-07-16,10.2428,723.5718600952149,327.7286317695618,153.47730812741978,154.659715837322
2021-07-19,2021-07-19,69.28600311279297,2021-07-19,31.420000076293945,2021-07-19,391.486524185892,2021-07-19,119.41700089385398,2021-07-19,10.2533,710.4101757164001,322.1586867822647,150.70076477914546,153.58852701074377
2021-07-20,2021-07-20,70.1719970703125,2021-07-20,31.542999267578125,2021-07-19,391.486524185892,2021-07-19,119.41700089385398,2021-07-20,10.2535,719.5085719604492,323.42614299011234,152.51988693699502,153.58852701074377
2021-07-21,2021-07-21,70.7040023803711,2021-07-21,31.590999603271484,2021-07-19,391.486524185892,2021-07-19,119.41700089385398,2021-07-21,10.2448,724.3483635864258,323.6434727355957,153.4698173390439,153.58852701074377
2021-07-22,2021-07-22,71.08000183105469,2021-07-22,31.81100082397461,2021-07-19,391.486524185892,2021-07-19,119.41700089385398,2021-07-22,10.2245,726.7574787216187,325.2515779247284,154.00087891348434,153.58852701074377
2021-07-23,2021-07-23,71.85800170898438,2021-07-23,31.4060001373291,2021-07-19,391.486524185892,2021-07-19,119.41700089385398,2021-07-23,10.2105,733.706126449585,320.67096440219876,155.17484085257337,153.58852701074377
2021-07-26,2021-07-26,71.7239990234375,2021-07-26,30.843000411987305,2021-07-26,394.529697163855,2021-07-26,112.303173320319,2021-07-26,10.205,731.9434100341797,314.7528192043304,154.60225123607566,153.97156050766577
2021-07-27,2021-07-27,71.02799987792969,2021-07-27,29.926000595092773,2021-07-26,394.529697163855,2021-07-26,112.303173320319,2021-07-27,10.165,721.9996187591552,304.19779604911804,152.2582202018539,153.97156050766577
2021-07-28,2021-07-28,71.53600311279297,2021-07-28,30.76099967956543,2021-07-26,394.529697163855,2021-07-26,112.303173320319,2021-07-28,10.1963,729.402548538971,313.64838103275304,154.06510815189984,153.97156050766577
2021-07-29,2021-07-29,71.55999755859375,2021-07-29,30.96299934387207,2021-07-26,394.529697163855,2021-07-26,112.303173320319,2021-07-29,10.1675,727.586275177002,314.8162958288193,153.7571113136055,153.97156050766577
2021-07-30,2021-07-30,71.21600341796875,2021-07-30,30.80900001525879,2021-07-26,394.529697163855,2021-07-26,112.303173320319,2021-07-30,10.1868,725.4631836181641,313.8451213554382,153.30640996518576,153.97156050766577
2021-08-02,2021-08-02,71.48600006103516,2021-08-02,31.03300094604492,2021-08-02,397.569806048848,2021-08-02,116.136324503414,2021-08-02,10.191,728.5138266220093,316.2573126411438,153.99347616513072,155.45724715907326
2021-08-03,2021-08-03,71.37200164794922,2021-08-03,30.929000854492188,2021-08-02,397.569806048848,2021-08-02,116.136324503414,2021-08-03,10.2045,728.3155908164978,315.6149892196655,153.92998420409305,155.45724715907326
2021-08-04,2021-08-04,71.68599700927734,2021-08-04,31.266000747680664,2021-08-02,397.569806048848,2021-08-02,116.136324503414,2021-08-04,10.197,730.982111503601,318.8194096240997,154.57307276909222,155.45724715907326
2021-08-05,2021-08-05,71.98400115966797,2021-08-05,31.329999923706055,2021-08-02,397.569806048848,2021-08-02,116.136324503414,2021-08-05,10.1983,734.1144390266418,319.51273822193144,155.20931985901066,155.45724715907326
2021-08-06,2021-08-06,72.41200256347656,2021-08-06,31.149999618530273,2021-08-02,397.569806048848,2021-08-02,116.136324503414,2021-08-06,10.1683,736.3069656661987,316.7425411211014,155.5283252319734,155.45724715907326
2021-08-09,2021-08-09,72.51200103759766,2021-08-09,31.371999740600582,2021-08-09,403.51087721528296,2021-08-09,118.151728214185,2021-08-09,10.2175,740.891370601654,320.5434073495864,156.56765240539136,157.8085415528741
2021-08-10,2021-08-10,72.7699966430664,2021-08-10,31.395000457763672,2021-08-09,403.51087721528296,2021-08-09,118.151728214185,2021-08-10,10.2145,743.3091307106017,320.684232175827,157.04345027690124,157.8085415528741
2021-08-11,2021-08-11,72.81800079345703,2021-08-11,31.33099937438965,2021-08-09,403.51087721528296,2021-08-09,118.151728214185,2021-08-11,10.2305,744.964557117462,320.5317890996933,157.35956783748685,157.8085415528741
2021-08-12,2021-08-12,72.95800018310547,2021-08-12,31.167999267578125,2021-08-09,403.51087721528296,2021-08-09,118.151728214185,2021-08-12,10.1883,743.3179932655335,317.5489269378662,156.92349253834104,157.8085415528741
2021-08-13,2021-08-13,72.8740005493164,2021-08-13,30.895999908447266,2021-08-09,403.51087721528296,2021-08-09,118.151728214185,2021-08-13,10.1993,743.2637938026428,315.11757186622617,156.81858764010315,157.8085415528741
2021-08-16,2021-08-16,72.6520004272461,2021-08-16,30.67099952697754,2021-08-16,404.73013860914,2021-08-16,114.447045342123,2021-08-16,10.2008,741.1085259582519,312.86873197479247,156.31204052733884,157.8758487756377
2021-08-17,2021-08-17,72.85600280761719,2021-08-17,30.41200065612793,2021-08-16,404.73013860914,2021-08-16,114.447045342123,2021-08-17,10.1948,742.7523774230957,310.04426428909306,156.52220460526524,157.8758487756377
2021-08-18,2021-08-18,72.86000061035156,2021-08-18,30.55900001525879,2021-08-16,404.73013860914,2021-08-16,114.447045342123,2021-08-18,10.2233,744.8696442398071,312.4138248559952,157.02604448308009,157.8758487756377
2021-08-19,2021-08-19,72.06999969482422,2021-08-19,29.91200065612793,2021-08-16,404.73013860914,2021-08-16,114.447045342123,2021-08-19,10.2798,740.865182862854,307.4893843448639,156.05592893228663,157.8758487756377
2021-08-20,2021-08-20,72.552001953125,2021-08-20,29.886999130249023,2021-08-16,404.73013860914,2021-08-16,114.447045342123,2021-08-20,10.3263,749.1937377685547,308.6221191186905,157.72006352001563,157.8758487756377
2021-08-23,2021-08-23,73.06600189208984,2021-08-23,30.099000930786133,2021-08-23,405.473978775924,2021-08-23,115.191484375001,2021-08-23,10.2573,749.4599012077332,308.7344822473526,157.77620174020416,158.21985583605314
2021-08-24,2021-08-24,73.16200256347656,2021-08-24,30.823999404907227,2021-08-23,405.473978775924,2021-08-23,115.191484375001,2021-08-24,10.209,746.9108841705322,314.6822099246979,157.51116803565137,158.21985583605314
2021-08-25,2021-08-25,73.22000122070312,2021-08-25,30.882999420166016,2021-08-23,405.473978775924,2021-08-23,115.191484375001,2021-08-25,10.2248,748.6598684814453,315.77249247131346,157.89371604787422,158.21985583605314
2021-08-26,2021-08-26,72.93599700927734,2021-08-26,30.635000228881836,2021-08-23,405.473978775924,2021-08-23,115.191484375001,2021-08-26,10.2413,746.9594261711121,313.7422278440476,157.48413013956554,158.21985583605314
2021-08-27,2021-08-27,73.18399810791016,2021-08-27,30.836999893188477,2021-08-23,405.473978775924,2021-08-23,115.191484375001,2021-08-27,10.2345,749.0016286354065,315.6012754068375,157.9535544696585,158.21985583605314
2021-08-30,2021-08-30,73.5260009765625,2021-08-30,30.95299911499023,2021-08-30,405.958759995535,2021-08-30,118.07377573223002,2021-08-30,10.1813,748.5902737426758,315.14176988945,157.85569916012878,158.68575134765442
2021-08-31,2021-08-31,73.43399810791016,2021-08-31,31.381000518798828,2021-08-30,405.958759995535,2021-08-30,118.07377573223002,2021-08-31,10.1625,746.2730057716369,318.90941777229307,157.55113882341746,158.68575134765442
2021-09-01,2021-09-01,73.33399963378906,2021-09-01,31.660999298095703,2021-08-30,405.958759995535,2021-08-30,118.07377573223002,2021-09-01,10.1961,747.7207936660766,322.8187149433136,157.98450089715575,158.68575134765442
2021-09-02,2021-09-02,73.51599884033203,2021-09-02,31.604000091552734,2021-08-30,405.958759995535,2021-08-30,118.07377573223002,2021-09-02,10.1939,749.4147405784606,322.1680165332794,158.28877455611442,158.68575134765442
2021-09-03,2021-09-03,73.4020004272461,2021-09-03,31.554000854492188,2021-08-30,405.958759995535,2021-08-30,118.07377573223002,2021-09-03,10.1708,746.5570659454346,320.9294318908691,157.68479483376595,158.68575134765442
2021-09-06,2021-09-06,73.86000061035156,2021-09-06,31.850000381469727,2021-09-06,405.623315620395,2021-09-06,118.906650462364,2021-09-06,10.1658,750.8459942047119,323.78073387794495,158.62978948141188,158.64844330760837
2021-09-07,2021-09-07,73.4739990234375,2021-09-07,31.85199928283691,2021-09-06,405.623315620395,2021-09-06,118.906650462364,2021-09-07,10.1515,745.8713010864258,323.3455707197189,157.645162225759,158.64844330760837
2021-09-08,2021-09-08,73.24400329589844,2021-09-08,31.42799949645996,2021-09-06,405.623315620395,2021-09-06,118.906650462364,2021-09-08,10.174,745.1844895324707,319.7484668769836,157.37195091164534,158.64844330760837
2021-09-09,2021-09-09,73.36799621582031,2021-09-09,31.371999740600582,2021-09-06,405.623315620395,2021-09-06,118.906650462364,2021-09-09,10.1863,747.3484198532104,319.5646009576797,157.78576938131235,158.64844330760837
2021-09-10,2021-09-10,72.98999786376953,2021-09-10,31.434999465942383,2021-09-06,405.623315620395,2021-09-06,118.906650462364,2021-09-10,10.1843,743.3520352439881,320.143465060997,157.03080932000302,158.64844330760837
2021-09-13,2021-09-13,72.86799621582031,2021-09-13,31.458999633789062,2021-09-13,400.959595968091,2021-09-13,116.423590915914,2021-09-13,10.1853,742.1824018569946,320.4193489700317,156.81398495474684,156.71184219210375
2021-09-14,2021-09-14,72.77400207519531,2021-09-14,31.270999908447266,2021-09-13,400.959595968091,2021-09-13,116.423590915914,2021-09-14,10.1453,738.314083253479,317.25367537117006,155.9386116486033,156.71184219210375
2021-09-15,2021-09-15,72.61599731445312,2021-09-15,31.020999908447266,2021-09-13,400.959595968091,2021-09-13,116.423590915914,2021-09-15,10.136,736.0357487792968,314.42885507202146,155.38577019235822,156.71184219210375
2021-09-16,2021-09-16,72.94200134277344,2021-09-16,31.038000106811523,2021-09-13,400.959595968091,2021-09-13,116.423590915914,2021-09-16,10.1518,740.4926092315674,315.0915694843292,156.27849357620315,156.71184219210375
2021-09-17,2021-09-17,72.73400115966797,2021-09-17,31.010000228881836,2021-09-13,400.959595968091,2021-09-13,116.423590915914,2021-09-17,10.1553,738.6356019767761,314.91585532436375,155.91042618510838,156.71184219210375
2021-09-20,2021-09-20,71.41999816894531,2021-09-20,30.292999267578125,2021-09-20,396.202212975343,2021-09-20,116.170588673489,2021-09-20,10.2173,729.7195472915649,309.512661416626,153.96626658436477,154.96622768301043
2021-09-21,2021-09-21,72.00199890136719,2021-09-21,30.445999145507812,2021-09-20,396.202212975343,2021-09-20,116.170588673489,2021-09-21,10.1763,732.7139414199829,309.82762110443116,154.56099660461203,154.96622768301043
2021-09-22,2021-09-22,72.33399963378906,2021-09-22,30.92099952697754,2021-09-20,396.202212975343,2021-09-20,116.170588673489,2021-09-22,10.1758,736.0563134735108,314.64590698661806,155.39819451563747,154.96622768301043
2021-09-23,2021-09-23,73.01599884033203,2021-09-23,31.01300048828125,2021-09-20,396.202212975343,2021-09-20,116.170588673489,2021-09-23,10.1398,740.3676250411987,314.4656223510742,156.22988698714613,154.96622768301043
2021-09-24,2021-09-24,72.8219985961914,2021-09-24,30.836000442504883,2021-09-20,396.202212975343,2021-09-20,116.170588673489,2021-09-24,10.138,738.2694217681885,312.6153724861145,155.74991013129213,154.96622768301043
2021-09-27,2021-09-27,72.96199798583984,2021-09-27,31.01499938964844,2021-09-27,396.928023667799,2021-09-27,115.411170491088,2021-09-27,10.1738,742.3007751083373,315.54040079040533,156.64765947003986,155.1520851255005
2021-09-28,2021-09-28,71.61599731445312,2021-09-28,30.635000228881836,2021-09-27,396.928023667799,2021-09-27,115.411170491088,2021-09-28,10.1933,730.0033454254151,312.2717478330612,154.12855515572582,155.1520851255005
2021-09-29,2021-09-29,72.11000061035156,2021-09-29,30.69499969482422,2021-09-27,396.928023667799,2021-09-27,115.411170491088,2021-09-29,10.183,734.2961362152099,312.567181892395,154.97510747062304,155.1520851255005
2021-09-30,2021-09-30,72.01399993896484,2021-09-30,31.03700065612793,2021-09-27,396.928023667799,2021-09-27,115.411170491088,2021-09-30,10.1683,732.2599555793762,315.59353377170567,154.69645786086022,155.1520851255005
2021-10-01,2021-10-01,71.56600189208984,2021-10-01,30.756000518798828,2021-09-27,396.928023667799,2021-09-27,115.411170491088,2021-10-01,10.1538,726.6668700119019,312.2902780677795,153.48022208375642,155.1520851255005
2021-10-04,2021-10-04,70.71399688720703,2021-10-04,30.219999313354492,2021-10-04,394.676984811429,2021-10-04,112.815115630131,2021-10-04,10.1435,717.2874274253845,306.5365630350113,151.432314777649,154.07643269150702
2021-10-05,2021-10-05,72.05999755859375,2021-10-05,30.67099952697754,2021-10-04,394.676984811429,2021-10-04,112.815115630131,2021-10-05,10.131,730.0398352661133,310.72789620780947,154.07573643355192,154.07643269150702
2021-10-06,2021-10-06,71.50199890136719,2021-10-06,30.427000045776367,2021-10-04,394.676984811429,2021-10-04,112.815115630131,2021-10-06,10.1628,726.6605144348146,309.2235160652161,153.35996410296647,154.07643269150702
2021-10-07,2021-10-07,73.02200317382812,2021-10-07,31.177000045776367,2021-10-04,394.676984811429,2021-10-04,112.815115630131,2021-10-07,10.1453,740.8301287994385,316.300018564415,156.39105217212438,154.07643269150702
2021-10-08,2021-10-08,72.67400360107422,2021-10-08,31.135000228881836,2021-10-04,394.676984811429,2021-10-04,112.815115630131,2021-10-08,10.1138,735.0103376205444,314.8931653148651,155.20431457057984,154.07643269150702
2021-10-11,2021-10-11,72.88600158691406,2021-10-11,31.329999923706055,2021-10-11,397.0021211363221,2021-10-11,114.941593452903,2021-10-11,10.1163,737.3366578536987,316.9436782281876,155.73643979015154,155.1315297293719
2021-10-12,2021-10-12,72.39600372314453,2021-10-12,31.132999420166016,2021-10-11,397.0021211363221,2021-10-11,114.941593452903,2021-10-12,10.1078,731.7643264328002,314.686131539154,154.56482553037335,155.1315297293719
2021-10-13,2021-10-13,72.15799713134766,2021-10-13,31.29599952697754,2021-10-11,397.0021211363221,2021-10-11,114.941593452903,2021-10-13,10.1195,730.2028519706727,316.6998672132492,154.33922177685218,155.1315297293719
2021-10-14,2021-10-14,73.35600280761719,2021-10-14,31.36199951171875,2021-10-11,397.0021211363221,2021-10-11,114.941593452903,2021-10-14,10.0138,734.5723409149169,314.0527907104492,155.08649496632557,155.1315297293719
2021-10-15,2021-10-15,73.9280014038086,2021-10-15,31.80900001525879,2021-10-11,397.0021211363221,2021-10-11,114.941593452903,2021-10-15,10.0288,741.4091404785156,319.00609935302737,156.60871215475342,155.1315297293719
2021-10-18,2021-10-18,73.93599700927734,2021-10-18,31.719999313354492,2021-10-18,404.5519663112,2021-10-18,116.540066118663,2021-10-18,10.0375,742.1325699806213,318.3894931077957,156.7255119537273,158.0224627646101
2021-10-19,2021-10-19,74.31400299072266,2021-10-19,31.95800018310547,2021-10-18,404.5519663112,2021-10-18,116.540066118663,2021-10-19,10.03,745.3694499969482,320.53874183654784,157.43860241735942,158.0224627646101
2021-10-20,2021-10-20,74.57599639892578,2021-10-20,31.961999893188477,2021-10-18,404.5519663112,2021-10-18,116.540066118663,2021-10-20,10.015,746.8786039352417,320.0994289302826,157.7151317857135,158.0224627646101
2021-10-21,2021-10-21,74.42400360107422,2021-10-21,31.6560001373291,2021-10-18,404.5519663112,2021-10-18,116.540066118663,2021-10-21,10.0145,745.3191840629578,317.01901337528227,157.29222273958544,158.0224627646101
2021-10-22,2021-10-22,74.64600372314453,2021-10-22,31.584999084472656,2021-10-18,404.5519663112,2021-10-18,116.540066118663,2021-10-22,9.9748,744.578957937622,315.05404886779786,157.07196420366304,158.0224627646101
2021-10-25,2021-10-25,75.05599975585938,2021-10-25,31.878000259399418,2021-10-25,408.70181197012505,2021-10-25,116.749814045027,2021-10-25,10.0,750.5599975585938,318.7800025939942,158.38007456535783,159.54405158584376
2021-10-26,2021-10-26,75.5780029296875,2021-10-26,31.893999099731445,2021-10-25,408.70181197012505,2021-10-25,116.749814045027,2021-10-26,9.9848,754.6312436523438,318.45520221099855,159.15945786462274,159.54405158584376
2021-10-27,2021-10-27,75.2300033569336,2021-10-27,31.63400077819824,2021-10-25,408.70181197012505,2021-10-25,116.749814045027,2021-10-27,9.9713,750.140932472992,315.43211195964807,158.16862059932305,159.54405158584376
2021-10-28,2021-10-28,75.04000091552734,2021-10-28,31.267000198364254,2021-10-25,408.70181197012505,2021-10-25,116.749814045027,2021-10-28,9.969,748.0737691268921,311.7007249774932,157.62167472303452,159.54405158584376
2021-10-29,2021-10-29,75.70800018310547,2021-10-29,31.2549991607666,2021-10-25,408.70181197012505,2021-10-25,116.749814045027,2021-10-29,9.9368,752.2952562194824,310.57467566070557,158.3991881259643,159.54405158584376
2021-11-01,2021-11-01,75.88800048828125,2021-11-01,31.4060001373291,2021-11-01,411.179888313756,2021-11-01,113.309700952279,2021-11-01,9.9135,752.3156928405763,311.34338236141207,158.43299736190534,160.09317868840574
2021-11-02,2021-11-02,76.18199920654297,2021-11-02,31.180999755859375,2021-11-01,411.179888313756,2021-11-01,113.309700952279,2021-11-02,9.8973,753.9961007469177,308.607708883667,158.65371896852687,160.09317868840574
2021-11-03,2021-11-03,76.14800262451172,2021-11-03,31.167999267578125,2021-11-01,411.179888313756,2021-11-01,113.309700952279,2021-11-03,9.912,754.7790020141603,308.9372087402344,158.8188065042162,160.09317868840574
2021-11-04,2021-11-04,76.94200134277344,2021-11-04,31.30699920654297,2021-11-01,411.179888313756,2021-11-01,113.309700952279,2021-11-04,9.906,762.1874653015137,310.1271341400147,160.3061731328753,160.09317868840574
2021-11-05,2021-11-05,77.31400299072266,2021-11-05,31.333999633789062,2021-11-01,411.179888313756,2021-11-01,113.309700952279,2021-11-05,9.9033,765.6637658180236,310.30999857330323,160.98952286895144,160.09317868840574
2021-11-08,2021-11-08,77.14399719238281,2021-11-08,31.5049991607666,2021-11-08,415.443972034972,2021-11-08,114.18700314205302,2021-11-08,9.9588,768.261639239502,313.75198564224246,161.62847733089347,161.72338013734694
2021-11-09,2021-11-09,76.88999938964844,2021-11-09,31.47699928283691,2021-11-08,415.443972034972,2021-11-08,114.18700314205302,2021-11-09,9.8995,761.1725489578247,311.606554400444,160.1661557041768,161.72338013734694
2021-11-10,2021-11-10,77.16999816894531,2021-11-10,31.731000900268555,2021-11-08,415.443972034972,2021-11-08,114.18700314205302,2021-11-10,9.9645,768.9604467544555,316.183558470726,161.8587877668598,161.72338013734694
2021-11-11,2021-11-11,77.25399780273438,2021-11-11,32.20000076293945,2021-11-08,415.443972034972,2021-11-08,114.18700314205302,2021-11-11,9.9648,769.8206373046876,320.8665676025391,162.2078710862839,161.72338013734694
2021-11-12,2021-11-12,77.72200012207031,2021-11-12,32.30400085449219,2021-11-08,415.443972034972,2021-11-08,114.18700314205302,2021-11-12,10.0085,777.8806382217407,323.31459255218505,163.8708099106294,161.72338013734694
2021-11-15,2021-11-15,78.08000183105469,2021-11-15,32.35499954223633,2021-11-15,430.1514082806269,2021-11-15,119.738260256971,2021-11-15,10.007,781.3465783233643,323.77648041915893,164.56297316382958,167.60080106175863
2021-11-16,2021-11-16,78.76599884033203,2021-11-16,32.5629997253418,2021-11-15,430.1514082806269,2021-11-15,119.738260256971,2021-11-16,10.0293,789.9678321693419,326.58409314537045,166.34904948085492,167.60080106175863
2021-11-17,2021-11-17,78.6760025024414,2021-11-17,32.50899887084961,2021-11-15,430.1514082806269,2021-11-15,119.738260256971,2021-11-17,10.0303,789.1439079002381,326.07501137428284,166.16901203807836,167.60080106175863
2021-11-18,2021-11-18,78.38600158691406,2021-11-18,32.029998779296875,2021-11-15,430.1514082806269,2021-11-15,119.738260256971,2021-11-18,10.0555,788.2104389572144,322.07765272521976,165.8322839298679,167.60080106175863
2021-11-19,2021-11-19,78.69599914550781,2021-11-19,32.150001525878906,2021-11-15,430.1514082806269,2021-11-15,119.738260256971,2021-11-19,10.096,794.5148073730469,324.58641540527344,167.15605276979906,167.60080106175863
2021-11-22,2021-11-22,79.11799621582031,2021-11-22,32.08300018310547,2021-11-22,433.66509176055104,2021-11-22,118.518458703435,2021-11-22,10.128,801.3070656738281,324.9366258544922,168.49095812884073,168.74823719461813
2021-11-23,2021-11-23,78.0719985961914,2021-11-23,31.84199905395508,2021-11-22,433.66509176055104,2021-11-22,118.518458703435,2021-11-23,10.133,791.1035617752075,322.65497641372684,166.41749580593654,168.74823719461813
2021-11-24,2021-11-24,78.75399780273438,2021-11-24,32.0369987487793,2021-11-22,433.66509176055104,2021-11-22,118.518458703435,2021-11-24,10.1905,802.5426146087647,326.47303574943544,168.79094066392796,168.74823719461813
2021-11-25,2021-11-25,78.96800231933594,2021-11-25,32.09700012207031,2021-11-22,433.66509176055104,2021-11-22,118.518458703435,2021-11-25,10.176,803.5783916015625,326.6190732421875,168.99810048677486,168.74823719461813
2021-11-26,2021-11-26,76.2979965209961,2021-11-26,30.569000244140625,2021-11-22,433.66509176055104,2021-11-22,118.518458703435,2021-11-26,10.26,782.8174443054199,313.6379425048828,164.455625523361,168.74823719461813
2021-11-29,2021-11-29,77.22000122070312,2021-11-29,30.91699981689453,2021-11-29,423.10361185543695,2021-11-29,115.047523467307,2021-11-29,10.2903,794.6169785614014,318.1452032157898,166.92594369759374,164.57960491688303
2021-11-30,2021-11-30,76.19599914550781,2021-11-30,30.81100082397461,2021-11-29,423.10361185543695,2021-11-29,115.047523467307,2021-11-30,10.286,783.7520472106934,316.9219544754028,164.76488910378063,164.57960491688303
2021-12-01,2021-12-01,76.9739990234375,2021-12-01,31.441999435424805,2021-11-29,423.10361185543695,2021-11-29,115.047523467307,2021-12-01,10.226,787.1361140136719,321.52588622665405,165.6018788657551,164.57960491688303
2021-12-02,2021-12-02,75.70999908447266,2021-12-02,31.323999404907227,2021-11-29,423.10361185543695,2021-11-29,115.047523467307,2021-12-02,10.2658,777.2237086013795,321.56591309089663,163.67514929906724,164.57960491688303
2021-12-03,2021-12-03,75.41600036621094,2021-12-03,30.915000915527344,2021-11-29,423.10361185543695,2021-11-29,115.047523467307,2021-12-03,10.3185,778.1799997787476,318.9964369468689,163.76145696349369,164.57960491688303
2021-12-06,2021-12-06,76.29399871826172,2021-12-06,31.07200050354004,2021-12-06,436.630660347808,2021-12-06,117.85747189283,2021-12-06,10.2688,783.447814038086,319.07215877075197,164.78915576225026,169.75383810187327
2021-12-07,2021-12-07,78.33200073242188,2021-12-07,31.722999572753903,2021-12-06,436.630660347808,2021-12-06,117.85747189283,2021-12-07,10.2573,803.4748311126709,325.39232351760865,168.93034423695167,169.75383810187327
2021-12-08,2021-12-08,77.71600341796875,2021-12-08,31.684999465942383,2021-12-06,436.630660347808,2021-12-06,117.85747189283,2021-12-08,10.2513,796.6900658386231,324.81243502521517,167.5879826651529,169.75383810187327
2021-12-09,2021-12-09,77.95600128173828,2021-12-09,31.722999572753903,2021-12-06,436.630660347808,2021-12-06,117.85747189283,2021-12-09,10.257,799.5947051467896,325.3828066177368,168.17516505836977,169.75383810187327
2021-12-10,2021-12-10,77.53199768066406,2021-12-10,31.51499938964844,2021-12-06,436.630660347808,2021-12-06,117.85747189283,2021-12-10,10.2463,794.4161078353882,322.9121382461548,167.07187350726633,169.75383810187327
2021-12-13,2021-12-13,77.4219970703125,2021-12-13,31.149999618530273,2021-12-13,431.4380879144581,2021-12-13,116.82421953831698,2021-12-13,10.231,792.1044520263672,318.6956460971832,166.45853892633687,167.7722031821355
2021-12-14,2021-12-14,76.6760025024414,2021-12-14,31.038999557495117,2021-12-13,431.4380879144581,2021-12-13,116.82421953831698,2021-12-14,10.281,788.3059817276002,319.1119544506073,165.73577077138734,167.7722031821355
2021-12-15,2021-12-15,76.69599914550781,2021-12-15,30.731000900268555,2021-12-13,431.4380879144581,2021-12-13,116.82421953831698,2021-12-15,10.2565,786.632515235901,315.1925107336045,165.2581131318346,167.7722031821355
2021-12-16,2021-12-16,77.80799865722656,2021-12-16,31.094999313354492,2021-12-13,431.4380879144581,2021-12-13,116.82421953831698,2021-12-16,10.2465,797.259658241272,318.61491046428677,167.45825967967272,167.7722031821355
2021-12-17,2021-12-17,77.25399780273438,2021-12-17,30.95599937438965,2021-12-13,431.4380879144581,2021-12-13,116.82421953831698,2021-12-17,10.2753,793.8080036224364,318.08218037166597,166.7661260140547,167.7722031821355
2021-12-20,2021-12-20,75.46199798583984,2021-12-20,30.260000228881836,2021-12-20,434.327190080154,2021-12-20,115.32503787220398,2021-12-20,10.301,777.3340412521362,311.7082623577118,163.31403526617066,168.66564304316265
2021-12-21,2021-12-21,76.79000091552734,2021-12-21,30.878999710083008,2021-12-20,434.327190080154,2021-12-20,115.32503787220398,2021-12-21,10.3315,793.3558944587708,319.0263855047226,166.71482095943134,168.66564304316265
2021-12-22,2021-12-22,77.57599639892578,2021-12-22,30.95199966430664,2021-12-20,434.327190080154,2021-12-20,115.32503787220398,2021-12-22,10.2906,798.3035485427856,318.5146477455139,167.65743884513222,168.66564304316265
2021-12-23,2021-12-23,78.42400360107422,2021-12-23,31.19099998474121,2021-12-20,434.327190080154,2021-12-20,115.32503787220398,2021-12-23,10.3035,808.0417211036682,321.37646834278104,169.66289574572025,168.66564304316265
2021-12-24,2021-12-23,78.42400360107422,2021-12-23,31.19099998474121,2021-12-20,434.327190080154,2021-12-20,115.32503787220398,2021-12-24,10.33,810.1199571990967,322.20302984237674,170.09925880072694,168.66564304316265
2021-12-27,2021-12-27,78.87799835205078,2021-12-27,31.32200050354004,2021-12-27,441.3904873665869,2021-12-27,116.301083180129,2021-12-27,10.325,814.4153329849242,323.39965519905087,170.98128938625214,171.3178991718395
2021-12-28,2021-12-28,79.33599853515625,2021-12-28,31.277999877929688,2021-12-27,441.3904873665869,2021-12-27,116.301083180129,2021-12-28,10.2528,813.41612578125,320.68707714843754,170.68163564207657,171.3178991718395
2021-12-29,2021-12-29,78.95999908447266,2021-12-29,31.01099967956543,2021-12-27,441.3904873665869,2021-12-27,116.301083180129,2021-12-29,10.2608,810.192758605957,318.19766551208494,169.95797207543302,171.3178991718395
2021-12-30,2021-12-30,79.24600219726562,2021-12-30,31.125999450683594,2021-12-27,441.3904873665869,2021-12-27,116.301083180129,2021-12-30,10.2438,811.7801973083497,318.8485131729126,170.2920396976055,171.3178991718395
2021-12-31,2021-12-30,79.24600219726562,2021-12-30,31.125999450683594,2021-12-27,441.3904873665869,2021-12-27,116.301083180129,2021-12-31,10.2503,812.2952963226318,319.050832169342,170.40009513192032,171.3178991718395
2022-01-03,2022-01-03,79.08200073242188,2022-01-03,31.64299964904785,2022-01-03,443.46210673688,2022-01-03,117.321865128468,2022-01-03,10.2958,814.2124631408691,325.78999578666685,171.03459422120434,172.16984825696696
2022-01-04,2022-01-04,79.52999877929688,2022-01-04,31.54599952697754,2022-01-03,443.46210673688,2022-01-03,117.321865128468,2022-01-04,10.2808,817.6320114501953,324.3181119369507,171.6426827247874,172.16984825696696
2022-01-05,2022-01-05,79.26799774169922,2022-01-05,31.34000015258789,2022-01-03,443.46210673688,2022-01-03,117.321865128468,2022-01-05,10.2545,812.8536828422547,321.37603156471255,170.59896077564687,172.16984825696696
2022-01-06,2022-01-06,78.03199768066406,2022-01-06,31.15800094604492,2022-01-03,443.46210673688,2022-01-03,117.321865128468,2022-01-06,10.3265,805.7974240493774,321.75309676933284,169.24092450010082,172.16984825696696
2022-01-07,2022-01-07,77.51799774169922,2022-01-07,31.224000930786133,2022-01-03,443.46210673688,2022-01-03,117.321865128468,2022-01-07,10.2839,797.1873369758605,321.1045031721115,167.5408124234402,172.16984825696696
2022-01-10,2022-01-10,76.47599792480469,2022-01-10,31.243999481201172,2022-01-10,435.979069611915,2022-01-10,118.233008221678,2022-01-10,10.3038,787.9933874176025,321.9319218544007,165.7844045520169,169.5561100173261
2022-01-11,2022-01-11,77.45600128173828,2022-01-11,31.802000045776367,2022-01-10,435.979069611915,2022-01-10,118.233008221678,2022-01-11,10.3075,798.3777332115172,327.79911547183985,168.03220211510146,169.5561100173261
2022-01-12,2022-01-12,77.80999755859375,2022-01-12,32.104000091552734,2022-01-10,435.979069611915,2022-01-10,118.233008221678,2022-01-12,10.264,798.6418149414062,329.51545693969723,168.15018607957055,169.5561100173261
2022-01-13,2022-01-13,77.5719985961914,2022-01-13,31.90800094604492,2022-01-10,435.979069611915,2022-01-10,118.233008221678,2022-01-13,10.238,794.1821216278075,326.67411368560784,167.1723586135783,169.5561100173261
2022-01-14,2022-01-14,76.54000091552734,2022-01-14,31.753999710083008,2022-01-10,435.979069611915,2022-01-10,118.233008221678,2022-01-14,10.2684,785.943345401001,326.0627706230164,165.54592419002356,169.5561100173261
2022-01-17,2022-01-17,77.18800354003906,2022-01-17,31.80699920654297,2022-01-17,427.274489389034,2022-01-17,118.065804132303,2022-01-17,10.305,795.4223764801026,327.7711268234253,167.45620352999458,166.3919766304321
2022-01-18,2022-01-18,76.28199768066406,2022-01-18,31.57900047302246,2022-01-17,427.274489389034,2022-01-17,118.065804132303,2022-01-18,10.3185,787.1157930679321,325.8479163808823,165.76566459659034,166.3919766304321
2022-01-19,2022-01-19,75.95800018310547,2022-01-19,31.655000686645508,2022-01-17,427.274489389034,2022-01-17,118.065804132303,2022-01-19,10.3428,785.6184042938232,327.40134110183715,165.53466282379986,166.3919766304321
2022-01-20,2022-01-20,76.56999969482422,2022-01-20,32.26100158691406,2022-01-17,427.274489389034,2022-01-17,118.065804132303,2022-01-20,10.3708,794.092152835083,334.57239525756836,167.46139058532668,166.3919766304321
2022-01-21,2022-01-21,74.80000305175781,2022-01-21,31.613000869750977,2022-01-17,427.274489389034,2022-01-17,118.065804132303,2022-01-21,10.414,778.9672317810058,329.2177910575867,164.31129170930922,166.3919766304321
2022-01-24,2022-01-24,71.69400024414062,2022-01-24,30.511999130249023,2022-01-24,414.892742953943,2022-01-24,117.425662875938,2022-01-24,10.5038,753.0594397644043,320.4919364643097,158.9327372833747,161.85062210739966
2022-01-25,2022-01-25,72.43599700927734,2022-01-25,30.724000930786133,2022-01-24,414.892742953943,2022-01-24,117.425662875938,2022-01-25,10.502,760.7228405914307,322.663457775116,160.5077934215494,161.85062210739966
2022-01-26,2022-01-26,73.9800033569336,2022-01-26,30.957000732421875,2022-01-24,414.892742953943,2022-01-24,117.425662875938,2022-01-26,10.4493,773.0392490776061,323.4789877532959,162.9353835573753,161.85062210739966
2022-01-27,2022-01-27,74.49800109863281,2022-01-27,30.97100067138672,2022-01-24,414.892742953943,2022-01-24,117.425662875938,2022-01-27,10.445,778.1316214752197,323.4921020126343,163.9265234358987,161.85062210739966
2022-01-28,2022-01-28,73.63999938964844,2022-01-28,30.604000091552734,2022-01-24,414.892742953943,2022-01-24,117.425662875938,2022-01-28,10.552,777.0492735595703,322.93340896606446,163.69428882393083,161.85062210739966
2022-01-31,2022-01-31,74.93399810791016,2022-01-31,31.322999954223633,2022-01-31,430.32535164650005,2022-01-31,117.381449915914,2022-01-31,10.489,785.9827061538697,328.5469465198517,165.64999246613928,167.4260606861816
2022-02-01,2022-02-01,75.61399841308594,2022-02-01,31.60300064086914,2022-01-31,430.32535164650005,2022-01-31,117.381449915914,2022-02-01,10.4438,789.6974766265869,330.0554180931091,166.4311793759854,167.4260606861816
2022-02-02,2022-02-02,75.8280029296875,2022-02-02,31.344999313354492,2022-01-31,430.32535164650005,2022-01-31,117.381449915914,2022-02-02,10.385,787.4738104248047,325.5178178691864,165.82249935029617,167.4260606861816
2022-02-03,2022-02-03,74.44400024414062,2022-02-03,30.867000579833984,2022-01-31,430.32535164650005,2022-01-31,117.381449915914,2022-02-03,10.387,773.2498305358887,320.6155350227356,162.86521730834826,167.4260606861816
2022-02-04,2022-02-04,73.75199890136719,2022-02-04,30.809999465942383,2022-01-31,430.32535164650005,2022-01-31,117.381449915914,2022-02-04,10.4465,770.4502565231323,321.8566594209671,162.3687780120732,167.4260606861816
2022-02-07,2022-02-07,74.14800262451172,2022-02-07,30.83099937438965,2022-02-07,423.29499569178193,2022-02-07,116.68049679563698,2022-02-07,10.4483,774.7205758216858,322.13153076343536,163.21016085316265,164.8134519726854
2022-02-08,2022-02-08,74.46600341796875,2022-02-08,31.117000579833984,2022-02-07,423.29499569178193,2022-02-07,116.68049679563698,2022-02-08,10.4433,777.6708134948731,324.96417215538025,163.89401272174413,164.8134519726854
2022-02-09,2022-02-09,75.52400207519531,2022-02-09,31.548999786376953,2022-02-07,423.29499569178193,2022-02-07,116.68049679563698,2022-02-09,10.4075,786.0160515975953,328.34621527671817,165.64868881431053,164.8134519726854
2022-02-10,2022-02-10,75.09400177001953,2022-02-10,31.545000076293945,2022-02-07,423.29499569178193,2022-02-07,116.68049679563698,2022-02-10,10.5275,790.5521036338806,332.0899883031845,166.6763939890594,164.8134519726854
2022-02-11,2022-02-11,74.54399871826172,2022-02-11,31.46299934387207,2022-02-07,423.29499569178193,2022-02-07,116.68049679563698,2022-02-11,10.553,786.662818473816,332.02903207588196,165.91743668130584,164.8134519726854
2022-02-14,2022-02-14,73.88200378417969,2022-02-14,31.08300018310547,2022-02-14,425.8353126108741,2022-02-14,119.24013026626102,2022-02-14,10.6158,784.3165757720948,329.97091334381105,165.38114071484506,165.99002503631417
2022-02-15,2022-02-15,74.48600006103516,2022-02-15,31.44499969482422,2022-02-14,425.8353126108741,2022-02-14,119.24013026626102,2022-02-15,10.5739,787.6075160453796,332.4962822731018,166.1193449409828,165.99002503631417
2022-02-16,2022-02-16,74.15399932861328,2022-02-16,31.593000411987305,2022-02-14,425.8353126108741,2022-02-14,119.24013026626102,2022-02-16,10.5363,781.3087831260682,332.8733302408219,164.90867124646735,165.99002503631417
2022-02-17,2022-02-17,73.8219985961914,2022-02-17,31.597999572753903,2022-02-14,425.8353126108741,2022-02-14,119.24013026626102,2022-02-17,10.593,781.9964311294556,334.7176094741821,165.11401782102234,165.99002503631417
2022-02-18,2022-02-18,72.96399688720703,2022-02-18,31.200000762939453,2022-02-14,425.8353126108741,2022-02-14,119.24013026626102,2022-02-18,10.5796,771.9299014678954,330.08352807159423,162.97590308018727,165.99002503631417
2022-02-21,2022-02-21,72.13800048828125,2022-02-21,30.961999893188477,2022-02-21,412.61797532706703,2022-02-21,117.07241121246498,2022-02-21,10.6535,768.5221882019042,329.8536658620834,162.3040717870392,160.99252733853314
2022-02-22,2022-02-22,72.25800323486328,2022-02-22,30.722000122070312,2022-02-21,412.61797532706703,2022-02-21,117.07241121246498,2022-02-22,10.5996,765.9059310882569,325.6409124938965,161.63162751672965,160.99252733853314
2022-02-23,2022-02-23,71.89399719238281,2022-02-23,30.68000030517578,2022-02-21,412.61797532706703,2022-02-21,117.07241121246498,2022-02-23,10.5658,759.6175955352783,324.15874722442624,160.3508200269529,160.99252733853314
2022-02-24,2022-02-24,70.89800262451172,2022-02-24,29.60300064086914,2022-02-21,412.61797532706703,2022-02-21,117.07241121246498,2022-02-24,10.7338,761.0049805709839,317.7526882789612,160.37209086369936,160.99252733853314
2022-02-25,2022-02-25,73.2040023803711,2022-02-25,30.309999465942383,2022-02-21,412.61797532706703,2022-02-21,117.07241121246498,2022-02-25,10.5848,774.8497243957519,320.8252823471069,163.1845886731096,160.99252733853314
2022-02-28,2022-02-28,73.6520004272461,2022-02-28,30.180999755859375,2022-02-28,421.487955707191,2022-02-28,116.693255064205,2022-02-28,10.6055,781.1162905311584,320.08459291076656,164.3748918947288,164.16137532763167
2022-03-01,2022-03-01,73.0739974975586,2022-03-01,30.364999771118164,2022-02-28,421.487955707191,2022-02-28,116.693255064205,2022-03-01,10.6893,781.109881450653,324.5805920534134,164.54813570217735,164.16137532763167
2022-03-02,2022-03-02,74.16400146484375,2022-03-02,30.268999099731445,2022-02-28,421.487955707191,2022-02-28,116.693255064205,2022-03-02,10.788,800.0812478027344,326.54196228790283,168.31480037166855,164.16137532763167
2022-03-03,2022-03-03,73.68399810791016,2022-03-03,30.04400062561035,2022-02-28,421.487955707191,2022-02-28,116.693255064205,2022-03-03,10.7688,793.4882388244629,323.5378339370728,166.91565638367823,164.16137532763167
2022-03-04,2022-03-04,72.93399810791016,2022-03-04,29.64800071716309,2022-02-28,421.487955707191,2022-02-28,116.693255064205,2022-03-04,10.7935,787.2131085777282,320.0056957406998,165.55785791386032,164.16137532763167
2022-03-07,2022-03-07,72.5999984741211,2022-03-07,29.152999877929688,2022-03-07,418.690645732102,2022-03-07,111.401564135176,2022-03-07,10.8573,788.239963433075,316.522865574646,165.6224450497532,162.61641482878028
2022-03-08,2022-03-08,71.1719970703125,2022-03-08,28.690000534057617,2022-03-07,418.690645732102,2022-03-07,111.401564135176,2022-03-08,10.8803,774.3726797241211,312.1558128107071,162.75532431701515,162.61641482878028
2022-03-09,2022-03-09,72.1780014038086,2022-03-09,29.04599952697754,2022-03-07,418.690645732102,2022-03-07,111.401564135176,2022-03-09,10.734,774.7586670684815,311.7797589225769,162.81581659981228,162.61641482878028
2022-03-10,2022-03-10,71.56999969482422,2022-03-10,28.63999938964844,2022-03-07,418.690645732102,2022-03-07,111.401564135176,2022-03-10,10.7073,766.3214577323913,306.65706546478276,160.97569416159928,162.61641482878028
2022-03-11,2022-03-11,72.4540023803711,2022-03-11,28.60099983215332,2022-03-07,418.690645732102,2022-03-07,111.401564135176,2022-03-11,10.646,771.3453093414307,304.48624421310427,161.86874558160812,162.61641482878028
2022-03-14,2022-03-14,71.62200164794922,2022-03-14,27.886999130249023,2022-03-14,414.2560469425961,2022-03-14,102.394574539759,2022-03-14,10.5368,754.6667069641113,293.8397324356079,158.2110255671975,160.10486162401517
2022-03-15,2022-03-15,72.3759994506836,2022-03-15,27.732999801635746,2022-03-14,414.2560469425961,2022-03-14,102.394574539759,2022-03-15,10.526,761.8297702178955,291.91755591201786,159.529872696364,160.10486162401517
2022-03-16,2022-03-16,73.78600311279297,2022-03-16,29.26300048828125,2022-03-14,414.2560469425961,2022-03-14,102.394574539759,2022-03-16,10.4205,768.8870454368591,304.9350965881348,161.40795389777745,160.10486162401517
2022-03-17,2022-03-17,74.01000213623047,2022-03-17,29.201000213623047,2022-03-14,414.2560469425961,2022-03-14,102.394574539759,2022-03-17,10.4503,773.4267253242493,305.15921253242493,162.29976624692327,160.10486162401517
2022-03-18,2022-03-18,75.21199798583984,2022-03-18,29.85700035095215,2022-03-14,414.2560469425961,2022-03-14,102.394574539759,2022-03-18,10.4303,784.4837025917054,311.4174707605362,164.69358964897958,160.10486162401517
2022-03-21,2022-03-21,75.58000183105469,2022-03-21,29.41200065612793,2022-03-21,430.807029786622,2022-03-21,110.936306608895,2022-03-21,10.4088,786.697123059082,306.14363242950435,164.91949275466914,166.9503684586977
2022-03-22,2022-03-22,76.54199981689453,2022-03-22,30.069000244140625,2022-03-21,430.807029786622,2022-03-21,110.936306608895,2022-03-22,10.3822,794.6743504989623,312.18237433471677,166.70568587117762,166.9503684586977
2022-03-23,2022-03-23,76.29000091552734,2022-03-23,30.10199928283691,2022-03-21,430.807029786622,2022-03-21,110.936306608895,2022-03-23,10.4005,793.4541545219421,313.0758435411453,166.5029940517077,166.9503684586977
2022-03-24,2022-03-24,76.30799865722656,2022-03-24,30.09199905395508,2022-03-21,430.807029786622,2022-03-21,110.936306608895,2022-03-24,10.3555,790.2074800949096,311.61769620323184,165.81482003507418,166.9503684586977
2022-03-25,2022-03-25,76.7239990234375,2022-03-25,29.86400032043457,2022-03-21,430.807029786622,2022-03-21,110.936306608895,2022-03-25,10.3505,794.1317518920898,309.107335316658,166.4807900682526,166.9503684586977
2022-03-28,2022-03-28,76.90799713134766,2022-03-28,29.885000228881836,2022-03-28,435.097167742898,2022-03-28,110.4028770826,2022-03-28,10.4225,801.5736001014709,311.4764148855209,168.02041433980673,168.4477490810424
2022-03-29,2022-03-29,77.50199890136719,2022-03-29,30.125999450683594,2022-03-28,435.097167742898,2022-03-28,110.4028770826,2022-03-29,10.329,800.5181466522217,311.17144832611086,167.80325874338226,168.4477490810424
2022-03-30,2022-03-30,77.1780014038086,2022-03-30,30.143999099731445,2022-03-28,435.097167742898,2022-03-28,110.4028770826,2022-03-30,10.3498,798.7768789291382,311.9843618824005,167.4960752589458,168.4477490810424
2022-03-31,2022-03-31,77.0979995727539,2022-03-31,29.92099952697754,2022-03-28,435.097167742898,2022-03-28,110.4028770826,2022-03-31,10.337,796.9620215835571,309.2933721103668,167.03858906239594,168.4477490810424
2022-04-01,2022-04-01,76.70600128173828,2022-04-01,30.29599952697754,2022-03-28,435.097167742898,2022-03-28,110.4028770826,2022-04-01,10.332,792.52640524292,313.01826711273196,166.32028229912225,168.4477490810424
2022-04-04,2022-04-04,77.6760025024414,2022-04-04,31.0,2022-04-04,431.1652087633301,2022-04-04,114.24126923138198,2022-04-04,10.3849,806.6575183876038,321.9319,169.41518001671034,167.41310604838512
2022-04-05,2022-04-05,77.88999938964844,2022-04-05,30.775999069213867,2022-04-04,431.1652087633301,2022-04-04,114.24126923138198,2022-04-05,10.2593,799.0968707382202,315.74020725078583,167.70408907340328,167.41310604838512
2022-04-06,2022-04-06,76.43599700927734,2022-04-06,30.333999633789062,2022-04-04,431.1652087633301,2022-04-04,114.24126923138198,2022-04-06,10.2855,786.1824472389221,312.0003532333374,165.04667213067404,167.41310604838512
2022-04-07,2022-04-07,76.34200286865234,2022-04-07,30.03499984741211,2022-04-04,431.1652087633301,2022-04-04,114.24126923138198,2022-04-07,10.313,787.3150755844117,309.7509534263611,165.1797052933056,167.41310604838512
2022-04-08,2022-04-08,77.22799682617188,2022-04-08,30.31399917602539,2022-04-04,431.1652087633301,2022-04-04,114.24126923138198,2022-04-08,10.2768,793.6566777832031,311.5309067321777,166.4824320764179,167.41310604838512
2022-04-11,2022-04-11,76.22599792480469,2022-04-11,29.950000762939453,2022-04-11,421.7830121037281,2022-04-11,109.567095127502,2022-04-11,10.3128,786.1034713989258,308.86836786804196,164.90975583206634,163.54954165947444
2022-04-12,2022-04-12,76.51200103759766,2022-04-12,30.1200008392334,2022-04-11,421.7830121037281,2022-04-11,109.567095127502,2022-04-12,10.332,790.521994720459,311.1998486709595,165.85978654627388,163.54954165947444
2022-04-13,2022-04-13,76.23999786376953,2022-04-13,30.208999633789062,2022-04-11,421.7830121037281,2022-04-11,109.567095127502,2022-04-13,10.3323,787.734529927826,312.12844691619875,165.35357368507943,163.54954165947444
2022-04-14,2022-04-14,76.6719970703125,2022-04-14,30.117000579833984,2022-04-11,421.7830121037281,2022-04-11,109.567095127502,2022-04-14,10.3008,789.782907421875,310.22919957275394,165.6783391188147,163.54954165947444
2022-04-15,2022-04-14,76.6719970703125,2022-04-14,30.117000579833984,2022-04-11,421.7830121037281,2022-04-11,109.567095127502,2022-04-14,10.3008,789.782907421875,310.22919957275394,165.6783391188147,163.54954165947444
2022-04-18,2022-04-14,76.6719970703125,2022-04-14,30.117000579833984,2022-04-18,429.750497830708,2022-04-18,109.415007397044,2022-04-14,10.3008,789.782907421875,310.22919957275394,165.6783391188147,166.41497369308124
2022-04-19,2022-04-19,76.74400329589844,2022-04-19,29.733999252319336,2022-04-18,429.750497830708,2022-04-18,109.415007397044,2022-04-19,10.3408,793.5943892822265,307.47333946838376,166.31283999497043,166.41497369308124
2022-04-20,2022-04-20,76.91999816894531,2022-04-20,29.56599998474121,2022-04-18,429.750497830708,2022-04-18,109.415007397044,2022-04-20,10.23,786.8915812683106,302.4601798439026,164.81436566282045,166.41497369308124
2022-04-21,2022-04-21,76.86599731445312,2022-04-21,29.20800018310547,2022-04-18,429.750497830708,2022-04-18,109.415007397044,2022-04-21,10.2553,788.2838622589111,299.53680427780154,164.9717525243219,166.41497369308124
2022-04-22,2022-04-22,75.04000091552734,2022-04-22,29.106000900268555,2022-04-18,429.750497830708,2022-04-18,109.415007397044,2022-04-22,10.278,771.2611294097901,299.1514772529602,161.64532654703382,166.41497369308124
2022-04-25,2022-04-25,73.9260025024414,2022-04-25,28.63599967956543,2022-04-25,415.02609771233,2022-04-25,107.829141774284,2022-04-25,10.3476,764.9567034942627,296.3138702842712,160.3087840122581,160.93124136951823
2022-04-26,2022-04-26,73.71199798583984,2022-04-26,28.45599937438965,2022-04-25,415.02609771233,2022-04-25,107.829141774284,2022-04-26,10.3935,766.1256510658263,295.7574294977188,160.51458649856139,160.93124136951823
2022-04-27,2022-04-27,74.49199676513672,2022-04-27,28.868999481201172,2022-04-25,415.02609771233,2022-04-25,107.829141774284,2022-04-27,10.4035,774.9774883460998,300.3386361026764,162.41435225653,160.93124136951823
2022-04-28,2022-04-28,74.8740005493164,2022-04-28,29.097000122070312,2022-04-25,415.02609771233,2022-04-25,107.829141774284,2022-04-28,10.3594,775.6497212905884,301.4274630645752,162.58738085810037,160.93124136951823
2022-04-29,2022-04-29,75.08999633789062,2022-04-29,29.81399917602539,2022-04-25,415.02609771233,2022-04-25,107.829141774284,2022-04-29,10.2958,773.1115842956543,306.9589727165222,162.30831017257194,160.93124136951823
2022-05-02,2022-05-02,73.5,2022-05-02,29.340999603271484,2022-05-02,417.37109420518107,2022-05-02,110.14403811870498,2022-05-02,10.4035,764.65725,305.24908937263484,160.59730818528772,162.01251700220737
2022-05-03,2022-05-03,74.45800018310547,2022-05-03,29.56800079345703,2022-05-02,417.37109420518107,2022-05-02,110.14403811870498,2022-05-03,10.3978,774.1993943038941,307.44215865020755,162.53867689257916,162.01251700220737
2022-05-04,2022-05-04,73.5199966430664,2022-05-04,29.128000259399418,2022-05-02,417.37109420518107,2022-05-02,110.14403811870498,2022-05-04,10.3968,764.3727010986329,302.83799309692387,160.44837912884782,162.01251700220737
2022-05-05,2022-05-05,73.9260025024414,2022-05-05,28.82900047302246,2022-05-02,417.37109420518107,2022-05-02,110.14403811870498,2022-05-05,10.3748,766.9674907623291,299.09511410751344,160.80788768400816,162.01251700220737
2022-05-06,2022-05-06,72.64800262451172,2022-05-06,28.43000030517578,2022-05-02,417.37109420518107,2022-05-02,110.14403811870498,2022-05-06,10.4686,760.5228802749634,297.62230119476317,159.49704263865564,162.01251700220737
2022-05-09,2022-05-09,70.81999969482422,2022-05-09,27.711000442504883,2022-05-09,405.5090209583339,2022-05-09,105.731420736625,2022-05-09,10.5818,749.4030727706909,293.2322644824982,157.1635027580097,157.278687399033
2022-05-10,2022-05-10,70.30799865722656,2022-05-10,27.56999969482422,2022-05-09,405.5090209583339,2022-05-09,105.731420736625,2022-05-10,10.6075,745.7920957565308,292.4487717628479,156.43064359531166,157.278687399033
2022-05-11,2022-05-11,71.2040023803711,2022-05-11,27.930999755859375,2022-05-09,405.5090209583339,2022-05-09,105.731420736625,2022-05-11,10.526,749.4933290557861,294.0017034301758,157.21092259237247,157.278687399033
2022-05-12,2022-05-12,70.58000183105469,2022-05-12,27.76099967956543,2022-05-09,405.5090209583339,2022-05-09,105.731420736625,2022-05-12,10.5648,745.6636033447265,293.28940941467283,156.43827297791805,157.278687399033
2022-05-13,2022-05-13,72.31199645996094,2022-05-13,28.325000762939453,2022-05-09,405.5090209583339,2022-05-09,105.731420736625,2022-05-13,10.4905,758.5889988632202,297.14342050361637,159.10225479039562,157.278687399033
2022-05-16,2022-05-16,71.9260025024414,2022-05-16,28.347999572753903,2022-05-16,409.177910692911,2022-05-16,105.97630458654798,2022-05-16,10.4978,755.0647890701293,297.5916299148559,158.43407724834725,158.62992190761707
2022-05-17,2022-05-17,72.3759994506836,2022-05-17,28.604000091552734,2022-05-16,409.177910692911,2022-05-16,105.97630458654798,2022-05-17,10.4393,755.5547710655212,298.60573815574645,158.56875230597896,158.62992190761707
2022-05-18,2022-05-18,71.34200286865234,2022-05-18,28.363000869750977,2022-05-16,409.177910692911,2022-05-16,105.97630458654798,2022-05-18,10.4675,746.7724150276183,296.8897116041183,156.79370107588088,158.62992190761707
2022-05-19,2022-05-19,70.02200317382812,2022-05-19,28.299999237060547,2022-05-16,409.177910692911,2022-05-16,105.97630458654798,2022-05-19,10.5098,735.9172489562989,297.42733198165894,154.7028858092158,158.62992190761707
2022-05-20,2022-05-20,69.76399993896484,2022-05-20,28.43000030517578,2022-05-16,409.177910692911,2022-05-16,105.97630458654798,2022-05-20,10.4915,731.9290053596496,298.27334820175173,153.95987766219145,158.62992190761707
2022-05-23,2022-05-23,70.59400177001953,2022-05-23,28.433000564575195,2022-05-23,395.667311033438,2022-05-23,104.049438738751,2022-05-23,10.4918,740.6581477706909,298.31335532341,155.65953049070933,153.55067542409202
2022-05-24,2022-05-24,68.96600341796875,2022-05-24,27.573999404907227,2022-05-23,395.667311033438,2022-05-23,104.049438738751,2022-05-24,10.5013,724.2326916931153,289.5628399507523,152.12463958862196,153.55067542409202
2022-05-25,2022-05-25,70.2040023803711,2022-05-25,27.881000518798828,2022-05-23,395.667311033438,2022-05-23,104.049438738751,2022-05-25,10.5419,740.083572693634,293.91871936912537,155.37720042379874,153.55067542409202
2022-05-26,2022-05-26,71.31199645996094,2022-05-26,28.23200035095215,2022-05-23,395.667311033438,2022-05-23,104.049438738751,2022-05-26,10.5983,755.785932081604,299.21120931949616,158.63721904081393,153.55067542409202
2022-05-27,2022-05-27,72.6760025024414,2022-05-27,28.69700050354004,2022-05-23,395.667311033438,2022-05-23,104.049438738751,2022-05-27,10.5293,765.2274331489563,302.1593274019241,160.58831297540434,153.55067542409202
2022-05-30,2022-05-30,73.16999816894531,2022-05-30,29.041000366210938,2022-05-30,412.08149226248497,2022-05-30,110.421729774341,2022-05-30,10.518,769.6020407409668,305.45324185180664,161.5671528943966,160.1279793234091
2022-05-31,2022-05-31,72.49199676513672,2022-05-31,29.21299934387207,2022-05-30,412.08149226248497,2022-05-30,110.421729774341,2022-05-31,10.5053,761.5501736167907,306.89132200717927,160.05661683266513,160.1279793234091
2022-06-01,2022-06-01,72.38200378417969,2022-06-01,29.117000579833984,2022-05-30,412.08149226248497,2022-05-30,110.421729774341,2022-06-01,10.4758,758.2593952423096,305.0238746742248,159.34397816318153,160.1279793234091
2022-06-02,2022-06-02,72.51000213623047,2022-06-02,29.253999710083008,2022-05-30,412.08149226248497,2022-05-30,110.421729774341,2022-06-02,10.4705,759.2159773674011,306.3040039644241,159.5797463443653,160.1279793234091
2022-06-03,2022-06-03,72.33000183105469,2022-06-03,28.92799949645996,2022-05-30,412.08149226248497,2022-05-30,110.421729774341,2022-06-03,10.4589,756.4922561508179,302.5550539335251,158.90439713062133,160.1279793234091
2022-06-06,2022-06-06,72.99199676513672,2022-06-06,29.29199981689453,2022-06-06,414.08339671022105,2022-06-06,108.43717013119,2022-06-06,10.452,762.912350189209,306.1599820861816,160.29322073217966,160.6516995872978
2022-06-07,2022-06-07,72.83000183105469,2022-06-07,29.090999603271484,2022-06-06,414.08339671022105,2022-06-06,108.43717013119,2022-06-07,10.5039,764.9990562332154,305.56895073280333,160.67621441790237,160.6516995872978
2022-06-08,2022-06-08,72.87200164794922,2022-06-08,29.339000701904297,2022-06-06,414.08339671022105,2022-06-06,108.43717013119,2022-06-08,10.4938,764.7042108932495,307.8776055656433,160.70845680849493,160.6516995872978
2022-06-09,2022-06-09,72.2040023803711,2022-06-09,29.05299949645996,2022-06-06,414.08339671022105,2022-06-06,108.43717013119,2022-06-09,10.5045,758.4669430046082,305.18723321056365,159.39069288242607,160.6516995872978
2022-06-10,2022-06-10,69.97000122070312,2022-06-10,28.81100082397461,2022-06-06,414.08339671022105,2022-06-06,108.43717013119,2022-06-10,10.5255,736.4692478485107,303.25018917274474,155.03625361642906,160.6516995872978
2022-06-13,2022-06-13,68.37200164794922,2022-06-13,28.118999481201172,2022-06-13,389.001668273534,2022-06-13,108.597191347849,2022-06-13,10.616,725.8371694946289,298.51129849243165,152.78405372011116,151.59915040844675
2022-06-14,2022-06-14,67.78800201416016,2022-06-14,28.450000762939453,2022-06-13,389.001668273534,2022-06-13,108.597191347849,2022-06-14,10.622,720.0441573944091,302.1959081039429,151.80012615493484,151.59915040844675
2022-06-15,2022-06-15,68.27999877929688,2022-06-15,28.60700035095215,2022-06-13,389.001668273534,2022-06-13,108.597191347849,2022-06-15,10.6278,725.6661710266113,304.02947832984927,152.96495060245798,151.59915040844675
2022-06-16,2022-06-16,66.19000244140625,2022-06-16,27.63400077819824,2022-06-13,389.001668273534,2022-06-13,108.597191347849,2022-06-16,10.6942,707.8491241088867,295.5235311222076,149.16884207142246,151.59915040844675
2022-06-17,2022-06-17,66.2239990234375,2022-06-17,27.844999313354492,2022-06-13,389.001668273534,2022-06-13,108.597191347849,2022-06-17,10.6748,706.9279447753905,297.23979867019654,149.05625160706316,151.59915040844675
2022-06-20,2022-06-20,66.62999725341797,2022-06-20,27.79400062561035,2022-06-20,386.050798606972,2022-06-20,107.177815431515,2022-06-20,10.6375,708.7765957832336,295.6586816549301,149.35451048665337,150.3891054889773
2022-06-21,2022-06-21,67.3280029296875,2022-06-21,28.07799911499023,2022-06-20,386.050798606972,2022-06-20,107.177815431515,2022-06-21,10.646,716.7739191894532,298.91837857818604,151.03675765414945,150.3891054889773
2022-06-22,2022-06-22,67.2959976196289,2022-06-22,27.54700088500977,2022-06-20,386.050798606972,2022-06-20,107.177815431515,2022-06-22,10.6688,717.9675394042969,293.8934430419922,151.0739366365812,150.3891054889773
2022-06-23,2022-06-23,67.32599639892578,2022-06-23,27.65800094604492,2022-06-20,386.050798606972,2022-06-20,107.177815431515,2022-06-23,10.705,720.7247914505004,296.07890012741086,151.69512922155417,150.3891054889773
2022-06-24,2022-06-24,69.0979995727539,2022-06-24,28.117000579833984,2022-06-20,386.050798606972,2022-06-20,107.177815431515,2022-06-24,10.694,738.9340074310303,300.6832042007446,155.41610379105813,150.3891054889773
2022-06-27,2022-06-27,69.25,2022-06-27,28.163999557495117,2022-06-27,395.08054802173206,2022-06-27,109.623789428041,2022-06-27,10.6713,738.987525,300.54648847789764,155.42120872363614,153.9005724012637
2022-06-28,2022-06-28,69.18800354003906,2022-06-28,28.29199981689453,2022-06-27,395.08054802173206,2022-06-27,109.623789428041,2022-06-28,10.6543,737.1497461166381,301.43145364913937,155.0980470381388,153.9005724012637
2022-06-29,2022-06-29,68.71199798583984,2022-06-29,28.14900016784668,2022-06-27,395.08054802173206,2022-06-27,109.623789428041,2022-06-29,10.6848,734.1739560791015,300.7664369934082,154.49335033705913,153.9005724012637
2022-06-30,2022-06-30,67.88600158691406,2022-06-30,27.88400077819824,2022-06-27,395.08054802173206,2022-06-27,109.623789428041,2022-06-30,10.73,728.4167970275879,299.1953283500671,153.31242192423804,153.9005724012637
2022-07-01,2022-07-01,68.31999969482422,2022-07-01,27.910999298095703,2022-06-27,395.08054802173206,2022-06-27,109.623789428041,2022-07-01,10.7783,736.3734527107239,300.8331237346649,154.92381159930326,153.9005724012637
2022-07-04,2022-07-04,68.64399719238281,2022-07-04,27.834999084472656,2022-07-04,406.352743887728,2022-07-04,110.054919131816,2022-07-04,10.7658,739.0075449737549,299.6660331436157,155.39093261642205,158.01967769179132
2022-07-05,2022-07-05,68.46399688720703,2022-07-05,27.80299949645996,2022-07-04,406.352743887728,2022-07-04,110.054919131816,2022-07-05,10.8031,739.6234047721863,300.35858386020664,155.53761526392657,158.01967769179132
2022-07-06,2022-07-06,69.91600036621094,2022-07-06,28.042999267578125,2022-07-04,406.352743887728,2022-07-04,110.054919131816,2022-07-06,10.745,751.2474239349365,301.3220271301269,157.8362538555692,158.01967769179132
2022-07-07,2022-07-07,71.30400085449219,2022-07-07,28.868999481201172,2022-07-04,406.352743887728,2022-07-04,110.054919131816,2022-07-07,10.723,764.5928011627198,309.5622814369202,160.7521666079671,158.01967769179132
2022-07-08,2022-07-08,71.62999725341797,2022-07-08,28.812000274658203,2022-07-04,406.352743887728,2022-07-04,110.054919131816,2022-07-08,10.6665,764.0413657035828,307.3232009296417,160.55799546042246,158.01967769179132
2022-07-11,2022-07-11,71.38400268554688,2022-07-11,28.33799934387207,2022-07-11,407.080433570596,2022-07-11,107.680965102125,2022-07-11,10.6943,763.4019399200439,303.0550663831711,160.2679593801285,158.04342423176342
2022-07-12,2022-07-12,71.54399871826172,2022-07-12,28.312999725341797,2022-07-11,407.080433570596,2022-07-11,107.680965102125,2022-07-12,10.629,760.4411623764038,300.93887408065797,159.6098626915434,158.04342423176342
2022-07-13,2022-07-13,70.37000274658203,2022-07-13,28.13599967956543,2022-07-11,407.080433570596,2022-07-11,107.680965102125,2022-07-13,10.602,746.0627691192627,298.2978686027527,156.71030286616502,158.04342423176342
2022-07-14,2022-07-14,69.77200317382812,2022-07-14,27.916000366210938,2022-07-11,407.080433570596,2022-07-11,107.680965102125,2022-07-14,10.6019,739.7158004486084,295.96264428253176,155.38498195741462,158.04342423176342
2022-07-15,2022-07-15,71.10600280761719,2022-07-15,27.96299934387207,2022-07-11,407.080433570596,2022-07-11,107.680965102125,2022-07-15,10.5943,753.3183255447389,296.2484039487839,158.0422028281796,158.04342423176342
2022-07-18,2022-07-18,71.40399932861328,2022-07-18,28.257999420166016,2022-07-18,405.172873018914,2022-07-18,105.532960844219,2022-07-18,10.5265,751.6341989326477,297.4578308963776,157.7615238954748,157.13713765668265
2022-07-19,2022-07-19,71.44599914550781,2022-07-19,28.20299911499023,2022-07-18,405.172873018914,2022-07-18,105.532960844219,2022-07-19,10.4964,749.9257854309081,296.02995991058344,157.37376634460674,157.13713765668265
2022-07-20,2022-07-20,72.46199798583984,2022-07-20,28.31599998474121,2022-07-18,405.172873018914,2022-07-18,105.532960844219,2022-07-20,10.4606,757.9959761306762,296.2023494403839,158.9503695679758,157.13713765668265
2022-07-21,2022-07-21,72.5999984741211,2022-07-21,28.45199966430664,2022-07-18,405.172873018914,2022-07-18,105.532960844219,2022-07-21,10.426,756.9275840911865,296.640548500061,158.75953939666195,157.13713765668265
2022-07-22,2022-07-22,72.57599639892578,2022-07-22,28.381000518798828,2022-07-18,405.172873018914,2022-07-18,105.532960844219,2022-07-22,10.4328,757.170855230713,296.0933022125244,158.78562475844478,157.13713765668265
2022-07-25,2022-07-25,72.58999633789062,2022-07-25,28.368999481201172,2022-07-25,409.03903142966,2022-07-25,107.747042980602,2022-07-25,10.3973,754.7399689239502,294.96099830589293,158.26879392607844,158.75824783611526
2022-07-26,2022-07-26,72.47000122070312,2022-07-26,28.45299911499023,2022-07-25,409.03903142966,2022-07-25,107.747042980602,2022-07-26,10.4445,756.9129277496338,297.17734925651547,158.77752160414806,158.75824783611526
2022-07-27,2022-07-27,73.16799926757812,2022-07-27,28.604000091552734,2022-07-25,409.03903142966,2022-07-25,107.747042980602,2022-07-27,10.4545,764.9348483428955,299.04051895713803,160.41035423225503,158.75824783611526
2022-07-28,2022-07-28,74.18199920654297,2022-07-28,28.78499984741211,2022-07-25,409.03903142966,2022-07-25,107.747042980602,2022-07-28,10.449,775.1277097091674,300.77446340560914,162.46048970409836,158.75824783611526
2022-07-29,2022-07-29,74.85199737548828,2022-07-29,28.60199928283691,2022-07-25,409.03903142966,2022-07-25,107.747042980602,2022-07-29,10.3875,777.5251227378844,297.1032675504684,162.78438416467444,158.75824783611526
2022-08-01,2022-08-01,74.98400115966797,2022-08-01,28.44700050354004,2022-08-01,421.1408882287821,2022-08-01,106.135474105149,2022-08-01,10.3668,777.3441432220459,294.90436482009886,162.6638379707381,162.97136873266868
2022-08-02,2022-08-02,75.01200103759766,2022-08-02,28.511999130249023,2022-08-01,421.1408882287821,2022-08-01,106.135474105149,2022-08-02,10.3995,780.0873047904968,296.5105349550247,163.2598072661069,162.97136873266868
2022-08-03,2022-08-03,75.75599670410156,2022-08-03,28.68899917602539,2022-08-01,421.1408882287821,2022-08-01,106.135474105149,2022-08-03,10.3913,787.2032885513305,298.1159971378326,164.70640424142974,162.97136873266868
2022-08-04,2022-08-04,75.43000030517578,2022-08-04,28.719999313354492,2022-08-01,421.1408882287821,2022-08-01,106.135474105149,2022-08-04,10.374,782.5108231658936,297.9412728767395,163.7867870786478,162.97136873266868
2022-08-05,2022-08-05,75.32599639892578,2022-08-05,28.902999877929688,2022-08-01,421.1408882287821,2022-08-01,106.135474105149,2022-08-05,10.3573,780.1739425025941,299.3570406356812,163.38713452553188,162.97136873266868
2022-08-08,2022-08-08,75.87200164794922,2022-08-08,28.9689998626709,2022-08-08,422.092754246067,2022-08-08,107.629201813312,2022-08-08,10.365,786.4132970809936,300.26368357658384,164.6360775028235,163.46613994493995
2022-08-09,2022-08-09,75.05799865722656,2022-08-09,28.81100082397461,2022-08-08,422.092754246067,2022-08-08,107.629201813312,2022-08-09,10.3875,779.6649610519408,299.2742710590362,163.28490889062311,163.46613994493995
2022-08-10,2022-08-10,75.6719970703125,2022-08-10,28.77899932861328,2022-08-08,422.092754246067,2022-08-08,107.629201813312,2022-08-10,10.3773,785.2710151977539,298.6483097328186,164.35117381590516,163.46613994493995
2022-08-11,2022-08-11,76.18399810791016,2022-08-11,29.11199951171875,2022-08-08,422.092754246067,2022-08-08,107.629201813312,2022-08-11,10.36,789.2662203979492,301.6003149414062,165.2429381526499,163.46613994493995
2022-08-12,2022-08-12,76.91999816894531,2022-08-12,29.343000411987305,2022-08-08,422.092754246067,2022-08-08,107.629201813312,2022-08-12,10.4515,803.9293608627319,306.67836880588527,168.29247281779521,163.46613994493995
2022-08-15,2022-08-15,77.71399688720703,2022-08-15,29.534000396728516,2022-08-15,445.6997815202,2022-08-15,111.100073843922,2022-08-15,10.498,815.8415393218994,310.0479361648559,170.74054983281982,172.35158367915918
2022-08-16,2022-08-16,78.12200164794922,2022-08-16,29.566999435424805,2022-08-15,445.6997815202,2022-08-15,111.100073843922,2022-08-16,10.5365,823.1324703636169,311.5326895513535,172.21649497364706,172.35158367915918
2022-08-17,2022-08-17,77.48200225830078,2022-08-17,29.448999404907227,2022-08-15,445.6997815202,2022-08-15,111.100073843922,2022-08-17,10.5617,818.3416632514953,311.0314970148087,171.2650768728777,172.35158367915918
2022-08-18,2022-08-18,78.0739974975586,2022-08-18,29.48699951171875,2022-08-15,445.6997815202,2022-08-15,111.100073843922,2022-08-18,10.5903,826.8270556983947,312.276170928955,172.96406580741527,172.35158367915918
2022-08-19,2022-08-19,77.5999984741211,2022-08-19,29.295000076293945,2022-08-15,445.6997815202,2022-08-15,111.100073843922,2022-08-19,10.6095,823.2971838111878,310.8053033094406,172.22030706114063,172.35158367915918
2022-08-22,2022-08-22,77.18000030517578,2022-08-22,29.388999938964844,2022-08-22,438.513200887418,2022-08-22,111.016104367159,2022-08-22,10.65,821.967003250122,312.9928493499756,172.04644305534933,169.74469870939004
2022-08-23,2022-08-23,76.55999755859375,2022-08-23,29.402999877929688,2022-08-22,438.513200887418,2022-08-22,111.016104367159,2022-08-23,10.6063,812.0183021057128,311.8570376052856,170.0670182767059,169.74469870939004
2022-08-24,2022-08-24,76.8740005493164,2022-08-24,29.597999572753903,2022-08-22,438.513200887418,2022-08-22,111.016104367159,2022-08-24,10.586,813.7881698150635,313.32442347717284,170.46826423611904,169.74469870939004
2022-08-25,2022-08-25,77.2040023803711,2022-08-25,29.89299964904785,2022-08-22,438.513200887418,2022-08-22,111.016104367159,2022-08-25,10.5525,814.695235118866,315.44587879657746,170.72705181918107,169.74469870939004
2022-08-26,2022-08-26,76.11000061035156,2022-08-26,29.724000930786133,2022-08-22,438.513200887418,2022-08-22,111.016104367159,2022-08-26,10.5703,804.5055394515991,314.19160703868863,168.69614836626624,169.74469870939004
2022-08-29,2022-08-29,74.78399658203125,2022-08-29,29.444000244140625,2022-08-29,429.166071048024,2022-08-29,112.548675763218,2022-08-29,10.628,794.8043156738281,312.93083459472655,166.76001618031918,166.51962646418218
2022-08-30,2022-08-30,73.98400115966797,2022-08-30,29.058000564575195,2022-08-29,429.166071048024,2022-08-29,112.548675763218,2022-08-30,10.65,787.9296123504639,309.46770601272584,165.28825965751955,166.51962646418218
2022-08-31,2022-08-31,73.4280014038086,2022-08-31,29.10300064086914,2022-08-29,429.166071048024,2022-08-29,112.548675763218,2022-08-31,10.6788,784.1229413909913,310.78512324371343,164.59886841586558,166.51962646418218
2022-09-01,2022-09-01,72.91200256347656,2022-09-01,28.961000442504883,2022-08-29,429.166071048024,2022-08-29,112.548675763218,2022-09-01,10.7415,783.1842755355835,311.0845862531662,164.42788980496817,166.51962646418218
2022-09-02,2022-09-02,73.91200256347656,2022-09-02,28.92099952697754,2022-08-29,429.166071048024,2022-08-29,112.548675763218,2022-09-02,10.7498,794.5392451568604,310.89496071510314,166.6294387512392,166.51962646418218
2022-09-05,2022-09-05,73.46399688720703,2022-09-05,28.96500015258789,2022-09-05,423.03870507478194,2022-09-05,110.25840203035304,2022-09-05,10.729,788.1952226028442,310.76548663711543,165.39029654315445,164.07325975362963
2022-09-06,2022-09-06,73.31800079345703,2022-09-06,28.73200035095215,2022-09-05,423.03870507478194,2022-09-05,110.25840203035304,2022-09-06,10.6825,783.2195434761047,306.9295937490463,164.27349451032092,164.07325975362963
2022-09-07,2022-09-07,73.06999969482422,2022-09-07,28.54400062561035,2022-09-05,423.03870507478194,2022-09-05,110.25840203035304,2022-09-07,10.6888,781.0306127380371,305.1011138870239,163.7767131300242,164.07325975362963
2022-09-08,2022-09-08,74.12000274658203,2022-09-08,28.599000930786133,2022-09-05,423.03870507478194,2022-09-05,110.25840203035304,2022-09-08,10.7075,793.6399294090271,306.2238024663925,166.27320425218736,164.07325975362963
2022-09-09,2022-09-09,74.6719970703125,2022-09-09,28.767000198364254,2022-09-05,423.03870507478194,2022-09-05,110.25840203035304,2022-09-09,10.6643,796.3245783569337,306.7799202154159,166.81703822041592,164.07325975362963
2022-09-12,2022-09-12,75.18000030517578,2022-09-12,28.969999313354492,2022-09-12,422.24875565692895,2022-09-12,110.336591379993,2022-09-12,10.6368,799.6746272460937,308.14808869628905,167.52182981232988,163.7955250891458
2022-09-13,2022-09-13,73.86199951171875,2022-09-13,28.66900062561035,2022-09-12,422.24875565692895,2022-09-12,110.336591379993,2022-09-13,10.6108,783.7349044189452,304.2010318382263,164.26785285355092,163.7955250891458
2022-09-14,2022-09-14,73.31800079345703,2022-09-14,28.628000259399418,2022-09-12,422.24875565692895,2022-09-12,110.336591379993,2022-09-14,10.675,782.6696584701539,305.6039027690888,164.11507379702786,163.7955250891458
2022-09-15,2022-09-15,72.86399841308594,2022-09-15,28.378999710083008,2022-09-12,422.24875565692895,2022-09-12,110.336591379993,2022-09-15,10.69,778.9161430358886,303.3715069007873,163.2982541013438,163.7955250891458
2022-09-16,2022-09-16,71.5199966430664,2022-09-16,27.91699981689453,2022-09-12,422.24875565692895,2022-09-12,110.336591379993,2022-09-16,10.7541,769.1331958992004,300.2222077308655,161.27293000156888,163.7955250891458
2022-09-19,2022-09-19,71.66999816894531,2022-09-19,27.89900016784668,2022-09-19,420.7842266981279,2022-09-19,109.36866378726,2022-09-19,10.7993,773.9858112258911,301.2896725126267,162.2583489298212,163.16840805220585
2022-09-20,2022-09-20,71.59600067138672,2022-09-20,28.027999877929688,2022-09-19,420.7842266981279,2022-09-19,109.36866378726,2022-09-20,10.8338,775.6567520736694,303.64974507751464,162.67499575948204,163.16840805220585
2022-09-21,2022-09-21,72.52799987792969,2022-09-21,28.035999298095703,2022-09-19,420.7842266981279,2022-09-19,109.36866378726,2022-09-21,10.9214,792.1072978668213,306.1923627342224,165.9738377322571,163.16840805220585
2022-09-22,2022-09-22,70.93800354003906,2022-09-22,27.799999237060547,2022-09-19,420.7842266981279,2022-09-19,109.36866378726,2022-09-22,10.8724,771.2663496887208,302.25271170501713,161.76670155797487,163.16840805220585
2022-09-23,2022-09-23,70.1259994506836,2022-09-23,27.46500015258789,2022-09-19,420.7842266981279,2022-09-19,109.36866378726,2022-09-23,10.9328,766.6735267944337,300.2693536682129,160.79627465777375,163.16840805220585
2022-09-26,2022-09-26,70.38400268554688,2022-09-26,27.429000854492188,2022-09-26,412.87415106350807,2022-09-26,107.11334592945,2022-09-26,10.9275,769.1211893463135,299.73040683746336,161.2515074531518,160.08099983663618
2022-09-27,2022-09-27,70.24400329589844,2022-09-27,27.39699935913086,2022-09-26,412.87415106350807,2022-09-26,107.11334592945,2022-09-27,10.8533,762.3792409713745,297.347853144455,159.84751337238558,160.08099983663618
2022-09-28,2022-09-28,70.47599792480469,2022-09-28,27.229999542236328,2022-09-26,412.87415106350807,2022-09-26,107.11334592945,2022-09-28,10.9194,769.5556117401122,297.33525700149534,161.2430604202784,160.08099983663618
2022-09-29,2022-09-29,68.83999633789062,2022-09-29,26.409000396728516,2022-09-26,412.87415106350807,2022-09-26,107.11334592945,2022-09-29,10.958,754.3486798706055,289.38982634735106,157.9764573250229,160.08099983663618
2022-09-30,2022-09-30,69.26000213623047,2022-09-30,26.548999786376953,2022-09-26,412.87415106350807,2022-09-26,107.11334592945,2022-09-30,10.8993,754.8855412834167,289.3655133716583,158.07995061888238,160.08099983663618
2022-10-03,2022-10-03,69.16200256347656,2022-10-03,26.6560001373291,2022-10-03,415.5713620873131,2022-10-03,103.5644770194,2022-10-03,10.8743,752.0883644760132,289.86534229335786,157.55520783824394,160.69839282322758
2022-10-04,2022-10-04,70.6760025024414,2022-10-04,27.145999908447266,2022-10-03,415.5713620873131,2022-10-03,103.5644770194,2022-10-04,10.8166,764.4740486679077,293.62742260971066,160.11063051463182,160.69839282322758
2022-10-05,2022-10-05,70.55000305175781,2022-10-05,27.21299934387207,2022-10-03,415.5713620873131,2022-10-03,103.5644770194,2022-10-05,10.8376,764.5927130737305,294.923601689148,160.18401953059296,160.69839282322758
2022-10-06,2022-10-06,71.08399963378906,2022-10-06,27.391000747680664,2022-10-03,415.5713620873131,2022-10-03,103.5644770194,2022-10-06,10.8728,772.8821112182617,297.8168729293823,161.9088636181629,160.69839282322758
2022-10-07,2022-10-07,69.68000030517578,2022-10-07,27.058000564575195,2022-10-03,415.5713620873131,2022-10-03,103.5644770194,2022-10-07,10.8555,756.4112433128356,293.728125128746,158.54606273362944,160.69839282322758
2022-10-10,2022-10-10,69.27999877929688,2022-10-10,26.79599952697754,2022-10-10,409.100377233953,2022-10-10,104.098994044239,2022-10-10,10.9502,758.6298426330567,293.4215540203095,158.96575387777378,158.41260319132968
2022-10-11,2022-10-11,68.87999725341797,2022-10-11,26.440000534057617,2022-10-10,409.100377233953,2022-10-10,104.098994044239,2022-10-11,11.0015,757.7832897834778,290.87966587543485,158.70242084376488,158.41260319132968
2022-10-12,2022-10-12,68.63400268554688,2022-10-12,26.31999969482422,2022-10-10,409.100377233953,2022-10-10,104.098994044239,2022-10-12,11.02,756.3467095947266,290.04639663696287,158.39062025905253,158.41260319132968
2022-10-13,2022-10-13,68.76599884033203,2022-10-13,26.152999877929688,2022-10-10,409.100377233953,2022-10-10,104.098994044239,2022-10-13,11.0098,757.0998940322876,287.9392980560303,158.45536206341134,158.41260319132968
2022-10-14,2022-10-14,68.89199829101562,2022-10-14,26.14800071716309,2022-10-10,409.100377233953,2022-10-10,104.098994044239,2022-10-14,11.0035,758.0531031951905,287.7195258913041,158.63226263417474,158.41260319132968
2022-10-17,2022-10-17,69.59200286865234,2022-10-17,26.47699928283691,2022-10-17,414.087419429255,2022-10-17,103.48939505799702,2022-10-17,10.9893,764.7673971244812,290.96368821887967,160.06431622678798,160.15428022727937
2022-10-18,2022-10-18,69.71600341796875,2022-10-18,26.27400016784668,2022-10-17,414.087419429255,2022-10-17,103.48939505799702,2022-10-18,10.906,760.3227332763672,286.5442458305359,159.02816615015803,160.15428022727937
2022-10-19,2022-10-19,69.95600128173828,2022-10-19,26.11000061035156,2022-10-17,414.087419429255,2022-10-17,103.48939505799702,2022-10-19,10.9448,765.6544428283692,285.7687346801758,160.0352581337154,160.15428022727937
2022-10-20,2022-10-20,70.12999725341797,2022-10-20,26.405000686645508,2022-10-17,414.087419429255,2022-10-17,103.48939505799702,2022-10-20,10.982,770.1676298370361,289.9797175407409,161.07664782446193,160.15428022727937
2022-10-21,2022-10-21,69.78600311279297,2022-10-21,26.320999145507812,2022-10-17,414.087419429255,2022-10-17,103.48939505799702,2022-10-21,11.0868,773.7034593109131,291.815653326416,161.83573387863325,160.15428022727937
2022-10-24,2022-10-24,70.59200286865234,2022-10-24,25.40399932861328,2022-10-24,423.345442332701,2022-10-24,98.5256761116396,2022-10-24,11.0795,782.1240957832337,281.46361056137084,163.07205490774692,163.0011790449732
2022-10-25,2022-10-25,71.31400299072266,2022-10-25,25.434999465942383,2022-10-24,423.345442332701,2022-10-24,98.5256761116396,2022-10-25,10.9728,782.5142920166015,279.09316213989257,163.0559631247814,163.0011790449732
2022-10-26,2022-10-26,71.4280014038086,2022-10-26,25.690000534057617,2022-10-24,423.345442332701,2022-10-24,98.5256761116396,2022-10-26,10.953,782.3508993759154,281.38257584953305,163.11303055957424,163.0011790449732
2022-10-27,2022-10-27,71.25599670410156,2022-10-27,25.756999969482425,2022-10-24,423.345442332701,2022-10-24,98.5256761116396,2022-10-27,10.9583,780.8445886825562,282.25293276557926,162.8537831940792,163.0011790449732
2022-10-28,2022-10-28,71.78800201416016,2022-10-28,25.395000457763672,2022-10-24,423.345442332701,2022-10-24,98.5256761116396,2022-10-28,10.9403,785.3822784355164,277.8289235080719,163.56481377593474,163.0011790449732
2022-10-31,2022-10-31,72.4020004272461,2022-10-31,25.61599922180176,2022-10-31,426.061552274137,2022-10-31,101.832989496758,2022-10-31,10.901,789.2542066574097,279.240007516861,164.37279331421485,164.31669977884584
2022-11-01,2022-11-01,72.41799926757812,2022-11-01,26.170000076293945,2022-10-31,426.061552274137,2022-10-31,101.832989496758,2022-11-01,10.874,787.4733240356446,284.5725808296204,164.23331230598166,164.31669977884584
2022-11-02,2022-11-02,71.98999786376953,2022-11-02,26.150999069213867,2022-10-31,426.061552274137,2022-10-31,101.832989496758,2022-11-02,10.9065,785.1589117012023,285.21587134838103,163.80805058013883,164.31669977884584
2022-11-03,2022-11-03,71.18199920654297,2022-11-03,26.371000289916992,2022-10-31,426.061552274137,2022-10-31,101.832989496758,2022-11-03,10.932,778.1616153259278,288.2877751693726,162.56607159777488,164.31669977884584
2022-11-04,2022-11-04,70.52799987792969,2022-11-04,26.836000442504883,2022-10-31,426.061552274137,2022-10-31,101.832989496758,2022-11-04,10.8538,765.4968050750732,291.2725816028595,160.21819784347497,164.31669977884584
2022-11-07,2022-11-07,70.91200256347656,2022-11-07,26.781999588012695,2022-11-07,416.6861044629099,2022-11-07,103.002049367105,2022-11-07,10.832,768.1188117675782,290.1026195373535,160.68285638430146,161.04473662781882
2022-11-08,2022-11-08,71.61000061035156,2022-11-08,26.823999404907227,2022-11-07,416.6861044629099,2022-11-07,103.002049367105,2022-11-08,10.8373,776.059059614563,290.6997287508011,162.25066497732118,161.04473662781882
2022-11-09,2022-11-09,70.79000091552734,2022-11-09,26.635000228881836,2022-11-07,416.6861044629099,2022-11-07,103.002049367105,2022-11-09,10.845,767.717559928894,288.85657748222354,160.5564408126953,161.04473662781882
2022-11-10,2022-11-10,72.46600341796875,2022-11-10,26.930999755859375,2022-11-07,416.6861044629099,2022-11-07,103.002049367105,2022-11-10,10.8743,788.0170609680175,292.8557706451416,164.66055887157643,161.04473662781882
2022-11-11,2022-11-11,72.2020034790039,2022-11-11,27.10300064086914,2022-11-07,416.6861044629099,2022-11-07,103.002049367105,2022-11-11,10.7241,774.3015055091857,290.65528917274474,161.90703922751482,161.04473662781882
2022-11-14,2022-11-14,72.5260009765625,2022-11-14,27.173999786376953,2022-11-14,424.90981560784905,2022-11-14,106.94584953636502,2022-11-14,10.7713,781.1993143188477,292.6993038990021,163.3282144354289,164.41579072274772
2022-11-15,2022-11-15,72.87000274658203,2022-11-15,27.731000900268555,2022-11-14,424.90981560784905,2022-11-14,106.94584953636502,2022-11-15,10.8081,787.5862766853332,299.71943083019255,164.84313736988713,164.41579072274772
2022-11-16,2022-11-16,71.90399932861328,2022-11-16,27.076000213623047,2022-11-14,424.90981560784905,2022-11-14,106.94584953636502,2022-11-16,10.8754,781.984754298401,294.4623327232361,163.54943136415548,164.41579072274772
2022-11-17,2022-11-17,71.55599975585938,2022-11-17,27.124000549316406,2022-11-14,424.90981560784905,2022-11-14,106.94584953636502,2022-11-17,10.9871,786.1929249176026,298.0141064353943,164.50590148307336,164.41579072274772
2022-11-18,2022-11-18,72.08799743652344,2022-11-18,26.996000289916992,2022-11-14,424.90981560784905,2022-11-14,106.94584953636502,2022-11-18,10.9805,791.5622558517456,296.4295811834335,165.48891404967034,164.41579072274772
2022-11-21,2022-11-21,72.34400177001953,2022-11-21,26.913000106811523,2022-11-21,434.19724593704905,2022-11-21,105.623019752755,2022-11-21,10.9873,794.8652506477356,295.70120607357023,166.10318484570982,167.64042550308548
2022-11-22,2022-11-22,72.81600189208984,2022-11-22,26.94099998474121,2022-11-21,434.19724593704905,2022-11-21,105.623019752755,2022-11-22,10.9653,798.4493055473328,295.4161471326828,166.78933609467163,167.64042550308548
2022-11-23,2022-11-23,73.09200286865234,2022-11-23,26.92099952697754,2022-11-21,434.19724593704905,2022-11-21,105.623019752755,2022-11-23,10.8933,796.2131148490906,293.2585241472244,166.2705870185231,167.64042550308548
2022-11-24,2022-11-24,73.20999908447266,2022-11-24,27.106000900268555,2022-11-21,434.19724593704905,2022-11-21,105.623019752755,2022-11-24,10.8573,794.862923059845,294.2979835744858,166.04827272299306,167.64042550308548
2022-11-25,2022-11-25,73.1259994506836,2022-11-25,26.857999801635746,2022-11-21,434.19724593704905,2022-11-21,105.623019752755,2022-11-25,10.8183,791.0989998573303,290.557899254036,165.1709147050491,167.64042550308548
2022-11-28,2022-11-28,72.5780029296875,2022-11-28,26.89800071716309,2022-11-28,426.898919895382,2022-11-28,107.373414914584,2022-11-28,10.8973,790.9042713256836,293.1155832151413,165.23229791633116,165.1780924246814
2022-11-29,2022-11-29,72.1259994506836,2022-11-29,27.339000701904297,2022-11-28,426.898919895382,2022-11-28,107.373414914584,2022-11-29,10.901,786.2455200119018,298.0224466514587,164.5164566130711,165.1780924246814
2022-11-30,2022-11-30,72.62000274658203,2022-11-30,28.010000228881836,2022-11-28,426.898919895382,2022-11-28,107.373414914584,2022-11-30,10.9345,794.0634200325012,306.2753475027084,166.35758732957171,165.1780924246814
2022-12-01,2022-12-01,73.36799621582031,2022-12-01,27.641000747680664,2022-11-28,426.898919895382,2022-11-28,107.373414914584,2022-12-01,10.8984,799.5937699584962,301.24268254852296,167.23810033417038,165.1780924246814
2022-12-02,2022-12-02,72.99800109863281,2022-12-02,27.743999481201172,2022-11-28,426.898919895382,2022-11-28,107.373414914584,2022-12-02,10.902,795.8242079772949,302.46508234405513,166.55224034267,165.1780924246814
2022-12-05,2022-12-05,72.36599731445312,2022-12-05,27.593000411987305,2022-12-05,420.800539262137,2022-12-05,108.230858326953,2022-12-05,10.8931,788.2900453460694,300.5733127878189,165.01318242661353,163.0595835597963
2022-12-06,2022-12-06,71.39800262451172,2022-12-06,27.482999801635746,2022-12-05,420.800539262137,2022-12-05,108.230858326953,2022-12-06,10.889,777.452850578308,299.26238484001163,162.8541206473648,163.0595835597963
2022-12-07,2022-12-07,71.00800323486328,2022-12-07,27.207000732421875,2022-12-05,420.800539262137,2022-12-05,108.230858326953,2022-12-07,10.919,775.3363873214722,297.0732409973145,162.35743909523174,163.0595835597963
2022-12-08,2022-12-08,71.11799621582031,2022-12-08,27.395999908447266,2022-12-05,420.800539262137,2022-12-05,108.230858326953,2022-12-08,10.906,775.6128667297364,298.7807750015259,162.47749298924484,163.0595835597963
2022-12-09,2022-12-09,71.48600006103516,2022-12-09,27.50900077819824,2022-12-05,420.800539262137,2022-12-05,108.230858326953,2022-12-09,10.9188,780.5413374664306,300.3652776969909,163.49773458445068,163.0595835597963
2022-12-12,2022-12-12,71.17400360107422,2022-12-12,27.05699920654297,2022-12-12,421.634814741613,2022-12-12,105.334676291256,2022-12-12,10.9075,776.3304442787171,295.12421884536747,162.47517336092477,163.06921266996218
2022-12-13,2022-12-13,72.23400115966797,2022-12-13,27.388999938964844,2022-12-12,421.634814741613,2022-12-12,105.334676291256,2022-12-13,10.8965,787.097793636322,298.4442378349304,164.6986211568385,163.06921266996218
2022-12-14,2022-12-14,72.02999877929688,2022-12-14,27.20199966430664,2022-12-12,421.634814741613,2022-12-12,105.334676291256,2022-12-14,10.8638,782.5195007385254,295.51708395309447,163.69439191427074,163.06921266996218
2022-12-15,2022-12-15,69.56199645996094,2022-12-15,26.641000747680664,2022-12-12,421.634814741613,2022-12-12,105.334676291256,2022-12-15,10.898,758.0866374206543,290.33362614822386,158.74023985160753,163.06921266996218
2022-12-16,2022-12-16,68.97799682617188,2022-12-16,26.826000213623047,2022-12-12,421.634814741613,2022-12-12,105.334676291256,2022-12-16,11.0153,759.813328439331,295.49644015312197,159.27650681779156,163.06921266996218
2022-12-19,2022-12-19,68.68800354003906,2022-12-19,26.753000259399418,2022-12-19,410.407448698707,2022-12-19,105.903486385204,2022-12-19,11.0063,756.0007733627319,294.4515467550278,158.4942892011336,159.06713813303656
2022-12-20,2022-12-20,68.49800109863281,2022-12-20,26.75,2022-12-19,410.407448698707,2022-12-19,105.903486385204,2022-12-20,11.0615,757.6906391525268,295.895125,158.87904822466137,159.06713813303656
2022-12-21,2022-12-21,69.7239990234375,2022-12-21,26.89800071716309,2022-12-19,410.407448698707,2022-12-19,105.903486385204,2022-12-21,11.0623,771.3077943969727,297.55375333347325,161.59239642553092,159.06713813303656
2022-12-22,2022-12-22,68.69599914550781,2022-12-22,26.790000915527344,2022-12-19,410.407448698707,2022-12-19,105.903486385204,2022-12-22,11.05,759.0907905578614,296.02951011657717,159.15663840886901,159.06713813303656
2022-12-23,2022-12-23,68.85399627685547,2022-12-23,26.68400001525879,2022-12-19,410.407448698707,2022-12-19,105.903486385204,2022-12-23,11.1045,764.5892016563415,296.3124781694412,160.23723900647292,159.06713813303656
2022-12-26,2022-12-23,68.85399627685547,2022-12-23,26.68400001525879,2022-12-26,413.32970286132104,2022-12-26,107.656979177842,2022-12-23,11.1045,764.5892016563415,296.3124781694412,160.23723900647292,160.30052498537765
2022-12-27,2022-12-27,68.8219985961914,2022-12-27,26.94300079345703,2022-12-26,413.32970286132104,2022-12-26,107.656979177842,2022-12-27,11.1285,765.8856113777161,299.8351843299866,160.62614946559552,160.30052498537765
2022-12-28,2022-12-28,68.45600128173828,2022-12-28,26.768999099731445,2022-12-26,413.32970286132104,2022-12-26,107.656979177842,2022-12-28,11.1038,760.1217470321656,297.237612203598,159.40407941378245,160.30052498537765
2022-12-29,2022-12-29,68.98200225830078,2022-12-29,27.04199981689453,2022-12-26,413.32970286132104,2022-12-26,107.656979177842,2022-12-29,11.158,769.70118119812,301.7346339569092,161.44211903683777,160.30052498537765
2022-12-30,2022-12-30,68.47799682617188,2022-12-30,26.819000244140625,2022-12-26,413.32970286132104,2022-12-26,107.656979177842,2022-12-30,11.1218,761.5985851013183,298.27555691528323,159.73165495052385,160.30052498537765
2023-01-02,2023-01-02,69.85800170898438,2023-01-02,26.871000289916992,2023-01-02,417.14812004465,2023-01-02,108.170795994517,2023-01-02,11.1663,780.0554044830322,300.0496505373001,163.39095537385055,161.73293938732894
2023-01-03,2023-01-03,69.15799713134766,2023-01-03,27.239999771118164,2023-01-02,417.14812004465,2023-01-02,108.170795994517,2023-01-03,11.143,770.627562034607,303.53531744956973,161.69221489936837,161.73293938732894
2023-01-04,2023-01-04,69.85399627685547,2023-01-04,27.655000686645508,2023-01-02,417.14812004465,2023-01-02,108.170795994517,2023-01-04,11.1653,779.9408246299744,308.7763791666031,163.7073518870789,161.73293938732894
2023-01-05,2023-01-05,69.4020004272461,2023-01-05,27.836999893188477,2023-01-02,417.14812004465,2023-01-02,108.170795994517,2023-01-05,11.1848,776.247494378662,311.35127640533443,163.08881211191655,161.73293938732894
2023-01-06,2023-01-06,70.06199645996094,2023-01-06,28.089000701904297,2023-01-02,417.14812004465,2023-01-02,108.170795994517,2023-01-06,11.258,788.7579561462402,316.22596990203857,165.71168878584808,161.73293938732894
2023-01-09,2023-01-09,70.48200225830078,2023-01-09,28.281999588012695,2023-01-09,424.06340903702306,2023-01-09,112.931312886916,2023-01-09,11.196,789.1164972839355,316.6452673873901,165.79770963281405,164.7132612187467
2023-01-10,2023-01-10,69.6760025024414,2023-01-10,28.167999267578125,2023-01-09,424.06340903702306,2023-01-09,112.931312886916,2023-01-10,11.1963,780.1134268180848,315.37737019958496,163.99711430326832,164.7132612187467
2023-01-11,2023-01-11,70.3280029296875,2023-01-11,28.290000915527344,2023-01-09,424.06340903702306,2023-01-09,112.931312886916,2023-01-11,11.2783,793.1803154418945,319.06311732559203,166.68209073850585,164.7132612187467
2023-01-12,2023-01-12,70.55999755859375,2023-01-12,28.292999267578125,2023-01-09,424.06340903702306,2023-01-09,112.931312886916,2023-01-12,11.273,795.4228524780273,318.9469807434082,167.11382934169913,164.7132612187467
2023-01-13,2023-01-13,70.81600189208984,2023-01-13,28.44099998474121,2023-01-09,424.06340903702306,2023-01-09,112.931312886916,2023-01-13,11.2528,796.8783060913087,320.04088462829594,167.43941669720957,164.7132612187467
2023-01-16,2023-01-16,71.10399627685547,2023-01-16,28.33300018310547,2023-01-16,433.3123442149539,2023-01-16,114.050481639105,2023-01-16,11.2725,801.5197980308533,319.3837445640564,168.31683306590094,168.1701991029525
2023-01-17,2023-01-17,71.36799621582031,2023-01-17,28.440000534057617,2023-01-16,433.3123442149539,2023-01-16,114.050481639105,2023-01-17,11.285,805.3878372955322,320.9454060268402,169.12990001597967,168.1701991029525
2023-01-18,2023-01-18,70.90399932861328,2023-01-18,28.30900001525879,2023-01-16,433.3123442149539,2023-01-16,114.050481639105,2023-01-18,11.1735,792.2458364982606,316.3106116704941,166.39347913367527,168.1701991029525
2023-01-19,2023-01-19,69.88200378417969,2023-01-19,28.420000076293945,2023-01-16,433.3123442149539,2023-01-16,114.050481639105,2023-01-19,11.1533,779.4149528060913,316.9767868509293,163.92331221168598,168.1701991029525
2023-01-20,2023-01-20,70.36000061035156,2023-01-20,28.652999877929688,2023-01-16,433.3123442149539,2023-01-16,114.050481639105,2023-01-20,11.1655,785.6045868148803,319.9250701370239,165.24181938179612,168.1701991029525
2023-01-23,2023-01-23,71.4280014038086,2023-01-23,28.99099922180176,2023-01-23,428.654676800984,2023-01-23,113.93388521172,2023-01-23,11.1183,794.157948007965,322.3306266477585,166.9990845068636,166.4743918051417
2023-01-24,2023-01-24,71.30599975585938,2023-01-24,28.868999481201172,2023-01-23,428.654676800984,2023-01-23,113.93388521172,2023-01-24,11.0995,791.4609442901611,320.43145974159245,166.4007231439755,166.4743918051417
2023-01-25,2023-01-25,70.74400329589844,2023-01-25,28.74099922180176,2023-01-23,428.654676800984,2023-01-23,113.93388521172,2023-01-25,11.1335,787.6283606948853,319.9879148359299,165.63794778272757,166.4743918051417
2023-01-26,2023-01-26,71.56800079345703,2023-01-26,29.136999130249023,2023-01-23,428.654676800984,2023-01-23,113.93388521172,2023-01-26,11.1763,799.8654472679137,325.64384337940214,168.23796403201843,166.4743918051417
2023-01-27,2023-01-27,72.20999908447266,2023-01-27,29.08799934387207,2023-01-23,428.654676800984,2023-01-23,113.93388521172,2023-01-27,11.2108,809.5318577362061,326.099743044281,170.13608663940542,166.4743918051417
2023-01-30,2023-01-30,71.86000061035156,2023-01-30,28.69300079345703,2023-01-30,443.921264913653,2023-01-30,114.965868498104,2023-01-30,11.262,809.2873268737793,323.1405749359131,169.97367161217946,172.09831371751574
2023-01-31,2023-01-31,71.81800079345703,2023-01-31,28.4950008392334,2023-01-30,443.921264913653,2023-01-30,114.965868498104,2023-01-31,11.348,814.9906730041505,323.36126952362065,171.09172184774357,172.09831371751574
2023-02-01,2023-02-01,71.75399780273438,2023-02-01,28.541000366210938,2023-01-30,443.921264913653,2023-01-30,114.965868498104,2023-02-01,11.3455,814.0849820709228,323.8119196548462,170.93302552518836,172.09831371751574
2023-02-02,2023-02-02,73.45600128173828,2023-02-02,28.649999618530273,2023-01-30,443.921264913653,2023-01-30,114.965868498104,2023-02-02,11.3587,834.3646817588807,325.42675066699985,174.94075403378272,172.09831371751574
2023-02-03,2023-02-03,73.85600280761719,2023-02-03,28.516000747680664,2023-01-30,443.921264913653,2023-01-30,114.965868498104,2023-02-03,11.3323,836.9583806167602,323.1518752729416,175.35702389032141,172.09831371751574
2023-02-06,2023-02-06,73.45600128173828,2023-02-06,28.19499969482422,2023-02-06,456.28586149088,2023-02-06,114.79903595622,2023-02-06,11.3652,834.842145767212,320.4418105316162,174.84016973177305,176.5521019621636
2023-02-07,2023-02-07,73.62799835205078,2023-02-07,28.291000366210938,2023-02-06,456.28586149088,2023-02-06,114.79903595622,2023-02-07,11.3805,837.9234352455139,321.96572966766354,175.49872365003006,176.5521019621636
2023-02-08,2023-02-08,73.52799987792969,2023-02-08,28.20800018310547,2023-02-06,456.28586149088,2023-02-06,114.79903595622,2023-02-08,11.3423,833.9766330154418,319.94360047683716,174.65246391921184,176.5521019621636
2023-02-09,2023-02-09,73.60199737548828,2023-02-09,28.454999923706055,2023-02-06,456.28586149088,2023-02-06,114.79903595622,2023-02-09,11.139,819.8526487655639,316.9602441501617,171.7891081615296,176.5521019621636
2023-02-10,2023-02-10,73.28800201416016,2023-02-10,28.295000076293945,2023-02-06,456.28586149088,2023-02-06,114.79903595622,2023-02-10,11.163,818.1139664840698,315.8570858516693,171.40806451640182,176.5521019621636
2023-02-13,2023-02-13,73.74800109863281,2023-02-13,28.36400032043457,2023-02-13,444.34703953963606,2023-02-13,112.158432292085,2023-02-13,11.155,822.658952255249,316.4004235744476,172.3132980891716,171.96919113265338
2023-02-14,2023-02-14,73.45800018310547,2023-02-14,28.21699905395508,2023-02-13,444.34703953963606,2023-02-13,112.158432292085,2023-02-14,11.101,815.4572600326538,313.2369064979554,170.78955964337595,171.96919113265338
2023-02-15,2023-02-15,74.0739974975586,2023-02-15,28.090999603271484,2023-02-13,444.34703953963606,2023-02-13,112.158432292085,2023-02-15,11.14,825.1843321228027,312.93373558044436,172.67002322207782,171.96919113265338
2023-02-16,2023-02-16,73.9540023803711,2023-02-16,28.26099967956543,2023-02-13,444.34703953963606,2023-02-13,112.158432292085,2023-02-16,11.142,823.9954945220946,314.884058429718,172.5144483102543,171.96919113265338
2023-02-17,2023-02-17,73.13200378417969,2023-02-17,27.930999755859375,2023-02-13,444.34703953963606,2023-02-13,112.158432292085,2023-02-17,11.1983,818.9541179763794,312.77971456604,171.45206775394252,171.96919113265338
2023-02-20,2023-02-20,73.24199676513672,2023-02-20,28.195999145507812,2023-02-20,430.2903796810819,2023-02-20,109.362579307218,2023-02-20,11.062,810.2029682159423,311.9041425476074,169.7157053528081,166.6048900454374
2023-02-21,2023-02-21,72.55799865722656,2023-02-21,27.768999099731445,2023-02-20,430.2903796810819,2023-02-20,109.362579307218,2023-02-21,11.0098,798.849053616333,305.73112628822327,167.26742630576237,166.6048900454374
2023-02-22,2023-02-22,72.5199966430664,2023-02-22,27.6560001373291,2023-02-20,430.2903796810819,2023-02-20,109.362579307218,2023-02-22,11.0163,798.9020390190124,304.66679431285854,167.23642675187318,166.6048900454374
2023-02-23,2023-02-23,72.4520034790039,2023-02-23,27.804000854492188,2023-02-20,430.2903796810819,2023-02-20,109.362579307218,2023-02-23,11.0579,801.1670092704773,307.45386104888917,167.78520321218926,166.6048900454374
2023-02-24,2023-02-24,72.11000061035156,2023-02-24,27.32799911499023,2023-02-20,430.2903796810819,2023-02-20,109.362579307218,2023-02-24,11.003,793.4263367156982,300.6899742622375,166.01688465083106,166.6048900454374
2023-02-27,2023-02-27,72.51000213623047,2023-02-27,27.405000686645508,2023-02-27,431.528341669072,2023-02-27,107.165500812856,2023-02-27,11.0595,801.9243686256409,303.08560509395596,167.76300122574006,166.83096735835733
2023-02-28,2023-02-28,72.24400329589844,2023-02-28,27.27899932861328,2023-02-27,431.528341669072,2023-02-27,107.165500812856,2023-02-28,11.078,800.3190685119629,302.1967545623779,167.41622204554488,166.83096735835733
2023-03-01,2023-03-01,71.52400207519531,2023-03-01,27.593000411987305,2023-02-27,431.528341669072,2023-02-27,107.165500812856,2023-03-01,11.1,793.9164230346679,306.2823045730591,166.32926167080802,166.83096735835733
2023-03-02,2023-03-02,71.8479995727539,2023-03-02,27.815000534057617,2023-02-27,431.528341669072,2023-02-27,107.165500812856,2023-03-02,11.135,800.0274752426147,309.7200309467316,167.65147752169867,166.83096735835733
2023-03-03,2023-03-03,73.02999877929688,2023-03-03,28.03300094604492,2023-02-27,431.528341669072,2023-02-27,107.165500812856,2023-03-03,11.143,813.7732763977051,312.37172954177856,170.42839275282492,166.83096735835733
2023-03-06,2023-03-06,73.3479995727539,2023-03-06,27.993999481201172,2023-03-06,443.5004534177461,2023-03-06,112.110828236517,2023-03-06,11.159,818.4903272323609,312.3850402107239,171.34652808740657,171.65829511221358
2023-03-07,2023-03-07,72.8759994506836,2023-03-07,27.788999557495117,2023-03-06,443.5004534177461,2023-03-06,112.110828236517,2023-03-07,11.2285,818.2881598320008,312.02878153133395,171.2933735311534,171.65829511221358
2023-03-08,2023-03-08,72.75399780273438,2023-03-08,27.81800079345703,2023-03-06,443.5004534177461,2023-03-06,112.110828236517,2023-03-08,11.2835,820.9197342071533,313.8844119529724,171.87731711433779,171.65829511221358
2023-03-09,2023-03-09,72.7760009765625,2023-03-09,27.447999954223633,2023-03-06,443.5004534177461,2023-03-06,112.110828236517,2023-03-09,11.3365,825.0251350708007,311.16425148105617,172.5703802395415,171.65829511221358
2023-03-10,2023-03-10,71.22000122070312,2023-03-10,27.124000549316406,2023-03-06,443.5004534177461,2023-03-06,112.110828236517,2023-03-10,11.3915,811.3026439056397,308.98305225753785,169.81625972432118,171.65829511221358
2023-03-13,2023-03-13,69.5719985961914,2023-03-13,26.732999801635746,2023-03-13,427.479523935511,2023-03-13,105.421980659107,2023-03-13,11.439,795.8340919418335,305.7987847309113,166.68354471579613,165.19125968069443
2023-03-14,2023-03-14,70.56400299072266,2023-03-14,26.749000549316406,2023-03-13,427.479523935511,2023-03-13,105.421980659107,2023-03-14,11.288,796.5264657592774,301.9427182006836,166.668579112119,165.19125968069443
2023-03-15,2023-03-15,69.9020004272461,2023-03-15,26.52400016784668,2023-03-13,427.479523935511,2023-03-13,105.421980659107,2023-03-15,11.202,783.0422087860107,297.1218498802185,163.85835678304636,165.19125968069443
2023-03-16,2023-03-16,70.87000274658203,2023-03-16,26.81599998474121,2023-03-13,427.479523935511,2023-03-13,105.421980659107,2023-03-16,11.1781,792.1919777015686,299.75192942943573,165.74035625547893,165.19125968069443
2023-03-17,2023-03-17,70.3280029296875,2023-03-17,26.65399932861328,2023-03-13,427.479523935511,2023-03-13,105.421980659107,2023-03-17,11.1995,787.6384688110352,298.5114654808045,164.8064090594785,165.19125968069443
2023-03-20,2023-03-20,70.36399841308594,2023-03-20,26.56599998474121,2023-03-20,428.35942496341505,2023-03-20,104.98751582525,2023-03-20,11.1564,785.0089118957519,296.38092222976684,164.2121885182803,165.46559521644724
2023-03-21,2023-03-21,70.91200256347656,2023-03-21,26.608999252319336,2023-03-20,428.35942496341505,2023-03-20,104.98751582525,2023-03-21,11.099,787.0523164520264,295.3332827014923,164.56903761604175,165.46559521644724
2023-03-22,2023-03-22,71.0479965209961,2023-03-22,26.836999893188477,2023-03-20,428.35942496341505,2023-03-20,104.98751582525,2023-03-22,11.1535,792.4338291969299,299.3264783086777,165.77089234417232,165.46559521644724
2023-03-23,2023-03-23,70.45600128173828,2023-03-23,27.094999313354492,2023-03-20,428.35942496341505,2023-03-20,104.98751582525,2023-03-23,11.222,790.6572463836669,304.0600822944641,165.60900167423642,165.46559521644724
2023-03-24,2023-03-24,70.26599884033203,2023-03-24,27.030000686645508,2023-03-20,428.35942496341505,2023-03-20,104.98751582525,2023-03-24,11.208,787.5413150024414,302.95224769592284,164.95985710687427,165.46559521644724
2023-03-27,2023-03-27,70.85399627685547,2023-03-27,26.847999572753903,2023-03-27,427.64563395677794,2023-03-27,107.325723481901,2023-03-27,11.212,794.4150062561035,301.01977120971674,166.2220122919857,165.4432697239359
2023-03-28,2023-03-28,70.50599670410156,2023-03-28,27.06399917602539,2023-03-27,427.64563395677794,2023-03-27,107.325723481901,2023-03-28,11.2195,791.0420300216675,303.6445387554169,165.66772719641557,165.4432697239359
2023-03-29,2023-03-29,71.2020034790039,2023-03-29,27.25200080871582,2023-03-27,427.64563395677794,2023-03-27,107.325723481901,2023-03-29,11.2955,804.2622302970886,307.8249751348496,168.40172668363527,165.4432697239359
2023-03-30,2023-03-30,71.56199645996094,2023-03-30,27.315000534057617,2023-03-27,427.64563395677794,2023-03-27,107.325723481901,2023-03-30,11.3037,808.9153393844604,308.76057153682706,169.3432173675551,165.4432697239359
2023-03-31,2023-03-31,72.37799835205078,2023-03-31,27.437000274658203,2023-03-27,427.64563395677794,2023-03-27,107.325723481901,2023-03-31,11.2805,816.4600104103089,309.5030815982819,170.83971652651772,165.4432697239359
2023-04-03,2023-04-03,72.54399871826172,2023-04-03,27.336999893188477,2023-04-03,438.735819251783,2023-04-03,109.570591951394,2023-04-03,11.2835,818.5502095375061,308.4570382947922,171.20573062954466,169.67944179456111
2023-04-04,2023-04-04,72.13800048828125,2023-04-04,27.17799949645996,2023-04-03,438.735819251783,2023-04-03,109.570591951394,2023-04-04,11.2525,811.7328504943847,305.8204393339157,169.77720719300703,169.67944179456111
2023-04-05,2023-04-05,71.99199676513672,2023-04-05,27.084999084472656,2023-04-03,438.735819251783,2023-04-03,109.570591951394,2023-04-05,11.3265,815.417351360321,306.7782421302795,170.53113412683038,169.67944179456111
2023-04-06,2023-04-06,72.04199981689453,2023-04-06,27.17200088500977,2023-04-03,438.735819251783,2023-04-03,109.570591951394,2023-04-06,11.3875,820.3782729148865,309.42116007804873,171.59876575121075,169.67944179456111
2023-04-07,2023-04-06,72.04199981689453,2023-04-06,27.17200088500977,2023-04-03,438.735819251783,2023-04-03,109.570591951394,2023-04-06,11.3875,820.3782729148865,309.42116007804873,171.59876575121075,169.67944179456111
2023-04-10,2023-04-06,72.04199981689453,2023-04-06,27.17200088500977,2023-04-10,446.64657152926,2023-04-10,110.92488841892,2023-04-06,11.3875,820.3782729148865,309.42116007804873,171.59876575121075,172.67624655417143
2023-04-11,2023-04-11,72.49600219726562,2023-04-11,27.516000747680664,2023-04-10,446.64657152926,2023-04-10,110.92488841892,2023-04-11,11.4255,828.3030731048584,314.3840665426254,173.3330066964702,172.67624655417143
2023-04-12,2023-04-12,72.2020034790039,2023-04-12,27.20800018310547,2023-04-10,446.64657152926,2023-04-10,110.92488841892,2023-04-12,11.348,819.3483354797364,308.7563860778809,171.3726096485679,172.67624655417143
2023-04-13,2023-04-13,72.11399841308594,2023-04-13,27.291000366210938,2023-04-10,446.64657152926,2023-04-10,110.92488841892,2023-04-13,11.3886,821.2774823272705,310.80628677062987,171.8274480557996,172.67624655417143
2023-04-14,2023-04-14,72.63400268554688,2023-04-14,27.27400016784668,2023-04-10,446.64657152926,2023-04-10,110.92488841892,2023-04-14,11.3455,824.069077468872,309.4371689043045,172.31736775311725,172.67624655417143
2023-04-17,2023-04-17,72.97000122070312,2023-04-17,27.52400016784668,2023-04-17,447.06326521741505,2023-04-17,109.944150833501,2023-04-17,11.3163,825.7504248138428,311.46984309940336,172.7233325896933,172.7280228269283
2023-04-18,2023-04-18,73.12200164794922,2023-04-18,27.48900032043457,2023-04-17,447.06326521741505,2023-04-17,109.944150833501,2023-04-18,11.2955,825.9495696144104,310.5020031194687,172.72451063221482,172.7280228269283
2023-04-19,2023-04-19,73.00199890136719,2023-04-19,27.211999893188477,2023-04-17,447.06326521741505,2023-04-17,109.944150833501,2023-04-19,11.306,825.3605995788573,307.6588707923889,172.49959443136572,172.7280228269283
2023-04-20,2023-04-20,72.7760009765625,2023-04-20,27.20599937438965,2023-04-17,447.06326521741505,2023-04-17,109.944150833501,2023-04-20,11.328,824.4065390625,308.1895609130859,172.3345950297787,172.7280228269283
2023-04-21,2023-04-21,72.66400146484375,2023-04-21,26.836000442504883,2023-04-17,447.06326521741505,2023-04-17,109.944150833501,2023-04-21,11.3315,823.392132598877,304.0921390142441,171.97823848585466,172.7280228269283
2023-04-24,2023-04-24,72.4280014038086,2023-04-24,26.632999420166016,2023-04-24,439.84591159172,2023-04-24,106.03672477533802,2023-04-24,11.309,819.0882678756714,301.19259044265743,171.0284657544287,169.7245002609065
2023-04-25,2023-04-25,72.29199981689453,2023-04-25,26.367000579833984,2023-04-24,439.84591159172,2023-04-24,106.03672477533802,2023-04-25,11.3045,817.2249119300843,298.0657580547333,170.54462987900584,169.7245002609065
2023-04-26,2023-04-26,71.52999877929688,2023-04-26,26.393999099731445,2023-04-24,439.84591159172,2023-04-24,106.03672477533802,2023-04-26,11.3855,814.4048011016846,300.5088767499924,170.0908451357154,169.7245002609065
2023-04-27,2023-04-27,71.9020004272461,2023-04-27,26.624000549316406,2023-04-24,439.84591159172,2023-04-24,106.03672477533802,2023-04-27,11.3805,818.2807158622742,302.99443825149535,170.94130086009383,169.7245002609065
2023-04-28,2023-04-28,72.56600189208984,2023-04-28,26.805999755859375,2023-04-24,439.84591159172,2023-04-24,106.03672477533802,2023-04-28,11.3515,823.7329704780578,304.2883062286377,172.0521557490426,169.7245002609065
2023-05-01,2023-04-28,72.56600189208984,2023-04-28,26.805999755859375,2023-05-01,443.2490997542859,2023-05-01,107.169108949493,2023-04-28,11.3515,823.7329704780578,304.2883062286377,172.0521557490426,171.06915109475037
2023-05-02,2023-05-02,71.88200378417969,2023-05-02,26.55299949645996,2023-05-01,443.2490997542859,2023-05-01,107.169108949493,2023-05-02,11.2915,811.6556457290649,299.8231938142776,169.5294341348621,171.06915109475037
2023-05-03,2023-05-03,71.93800354003906,2023-05-03,26.507999420166016,2023-05-01,443.2490997542859,2023-05-01,107.169108949493,2023-05-03,11.3265,814.8057970962524,300.24285543251034,170.1585274707119,171.06915109475037
2023-05-04,2023-05-04,71.45800018310547,2023-05-04,26.719999313354492,2023-05-01,443.2490997542859,2023-05-01,107.169108949493,2023-05-04,11.341,810.4051800765991,303.0315122127533,169.41069362261177,171.06915109475037
2023-05-05,2023-05-05,72.4000015258789,2023-05-05,26.975000381469727,2023-05-01,443.2490997542859,2023-05-01,107.169108949493,2023-05-05,11.2365,813.5226171455383,303.10459178638456,170.0199720558273,171.06915109475037
2023-05-08,2023-05-08,72.63800048828125,2023-05-08,27.052000045776367,2023-05-08,440.361093700052,2023-05-08,107.081677032174,2023-05-08,11.2012,813.632771069336,303.01486291275023,170.03791815727828,170.01613261290564
2023-05-09,2023-05-09,72.88999938964844,2023-05-09,27.02899932861328,2023-05-08,440.361093700052,2023-05-08,107.081677032174,2023-05-09,11.1885,815.5297581710815,302.4139589881897,170.3836222245711,170.01613261290564
2023-05-10,2023-05-10,72.78199768066406,2023-05-10,27.003000259399418,2023-05-08,440.361093700052,2023-05-08,107.081677032174,2023-05-10,11.1938,814.7071256378174,302.26618430366517,170.21785846278732,170.01613261290564
2023-05-11,2023-05-11,73.00800323486328,2023-05-11,26.93199920654297,2023-05-08,440.361093700052,2023-05-08,107.081677032174,2023-05-11,11.2184,819.0329834899903,302.13393989868166,171.05424510693575,170.01613261290564
2023-05-12,2023-05-12,73.23600006103516,2023-05-12,26.854000091552734,2023-05-08,440.361093700052,2023-05-08,107.081677032174,2023-05-12,11.2425,823.3557306861877,301.9060960292816,171.88631639465433,170.01613261290564
2023-05-15,2023-05-15,73.4540023803711,2023-05-15,27.233999252319336,2023-05-15,447.47534311090504,2023-05-15,108.982293812082,2023-05-15,11.2905,829.3324138755798,307.4854685583115,173.26551082544023,172.7800338761657
2023-05-16,2023-05-16,73.31800079345703,2023-05-16,27.219999313354492,2023-05-15,447.47534311090504,2023-05-15,108.982293812082,2023-05-16,11.2765,826.7704359474183,306.94632225704197,172.74619899785623,172.7800338761657
2023-05-17,2023-05-17,73.5199966430664,2023-05-17,27.27199935913086,2023-05-15,447.47534311090504,2023-05-15,108.982293812082,2023-05-17,11.325,832.613961982727,308.85539274215694,173.9570449418881,172.7800338761657
2023-05-18,2023-05-18,74.58799743652344,2023-05-18,27.364999771118164,2023-05-15,447.47534311090504,2023-05-15,108.982293812082,2023-05-18,11.3609,847.3867800765992,310.8910258996964,176.90983852294752,172.7800338761657
2023-05-19,2023-05-19,74.53399658203125,2023-05-19,27.298999786376953,2023-05-15,447.47534311090504,2023-05-15,108.982293812082,2023-05-19,11.3695,847.4142741394044,310.3759780712128,176.8951979021609,172.7800338761657
2023-05-22,2023-05-22,74.83000183105469,2023-05-22,27.57200050354004,2023-05-22,459.511803975239,2023-05-22,111.151476805489,2023-05-22,11.3765,851.3035158309937,313.6728637285233,177.77973378964523,177.35071519044126
2023-05-23,2023-05-23,74.61799621582031,2023-05-23,27.437000274658203,2023-05-22,459.511803975239,2023-05-22,111.151476805489,2023-05-23,11.4494,854.3312858734131,314.13719094467166,178.38675348532917,177.35071519044126
2023-05-24,2023-05-24,73.49400329589844,2023-05-24,27.150999069213867,2023-05-22,459.511803975239,2023-05-22,111.151476805489,2023-05-24,11.5103,845.9380261367799,312.5161445863724,176.69108025272556,177.35071519044126
2023-05-25,2023-05-25,73.80999755859375,2023-05-25,27.135000228881836,2023-05-22,459.511803975239,2023-05-22,111.151476805489,2023-05-25,11.549,852.4316618041992,313.3821176433563,177.98791070902507,177.35071519044126
2023-05-26,2023-05-26,74.85800170898438,2023-05-26,27.590999603271484,2023-05-22,459.511803975239,2023-05-22,111.151476805489,2023-05-26,11.528,862.963043701172,318.0690434265137,180.21850512451675,177.35071519044126
2023-05-29,2023-05-29,75.10199737548828,2023-05-29,27.457000732421875,2023-05-29,471.8237185587709,2023-05-29,112.83550486091,2023-05-29,11.5956,870.8527207672118,318.3803976928711,181.76538586347186,181.9720738636118
2023-05-30,2023-05-30,74.7699966430664,2023-05-30,27.28300094604492,2023-05-29,471.8237185587709,2023-05-29,112.83550486091,2023-05-30,11.634,869.8741409454346,317.4104330062866,181.53737596694498,181.9720738636118
2023-05-31,2023-05-31,74.33599853515625,2023-05-31,27.04599952697754,2023-05-29,471.8237185587709,2023-05-29,112.83550486091,2023-05-31,11.6278,864.3641237670898,314.4854732997894,180.3519814140884,181.9720738636118
2023-06-01,2023-06-01,74.7239990234375,2023-06-01,27.38999938964844,2023-05-29,471.8237185587709,2023-05-29,112.83550486091,2023-06-01,11.6455,870.1983306274415,318.9702378921509,181.66097765507152,181.9720738636118
2023-06-02,2023-06-02,76.06400299072266,2023-06-02,27.979999542236328,2023-05-29,471.8237185587709,2023-05-29,112.83550486091,2023-06-02,11.5505,878.577266544342,323.18298471260067,183.45444882924454,181.9720738636118
2023-06-05,2023-06-05,76.28399658203125,2023-06-05,27.926000595092773,2023-06-05,482.72106574499406,2023-06-05,115.597423201806,2023-06-05,11.642,888.0982882080077,325.1144989280701,185.38155749912877,186.19065541656695
2023-06-06,2023-06-06,76.4260025024414,2023-06-06,28.20400047302246,2023-06-05,482.72106574499406,2023-06-05,115.597423201806,2023-06-06,11.6215,888.1847880821227,327.7727914972305,185.50155335801114,186.19065541656695
2023-06-07,2023-06-07,76.27999877929688,2023-06-07,28.25,2023-06-05,482.72106574499406,2023-06-05,115.597423201806,2023-06-07,11.6255,886.7931258087159,328.42037500000004,185.25596293478682,186.19065541656695
2023-06-08,2023-06-08,75.88200378417969,2023-06-08,28.09600067138672,2023-06-05,482.72106574499406,2023-06-05,115.597423201806,2023-06-08,11.648,883.873580078125,327.2622158203125,184.6430686130489,186.19065541656695
2023-06-09,2023-06-09,76.25399780273438,2023-06-09,28.349000930786133,2023-06-05,482.72106574499406,2023-06-05,115.597423201806,2023-06-09,11.673,890.1129163513184,330.9178878650665,185.99869837100866,186.19065541656695
2023-06-12,2023-06-12,76.46600341796875,2023-06-12,28.354000091552734,2023-06-12,482.226497784008,2023-06-12,116.633101099042,2023-06-12,11.6185,888.4202607116698,329.43095006370544,185.61171383895564,186.11626202251537
2023-06-13,2023-06-13,77.18399810791016,2023-06-13,28.55900001525879,2023-06-12,482.226497784008,2023-06-12,116.633101099042,2023-06-13,11.64,898.4217379760743,332.4267601776123,187.6735921675364,186.11626202251537
2023-06-14,2023-06-14,77.18199920654297,2023-06-14,28.55500030517578,2023-06-12,482.226497784008,2023-06-12,116.633101099042,2023-06-14,11.5605,892.2625018272399,330.1100810279846,186.38551103951028,186.11626202251537
2023-06-15,2023-06-15,76.89600372314453,2023-06-15,28.53499984741211,2023-06-12,482.226497784008,2023-06-12,116.633101099042,2023-06-15,11.6206,893.5777008651733,331.5938192268371,186.69894389374775,186.11626202251537
2023-06-16,2023-06-16,77.21399688720703,2023-06-16,28.55299949645996,2023-06-12,482.226497784008,2023-06-12,116.633101099042,2023-06-16,11.5925,895.1032589149474,331.0006466627121,186.972693069084,186.11626202251537
2023-06-19,2023-06-19,76.75800323486328,2023-06-19,28.44099998474121,2023-06-19,489.70632817581094,2023-06-19,118.07436036126802,2023-06-19,11.6943,897.6311172294617,332.5975861215592,187.52642068311636,188.96602863917556
2023-06-20,2023-06-20,76.39399719238281,2023-06-20,28.106000900268555,2023-06-19,489.70632817581094,2023-06-19,118.07436036126802,2023-06-20,11.758,898.240618988037,330.47035858535764,187.5624303569791,188.96602863917556
2023-06-21,2023-06-21,76.01000213623047,2023-06-21,27.840999603271484,2023-06-19,489.70632817581094,2023-06-19,118.07436036126802,2023-06-21,11.7563,893.5963881141662,327.3071436359405,186.53621247344546,188.96602863917556
2023-06-22,2023-06-22,75.82599639892578,2023-06-22,27.743000030517575,2023-06-19,489.70632817581094,2023-06-19,118.07436036126802,2023-06-22,11.7224,888.8626601867676,325.2145435577392,185.5341352887898,188.96602863917556
2023-06-23,2023-06-23,75.76399993896484,2023-06-23,27.50200080871582,2023-06-19,489.70632817581094,2023-06-19,118.07436036126802,2023-06-23,11.675,884.5446992874146,321.08585944175724,184.53391741188793,188.96602863917556
2023-06-26,2023-06-26,75.59200286865234,2023-06-26,27.594999313354492,2023-06-26,482.346646542526,2023-06-26,115.039420222926,2023-06-26,11.6825,883.1035735130309,322.3785794782638,184.30374261148498,185.99901613267696
2023-06-27,2023-06-27,75.5199966430664,2023-06-27,27.691999435424805,2023-06-26,482.346646542526,2023-06-26,115.039420222926,2023-06-27,11.7405,886.6425205879212,325.11791937160496,185.09849642474484,185.99901613267696
2023-06-28,2023-06-28,76.2699966430664,2023-06-28,27.628000259399418,2023-06-26,482.346646542526,2023-06-26,115.039420222926,2023-06-28,11.795,899.6046104049683,325.8722630596161,187.64931778296713,185.99901613267696
2023-06-29,2023-06-29,76.53800201416016,2023-06-29,27.60300064086914,2023-06-26,482.346646542526,2023-06-26,115.039420222926,2023-06-29,11.8175,904.4878388023377,326.1984600734711,188.61192319939298,185.99901613267696
2023-06-30,2023-06-30,77.2020034790039,2023-06-30,27.79800033569336,2023-06-26,482.346646542526,2023-06-26,115.039420222926,2023-06-30,11.8055,911.4082520713806,328.16929296302794,190.0346555037847,185.99901613267696
2023-07-03,2023-07-03,77.39399719238281,2023-07-03,28.097000122070312,2023-07-03,496.229538261737,2023-07-03,117.621133865457,2023-07-03,11.833,915.8031687774659,332.47180244445804,191.0565899661645,191.27889745968864
2023-07-04,2023-07-04,77.48600006103516,2023-07-04,28.291000366210938,2023-07-03,496.229538261737,2023-07-03,117.621133865457,2023-07-04,11.812,915.2646327209472,334.17329632568357,191.01786260949157,191.27889745968864
2023-07-05,2023-07-05,77.41400146484375,2023-07-05,28.06800079345703,2023-07-03,496.229538261737,2023-07-03,117.621133865457,2023-07-05,11.8295,915.7689303283692,332.03041538619993,191.03279916637553,191.27889745968864
2023-07-06,2023-07-06,76.14399719238281,2023-07-06,27.43400001525879,2023-07-03,496.229538261737,2023-07-03,117.621133865457,2023-07-06,11.9045,906.4562145767212,326.58805318164826,189.00995604727916,191.27889745968864
2023-07-07,2023-07-07,76.14199829101562,2023-07-07,27.621000289916992,2023-07-03,496.229538261737,2023-07-03,117.621133865457,2023-07-07,11.9075,906.6608446502686,328.8970609521866,189.1393762361077,191.27889745968864
2023-07-10,2023-07-10,75.84600067138672,2023-07-10,27.503000259399418,2023-07-10,485.1604692857551,2023-07-10,114.969044263664,2023-07-10,11.8745,900.6333349723816,326.58437658023837,187.87707519944004,187.00930106122956
2023-07-11,2023-07-11,76.14199829101562,2023-07-11,27.680999755859375,2023-07-10,485.1604692857551,2023-07-10,114.969044263664,2023-07-11,11.76,895.4298999023438,325.52855712890624,186.8238624573445,187.00930106122956
2023-07-12,2023-07-12,76.4739990234375,2023-07-12,28.020000457763672,2023-07-10,485.1604692857551,2023-07-10,114.969044263664,2023-07-12,11.68,893.21630859375,327.2736053466797,186.46097310302915,187.00930106122956
2023-07-13,2023-07-13,76.51799774169922,2023-07-13,28.14699935913086,2023-07-10,485.1604692857551,2023-07-10,114.969044263664,2023-07-13,11.51,880.722154006958,323.9719626235962,183.90231910175316,187.00930106122956
2023-07-14,2023-07-14,76.49800109863281,2023-07-14,28.06599998474121,2023-07-10,485.1604692857551,2023-07-10,114.969044263664,2023-07-14,11.493,879.1915266265869,322.56253782463074,183.5498625938806,187.00930106122956
2023-07-17,2023-07-17,76.4219970703125,2023-07-17,27.94499969482422,2023-07-17,478.2189920404191,2023-07-17,113.025424937373,2023-07-17,11.4873,877.8824069458008,321.01259499435423,183.23504295664824,184.3035323685081
2023-07-18,2023-07-18,76.83599853515625,2023-07-18,27.86199951171875,2023-07-17,478.2189920404191,2023-07-17,113.025424937373,2023-07-18,11.504,883.9213271484375,320.5244423828125,184.39086269366206,184.3035323685081
2023-07-19,2023-07-19,77.49400329589844,2023-07-19,27.97100067138672,2023-07-17,478.2189920404191,2023-07-17,113.025424937373,2023-07-19,11.476,889.3211818237305,320.995203704834,185.4595791760902,184.3035323685081
2023-07-20,2023-07-20,77.5719985961914,2023-07-20,27.839000701904297,2023-07-17,478.2189920404191,2023-07-17,113.025424937373,2023-07-20,11.4795,890.4877578849793,319.57780855751037,185.63150652478316,184.3035323685081
2023-07-21,2023-07-21,77.69999694824219,2023-07-21,27.937000274658203,2023-07-17,478.2189920404191,2023-07-17,113.025424937373,2023-07-21,11.5517,897.5670547470093,322.7198460727692,187.13060149380806,184.3035323685081
2023-07-24,2023-07-24,77.99199676513672,2023-07-24,28.358999252319336,2023-07-24,487.180015456795,2023-07-24,115.937217145588,2023-07-24,11.5495,900.7685666389466,327.5322618646622,187.94016973439403,187.8371178197429
2023-07-25,2023-07-25,78.39600372314453,2023-07-25,28.684999465942383,2023-07-24,487.180015456795,2023-07-24,115.937217145588,2023-07-25,11.495,901.1620627975464,329.73406886100764,188.10216999460988,187.8371178197429
2023-07-26,2023-07-26,78.09200286865234,2023-07-26,28.604000091552734,2023-07-24,487.180015456795,2023-07-24,115.937217145588,2023-07-26,11.5313,900.5023126792908,329.84130625572203,187.97798919076826,187.8371178197429
2023-07-27,2023-07-27,79.19999694824219,2023-07-27,28.82699966430664,2023-07-24,487.180015456795,2023-07-24,115.937217145588,2023-07-27,11.4985,910.6811649093628,331.4672556400299,190.0212081241839,187.8371178197429
2023-07-28,2023-07-28,78.97200012207031,2023-07-28,29.1560001373291,2023-07-24,487.180015456795,2023-07-24,115.937217145588,2023-07-28,11.5545,912.4819754104615,336.8830035867691,190.5817101380303,187.8371178197429
2023-07-31,2023-07-31,79.01200103759766,2023-07-31,29.16699981689453,2023-07-31,497.62872246667007,2023-07-31,119.753352374571,2023-07-31,11.5895,915.709586025238,338.0309443778992,191.2541364524356,191.99978112168478
2023-08-01,2023-08-01,78.94000244140625,2023-08-01,29.02300071716309,2023-07-31,497.62872246667007,2023-07-31,119.753352374571,2023-08-01,11.6496,919.6194524414062,338.1063491546631,192.0176582302111,191.99978112168478
2023-08-02,2023-08-02,78.1240005493164,2023-08-02,28.40999984741211,2023-07-31,497.62872246667007,2023-07-31,119.753352374571,2023-08-02,11.681,912.5664504165649,331.85720821762084,190.40309118241828,191.99978112168478
2023-08-03,2023-08-03,77.72200012207031,2023-08-03,28.538000106811523,2023-07-31,497.62872246667007,2023-07-31,119.753352374571,2023-08-03,11.7415,912.5728644332886,335.0789282541275,190.52937448233237,191.99978112168478
2023-08-04,2023-08-04,77.60199737548828,2023-08-04,28.464000701904297,2023-07-31,497.62872246667007,2023-07-31,119.753352374571,2023-08-04,11.7,907.9433692932129,333.02880821228024,189.54922259974057,191.99978112168478
2023-08-07,2023-08-07,77.4260025024414,2023-08-07,28.263999938964844,2023-08-07,494.358367082233,2023-08-07,116.934456173159,2023-08-07,11.6625,902.9807541847229,329.6288992881775,188.45188256086033,190.53311052867022
2023-08-08,2023-08-08,77.21800231933594,2023-08-08,28.02400016784668,2023-08-07,494.358367082233,2023-08-07,116.934456173159,2023-08-08,11.744,906.8482192382812,329.1138579711914,189.18424057903474,190.53311052867022
2023-08-09,2023-08-09,77.16400146484375,2023-08-09,28.052000045776367,2023-08-07,494.358367082233,2023-08-07,116.934456173159,2023-08-09,11.7195,904.3235151672363,328.7554145364761,188.67919283315155,190.53311052867022
2023-08-10,2023-08-10,77.55999755859375,2023-08-10,28.239999771118164,2023-08-07,494.358367082233,2023-08-07,116.934456173159,2023-08-10,11.694,906.9866114501954,330.23855732345584,189.25481212969652,190.53311052867022
2023-08-11,2023-08-11,77.03800201416016,2023-08-11,27.777000427246097,2023-08-07,494.358367082233,2023-08-07,116.934456173159,2023-08-11,11.8075,909.6262087821959,327.9769325447083,189.68052498083915,190.53311052867022
2023-08-14,2023-08-14,77.5199966430664,2023-08-14,27.73200035095215,2023-08-14,491.13571382236,2023-08-14,115.692778319109,2023-08-14,11.8405,917.8755202522278,328.36075015544895,191.30017854348424,189.24271500544825
2023-08-15,2023-08-15,77.00199890136719,2023-08-15,27.527000427246097,2023-08-14,491.13571382236,2023-08-14,115.692778319109,2023-08-15,11.839,911.6266649932861,325.89215805816656,189.9887678335536,189.24271500544825
2023-08-16,2023-08-16,76.84400177001953,2023-08-16,27.434999465942383,2023-08-14,491.13571382236,2023-08-14,115.692778319109,2023-08-16,11.828,908.910852935791,324.5011736831665,189.40647030164823,189.24271500544825
2023-08-17,2023-08-17,76.32599639892578,2023-08-17,27.506000518798828,2023-08-14,491.13571382236,2023-08-14,115.692778319109,2023-08-17,11.8666,905.7300688674927,326.40270575637817,188.86150388402726,189.24271500544825
2023-08-18,2023-08-18,75.74800109863281,2023-08-18,27.261999130249023,2023-08-14,491.13571382236,2023-08-14,115.692778319109,2023-08-18,11.9383,904.3023615158081,325.46192421665194,188.54725677988057,189.24271500544825
2023-08-21,2023-08-21,75.78399658203125,2023-08-21,27.177000045776367,2023-08-21,490.38402977791907,2023-08-21,114.744913906667,2023-08-21,11.9095,902.5495072937011,323.66448204517366,188.1365109455887,188.8753609141836
2023-08-22,2023-08-22,76.51599884033203,2023-08-22,27.36400032043457,2023-08-21,490.38402977791907,2023-08-21,114.744913906667,2023-08-22,11.863,907.7092942428588,324.6191358013153,189.1773064585234,188.8753609141836
2023-08-23,2023-08-23,76.98600006103516,2023-08-23,27.729999542236328,2023-08-21,490.38402977791907,2023-08-21,114.744913906667,2023-08-23,11.9061,916.6030153266908,330.15614754981993,191.12231494825315,188.8753609141836
2023-08-24,2023-08-24,76.72000122070312,2023-08-24,27.684999465942383,2023-08-21,490.38402977791907,2023-08-21,114.744913906667,2023-08-24,11.9175,914.3106145477295,329.93598113536837,190.66782425334267,188.8753609141836
2023-08-25,2023-08-25,76.7699966430664,2023-08-25,27.76799964904785,2023-08-21,490.38402977791907,2023-08-21,114.744913906667,2023-08-25,11.895,913.1791100692749,330.30035582542416,190.46185153635383,188.8753609141836
2023-08-28,2023-08-28,77.3239974975586,2023-08-28,28.035999298095703,2023-08-28,502.8414276810799,2023-08-28,117.36198577494102,2023-08-28,11.9,920.1555702209473,333.6283916473389,191.9481600732623,193.64339817455416
2023-08-29,2023-08-29,77.98999786376953,2023-08-29,28.24099922180176,2023-08-28,502.8414276810799,2023-08-28,117.36198577494102,2023-08-29,11.882,926.6771546173095,335.55955275344854,193.29176761055618,193.64339817455416
2023-08-30,2023-08-30,77.95800018310547,2023-08-30,27.975000381469727,2023-08-28,502.8414276810799,2023-08-28,117.36198577494102,2023-08-30,11.841,923.1006801681518,331.251979516983,192.42885007700283,193.64339817455416
2023-08-31,2023-08-31,78.5479965209961,2023-08-31,27.895999908447266,2023-08-28,502.8414276810799,2023-08-28,117.36198577494102,2023-08-31,11.843,930.2439227981567,330.372326915741,193.78430200607582,193.64339817455416
2023-09-01,2023-09-01,78.90599822998047,2023-09-01,28.304000854492188,2023-08-28,502.8414276810799,2023-08-28,117.36198577494102,2023-09-01,11.896,938.6657549438477,336.7043941650391,195.6683691106181,193.64339817455416
2023-09-04,2023-09-04,78.90599822998047,2023-09-04,28.410999298095703,2023-09-04,510.3756851131559,2023-09-04,118.70200426858,2023-09-04,11.901,939.0602849349975,338.119302646637,195.8000308038502,196.50263582735226
2023-09-05,2023-09-05,79.2239990234375,2023-09-05,28.375999450683594,2023-09-04,510.3756851131559,2023-09-04,118.70200426858,2023-09-05,11.9145,943.9143363647461,338.0858454551697,196.74300210966203,196.50263582735226
2023-09-06,2023-09-06,78.56199645996094,2023-09-06,28.23900032043457,2023-09-04,510.3756851131559,2023-09-04,118.70200426858,2023-09-06,11.9105,935.7126588363648,336.34061331653595,195.0797781308228,196.50263582735226
2023-09-07,2023-09-07,78.46199798583984,2023-09-07,27.964000701904297,2023-09-04,510.3756851131559,2023-09-04,118.70200426858,2023-09-07,11.9095,934.4431650123596,333.03726635932924,194.70461705544713,196.50263582735226
2023-09-08,2023-09-08,78.63999938964844,2023-09-08,27.989999771118164,2023-09-04,510.3756851131559,2023-09-04,118.70200426858,2023-09-08,11.904,936.130552734375,333.1929572753906,195.03891086291847,196.50263582735226
2023-09-11,2023-09-11,78.6259994506836,2023-09-11,28.131999969482425,2023-09-11,507.25138217624897,2023-09-11,117.755029459629,2023-09-11,11.8795,934.0375604743957,334.1940936374665,194.67061055842393,195.2775146656033
2023-09-12,2023-09-12,78.69400024414062,2023-09-12,28.14800071716309,2023-09-11,507.25138217624897,2023-09-11,117.755029459629,2023-09-12,11.8875,935.4749279022217,334.6093585252762,194.96634145832616,195.2775146656033
2023-09-13,2023-09-13,78.6500015258789,2023-09-13,28.16200065612793,2023-09-11,507.25138217624897,2023-09-11,117.755029459629,2023-09-13,11.9475,939.6708932304382,336.46550283908846,195.85462955493716,195.2775146656033
2023-09-14,2023-09-14,79.64399719238281,2023-09-14,28.488000869750977,2023-09-11,507.25138217624897,2023-09-11,117.755029459629,2023-09-14,11.95,951.7457664489746,340.4316103935241,198.3575077938753,195.2775146656033
2023-09-15,2023-09-15,79.26599884033203,2023-09-15,28.336000442504883,2023-09-11,507.25138217624897,2023-09-11,117.755029459629,2023-09-15,11.873,941.1252042312622,336.43333325386044,196.13629151017747,195.2775146656033
2023-09-18,2023-09-18,78.91799926757812,2023-09-18,28.197999954223633,2023-09-18,506.8073494250379,2023-09-18,117.692655608073,2023-09-18,11.9872,946.0058408203124,338.0150650512695,197.14712027957512,195.11067878562562
2023-09-19,2023-09-19,78.5459976196289,2023-09-19,28.04800033569336,2023-09-18,506.8073494250379,2023-09-18,117.692655608073,2023-09-19,11.8845,933.4799087104797,333.33645998954773,194.5288443537963,195.11067878562562
2023-09-20,2023-09-20,78.78800201416016,2023-09-20,28.132999420166016,2023-09-18,506.8073494250379,2023-09-18,117.692655608073,2023-09-20,11.8803,936.025100328827,334.2284730113983,195.05858552637758,195.11067878562562
2023-09-21,2023-09-21,77.53600311279297,2023-09-21,27.64699935913086,2023-09-18,506.8073494250379,2023-09-18,117.692655608073,2023-09-21,11.926,924.6943731231689,329.71811435699465,192.6793452338178,195.11067878562562
2023-09-22,2023-09-22,77.48600006103516,2023-09-22,27.965999603271484,2023-09-18,506.8073494250379,2023-09-18,117.692655608073,2023-09-22,11.879,920.4561947250365,332.20810928726195,191.9515198211445,195.11067878562562
2023-09-25,2023-09-25,77.44999694824219,2023-09-25,27.974000930786133,2023-09-25,483.21181301647,2023-09-25,113.231205465865,2023-09-25,11.728,908.3335642089844,328.0790829162598,189.43302833509725,186.12951182627978
2023-09-26,2023-09-26,76.80400085449219,2023-09-26,27.683000564575195,2023-09-25,483.21181301647,2023-09-25,113.231205465865,2023-09-26,11.654,895.073825958252,322.61768857955934,186.64162321302499,186.12951182627978
2023-09-27,2023-09-27,76.99800109863281,2023-09-27,27.829999923706055,2023-09-25,483.21181301647,2023-09-25,113.231205465865,2023-09-27,11.6255,895.1402617721558,323.53766411304474,186.69025154984084,186.12951182627978
2023-09-28,2023-09-28,77.16600036621094,2023-09-28,27.736000061035156,2023-09-25,483.21181301647,2023-09-25,113.231205465865,2023-09-28,11.6065,895.6271832504273,321.91788470840453,186.72210955828325,186.12951182627978
2023-09-29,2023-09-29,77.27999877929688,2023-09-29,27.836000442504883,2023-09-25,483.21181301647,2023-09-25,113.231205465865,2023-09-29,11.5325,891.2315859222413,321.0186751031876,185.8321254074791,186.12951182627978
2023-10-02,2023-10-02,77.19599914550781,2023-10-02,27.82900047302246,2023-10-02,479.5854848691709,2023-10-02,112.962307407565,2023-10-02,11.5833,894.1844169021606,322.35166117916106,186.4582798503515,184.79124481014583
2023-10-03,2023-10-03,76.22200012207031,2023-10-03,27.59600067138672,2023-10-02,479.5854848691709,2023-10-02,112.962307407565,2023-10-03,11.6375,887.0335264205933,321.1484578132629,185.02050413146384,184.79124481014583
2023-10-04,2023-10-04,75.98999786376953,2023-10-04,27.32799911499023,2023-10-02,479.5854848691709,2023-10-02,112.962307407565,2023-10-04,11.5855,880.3821202507019,316.60853374671933,183.550395480104,184.79124481014583
2023-10-05,2023-10-05,76.0199966430664,2023-10-05,27.238000869750977,2023-10-02,479.5854848691709,2023-10-02,112.962307407565,2023-10-05,11.5975,881.6419110679626,315.89271508693696,183.7676844263432,184.79124481014583
2023-10-06,2023-10-06,76.46399688720703,2023-10-06,27.570999145507812,2023-10-02,479.5854848691709,2023-10-02,112.962307407565,2023-10-06,11.6045,887.326451877594,319.9476595840454,185.0308843868167,184.79124481014583
2023-10-09,2023-10-09,76.95800018310547,2023-10-09,27.424999237060547,2023-10-09,485.5695006710701,2023-10-09,111.733481783777,2023-10-09,11.6085,893.3669451255798,318.36310364341733,186.14445851052614,186.83095762198874
2023-10-10,2023-10-10,78.01200103759766,2023-10-10,27.78700065612793,2023-10-09,485.5695006710701,2023-10-09,111.733481783777,2023-10-10,11.6005,904.9782180366516,322.34310111141207,188.55769058585946,186.83095762198874
2023-10-11,2023-10-11,77.6760025024414,2023-10-11,27.900999069213867,2023-10-09,485.5695006710701,2023-10-09,111.733481783777,2023-10-11,11.5655,898.3618069419861,322.689004734993,187.28400950752965,186.83095762198874
2023-10-12,2023-10-12,78.31999969482422,2023-10-12,27.940000534057617,2023-10-09,485.5695006710701,2023-10-09,111.733481783777,2023-10-12,11.5435,904.0869164772033,322.5253961648941,188.3913785497379,186.83095762198874
2023-10-13,2023-10-13,77.8479995727539,2023-10-13,27.86599922180176,2023-10-09,485.5695006710701,2023-10-09,111.733481783777,2023-10-13,11.55,899.1443950653077,321.85229101181034,187.40377515609214,186.83095762198874
2023-10-16,2023-10-16,78.19599914550781,2023-10-16,27.941999435424805,2023-10-16,486.5306781849169,2023-10-16,112.669289528739,2023-10-16,11.5375,902.1863401412963,322.3808184862137,188.01604397786548,187.27284164307812
2023-10-17,2023-10-17,78.03199768066406,2023-10-17,27.815000534057617,2023-10-16,486.5306781849169,2023-10-16,112.669289528739,2023-10-17,11.53,899.7089332580566,320.7069561576843,187.46914540558248,187.27284164307812
2023-10-18,2023-10-18,77.58399963378906,2023-10-18,27.483999252319336,2023-10-16,486.5306781849169,2023-10-16,112.669289528739,2023-10-18,11.5643,897.2046469650268,317.83321255359647,186.87045029971952,187.27284164307812
2023-10-19,2023-10-19,76.7020034790039,2023-10-19,27.291000366210938,2023-10-16,486.5306781849169,2023-10-16,112.669289528739,2023-10-19,11.6155,890.93212141037,316.9986147537232,185.61785058175138,187.27284164307812
2023-10-20,2023-10-20,75.35399627685547,2023-10-20,26.875999450683594,2023-10-16,486.5306781849169,2023-10-16,112.669289528739,2023-10-20,11.634,876.6683926849365,312.67537760925296,182.67530898090695,187.27284164307812
2023-10-23,2023-10-23,75.0739974975586,2023-10-23,26.73200035095215,2023-10-23,479.67832804274497,2023-10-23,110.840264751746,2023-10-23,11.7071,878.8987961036682,312.9542013086319,183.12001568714703,184.6108525513956
2023-10-24,2023-10-24,75.47599792480469,2023-10-24,27.174999237060547,2023-10-23,479.67832804274497,2023-10-23,110.840264751746,2023-10-24,11.7456,886.5108812255859,319.18667103881836,184.8426954426346,184.6108525513956
2023-10-25,2023-10-25,75.14600372314453,2023-10-25,26.929000854492188,2023-10-23,479.67832804274497,2023-10-23,110.840264751746,2023-10-25,11.7715,884.5811828269958,316.9947335586548,184.38223726621226,184.6108525513956
2023-10-26,2023-10-26,74.5739974975586,2023-10-26,26.808000564575195,2023-10-23,479.67832804274497,2023-10-23,110.840264751746,2023-10-26,11.8005,880.0104574699402,316.3478106622696,183.46797635235694,184.6108525513956
2023-10-27,2023-10-27,73.9219970703125,2023-10-27,26.746000289916992,2023-10-23,479.67832804274497,2023-10-23,110.840264751746,2023-10-27,11.8235,874.0167323608398,316.23133442783353,182.29748276046308,184.6108525513956
2023-10-30,2023-10-30,73.99400329589844,2023-10-30,26.81599998474121,2023-10-30,477.1123772393469,2023-10-30,110.89406576577498,2023-10-30,11.806,873.5732029113769,316.58969581985474,182.22511003051707,183.68851830903316
2023-10-31,2023-10-31,74.61399841308594,2023-10-31,26.6200008392334,2023-10-30,477.1123772393469,2023-10-30,110.89406576577498,2023-10-31,11.8275,882.497066230774,314.84805992603305,183.89349646126365,183.68851830903316
2023-11-01,2023-11-01,75.47799682617188,2023-11-01,26.964000701904297,2023-10-30,477.1123772393469,2023-10-30,110.89406576577498,2023-11-01,11.806,891.093230529785,318.3369922866821,185.70113419543827,183.68851830903316
2023-11-02,2023-11-02,76.60600280761719,2023-11-02,27.375999450683594,2023-10-30,477.1123772393469,2023-10-30,110.89406576577498,2023-11-02,11.819,905.4063471832276,323.5569375076294,188.68808475423103,183.68851830903316
2023-11-03,2023-11-03,77.0,2023-11-03,27.66900062561035,2023-10-30,477.1123772393469,2023-10-30,110.89406576577498,2023-11-03,11.74,903.98,324.8340673446655,188.46017980854438,183.68851830903316
2023-11-06,2023-11-06,76.75599670410156,2023-11-06,27.94099998474121,2023-11-06,487.117411387713,2023-11-06,114.042057969599,2023-11-06,11.6575,894.783031578064,325.7222073221207,186.70554127562613,187.62339741296182
2023-11-07,2023-11-07,77.25599670410156,2023-11-07,27.95400047302246,2023-11-06,487.117411387713,2023-11-06,114.042057969599,2023-11-07,11.6695,901.5388535385131,326.2092085199356,188.0386674645359,187.62339741296182
2023-11-08,2023-11-08,76.9540023803711,2023-11-08,27.768999099731445,2023-11-06,487.117411387713,2023-11-06,114.042057969599,2023-11-08,11.6555,896.9373747444153,323.6615690069199,187.04465684098042,187.62339741296182
2023-11-09,2023-11-09,77.29000091552734,2023-11-09,27.72800064086914,2023-11-06,487.117411387713,2023-11-06,114.042057969599,2023-11-09,11.634,899.1918706512452,322.5875594558716,187.4415465989451,187.62339741296182
2023-11-10,2023-11-10,77.13200378417969,2023-11-10,27.63400077819824,2023-11-06,487.117411387713,2023-11-06,114.042057969599,2023-11-10,11.629,896.9680720062255,321.3557950496673,186.96114092470543,187.62339741296182
2023-11-13,2023-11-13,77.64199829101562,2023-11-13,27.719999313354492,2023-11-13,486.99539622446207,2023-11-13,110.80762505915,2023-11-13,11.61,901.4236001586913,321.8291920280456,187.84625768763954,187.25315983754427
2023-11-14,2023-11-14,78.1760025024414,2023-11-14,27.92200088500977,2023-11-13,486.99539622446207,2023-11-13,110.80762505915,2023-11-14,11.6537,911.0396803627015,325.39462171363834,189.8552708836616,187.25315983754427
2023-11-15,2023-11-15,78.41999816894531,2023-11-15,28.291000366210938,2023-11-13,486.99539622446207,2023-11-13,110.80762505915,2023-11-15,11.451,897.9873990325929,323.96024519348146,187.26051215965316,187.25315983754427
2023-11-16,2023-11-16,77.9739990234375,2023-11-16,27.875,2023-11-13,486.99539622446207,2023-11-13,110.80762505915,2023-11-16,11.4898,895.9056539794923,320.27817500000003,186.71264366430816,187.25315983754427
2023-11-17,2023-11-17,78.30999755859375,2023-11-17,27.893999099731445,2023-11-13,486.99539622446207,2023-11-13,110.80762505915,2023-11-17,11.481,899.0770819702149,320.2510036640167,187.32853431883993,187.25315983754427
2023-11-20,2023-11-20,78.30999755859375,2023-11-20,28.097000122070312,2023-11-20,482.976813410629,2023-11-20,111.790925524128,2023-11-20,11.427,894.8483421020508,321.06442039489747,186.53747668676627,185.89932369181693
2023-11-21,2023-11-21,78.36399841308594,2023-11-21,27.996000289916992,2023-11-20,482.976813410629,2023-11-20,111.790925524128,2023-11-21,11.404,893.663037902832,319.2663873062134,186.23711472981108,185.89932369181693
2023-11-22,2023-11-22,79.02799987792969,2023-11-22,28.058000564575195,2023-11-20,482.976813410629,2023-11-20,111.790925524128,2023-11-22,11.39,900.1289186096192,319.5806264305115,187.50713305108656,185.89932369181693
2023-11-23,2023-11-23,78.98600006103516,2023-11-23,28.10700035095215,2023-11-20,482.976813410629,2023-11-20,111.790925524128,2023-11-23,11.4385,903.4813616981506,321.5019235143661,188.23385741824242,185.89932369181693
2023-11-24,2023-11-24,78.83999633789062,2023-11-24,27.944000244140625,2023-11-20,482.976813410629,2023-11-20,111.790925524128,2023-11-24,11.439,901.8507181091309,319.6514187927246,187.84482613175982,185.89932369181693
2023-11-27,2023-11-27,78.7239990234375,2023-11-27,27.808000564575195,2023-11-27,482.94891358920006,2023-11-27,111.084717630286,2023-11-27,11.421,899.1067928466796,317.59517444801327,187.2312408076803,185.81803061501915
2023-11-28,2023-11-28,78.52400207519531,2023-11-28,27.95400047302246,2023-11-27,482.94891358920006,2023-11-27,111.084717630286,2023-11-28,11.433,897.764915725708,319.5980874080658,187.04793579827668,185.81803061501915
2023-11-29,2023-11-29,78.6520004272461,2023-11-29,27.867000579833984,2023-11-27,482.94891358920006,2023-11-27,111.084717630286,2023-11-29,11.3655,893.9193108558655,316.7223950901032,186.18823527555688,185.81803061501915
2023-11-30,2023-11-30,78.9739990234375,2023-11-30,28.079999923706055,2023-11-27,482.94891358920006,2023-11-27,111.084717630286,2023-11-30,11.4308,902.7359880371093,320.97686312789915,188.06848047276964,185.81803061501915
2023-12-01,2023-12-01,79.81800079345703,2023-12-01,28.190000534057617,2023-11-27,482.94891358920006,2023-11-27,111.084717630286,2023-12-01,11.3715,907.6503960227966,320.5625910730362,189.00841358101516,185.81803061501915
2023-12-04,2023-12-04,79.81800079345703,2023-12-04,28.190000534057617,2023-12-04,489.2956772868381,2023-12-04,110.336267082228,2023-12-04,11.321,903.619586982727,319.13899604606627,188.1690410368617,188.0373357112293
2023-12-05,2023-12-05,79.81800079345703,2023-12-05,28.190000534057617,2023-12-04,489.2956772868381,2023-12-04,110.336267082228,2023-12-05,11.3095,902.7016799736023,318.8148110399246,187.97789679413367,188.0373357112293
2023-12-06,2023-12-06,79.81800079345703,2023-12-06,28.190000534057617,2023-12-04,489.2956772868381,2023-12-04,110.336267082228,2023-12-06,11.3065,902.4622259712219,318.73024103832245,187.9280330786394,188.0373357112293
2023-12-07,2023-12-07,80.37999725341797,2023-12-07,28.1299991607666,2023-12-04,489.2956772868381,2023-12-04,110.336267082228,2023-12-07,11.2557,904.7331350852966,316.6228315538406,188.28800928786694,188.0373357112293
2023-12-08,2023-12-08,80.85800170898438,2023-12-08,28.14699935913086,2023-12-04,489.2956772868381,2023-12-04,110.336267082228,2023-12-08,11.238,908.6822232055664,316.3159787979126,189.04432546648258,188.0373357112293
2023-12-11,2023-12-11,81.13999938964844,2023-12-11,28.320999145507812,2023-12-11,495.872456536421,2023-12-11,110.623655489633,2023-12-11,11.297,916.6385731048584,319.9423273468018,190.73283178268994,190.44424794006326
2023-12-12,2023-12-12,81.13400268554688,2023-12-12,28.174999237060547,2023-12-11,495.872456536421,2023-12-11,110.623655489633,2023-12-12,11.2815,915.313251296997,317.85625389289856,190.39405297709732,190.44424794006326
2023-12-13,2023-12-13,81.4540023803711,2023-12-13,28.038999557495117,2023-12-11,495.872456536421,2023-12-11,110.623655489633,2023-12-13,11.277,918.5567848434448,316.1957980098724,190.9605824077122,190.44424794006326
2023-12-14,2023-12-14,81.39600372314453,2023-12-14,28.381000518798828,2023-12-11,495.872456536421,2023-12-11,110.623655489633,2023-12-14,11.18,910.0073216247558,317.2995858001709,189.3402738833921,190.44424794006326
2023-12-15,2023-12-15,81.96199798583984,2023-12-15,28.593000411987305,2023-12-11,495.872456536421,2023-12-11,110.623655489633,2023-12-15,11.2125,918.9989024162293,320.5990171194077,191.21747832563662,190.44424794006326
2023-12-18,2023-12-18,81.99800109863281,2023-12-18,28.29800033569336,2023-12-18,495.2510149012079,2023-12-18,110.171064579305,2023-12-18,11.145,913.8677222442626,315.3812137413025,190.0167941083508,190.17392238406788
2023-12-19,2023-12-19,82.0979995727539,2023-12-19,28.48200035095215,2023-12-18,495.2510149012079,2023-12-18,110.171064579305,2023-12-19,11.175,917.4451452255249,318.2863539218903,190.82546746878378,190.17392238406788
2023-12-20,2023-12-20,82.37999725341797,2023-12-20,28.301000595092773,2023-12-18,495.2510149012079,2023-12-18,110.171064579305,2023-12-20,11.129,916.8069894332885,314.9618356227875,190.572300368592,190.17392238406788
2023-12-21,2023-12-21,81.74800109863281,2023-12-21,28.393999099731445,2023-12-18,495.2510149012079,2023-12-18,110.171064579305,2023-12-21,11.099,907.3210641937256,315.1449960079193,188.7340900096601,190.17392238406788
2023-12-22,2023-12-22,82.05000305175781,2023-12-22,28.270000457763672,2023-12-18,495.2510149012079,2023-12-18,110.171064579305,2023-12-22,11.0556,907.1120137390137,312.54181706085205,188.5923930746889,190.17392238406788
2023-12-25,2023-12-22,82.05000305175781,2023-12-22,28.270000457763672,2023-12-25,488.738145367068,2023-12-25,108.201133311128,2023-12-22,11.0556,907.1120137390137,312.54181706085205,188.5923930746889,187.6204704079295
2023-12-26,2023-12-22,82.05000305175781,2023-12-22,28.270000457763672,2023-12-25,488.738145367068,2023-12-25,108.201133311128,2023-12-22,11.0556,907.1120137390137,312.54181706085205,188.5923930746889,187.6204704079295
2023-12-27,2023-12-27,81.75599670410156,2023-12-27,28.367000579833984,2023-12-25,488.738145367068,2023-12-25,108.201133311128,2023-12-27,11.066,904.711859527588,313.9092284164429,188.1785550515703,187.6204704079295
2023-12-28,2023-12-28,82.0780029296875,2023-12-28,28.732999801635746,2023-12-25,488.738145367068,2023-12-25,108.201133311128,2023-12-28,11.0382,905.9934119384766,317.1605984104157,188.5540446757646,187.6204704079295
2023-12-29,2023-12-29,82.26000213623047,2023-12-29,28.749000549316406,2023-12-25,488.738145367068,2023-12-25,108.201133311128,2023-12-29,11.096,912.7569837036133,318.99891009521485,189.94112306864338,187.6204704079295
2024-01-01,2023-12-29,82.26000213623047,2023-12-29,28.749000549316406,2024-01-01,495.997371741107,2024-01-01,112.444438192972,2023-12-29,11.096,912.7569837036133,318.99891009521485,189.94112306864338,190.672998669527
2024-01-02,2024-01-02,82.21600341796875,2024-01-02,28.729000091552734,2024-01-01,495.997371741107,2024-01-01,112.444438192972,2024-01-02,11.1545,917.0784101257325,320.457631521225,190.83839334257456,190.672998669527
2024-01-03,2024-01-03,81.84200286865234,2024-01-03,28.655000686645508,2024-01-01,495.997371741107,2024-01-01,112.444438192972,2024-01-03,11.1915,915.9347751045227,320.6924401845932,190.6250323611081,190.672998669527
2024-01-04,2024-01-04,81.7979965209961,2024-01-04,28.570999145507812,2024-01-01,495.997371741107,2024-01-01,112.444438192972,2024-01-04,11.1905,915.3604800682068,319.7237659378052,190.4757189957007,190.672998669527
2024-01-05,2024-01-05,81.62799835205078,2024-01-05,28.625999450683594,2024-01-01,495.997371741107,2024-01-01,112.444438192972,2024-01-05,11.235,917.0905614852904,321.61310382843016,190.88560127418194,190.672998669527
2024-01-08,2024-01-08,81.78800201416016,2024-01-08,28.527999877929688,2024-01-08,500.359695252701,2024-01-08,110.867060949238,2024-01-08,11.2095,916.8026085777283,319.78461463165286,190.75862111997336,192.09122001717077
2024-01-09,2024-01-09,82.38999938964844,2024-01-09,28.349000930786133,2024-01-08,500.359695252701,2024-01-08,110.867060949238,2024-01-09,11.2115,923.7154781570434,317.8348239355087,192.0277257870825,192.09122001717077
2024-01-10,2024-01-10,82.43599700927734,2024-01-10,28.149999618530273,2024-01-08,500.359695252701,2024-01-08,110.867060949238,2024-01-10,11.197,923.0358585128783,315.19554572868344,191.79308692655889,192.09122001717077
2024-01-11,2024-01-11,82.09600067138672,2024-01-11,28.142000198364254,2024-01-08,500.359695252701,2024-01-08,110.867060949238,2024-01-11,11.197,919.228919517517,315.1059762210845,191.0490381207247,192.09122001717077
2024-01-12,2024-01-12,82.68399810791016,2024-01-12,28.44099998474121,2024-01-08,500.359695252701,2024-01-08,110.867060949238,2024-01-12,11.26,931.0218186950683,320.24565982818604,193.54261001060655,192.09122001717077
2024-01-15,2024-01-15,82.74400329589844,2024-01-15,28.298999786376953,2024-01-15,507.2253110966779,2024-01-15,110.86916767731098,2024-01-15,11.278,933.1868691711426,319.1561195907593,193.92149699437246,194.57380119236367
2024-01-16,2024-01-16,82.96199798583984,2024-01-16,28.075000762939453,2024-01-15,507.2253110966779,2024-01-15,110.86916767731098,2024-01-16,11.3215,939.2542601966858,317.85112113761903,195.05115328378093,194.57380119236367
2024-01-17,2024-01-17,82.38600158691406,2024-01-17,27.531999588012695,2024-01-15,507.2253110966779,2024-01-15,110.86916767731098,2024-01-17,11.3925,938.5825230789185,313.6583053064346,194.75775473898958,194.57380119236367
2024-01-18,2024-01-18,82.72000122070312,2024-01-18,27.799999237060547,2024-01-15,507.2253110966779,2024-01-15,110.86916767731098,2024-01-18,11.364,940.0300938720703,315.91919132995605,195.12709942981098,194.57380119236367
2024-01-19,2024-01-19,83.00399780273438,2024-01-19,27.81999969482422,2024-01-15,507.2253110966779,2024-01-15,110.86916767731098,2024-01-19,11.38,944.5854949951173,316.5915965270996,196.039368258121,194.57380119236367
2024-01-22,2024-01-22,83.95999908447266,2024-01-22,27.808000564575195,2024-01-22,518.61868254175,2024-01-22,110.778529728457,2024-01-22,11.3545,953.3238096046448,315.74594241046907,197.70643269463577,198.6841106292806
2024-01-23,2024-01-23,84.06800079345703,2024-01-23,28.058000564575195,2024-01-22,518.61868254175,2024-01-22,110.778529728457,2024-01-23,11.347,953.9196050033569,318.3741324062347,197.92433469637342,198.6841106292806
2024-01-24,2024-01-24,84.5199966430664,2024-01-24,28.402999877929688,2024-01-22,518.61868254175,2024-01-22,110.778529728457,2024-01-24,11.3585,960.0203818702697,322.61547411346436,199.27574012526586,198.6841106292806
2024-01-25,2024-01-25,84.88600158691406,2024-01-25,28.47699928283691,2024-01-22,518.61868254175,2024-01-22,110.778529728457,2024-01-25,11.35,963.4561180114746,323.21394186019893,199.96732842366953,198.6841106292806
2024-01-26,2024-01-26,84.9540023803711,2024-01-26,28.488000869750977,2024-01-22,518.61868254175,2024-01-22,110.778529728457,2024-01-26,11.3203,961.7047931465148,322.49271624584196,199.59864826771928,198.6841106292806
2024-01-29,2024-01-29,85.30999755859375,2024-01-29,28.531999588012695,2024-01-29,523.352378747637,2024-01-29,111.273695137801,2024-01-29,11.3562,968.7973942749023,324.01509372138975,201.03747203251925,200.44557762390528
2024-01-30,2024-01-30,85.53600311279297,2024-01-30,28.260000228881836,2024-01-29,523.352378747637,2024-01-29,111.273695137801,2024-01-30,11.2971,966.3087807655335,319.256048585701,200.36865687879703,200.44557762390528
2024-01-31,2024-01-31,85.04399871826172,2024-01-31,28.354999542236328,2024-01-29,523.352378747637,2024-01-29,111.273695137801,2024-01-31,11.2682,958.2927863571167,319.5098058418274,198.81913542229702,200.44557762390528
2024-02-01,2024-02-01,84.69000244140625,2024-02-01,28.336999893188477,2024-01-29,523.352378747637,2024-01-29,111.273695137801,2024-02-01,11.3354,959.9950536743164,321.21122858924866,199.21631393757667,200.44557762390528
2024-02-02,2024-02-02,86.06199645996094,2024-02-02,28.382999420166016,2024-01-29,523.352378747637,2024-01-29,111.273695137801,2024-02-02,11.268,969.7465761108399,319.81963746643066,201.0592921034955,200.44557762390528
2024-02-05,2024-02-05,86.16200256347656,2024-02-05,28.558000564575195,2024-02-05,530.589869457586,2024-02-05,114.837029483677,2024-02-05,11.374,980.0066171569824,324.8186984214783,203.24921598467145,203.4216870124205
2024-02-06,2024-02-06,86.3740005493164,2024-02-06,29.200000762939453,2024-02-05,530.589869457586,2024-02-05,114.837029483677,2024-02-06,11.3825,983.152061252594,332.36900868415836,204.154135432317,203.4216870124205
2024-02-07,2024-02-07,86.75,2024-02-07,29.1299991607666,2024-02-05,530.589869457586,2024-02-05,114.837029483677,2024-02-07,11.2725,977.8893750000001,328.36791553974155,202.97508979003865,203.4216870124205
2024-02-08,2024-02-08,86.78600311279297,2024-02-08,29.03700065612793,2024-02-05,530.589869457586,2024-02-05,114.837029483677,2024-02-08,11.2705,978.1216480827331,327.26151589488984,202.9773348265521,203.4216870124205
2024-02-09,2024-02-09,86.92400360107422,2024-02-09,28.961999893188477,2024-02-05,530.589869457586,2024-02-05,114.837029483677,2024-02-09,11.2815,980.6331466255187,326.7348017950058,203.44546053863013,203.4216870124205
2024-02-12,2024-02-12,87.66000366210938,2024-02-12,29.459999084472656,2024-02-12,531.116639177367,2024-02-12,113.740612097556,2024-02-12,11.232,984.5971611328124,330.89470971679685,204.3780362118735,203.50159921057048
2024-02-13,2024-02-13,86.80400085449219,2024-02-13,28.979999542236328,2024-02-12,531.116639177367,2024-02-12,113.740612097556,2024-02-13,11.251,976.6318136138916,326.0539748497009,202.64064900438265,203.50159921057048
2024-02-14,2024-02-14,86.9260025024414,2024-02-14,29.284000396728516,2024-02-12,531.116639177367,2024-02-12,113.740612097556,2024-02-14,11.3127,983.3677885093689,331.2811112880707,204.15387984705086,203.50159921057048
2024-02-15,2024-02-15,87.36000061035156,2024-02-15,29.31800079345703,2024-02-12,531.116639177367,2024-02-12,113.740612097556,2024-02-15,11.2575,983.4552068710327,330.0473939323425,204.12300473706418,203.50159921057048
2024-02-16,2024-02-16,87.71199798583984,2024-02-16,29.540000915527344,2024-02-12,531.116639177367,2024-02-12,113.740612097556,2024-02-16,11.2655,988.1195133094787,332.78288031387325,205.13652773938048,203.50159921057048
2024-02-19,2024-02-19,87.54199981689453,2024-02-19,29.513999938964844,2024-02-19,525.381068627965,2024-02-19,114.611178289794,2024-02-19,11.237,983.7094519424438,331.64881731414795,204.23461516099653,201.51559304116748
2024-02-20,2024-02-20,86.66200256347656,2024-02-20,29.41699981689453,2024-02-19,525.381068627965,2024-02-19,114.611178289794,2024-02-20,11.2185,972.2176757583619,330.0146124458313,201.93566971504015,201.51559304116748
2024-02-21,2024-02-21,86.56400299072266,2024-02-21,29.48200035095215,2024-02-19,525.381068627965,2024-02-19,114.611178289794,2024-02-21,11.2075,970.1660635185241,330.4195189332962,201.55227936633975,201.51559304116748
2024-02-22,2024-02-22,88.04399871826172,2024-02-22,29.69700050354004,2024-02-19,525.381068627965,2024-02-19,114.611178289794,2024-02-22,11.174,983.8036416778564,331.8342836265564,204.26013608960974,201.51559304116748
2024-02-23,2024-02-23,88.38999938964844,2024-02-23,29.718000411987305,2024-02-19,525.381068627965,2024-02-19,114.611178289794,2024-02-23,11.1545,985.9462481918335,331.4894355955124,204.66355864378576,201.51559304116748
2024-02-26,2024-02-26,88.04000091552734,2024-02-26,29.5310001373291,2024-02-26,532.1701283997639,2024-02-26,114.97972599111898,2024-02-26,11.1675,983.1867102241516,329.78744403362276,204.0606847620405,204.00744167240438
2024-02-27,2024-02-27,87.9260025024414,2024-02-27,29.61199951171875,2024-02-26,532.1701283997639,2024-02-26,114.97972599111898,2024-02-27,11.1805,983.0566709785462,331.0769605407715,204.08543430913798,204.00744167240438
2024-02-28,2024-02-28,87.96600341796875,2024-02-28,29.2450008392334,2024-02-26,532.1701283997639,2024-02-26,114.97972599111898,2024-02-28,11.192,984.5155102539063,327.3100493927002,204.22303113067179,204.00744167240438
2024-02-29,2024-02-29,88.197998046875,2024-02-29,29.33300018310547,2024-02-26,532.1701283997639,2024-02-26,114.97972599111898,2024-02-29,11.215,989.1405480957031,328.9695970535278,205.1871577364948,204.00744167240438
2024-03-01,2024-03-01,88.7959976196289,2024-03-01,29.663000106811523,2024-02-26,532.1701283997639,2024-02-26,114.97972599111898,2024-03-01,11.1948,994.0534341522217,332.0713535957337,206.2632525179837,204.00744167240438
2024-03-04,2024-03-04,88.75599670410156,2024-03-04,29.549999237060547,2024-03-04,536.1043421870751,2024-03-04,114.894770479143,2024-03-04,11.2424,997.8304173461914,332.2129114227295,207.00349162944397,205.42135114896877
2024-03-05,2024-03-05,88.1780014038086,2024-03-05,29.32699966430664,2024-03-04,536.1043421870751,2024-03-04,114.894770479143,2024-03-05,11.2803,994.6743092353821,330.8173543132782,206.33536482520242,205.42135114896877
2024-03-06,2024-03-06,88.52999877929688,2024-03-06,29.631000518798828,2024-03-04,536.1043421870751,2024-03-04,114.894770479143,2024-03-06,11.2555,996.4494012603759,333.5117263393402,206.7852466484255,205.42135114896877
2024-03-07,2024-03-07,88.89600372314453,2024-03-07,29.621000289916992,2024-03-04,536.1043421870751,2024-03-04,114.894770479143,2024-03-07,11.1944,995.1374240783691,331.58932564544676,206.4554159744853,205.42135114896877
2024-03-08,2024-03-08,88.90799713134766,2024-03-08,29.63800048828125,2024-03-04,536.1043421870751,2024-03-04,114.894770479143,2024-03-08,11.164,992.5688799743652,330.87863745117187,205.92816924016967,205.42135114896877
2024-03-11,2024-03-11,88.33000183105469,2024-03-11,29.736000061035156,2024-03-11,539.939481687253,2024-03-11,116.819241171365,2024-03-11,11.1865,988.1035654830933,332.6417646827698,205.12794864760008,207.0020450477489
2024-03-12,2024-03-12,89.05599975585938,2024-03-12,29.993999481201172,2024-03-11,539.939481687253,2024-03-11,116.819241171365,2024-03-12,11.173,995.0226852722168,335.1229562034607,206.57023644377165,207.0020450477489
2024-03-13,2024-03-13,89.09600067138672,2024-03-13,29.79400062561035,2024-03-11,539.939481687253,2024-03-11,116.819241171365,2024-03-13,11.193,997.2515355148315,333.48424900245664,206.94022126866494,207.0020450477489
2024-03-14,2024-03-14,89.17400360107422,2024-03-14,29.867000579833984,2024-03-11,539.939481687253,2024-03-11,116.819241171365,2024-03-14,11.2245,1000.9336034202577,335.2421480083466,207.72472679893372,207.0020450477489
2024-03-15,2024-03-15,88.61000061035156,2024-03-15,29.680999755859375,2024-03-11,539.939481687253,2024-03-11,116.819241171365,2024-03-15,11.2674,998.4043208770752,334.42769664916995,207.20109063818376,207.0020450477489
2024-03-18,2024-03-18,89.40799713134766,2024-03-18,29.763999938964844,2024-03-18,549.765119188728,2024-03-18,116.699368452145,2024-03-18,11.3178,1011.9018299331665,336.8629985092163,209.92130663799867,210.54256854029134
2024-03-19,2024-03-19,89.54000091552734,2024-03-19,29.64699935913086,2024-03-18,549.765119188728,2024-03-18,116.699368452145,2024-03-19,11.3465,1015.9656203880311,336.38967822837833,210.69347548924563,210.54256854029134
2024-03-20,2024-03-20,89.7300033569336,2024-03-20,29.729000091552734,2024-03-18,549.765119188728,2024-03-18,116.699368452145,2024-03-20,11.3595,1019.2879731330872,337.7065765399933,211.39088948155785,210.54256854029134
2024-03-21,2024-03-21,91.01799774169922,2024-03-21,30.08300018310547,2024-03-18,549.765119188728,2024-03-18,116.699368452145,2024-03-21,11.3645,1034.3740353355408,341.8782555809021,214.48751950573177,210.54256854029134
2024-03-22,2024-03-22,90.98600006103516,2024-03-22,29.98500061035156,2024-03-18,549.765119188728,2024-03-18,116.699368452145,2024-03-22,11.4025,1037.4678656959534,341.90396945953364,215.09036740003893,210.54256854029134
2024-03-25,2024-03-25,90.70999908447266,2024-03-25,29.944000244140625,2024-03-25,560.797060938714,2024-03-25,119.878113048815,2024-03-25,11.457,1039.2644595108034,343.06841079711916,215.48505511529524,214.85184254462183
2024-03-26,2024-03-26,90.91600036621094,2024-03-26,29.951000213623047,2024-03-25,560.797060938714,2024-03-25,119.878113048815,2024-03-26,11.453,1041.2609521942138,343.02880544662474,215.8719003364495,214.85184254462183
2024-03-27,2024-03-27,90.85199737548828,2024-03-27,29.944000244140625,2024-03-25,560.797060938714,2024-03-25,119.878113048815,2024-03-27,11.506,1045.3430818023683,344.53566680908204,216.72448797101057,214.85184254462183
2024-03-28,2024-03-28,91.4520034790039,2024-03-28,30.197999954223633,2024-03-25,560.797060938714,2024-03-25,119.878113048815,2024-03-28,11.525,1053.98434009552,348.03194947242736,218.54118321019573,214.85184254462183
2024-03-29,2024-03-28,91.4520034790039,2024-03-28,30.197999954223633,2024-03-25,560.797060938714,2024-03-25,119.878113048815,2024-03-28,11.525,1053.98434009552,348.03194947242736,218.54118321019573,214.85184254462183
2024-04-01,2024-03-28,91.4520034790039,2024-03-28,30.197999954223633,2024-04-01,566.356708195325,2024-04-01,122.51429247590502,2024-03-28,11.525,1053.98434009552,348.03194947242736,218.54118321019573,217.127818791113
2024-04-02,2024-04-02,90.69400024414062,2024-04-02,30.448999404907227,2024-04-01,566.356708195325,2024-04-01,122.51429247590502,2024-04-02,11.5575,1048.1959078216553,351.9143106222152,217.5658213439288,217.127818791113
2024-04-03,2024-04-03,90.7760009765625,2024-04-03,30.30299949645996,2024-04-01,566.356708195325,2024-04-01,122.51429247590502,2024-04-03,11.575,1050.732211303711,350.757219171524,218.01430735317066,217.127818791113
2024-04-04,2024-04-04,90.8479995727539,2024-04-04,30.50200080871582,2024-04-01,566.356708195325,2024-04-01,122.51429247590502,2024-04-04,11.5105,1045.7058990821838,351.0932803087235,217.04956987605226,217.127818791113
2024-04-05,2024-04-05,90.23400115966795,2024-04-05,30.21699905395508,2024-04-01,566.356708195325,2024-04-01,122.51429247590502,2024-04-05,11.526,1040.0370973663328,348.2811310958863,215.83766479869837,217.127818791113
2024-04-08,2024-04-08,90.38600158691406,2024-04-08,30.44099998474121,2024-04-08,559.9285926859919,2024-04-08,121.332797432979,2024-04-08,11.4675,1036.501473197937,349.08216732501984,215.18096006778848,214.68450731247123
2024-04-09,2024-04-09,89.87200164794922,2024-04-09,30.531999588012695,2024-04-08,559.9285926859919,2024-04-08,121.332797432979,2024-04-09,11.4555,1029.5287148780824,349.75932128047947,213.85081383266947,214.68450731247123
2024-04-10,2024-04-10,90.28600311279295,2024-04-10,30.43400001525879,2024-04-08,559.9285926859919,2024-04-08,121.332797432979,2024-04-10,11.4345,1032.375302593231,347.9975731744766,214.33619330759504,214.68450731247123
2024-04-11,2024-04-11,90.43599700927734,2024-04-11,30.604999542236328,2024-04-08,559.9285926859919,2024-04-08,121.332797432979,2024-04-11,11.531,1042.817481513977,352.9062497215271,216.55804105227503,214.68450731247123
2024-04-12,2024-04-12,90.86000061035156,2024-04-12,30.38599967956543,2024-04-08,559.9285926859919,2024-04-08,121.332797432979,2024-04-12,11.5699,1051.2411210617065,351.5629776926041,218.14457837978708,214.68450731247123
2024-04-15,2024-04-15,90.6719970703125,2024-04-15,30.295000076293945,2024-04-15,560.475160524145,2024-04-15,120.113628817194,2024-04-15,11.5583,1048.014143737793,350.1586993818283,217.46232675308784,214.7592010737772
2024-04-16,2024-04-16,89.21800231933594,2024-04-16,29.724000930786133,2024-04-15,560.475160524145,2024-04-15,120.113628817194,2024-04-16,11.635,1038.0514569854736,345.83875082969666,215.356604367745,214.7592010737772
2024-04-17,2024-04-17,88.73799896240234,2024-04-17,29.65800094604492,2024-04-15,560.475160524145,2024-04-15,120.113628817194,2024-04-17,11.6793,1036.3977112815855,346.3846904491424,215.05608543375283,214.7592010737772
2024-04-18,2024-04-18,88.96600341796875,2024-04-18,29.88599967956543,2024-04-15,560.475160524145,2024-04-15,120.113628817194,2024-04-18,11.637,1035.2973817749023,347.78337827110295,214.89631914479284,214.7592010737772
2024-04-19,2024-04-19,88.14600372314453,2024-04-19,29.632999420166016,2024-04-15,560.475160524145,2024-04-15,120.113628817194,2024-04-19,11.664,1028.1349874267578,345.63930523681637,213.4197902217665,214.7592010737772
2024-04-22,2024-04-22,88.2760009765625,2024-04-22,29.802000045776367,2024-04-22,559.501236219226,2024-04-22,120.338680124584,2024-04-22,11.6015,1024.1340253295898,345.74790353107454,212.64568858583837,214.42975525059654
2024-04-23,2024-04-23,89.26599884033203,2024-04-23,30.010000228881836,2024-04-22,559.501236219226,2024-04-22,120.338680124584,2024-04-23,11.603,1035.7533845443725,348.20603265571594,215.00142970898372,214.42975525059654
2024-04-24,2024-04-24,89.27400207519531,2024-04-24,30.15399932861328,2024-04-22,559.501236219226,2024-04-22,120.338680124584,2024-04-24,11.6225,1037.5870891189575,350.4648571968079,215.44580988563746,214.42975525059654
2024-04-25,2024-04-25,88.197998046875,2024-04-25,30.062000274658203,2024-04-22,559.501236219226,2024-04-22,120.338680124584,2024-04-25,11.639,1026.5364992675782,349.8916211967468,213.2738658346997,214.42975525059654
2024-04-26,2024-04-26,89.80400085449219,2024-04-26,30.555999755859375,2024-04-22,559.501236219226,2024-04-22,120.338680124584,2024-04-26,11.7052,1051.1737908020018,357.66408834228514,218.36826573260134,214.42975525059654
2024-04-29,2024-04-29,89.82599639892578,2024-04-29,30.7450008392334,2024-04-29,564.526681615234,2024-04-29,125.043748669153,2024-04-29,11.685,1049.6167679214477,359.25533480644225,218.12713106900156,216.72118438973857
2024-04-30,2024-04-30,89.57599639892578,2024-04-30,30.649999618530273,2024-04-29,564.526681615234,2024-04-29,125.043748669153,2024-04-30,11.753,1052.7866856765747,360.2294455165863,218.78158788030623,216.72118438973857
2024-05-01,2024-04-30,89.57599639892578,2024-04-30,30.649999618530273,2024-04-29,564.526681615234,2024-04-29,125.043748669153,2024-04-30,11.753,1052.7866856765747,360.2294455165863,218.78158788030623,216.72118438973857
2024-05-02,2024-05-02,88.88999938964844,2024-05-02,31.04599952697754,2024-04-29,564.526681615234,2024-04-29,125.043748669153,2024-05-02,11.682,1038.412972869873,362.6793664741516,216.08051837555408,216.72118438973857
2024-05-03,2024-05-03,89.6500015258789,2024-05-03,31.177000045776367,2024-04-29,564.526681615234,2024-04-29,125.043748669153,2024-05-03,11.6398,1043.5080877609253,362.8940451328277,217.08001451025189,216.72118438973857
2024-05-06,2024-05-06,90.31199645996094,2024-05-06,31.256999969482425,2024-05-06,572.912881667091,2024-05-06,126.217617767209,2024-05-06,11.625,1049.876958847046,363.3626246452332,218.3371513067356,219.87170247255457
2024-05-07,2024-05-07,90.9459991455078,2024-05-07,31.128000259399418,2024-05-06,572.912881667091,2024-05-06,126.217617767209,2024-05-07,11.681,1062.3402160186765,363.60617103004455,220.7711094631079,219.87170247255457
2024-05-08,2024-05-08,90.93399810791016,2024-05-08,31.12700080871582,2024-05-06,572.912881667091,2024-05-06,126.217617767209,2024-05-08,11.733,1066.9285998001099,365.21310048866275,221.72606354786697,219.87170247255457
2024-05-09,2024-05-09,91.13999938964844,2024-05-09,31.10300064086914,2024-05-06,572.912881667091,2024-05-06,126.217617767209,2024-05-09,11.7205,1068.2063628463745,364.54271901130676,221.9486120988182,219.87170247255457
2024-05-10,2024-05-10,91.43599700927734,2024-05-10,31.183000564575195,2024-05-06,572.912881667091,2024-05-06,126.217617767209,2024-05-10,11.6865,1068.5667790489197,364.420136097908,222.01396722527025,219.87170247255457
2024-05-13,2024-05-13,91.31400299072266,2024-05-13,31.35199928283691,2024-05-13,579.0773863392781,2024-05-13,127.87016164173698,2024-05-13,11.7,1068.373834991455,366.81839160919185,222.06951012600146,222.2671962787603
2024-05-14,2024-05-14,91.26000213623048,2024-05-14,31.423999786376953,2024-05-13,579.0773863392781,2024-05-13,127.87016164173698,2024-05-14,11.7285,1070.3429350547792,368.5563814945221,222.52001540649235,222.2671962787603
2024-05-15,2024-05-15,91.9260025024414,2024-05-15,31.621999740600582,2024-05-13,579.0773863392781,2024-05-13,127.87016164173698,2024-05-15,11.6751,1073.2452718162538,369.1900091714859,223.10920486065783,222.2671962787603
2024-05-16,2024-05-16,92.28800201416016,2024-05-16,31.718000411987305,2024-05-13,579.0773863392781,2024-05-13,127.87016164173698,2024-05-16,11.6172,1072.1281769989014,368.47435438613894,222.86411913911414,222.2671962787603
2024-05-17,2024-05-17,91.9739990234375,2024-05-17,31.868999481201172,2024-05-13,579.0773863392781,2024-05-13,127.87016164173698,2024-05-17,11.655,1071.956958618164,371.4331889533996,222.94564456532277,222.2671962787603
2024-05-20,2024-05-20,92.51200103759766,2024-05-20,31.82900047302246,2024-05-20,579.935965994724,2024-05-20,127.830134889291,2024-05-20,11.6127,1074.3141144493104,369.62063379306795,223.33384189905283,222.5735931137851
2024-05-21,2024-05-21,92.302001953125,2024-05-21,31.61400032043457,2024-05-20,579.935965994724,2024-05-20,127.830134889291,2024-05-21,11.581,1068.9494846191405,366.12173771095274,222.1544553015914,222.5735931137851
2024-05-22,2024-05-22,92.3479995727539,2024-05-22,31.62700080871582,2024-05-20,579.935965994724,2024-05-20,127.830134889291,2024-05-22,11.6325,1074.2381050300598,367.9010869073868,223.25231967074086,222.5735931137851
2024-05-23,2024-05-23,92.38600158691406,2024-05-23,31.511999130249023,2024-05-20,579.935965994724,2024-05-20,127.830134889291,2024-05-23,11.5925,1070.9847233963012,365.3028499174118,222.5185937898359,222.5735931137851
2024-05-24,2024-05-24,92.03600311279295,2024-05-24,31.382999420166016,2024-05-20,579.935965994724,2024-05-20,127.830134889291,2024-05-24,11.599,1067.5256001052855,364.01141027450564,221.79556156450334,222.5735931137851
2024-05-27,2024-05-27,92.23999786376952,2024-05-27,31.55500030517578,2024-05-27,569.769931421906,2024-05-27,125.61692138726698,2024-05-27,11.54,1064.4495753479002,364.1447035217285,221.20234853184772,218.67475362176015
2024-05-28,2024-05-28,91.8939971923828,2024-05-28,31.340999603271484,2024-05-27,569.769931421906,2024-05-27,125.61692138726698,2024-05-28,11.466,1053.6565718078612,359.3559014511108,218.91690641850707,218.67475362176015
2024-05-29,2024-05-29,91.5540008544922,2024-05-29,31.035999298095703,2024-05-27,569.769931421906,2024-05-27,125.61692138726698,2024-05-29,11.5215,1054.8394208450318,357.58126591300964,219.07813481920937,218.67475362176015
2024-05-30,2024-05-30,91.24600219726562,2024-05-30,30.927000045776367,2024-05-27,569.769931421906,2024-05-27,125.61692138726698,2024-05-30,11.4995,1049.283402267456,355.6450370264053,217.92216433928922,218.67475362176015
2024-05-31,2024-05-31,90.72599792480467,2024-05-31,30.42099952697754,2024-05-27,569.769931421906,2024-05-27,125.61692138726698,2024-05-31,11.421,1036.181622299194,347.43823559761046,215.05493743444873,218.67475362176015
2024-06-03,2024-06-03,91.41799926757812,2024-06-03,30.805999755859375,2024-06-03,562.659234875669,2024-06-03,120.363060448684,2024-06-03,11.4035,1042.4851546478271,351.29621821594236,216.43090711435642,215.57403634011501
2024-06-04,2024-06-04,91.14600372314452,2024-06-04,30.25900077819824,2024-06-03,562.659234875669,2024-06-03,120.363060448684,2024-06-04,11.3755,1036.8313653526304,344.2112633523941,215.05609403890668,215.57403634011501
2024-06-05,2024-06-05,92.27400207519533,2024-06-05,30.8799991607666,2024-06-03,562.659234875669,2024-06-03,120.363060448684,2024-06-05,11.3275,1045.233758506775,349.7931904935837,216.90726655166262,215.57403634011501
2024-06-06,2024-06-06,92.58200073242188,2024-06-06,31.034000396728516,2024-06-03,562.659234875669,2024-06-03,120.363060448684,2024-06-06,11.293,1045.5285342712402,350.4669664802551,216.99075933292283,215.57403634011501
2024-06-07,2024-06-07,93.0719985961914,2024-06-07,31.083999633789062,2024-06-03,562.659234875669,2024-06-03,120.363060448684,2024-06-07,11.3075,1052.4116241264342,351.4823258590698,218.36914891938167,215.57403634011501
2024-06-10,2024-06-10,93.447998046875,2024-06-10,31.325000762939453,2024-06-10,570.893105334032,2024-06-10,122.664795443141,2024-06-10,11.333,1059.0461618652344,355.00623364639284,219.7965443312944,218.7831976857227
2024-06-11,2024-06-11,93.27999877929688,2024-06-11,31.111000061035156,2024-06-10,570.893105334032,2024-06-10,122.664795443141,2024-06-11,11.2467,1049.0921622711182,349.8960843864441,217.66184403926462,218.7831976857227
2024-06-12,2024-06-12,93.81199645996094,2024-06-12,31.356000900268555,2024-06-10,570.893105334032,2024-06-10,122.664795443141,2024-06-12,11.2345,1053.9308742294313,352.2689921140671,218.69522280195923,218.7831976857227
2024-06-13,2024-06-13,93.78399658203124,2024-06-13,31.39699935913086,2024-06-10,570.893105334032,2024-06-10,122.664795443141,2024-06-13,11.221,1052.3502256469726,352.30572980880737,218.38916139566763,218.7831976857227
2024-06-14,2024-06-14,94.06400299072266,2024-06-14,31.625999450683594,2024-06-10,570.893105334032,2024-06-10,122.664795443141,2024-06-14,11.2731,1060.3929121147155,356.5230544075012,220.11739885578564,218.7831976857227
2024-06-17,2024-06-17,94.07599639892578,2024-06-17,31.674999237060547,2024-06-17,574.768627806578,2024-06-17,124.23423543483,2024-06-17,11.2933,1062.4284501319885,357.7152688838959,220.55964681694635,220.34269566315018
2024-06-18,2024-06-18,94.62000274658205,2024-06-18,31.97599983215332,2024-06-17,574.768627806578,2024-06-17,124.23423543483,2024-06-18,11.255,1064.948130912781,359.88987811088566,221.1342031099547,220.34269566315018
2024-06-19,2024-06-19,94.72799682617188,2024-06-19,32.15399932861328,2024-06-17,574.768627806578,2024-06-17,124.23423543483,2024-06-19,11.214,1062.2797564086914,360.5749484710694,220.6417057929499,220.34269566315018
2024-06-20,2024-06-20,95.11199951171876,2024-06-20,32.060001373291016,2024-06-17,574.768627806578,2024-06-17,124.23423543483,2024-06-20,11.198,1065.0641705322269,359.0078953781128,221.12254664657365,220.34269566315018
2024-06-21,2024-06-21,94.78600311279295,2024-06-21,32.02000045776367,2024-06-17,574.768627806578,2024-06-17,124.23423543483,2024-06-21,11.2445,1065.8212120018004,360.0488951473236,221.31021706310113,220.34269566315018
2024-06-24,2024-06-24,94.94400024414062,2024-06-24,32.005001068115234,2024-06-24,577.811549638443,2024-06-24,125.473410941272,2024-06-24,11.2555,1068.6421947479248,360.232289522171,221.86610689363528,221.5678542241899
2024-06-25,2024-06-25,94.85800170898438,2024-06-25,31.799999237060547,2024-06-24,577.811549638443,2024-06-24,125.473410941272,2024-06-25,11.2255,1064.8284981842041,356.9708914356232,220.99764425294063,221.5678542241899
2024-06-26,2024-06-26,94.87799835205078,2024-06-26,31.847000122070312,2024-06-24,577.811549638443,2024-06-24,125.473410941272,2024-06-26,11.3038,1072.4819177719116,359.99211997985844,222.60373601678788,221.5678542241899
2024-06-27,2024-06-27,94.802001953125,2024-06-27,31.81599998474121,2024-06-24,577.811549638443,2024-06-24,125.473410941272,2024-06-27,11.338,1074.8650981445312,360.7298078269958,223.0959713798776,221.5678542241899
2024-06-28,2024-06-28,95.18599700927734,2024-06-28,32.02299880981445,2024-06-24,577.811549638443,2024-06-24,125.473410941272,2024-06-28,11.3595,1081.265333026886,363.7652549800873,224.4588300683991,221.5678542241899
2024-07-01,2024-07-01,94.65399932861328,2024-07-01,31.961000442504883,2024-07-01,585.602115494527,2024-07-01,126.177977986878,2024-07-01,11.3675,1075.9793373680116,363.31667253017423,223.4131236084747,224.45569287715568
2024-07-02,2024-07-02,94.83000183105467,2024-07-02,31.849000930786133,2024-07-01,585.602115494527,2024-07-01,126.177977986878,2024-07-02,11.417,1082.6741309051513,363.6200436267853,224.7272510787696,224.45569287715568
2024-07-03,2024-07-03,95.09600067138672,2024-07-03,32.21500015258789,2024-07-01,585.602115494527,2024-07-01,126.177977986878,2024-07-03,11.371,1081.3366236343384,366.3167667350769,224.57172304998818,224.45569287715568
2024-07-04,2024-07-04,95.2979965209961,2024-07-04,32.28799819946289,2024-07-01,585.602115494527,2024-07-01,126.177977986878,2024-07-04,11.3375,1080.4410355567932,366.0651795864105,224.38773809697582,224.45569287715568
2024-07-05,2024-07-05,95.32599639892578,2024-07-05,32.233001708984375,2024-07-01,585.602115494527,2024-07-01,126.177977986878,2024-07-05,11.3605,1082.9509820899964,366.183015914917,224.8805770176014,224.45569287715568
2024-07-08,2024-07-08,95.50800323486328,2024-07-08,32.345001220703125,2024-07-08,590.106654025083,2024-07-08,129.610589261358,2024-07-08,11.3805,1086.9288308143616,368.1022863922119,225.72888432813377,226.43048093478004
2024-07-09,2024-07-09,95.64600372314452,2024-07-09,32.41400146484375,2024-07-08,590.106654025083,2024-07-08,129.610589261358,2024-07-09,11.422,1092.4686545257566,370.23272473144533,226.88924168923936,226.43048093478004
2024-07-10,2024-07-10,96.02200317382812,2024-07-10,32.56700134277344,2024-07-08,590.106654025083,2024-07-08,129.610589261358,2024-07-10,11.4075,1095.3710012054444,371.508067817688,227.50333816972775,226.43048093478004
2024-07-11,2024-07-11,95.86399841308594,2024-07-11,32.70899963378906,2024-07-08,590.106654025083,2024-07-08,129.610589261358,2024-07-11,11.419,1094.6709978790284,373.50406681823733,227.44463001338673,226.43048093478004
2024-07-12,2024-07-12,96.34400177001952,2024-07-12,32.73899841308594,2024-07-08,590.106654025083,2024-07-08,129.610589261358,2024-07-12,11.4965,1107.6188163490292,376.3838952560425,230.07516560046955,226.43048093478004
2024-07-15,2024-07-15,96.36000061035156,2024-07-15,32.49800109863281,2024-07-15,604.016290570866,2024-07-15,130.939432043587,2024-07-15,11.5375,1111.753507041931,374.94568767547605,230.82367937869003,231.59370790982248
2024-07-16,2024-07-16,96.48799896240234,2024-07-16,32.52799987792969,2024-07-15,604.016290570866,2024-07-15,130.939432043587,2024-07-16,11.5545,1114.8705840110779,375.8447745895386,231.4649452626242,231.59370790982248
2024-07-17,2024-07-17,95.48600006103516,2024-07-17,32.08399963378906,2024-07-15,604.016290570866,2024-07-15,130.939432043587,2024-07-17,11.5085,1098.900631702423,369.2387097854614,228.1018910899105,231.59370790982248
2024-07-18,2024-07-18,94.93599700927734,2024-07-18,31.849000930786133,2024-07-15,604.016290570866,2024-07-15,130.939432043587,2024-07-18,11.5338,1094.972802305603,367.3400069355011,227.2641123877003,231.59370790982248
2024-07-19,2024-07-19,94.33000183105467,2024-07-19,31.542999267578125,2024-07-15,604.016290570866,2024-07-15,130.939432043587,2024-07-19,11.61,1095.1713212585446,366.214221496582,227.25903878938348,231.59370790982248
2024-07-22,2024-07-22,94.78399658203124,2024-07-22,31.656999588012695,2024-07-22,602.123630628344,2024-07-22,129.334226316415,2024-07-22,11.6295,1102.2904882507323,368.1550767087937,228.71927167319078,230.74753812179048
2024-07-23,2024-07-23,95.67400360107422,2024-07-23,31.72800064086914,2024-07-22,602.123630628344,2024-07-22,129.334226316415,2024-07-23,11.6735,1116.8504810371398,370.37681548118593,231.63788665208824,230.74753812179048
2024-07-24,2024-07-24,94.03800201416016,2024-07-24,31.41200065612793,2024-07-22,602.123630628344,2024-07-22,129.334226316415,2024-07-24,11.6875,1099.0691485404968,367.1277576684952,228.05274660532325,230.74753812179048
2024-07-25,2024-07-25,93.552001953125,2024-07-25,31.191999435424805,2024-07-22,602.123630628344,2024-07-22,129.334226316415,2024-07-25,11.774,1101.4812709960936,367.2546013526916,228.52690516038587,230.74753812179048
2024-07-26,2024-07-26,93.72200012207033,2024-07-26,31.371999740600582,2024-07-22,602.123630628344,2024-07-22,129.334226316415,2024-07-26,11.7325,1099.5933664321901,368.07198695659633,228.1913696351533,230.74753812179048
2024-07-29,2024-07-29,93.9219970703125,2024-07-29,31.33300018310547,2024-07-29,591.714155780746,2024-07-29,127.633971374478,2024-07-29,11.7265,1101.3762986450195,367.42642664718625,228.51315321987653,226.81239960412879
2024-07-30,2024-07-30,93.96199798583984,2024-07-30,31.350000381469727,2024-07-29,591.714155780746,2024-07-29,127.633971374478,2024-07-30,11.686,1098.0399084625244,366.3561044578552,227.8225781587185,226.81239960412879
2024-07-31,2024-07-31,95.3740005493164,2024-07-31,31.98500061035156,2024-07-29,591.714155780746,2024-07-29,127.633971374478,2024-07-31,11.6125,1107.5305813789369,371.4258195877075,229.86557719051842,226.81239960412879
2024-08-01,2024-08-01,94.38600158691406,2024-08-01,31.683000564575195,2024-07-29,591.714155780746,2024-07-29,127.633971374478,2024-08-01,11.522,1087.515510284424,365.0515325050354,225.72461209665633,226.81239960412879
2024-08-02,2024-08-02,90.7040023803711,2024-08-02,30.60199928283691,2024-07-29,591.714155780746,2024-07-29,127.633971374478,2024-08-02,11.5843,1050.7423747749328,354.50274029216763,218.16164886264636,226.81239960412879
2024-08-05,2024-08-05,88.63400268554688,2024-08-05,29.57900047302246,2024-08-05,555.506104822715,2024-08-05,119.924116250471,2024-08-05,11.534,1022.3045869750977,341.1641914558411,212.11190900004118,212.94345458035005
2024-08-06,2024-08-06,89.3280029296875,2024-08-06,29.757999420166016,2024-08-05,555.506104822715,2024-08-05,119.924116250471,2024-08-06,11.559,1032.5423858642578,343.9727152976989,214.21249090188255,212.94345458035005
2024-08-07,2024-08-07,90.66999816894533,2024-08-07,30.468000411987305,2024-08-05,555.506104822715,2024-08-05,119.924116250471,2024-08-07,11.4235,1035.768724082947,348.051202706337,214.9984047649525,212.94345458035005
2024-08-08,2024-08-08,90.6439971923828,2024-08-08,30.74799919128418,2024-08-05,555.506104822715,2024-08-05,119.924116250471,2024-08-08,11.4955,1041.9980697250364,353.4636247034073,216.42027082176676,212.94345458035005
2024-08-09,2024-08-09,91.00399780273438,2024-08-09,30.826000213623047,2024-08-05,555.506104822715,2024-08-05,119.924116250471,2024-08-09,11.4955,1046.136456741333,354.3602854557037,217.26012033771798,212.94345458035005
2024-08-12,2024-08-12,91.16799926757812,2024-08-12,31.0,2024-08-12,573.980511206962,2024-08-12,124.566194814699,2024-08-12,11.4935,1047.839399581909,356.2985,217.66662019872203,220.09121078481465
2024-08-13,2024-08-13,92.0719985961914,2024-08-13,31.1200008392334,2024-08-12,573.980511206962,2024-08-12,124.566194814699,2024-08-13,11.506,1059.3804158477783,358.0667296562195,219.98034595848117,220.09121078481465
2024-08-14,2024-08-14,92.30599975585938,2024-08-14,30.937000274658203,2024-08-12,573.980511206962,2024-08-12,124.566194814699,2024-08-14,11.4843,1060.0697929962157,355.2897922542572,220.0066786123104,220.09121078481465
2024-08-15,2024-08-15,93.91799926757812,2024-08-15,31.35099983215332,2024-08-12,573.980511206962,2024-08-12,124.566194814699,2024-08-15,11.5135,1081.3248845672608,360.95973656749726,224.36153206405498,220.09121078481465
2024-08-16,2024-08-16,94.052001953125,2024-08-16,31.57799911499023,2024-08-12,573.980511206962,2024-08-12,124.566194814699,2024-08-16,11.5435,1085.6892845458983,364.5206327838897,225.348747885611,220.09121078481465
2024-08-19,2024-08-19,94.2959976196289,2024-08-19,31.746000289916992,2024-08-19,577.948529517672,2024-08-19,125.356351876835,2024-08-19,11.4871,1083.1875542564392,364.6694799303055,224.86785732608374,221.6055785802271
2024-08-20,2024-08-20,94.10199737548828,2024-08-20,31.43600082397461,2024-08-19,577.948529517672,2024-08-19,125.356351876835,2024-08-20,11.3825,1071.1159851264954,357.820279378891,222.25372845232076,221.6055785802271
2024-08-21,2024-08-21,94.18399810791016,2024-08-21,31.49799919128418,2024-08-19,577.948529517672,2024-08-19,125.356351876835,2024-08-21,11.378,1071.6255304718018,358.3842347984314,222.37473869690368,221.6055785802271
2024-08-22,2024-08-22,94.3479995727539,2024-08-22,31.275999069213867,2024-08-19,577.948529517672,2024-08-19,125.356351876835,2024-08-22,11.392,1074.8124111328125,356.29618139648437,222.91365217053044,221.6055785802271
2024-08-23,2024-08-23,94.36599731445312,2024-08-23,31.49799919128418,2024-08-19,577.948529517672,2024-08-19,125.356351876835,2024-08-23,11.4355,1079.1223622894286,360.19536975193023,223.9034051197078,221.6055785802271
2024-08-26,2024-08-26,94.33000183105467,2024-08-26,31.256000518798828,2024-08-26,579.847571225257,2024-08-26,124.096365269534,2024-08-26,11.403,1075.6450108795166,356.41217391586304,223.08012140539728,222.16516442922628
2024-08-27,2024-08-27,94.38800048828124,2024-08-27,31.29599952697754,2024-08-26,579.847571225257,2024-08-26,124.096365269534,2024-08-27,11.3758,1073.7390159545896,356.0170314189911,222.6940082747618,222.16516442922628
2024-08-28,2024-08-28,94.37000274658205,2024-08-28,31.270000457763672,2024-08-26,579.847571225257,2024-08-26,124.096365269534,2024-08-28,11.335,1069.6839811325076,354.4454551887512,221.84417985492627,222.16516442922628
2024-08-29,2024-08-29,95.44200134277344,2024-08-29,31.534000396728516,2024-08-26,579.847571225257,2024-08-26,124.096365269534,2024-08-29,11.3455,1082.837226234436,357.7690015010834,224.53189833204675,222.16516442922628
2024-08-30,2024-08-30,95.13200378417967,2024-08-30,31.496999740600582,2024-08-26,579.847571225257,2024-08-26,124.096365269534,2024-08-30,11.3355,1078.3688288955686,357.0342405595779,223.63413451164348,222.16516442922628
2024-09-02,2024-09-02,95.6999969482422,2024-09-02,31.45199966430664,2024-09-02,579.5325505626649,2024-09-02,124.68733762395698,2024-09-02,11.351,1086.2906653594973,357.0116481895447,225.17431075983322,222.11085038409394
2024-09-03,2024-09-03,94.77999877929688,2024-09-03,31.16699981689453,2024-09-02,579.5325505626649,2024-09-02,124.68733762395698,2024-09-03,11.372,1077.838146118164,354.4311219177246,223.42987204185212,222.11085038409394
2024-09-04,2024-09-04,93.63200378417967,2024-09-04,30.97599983215332,2024-09-02,579.5325505626649,2024-09-02,124.68733762395698,2024-09-04,11.411,1068.4347951812742,353.4671340847015,221.56320401167054,222.11085038409394
2024-09-05,2024-09-05,93.03199768066406,2024-09-05,30.891000747680664,2024-09-02,579.5325505626649,2024-09-02,124.68733762395698,2024-09-05,11.3995,1060.51825756073,352.1419630231857,219.9717516049197,222.11085038409394
2024-09-06,2024-09-06,91.76599884033205,2024-09-06,30.437000274658203,2024-09-02,579.5325505626649,2024-09-02,124.68733762395698,2024-09-06,11.3698,1043.3610536148074,346.0626057228088,216.3981802595594,222.11085038409394
2024-09-09,2024-09-09,92.83999633789062,2024-09-09,30.719999313354492,2024-09-09,577.029965455393,2024-09-09,122.766963647689,2024-09-09,11.455,1063.482158050537,351.8975921344757,220.53884190162876,221.01237503684152
2024-09-10,2024-09-10,93.01200103759766,2024-09-10,30.618000030517575,2024-09-09,577.029965455393,2024-09-09,122.766963647689,2024-09-10,11.4355,1063.6387378654479,350.1321393489837,220.5007841751508,221.01237503684152
2024-09-11,2024-09-11,92.58799743652344,2024-09-11,30.59000015258789,2024-09-09,577.029965455393,2024-09-09,122.766963647689,2024-09-11,11.435,1058.7437506866456,349.79665174484256,219.53553072636188,221.01237503684152
2024-09-12,2024-09-12,94.302001953125,2024-09-12,30.954999923706055,2024-09-09,577.029965455393,2024-09-09,122.766963647689,2024-09-12,11.414,1076.3630502929686,353.3203691291809,223.09980973254295,221.01237503684152
2024-09-13,2024-09-13,94.98600006103516,2024-09-13,31.179000854492188,2024-09-09,577.029965455393,2024-09-09,122.766963647689,2024-09-13,11.3635,1079.373411693573,354.302576210022,223.72354190101169,221.01237503684152
2024-09-16,2024-09-16,94.5459976196289,2024-09-16,31.086000442504883,2024-09-16,580.066455305026,2024-09-16,123.198186779396,2024-09-16,11.3195,1070.2134200553894,351.877982008934,221.84752870422835,222.1537438640673
2024-09-17,2024-09-17,95.14800262451172,2024-09-17,31.250999450683594,2024-09-16,580.066455305026,2024-09-16,123.198186779396,2024-09-17,11.3245,1077.503555721283,353.9019432792664,223.3442458791468,222.1537438640673
2024-09-18,2024-09-18,94.64600372314452,2024-09-18,31.117000579833984,2024-09-16,580.066455305026,2024-09-16,123.198186779396,2024-09-18,11.324,1071.7713461608885,352.36891456604,222.1696488375206,222.1537438640673
2024-09-19,2024-09-19,95.99600219726562,2024-09-19,31.55699920654297,2024-09-16,580.066455305026,2024-09-16,123.198186779396,2024-09-19,11.3175,1086.4347548675537,357.14633852005005,225.20756818045447,222.1537438640673
2024-09-20,2024-09-20,95.35800170898438,2024-09-20,31.52899932861328,2024-09-16,580.066455305026,2024-09-16,123.198186779396,2024-09-20,11.381,1085.269417449951,358.8315413589478,225.04627545533077,222.1537438640673
2024-09-23,2024-09-23,96.02400207519533,2024-09-23,31.871999740600582,2024-09-23,586.5012496976649,2024-09-23,127.385287744951,2024-09-23,11.362,1091.0247115783693,362.1296610527038,226.29386670723815,224.90251916865387
2024-09-24,2024-09-24,96.05799865722656,2024-09-24,32.5890007019043,2024-09-23,586.5012496976649,2024-09-23,127.385287744951,2024-09-24,11.2935,1084.8310078353882,368.04387942695615,225.31852321500133,224.90251916865387
2024-09-25,2024-09-25,96.08200073242188,2024-09-25,32.53499984741211,2024-09-23,586.5012496976649,2024-09-23,127.385287744951,2024-09-25,11.311,1086.7835102844238,368.0033832740784,225.69677634250428,224.90251916865387
2024-09-26,2024-09-26,96.30799865722656,2024-09-26,33.36899948120117,2024-09-23,586.5012496976649,2024-09-23,127.385287744951,2024-09-26,11.3,1088.2803848266603,377.06969413757326,226.33983203554175,224.90251916865387
2024-09-27,2024-09-27,96.66200256347656,2024-09-27,33.41699981689453,2024-09-23,586.5012496976649,2024-09-23,127.385287744951,2024-09-27,11.273,1089.6707548980712,376.709838935852,226.59633787375014,224.90251916865387
2024-09-30,2024-09-30,96.39600372314452,2024-09-30,33.066001892089844,2024-09-30,593.171181793356,2024-09-30,131.58150633559,2024-09-30,11.3,1089.2748420715332,373.64582138061525,226.40040493802013,227.7372314289729
2024-10-01,2024-10-01,96.58999633789062,2024-10-01,33.233001708984375,2024-09-30,593.171181793356,2024-09-30,131.58150633559,2024-10-01,11.3145,1092.8675135650635,376.0147978363037,227.19123601061347,227.7372314289729
2024-10-02,2024-10-02,96.91200256347656,2024-10-02,33.832000732421875,2024-09-30,593.171181793356,2024-09-30,131.58150633559,2024-10-02,11.3495,1099.9027730941773,383.9762923126221,228.86880833598946,227.7372314289729
2024-10-03,2024-10-03,96.70600128173828,2024-10-03,33.652000427246094,2024-09-30,593.171181793356,2024-09-30,131.58150633559,2024-10-03,11.361,1098.6768805618287,382.3203768539429,228.56606624947574,227.7372314289729
2024-10-04,2024-10-04,97.2979965209961,2024-10-04,33.92100143432617,2024-09-30,593.171181793356,2024-09-30,131.58150633559,2024-10-04,11.3375,1103.1160355567933,384.57935376167296,229.5172966006129,227.7372314289729
2024-10-07,2024-10-07,97.59200286865234,2024-10-07,34.194000244140625,2024-10-07,599.528060065524,2024-10-07,132.786474804282,2024-10-07,11.366,1109.2307046051026,388.6490067749023,230.86474123667364,230.15715276795058
2024-10-08,2024-10-08,97.50599670410156,2024-10-08,33.48899841308594,2024-10-07,599.528060065524,2024-10-07,132.786474804282,2024-10-08,11.349,1106.5955565948486,380.0666429901123,230.0190366666564,230.15715276795058
2024-10-09,2024-10-09,98.29199981689452,2024-10-09,33.5,2024-10-07,599.528060065524,2024-10-07,132.786474804282,2024-10-09,11.362,1116.7937019195556,380.627,232.02465288770205,230.15715276795058
2024-10-10,2024-10-10,98.4520034790039,2024-10-10,33.55099868774414,2024-10-07,599.528060065524,2024-10-07,132.786474804282,2024-10-10,11.3655,1118.956245540619,381.32387558555604,232.4723833445685,230.15715276795058
2024-10-11,2024-10-11,98.81999969482422,2024-10-11,33.69300079345703,2024-10-07,599.528060065524,2024-10-07,132.786474804282,2024-10-11,11.354,1122.002276535034,382.5503310089111,233.11253372569905,230.15715276795058
2024-10-14,2024-10-14,99.63400268554688,2024-10-14,33.702999114990234,2024-10-14,605.732713363298,2024-10-14,132.54821996513,2024-10-14,11.3735,1133.1873295440673,383.3210604343414,235.31829996121934,232.3765176371424
2024-10-15,2024-10-15,99.40599822998048,2024-10-15,33.22600173950195,2024-10-14,605.732713363298,2024-10-14,132.54821996513,2024-10-15,11.301,1123.3871859970095,375.4870456581116,233.10781590178266,232.3765176371424
2024-10-16,2024-10-16,99.35399627685548,2024-10-16,33.50699996948242,2024-10-14,605.732713363298,2024-10-14,132.54821996513,2024-10-16,11.346,1127.2704417572022,380.17042165374755,234.0449972856243,232.3765176371424
2024-10-17,2024-10-17,100.2249984741211,2024-10-17,33.494998931884766,2024-10-14,605.732713363298,2024-10-14,132.54821996513,2024-10-17,11.418,1144.3690325775146,382.44589780426026,237.45953713502038,232.3765176371424
2024-10-18,2024-10-18,100.12000274658205,2024-10-18,33.685001373291016,2024-10-14,605.732713363298,2024-10-14,132.54821996513,2024-10-18,11.4205,1143.4204913673402,384.69955818367004,237.36248021972673,232.3765176371424
2024-10-21,2024-10-21,99.73200225830078,2024-10-21,33.32600021362305,2024-10-21,615.409561581603,2024-10-21,133.74839884321702,2024-10-21,11.4275,1139.6874558067323,380.83286744117737,236.48621722649943,235.99634212917553
2024-10-22,2024-10-22,99.86199951171876,2024-10-22,33.39400100708008,2024-10-21,615.409561581603,2024-10-21,133.74839884321702,2024-10-22,11.4005,1138.4767254333497,380.7083084812164,236.24585690618613,235.99634212917553
2024-10-23,2024-10-23,99.53199768066406,2024-10-23,33.349998474121094,2024-10-21,615.409561581603,2024-10-21,133.74839884321702,2024-10-23,11.412,1135.8591575317384,380.5901825866699,235.73207091519242,235.99634212917553
2024-10-24,2024-10-24,99.39199829101562,2024-10-24,33.10200119018555,2024-10-21,615.409561581603,2024-10-21,133.74839884321702,2024-10-24,11.419,1134.9572284851074,377.99175159072877,235.45577098345342,235.99634212917553
2024-10-25,2024-10-25,99.73999786376952,2024-10-25,33.2140007019043,2024-10-21,615.409561581603,2024-10-21,133.74839884321702,2024-10-25,11.4475,1141.7736255455015,380.21727303504946,236.8681532867889,235.99634212917553
2024-10-28,2024-10-28,99.68000030517578,2024-10-28,33.263999938964844,2024-10-28,620.4540309146461,2024-10-28,134.62113770011698,2024-10-28,11.471,1143.4292835006713,381.5713432998657,237.24278395988208,237.90824385941022
2024-10-29,2024-10-29,99.76000213623048,2024-10-29,33.25199890136719,2024-10-28,620.4540309146461,2024-10-28,134.62113770011698,2024-10-29,11.517,1148.9359446029664,382.96327134704586,238.36802839769314,237.90824385941022
2024-10-30,2024-10-30,99.26200103759766,2024-10-30,32.77799987792969,2024-10-28,620.4540309146461,2024-10-28,134.62113770011698,2024-10-30,11.566,1148.0643040008545,379.1103465881348,238.04893340551297,237.90824385941022
2024-10-31,2024-10-31,97.5719985961914,2024-10-31,32.540000915527344,2024-10-28,620.4540309146461,2024-10-28,134.62113770011698,2024-10-31,11.6308,1134.840401272583,378.4662426483155,235.45145940523628,237.90824385941022
2024-11-01,2024-11-01,98.29399871826172,2024-11-01,32.86899948120117,2024-10-28,620.4540309146461,2024-10-28,134.62113770011698,2024-11-01,11.6115,1141.3407661170959,381.6583874759674,236.83987807203962,237.90824385941022
2024-11-04,2024-11-04,97.4800033569336,2024-11-04,32.9010009765625,2024-11-04,619.7828449900489,2024-11-04,135.60045602747698,2024-11-04,11.6445,1135.1058990898132,383.11570587158207,235.6835538568241,237.76430891266958
2024-11-05,2024-11-05,97.95800018310548,2024-11-05,33.1150016784668,2024-11-04,619.7828449900489,2024-11-04,135.60045602747698,2024-11-05,11.6665,1142.8270091362,386.33616708183285,237.31054585884874,237.76430891266958
2024-11-06,2024-11-06,101.0250015258789,2024-11-06,33.20800018310547,2024-11-04,619.7828449900489,2024-11-04,135.60045602747698,2024-11-06,11.6515,1177.092805278778,386.92301413345336,243.99912561687339,237.76430891266958
2024-11-07,2024-11-07,101.625,2024-11-07,33.70500183105469,2024-11-04,619.7828449900489,2024-11-04,135.60045602747698,2024-11-07,11.599,1178.7483750000001,390.9443162384033,244.47725489989574,237.76430891266958
2024-11-08,2024-11-08,102.3550033569336,2024-11-08,33.14400100708008,2024-11-04,619.7828449900489,2024-11-04,135.60045602747698,2024-11-08,11.59,1186.2944889068604,384.1389716720581,245.68110107420958,237.76430891266958
2024-11-11,2024-11-11,103.49500274658205,2024-11-11,33.178001403808594,2024-11-11,645.566778611329,2024-11-11,133.787390066933,2024-11-11,11.592,1199.7140718383791,384.5993922729492,248.30951240909081,246.90407809901643
2024-11-12,2024-11-12,103.13999938964844,2024-11-12,32.70800018310547,2024-11-11,645.566778611329,2024-11-11,133.787390066933,2024-11-12,11.542,1190.4418729553222,377.5157381134033,246.2308522771127,246.90407809901643
2024-11-13,2024-11-13,103.5250015258789,2024-11-13,32.604000091552734,2024-11-11,645.566778611329,2024-11-11,133.787390066933,2024-11-13,11.5895,1199.8030051841736,377.8640590610504,248.06541325619392,246.90407809901643
2024-11-14,2024-11-14,103.4250030517578,2024-11-14,32.540000915527344,2024-11-11,645.566778611329,2024-11-11,133.787390066933,2024-11-14,11.603,1200.0403104095458,377.5616306228638,248.09983948220827,246.90407809901643
2024-11-15,2024-11-15,102.0749969482422,2024-11-15,32.47100067138672,2024-11-11,645.566778611329,2024-11-11,133.787390066933,2024-11-15,11.5905,1183.1002521286014,376.35513328170777,244.75762660283033,246.90407809901643
2024-11-18,2024-11-18,102.3949966430664,2024-11-18,32.689998626708984,2024-11-18,641.416986707789,2024-11-18,133.247133758905,2024-11-18,11.6,1187.7819610595702,379.20398406982423,245.77893464618143,245.34918424343547
2024-11-19,2024-11-19,102.3000030517578,2024-11-19,32.76100158691406,2024-11-18,641.416986707789,2024-11-18,133.247133758905,2024-11-19,11.584,1185.0432353515623,379.50344238281247,245.2577860709288,245.34918424343547
2024-11-20,2024-11-20,102.36000061035156,2024-11-20,32.71500015258789,2024-11-18,641.416986707789,2024-11-18,133.247133758905,2024-11-20,11.605,1187.88780708313,379.6575767707825,245.81712913539252,245.34918424343547
2024-11-21,2024-11-21,103.66000366210938,2024-11-21,32.83000183105469,2024-11-18,641.416986707789,2024-11-18,133.247133758905,2024-11-21,11.607,1203.1816625061035,381.05783125305175,248.84662213906674,245.34918424343547
2024-11-22,2024-11-22,104.9000015258789,2024-11-22,33.1349983215332,2024-11-18,641.416986707789,2024-11-18,133.247133758905,2024-11-22,11.553,1211.909717628479,382.8086356086731,250.61245982038884,245.34918424343547
2024-11-25,2024-11-25,104.6449966430664,2024-11-25,32.97600173950195,2024-11-25,654.413984817083,2024-11-25,133.195687005391,2024-11-25,11.503,1203.731396385193,379.322948009491,248.88623198641847,250.04326107418007
2024-11-26,2024-11-26,104.80999755859376,2024-11-26,32.93600082397461,2024-11-25,654.413984817083,2024-11-25,133.195687005391,2024-11-26,11.523,1207.725601867676,379.5215374946594,249.6709412586174,250.04326107418007
2024-11-27,2024-11-27,103.94000244140624,2024-11-27,32.60900115966797,2024-11-25,654.413984817083,2024-11-25,133.195687005391,2024-11-27,11.529,1198.3242881469725,375.949174369812,247.70343799232091,250.04326107418007
2024-11-28,2024-11-28,104.43000030517578,2024-11-28,32.527000427246094,2024-11-25,654.413984817083,2024-11-25,133.195687005391,2024-11-28,11.5375,1204.8611285209656,375.2802674293518,248.94910417532424,250.04326107418007
2024-11-29,2024-11-29,104.80500030517578,2024-11-29,32.79800033569336,2024-11-25,654.413984817083,2024-11-25,133.195687005391,2024-11-29,11.518,1207.1439935150147,377.7673678665161,249.48971999203215,250.04326107418007
2024-12-02,2024-12-02,105.70500183105467,2024-12-02,33.04399871826172,2024-12-02,661.085226743898,2024-12-02,134.465484112427,2024-12-02,11.527,1218.461556106567,380.8981732254028,251.81285861653316,252.5833819525877
2024-12-03,2024-12-03,105.62999725341795,2024-12-03,33.07699966430664,2024-12-02,661.085226743898,2024-12-02,134.465484112427,2024-12-03,11.5755,1222.7200332069394,382.8828096141815,252.7182940737507,252.5833819525877
2024-12-04,2024-12-04,105.9749984741211,2024-12-04,33.16999816894531,2024-12-02,661.085226743898,2024-12-02,134.465484112427,2024-12-04,11.548,1223.7992823791503,383.04713885498046,252.9346205458321,252.5833819525877
2024-12-05,2024-12-05,105.84500122070312,2024-12-05,33.25699996948242,2024-12-02,661.085226743898,2024-12-02,134.465484112427,2024-12-05,11.5095,1218.2230415496824,382.7714411487579,251.83916171523572,252.5833819525877
2024-12-06,2024-12-06,105.8949966430664,2024-12-06,33.2130012512207,2024-12-02,661.085226743898,2024-12-02,134.465484112427,2024-12-06,11.523,1220.228046318054,382.7134134178161,252.2269478357657,252.5833819525877
2024-12-09,2024-12-09,105.5500030517578,2024-12-09,33.87099838256836,2024-12-09,657.573418847569,2024-12-09,135.766120086525,2024-12-09,11.536,1217.624835205078,390.7358373413086,252.03189098838533,251.44477433170022
2024-12-10,2024-12-10,105.75499725341795,2024-12-10,33.49599838256836,2024-12-09,657.573418847569,2024-12-09,135.766120086525,2024-12-10,11.5335,1219.725260822296,386.3260973453522,252.26934876655508,251.44477433170022
2024-12-11,2024-12-11,106.37000274658205,2024-12-11,33.6150016784668,2024-12-09,657.573418847569,2024-12-09,135.766120086525,2024-12-11,11.5165,1225.0101366310123,387.1271668300629,253.32851746821882,251.44477433170022
2024-12-12,2024-12-12,106.1050033569336,2024-12-12,33.566001892089844,2024-12-09,657.573418847569,2024-12-09,135.766120086525,2024-12-12,11.5,1220.2075386047363,386.0090217590332,252.35086160877137,251.44477433170022
2024-12-13,2024-12-13,105.59500122070312,2024-12-13,33.47200012207031,2024-12-09,657.573418847569,2024-12-09,135.766120086525,2024-12-13,11.515,1215.9264390563965,385.43008140563967,251.49558068484006,251.44477433170022
2024-12-16,2024-12-16,105.79000091552734,2024-12-16,33.35499954223633,2024-12-16,654.168665583276,2024-12-16,133.276049655602,2024-12-16,11.4541,1211.729249486542,382.0515002567291,250.54796837097362,249.96266493920635
2024-12-17,2024-12-17,105.48500061035156,2024-12-17,33.191001892089844,2024-12-16,654.168665583276,2024-12-16,133.276049655602,2024-12-17,11.472,1210.123927001953,380.7671737060547,250.18583633950286,249.96266493920635
2024-12-18,2024-12-18,105.68499755859376,2024-12-18,33.2760009765625,2024-12-16,654.168665583276,2024-12-16,133.276049655602,2024-12-18,11.4895,1214.267779449463,382.3246132202148,251.0523940075994,249.96266493920635
2024-12-19,2024-12-19,104.00499725341795,2024-12-19,33.13100051879883,2024-12-16,654.168665583276,2024-12-16,133.276049655602,2024-12-19,11.4625,1192.1572810173034,379.7640934467316,246.6518136492234,249.96266493920635
2024-12-20,2024-12-20,104.23999786376952,2024-12-20,33.02000045776367,2024-12-16,654.168665583276,2024-12-16,133.276049655602,2024-12-20,11.476,1196.258215484619,378.9375252532959,247.41749859204188,249.96266493920635
2024-12-23,2024-12-23,104.0,2024-12-23,33.051998138427734,2024-12-23,649.414869956012,2024-12-23,133.29083674643198,2024-12-23,11.484,1194.336,379.5691466217041,247.06807893924952,248.24534813681035
2024-12-24,2024-12-23,104.0,2024-12-23,33.051998138427734,2024-12-23,649.414869956012,2024-12-23,133.29083674643198,2024-12-24,11.5335,1199.484,381.2052205295563,248.133027555367,248.24534813681035
2024-12-25,2024-12-23,104.0,2024-12-23,33.051998138427734,2024-12-23,649.414869956012,2024-12-23,133.29083674643198,2024-12-24,11.5335,1199.484,381.2052205295563,248.133027555367,248.24534813681035
2024-12-26,2024-12-23,104.0,2024-12-23,33.051998138427734,2024-12-23,649.414869956012,2024-12-23,133.29083674643198,2024-12-24,11.5335,1199.484,381.2052205295563,248.133027555367,248.24534813681035
2024-12-27,2024-12-27,104.55999755859376,2024-12-27,32.91999816894531,2024-12-23,649.414869956012,2024-12-23,133.29083674643198,2024-12-27,11.4795,1200.2964919738772,377.90511898040774,248.1630059193597,248.24534813681035
2024-12-30,2024-12-30,103.58999633789062,2024-12-30,32.73699951171875,2024-12-30,642.6092259645769,2024-12-30,132.42122501334595,2024-12-30,11.4865,1189.8864929351805,376.0335448913574,246.0652887243355,245.6969819857643
2024-12-31,2024-12-30,103.58999633789062,2024-12-30,32.73699951171875,2024-12-30,642.6092259645769,2024-12-30,132.42122501334595,2024-12-31,11.459,1187.0377680358886,375.13327740478513,245.47618016734077,245.6969819857643
2025-01-01,2024-12-30,103.58999633789062,2024-12-30,32.73699951171875,2024-12-30,642.6092259645769,2024-12-30,132.42122501334595,2024-12-31,11.459,1187.0377680358886,375.13327740478513,245.47618016734077,245.6969819857643
2025-01-02,2025-01-02,105.36499786376952,2025-01-02,33.26900100708008,2024-12-30,642.6092259645769,2024-12-30,132.42122501334595,2025-01-02,11.4223,1203.5106150993345,380.0085102031708,248.86988969416822,245.6969819857643
2025-01-03,2025-01-03,105.16999816894533,2025-01-03,33.2400016784668,2024-12-30,642.6092259645769,2024-12-30,132.42122501334595,2025-01-03,11.4395,1203.0921940536502,380.24899920082095,248.79782670973003,245.6969819857643
2025-01-06,2025-01-06,105.76000213623048,2025-01-06,33.17900085449219,2025-01-06,649.363602412541,2025-01-06,133.578958022812,2025-01-06,11.4645,1212.4855444908144,380.38065529632564,250.630246366894,248.25586223684834
2025-01-07,2025-01-07,105.00499725341795,2025-01-07,33.069000244140625,2025-01-06,649.363602412541,2025-01-06,133.578958022812,2025-01-07,11.475,1204.932343482971,379.4667778015137,249.1254370482855,248.25586223684834
2025-01-08,2025-01-08,105.08000183105467,2025-01-08,32.941001892089844,2025-01-06,649.363602412541,2025-01-06,133.578958022812,2025-01-08,11.5125,1209.7335210800168,379.2332842826843,250.05035923799022,248.25586223684834
2025-01-09,2025-01-09,105.18499755859376,2025-01-09,32.935001373291016,2025-01-06,649.363602412541,2025-01-06,133.578958022812,2025-01-09,11.4945,1209.048954437256,378.5713732852936,249.89150002339895,248.25586223684834
2025-01-10,2025-01-10,104.1449966430664,2025-01-10,32.520999908447266,2025-01-06,649.363602412541,2025-01-06,133.578958022812,2025-01-10,11.497,1197.3550264053345,373.8939359474182,247.4351210835447,248.25586223684834
2025-01-13,2025-01-13,104.01499938964844,2025-01-13,32.30400085449219,2025-01-13,646.162781066331,2025-01-13,131.323438091839,2025-01-13,11.5055,1196.7445754776002,371.67368183135983,247.23020017701575,246.87113679604096
2025-01-14,2025-01-14,103.8249969482422,2025-01-14,32.446998596191406,2025-01-13,646.162781066331,2025-01-13,131.323438091839,2025-01-14,11.512,1195.2333648681642,373.5298478393555,247.00825905766527,246.87113679604096
2025-01-15,2025-01-15,105.45999908447266,2025-01-15,32.8129997253418,2025-01-13,646.162781066331,2025-01-13,131.323438091839,2025-01-15,11.5015,1212.9481794700623,377.39871634101866,250.60451419597274,246.87113679604096
2025-01-16,2025-01-16,105.79000091552734,2025-01-16,32.861000061035156,2025-01-13,646.162781066331,2025-01-13,131.323438091839,2025-01-16,11.485,1214.9981605148314,377.40858570098874,251.00368475395976,246.87113679604096
2025-01-17,2025-01-17,106.70500183105467,2025-01-17,33.15599822998047,2025-01-13,646.162781066331,2025-01-13,131.323438091839,2025-01-17,11.506,1227.7477510681151,381.4929156341553,253.64240554040575,246.87113679604096
2025-01-20,2025-01-20,106.21499633789062,2025-01-20,33.18600082397461,2025-01-20,660.3249764875991,2025-01-20,132.821681700147,2025-01-20,11.4945,1220.8882754058839,381.45648647117616,252.3066021447982,252.14276063971286
2025-01-21,2025-01-21,106.27999877929688,2025-01-21,32.90599822998047,2025-01-20,660.3249764875991,2025-01-20,132.821681700147,2025-01-21,11.475,1219.5629859924315,377.5963296890259,251.8989771300575,252.14276063971286
2025-01-22,2025-01-22,107.18499755859376,2025-01-22,32.88199996948242,2025-01-20,660.3249764875991,2025-01-20,132.821681700147,2025-01-22,11.467,1229.0903670043947,377.05789365005495,253.73146366011534,252.14276063971286
2025-01-23,2025-01-23,107.31999969482422,2025-01-23,32.96500015258789,2025-01-20,660.3249764875991,2025-01-20,132.821681700147,2025-01-23,11.4685,1230.7994165000916,378.05910424995426,254.10278616174145,252.14276063971286
2025-01-24,2025-01-24,106.83999633789062,2025-01-24,32.9109992980957,2025-01-20,660.3249764875991,2025-01-20,132.821681700147,2025-01-24,11.459,1224.2795180358887,377.12714095687863,252.79828564960067,252.14276063971286
2025-01-27,2025-01-27,105.1050033569336,2025-01-27,32.244998931884766,2025-01-27,662.600492116764,2025-01-27,132.610398168774,2025-01-27,11.496,1208.2871185913086,370.68850772094726,249.43736283488045,252.94420495463777
2025-01-28,2025-01-28,106.43499755859376,2025-01-28,32.409000396728516,2025-01-27,662.600492116764,2025-01-27,132.610398168774,2025-01-28,11.478,1221.6609019775392,371.9905065536499,252.08952648991888,252.94420495463777
2025-01-29,2025-01-29,106.8249969482422,2025-01-29,32.9010009765625,2025-01-27,662.600492116764,2025-01-27,132.610398168774,2025-01-29,11.4555,1223.7337525405885,376.89741668701174,252.68320099035364,252.94420495463777
2025-01-30,2025-01-30,107.12000274658205,2025-01-30,33.279998779296875,2025-01-27,662.600492116764,2025-01-27,132.610398168774,2025-01-30,11.47,1228.666431503296,381.7215859985352,253.82999329809573,252.94420495463777
2025-01-31,2025-01-31,108.18000030517578,2025-01-31,33.395999908447266,2025-01-27,662.600492116764,2025-01-27,132.610398168774,2025-01-31,11.474,1241.2573235015868,383.18570294952394,256.3361511262614,252.94420495463777
2025-02-03,2025-02-03,107.20500183105467,2025-02-03,33.28200149536133,2025-02-03,658.344076611878,2025-02-03,134.00602390661498,2025-02-03,11.481,1230.8206260223387,382.1106591682434,254.26415371473104,251.5459506468628
2025-02-04,2025-02-04,107.19499969482422,2025-02-04,33.494998931884766,2025-02-03,658.344076611878,2025-02-03,134.00602390661498,2025-02-04,11.418,1223.9525065155028,382.44589780426026,252.9410933100244,251.5459506468628
2025-02-05,2025-02-05,106.95500183105467,2025-02-05,33.268001556396484,2025-02-03,658.344076611878,2025-02-03,134.00602390661498,2025-02-05,11.3583,1214.8269972976682,377.8679420780182,250.98821568799616,251.5459506468628
2025-02-06,2025-02-06,108.13999938964844,2025-02-06,33.49399948120117,2025-02-03,658.344076611878,2025-02-03,134.00602390661498,2025-02-06,11.321,1224.25293309021,379.18556812667845,252.8730019683907,251.5459506468628
2025-02-07,2025-02-07,107.875,2025-02-07,33.64099884033203,2025-02-03,658.344076611878,2025-02-03,134.00602390661498,2025-02-07,11.2865,1217.5311875,379.68913341140745,251.58494880745494,251.5459506468628
2025-02-10,2025-02-10,108.55500030517578,2025-02-10,33.983001708984375,2025-02-10,657.3879626624409,2025-02-10,134.271391655072,2025-02-10,11.2765,1224.1204609413148,383.2093187713623,253.00339438338654,251.2270094536206
2025-02-11,2025-02-11,108.3000030517578,2025-02-11,33.82099914550781,2025-02-10,657.3879626624409,2025-02-10,134.271391655072,2025-02-11,11.2525,1218.6457843399046,380.57079288482663,251.83599126517407,251.2270094536206
2025-02-12,2025-02-12,107.5500030517578,2025-02-12,33.763999938964844,2025-02-10,657.3879626624409,2025-02-10,134.271391655072,2025-02-12,11.2895,1214.1857594528196,381.1786773109436,250.9919644787827,251.2270094536206
2025-02-13,2025-02-13,108.1050033569336,2025-02-13,33.80699920654297,2025-02-10,657.3879626624409,2025-02-10,134.271391655072,2025-02-13,11.2815,1219.5865953712462,381.3936615486145,252.0509450874725,251.2270094536206
2025-02-14,2025-02-14,107.87000274658205,2025-02-14,33.75,2025-02-10,657.3879626624409,2025-02-10,134.271391655072,2025-02-14,11.2445,1212.944245883942,379.50187500000004,250.68537297341155,251.2270094536206
2025-02-17,2025-02-17,108.41500091552734,2025-02-17,34.05699920654297,2025-02-17,657.237135399215,2025-02-17,136.63070118213102,2025-02-17,11.216,1215.9826502685546,381.9833031005859,251.37274546055144,251.41035979852546
2025-02-18,2025-02-18,108.4800033569336,2025-02-18,34.25,2025-02-17,657.237135399215,2025-02-17,136.63070118213102,2025-02-18,11.2115,1216.223557636261,383.99387499999995,251.49764040198886,251.41035979852546
2025-02-19,2025-02-19,108.81500244140624,2025-02-19,34.316001892089844,2025-02-17,657.237135399215,2025-02-17,136.63070118213102,2025-02-19,11.214,1220.2514373779295,384.8196452178955,252.31324140860858,251.41035979852546
2025-02-20,2025-02-20,107.73500061035156,2025-02-20,34.34600067138672,2025-02-17,657.237135399215,2025-02-17,136.63070118213102,2025-02-20,11.166,1202.9690168151856,383.5074434967041,248.9003256002785,251.41035979852546
2025-02-21,2025-02-21,107.8499984741211,2025-02-21,34.61800003051758,2025-02-17,657.237135399215,2025-02-17,136.63070118213102,2025-02-21,11.1425,1201.7186079978942,385.7310653400421,248.74337988398477,251.41035979852546
2025-02-24,2025-02-24,106.68000030517578,2025-02-24,33.90299987792969,2025-02-24,635.3558708143951,2025-02-24,133.289176441497,2025-02-24,11.153,1189.8020434036255,378.1201576385498,246.12984239979596,243.16193386301634
2025-02-25,2025-02-25,105.03500366210938,2025-02-25,33.65999984741211,2025-02-24,635.3558708143951,2025-02-24,133.289176441497,2025-02-25,11.1455,1170.66763331604,375.15752829933166,242.2926014015276,243.16193386301634
2025-02-26,2025-02-26,106.38999938964844,2025-02-26,34.172000885009766,2025-02-24,635.3558708143951,2025-02-24,133.289176441497,2025-02-26,11.143,1185.5037631988525,380.77860586166383,245.3968629487705,243.16193386301634
2025-02-27,2025-02-27,106.59500122070312,2025-02-27,33.972999572753906,2025-02-24,635.3558708143951,2025-02-24,133.289176441497,2025-02-27,11.159,1189.4936186218263,379.10470223236086,246.10805418049026,243.16193386301634
2025-02-28,2025-02-28,105.5250015258789,2025-02-28,33.167999267578125,2025-02-24,635.3558708143951,2025-02-24,133.289176441497,2025-02-28,11.188,1180.6137170715333,371.0835758056641,244.06932507394666,243.16193386301634
2025-03-03,2025-03-03,105.76499938964844,2025-03-03,33.07400131225586,2025-03-03,616.0496044926899,2025-03-03,129.153672478406,2025-03-03,11.15,1179.27974319458,368.77511463165285,243.72023225180578,235.76448279357783
2025-03-04,2025-03-04,102.33499908447266,2025-03-04,32.56399917602539,2025-03-03,616.0496044926899,2025-03-03,129.153672478406,2025-03-04,11.0995,1135.8673223381043,361.44410885429386,234.99059647593157,235.76448279357783
2025-03-05,2025-03-05,100.7750015258789,2025-03-05,32.698001861572266,2025-03-03,616.0496044926899,2025-03-03,129.153672478406,2025-03-05,11.0125,1109.7847043037414,360.0867455005646,229.86400528722316,235.76448279357783
2025-03-06,2025-03-06,100.9749984741211,2025-03-06,32.82500076293945,2025-03-03,616.0496044926899,2025-03-03,129.153672478406,2025-03-06,10.962,1106.8879332733154,359.82765836334227,229.290434536997,235.76448279357783
2025-03-07,2025-03-07,99.14800262451172,2025-03-07,32.53099822998047,2025-03-03,616.0496044926899,2025-03-03,129.153672478406,2025-03-07,10.9715,1087.8023107948304,356.9138470802307,225.4645789425356,235.76448279357783
2025-03-10,2025-03-10,98.37999725341795,2025-03-10,32.14799880981445,2025-03-10,570.29059975581,2025-03-10,124.855057607476,2025-03-10,10.9695,1079.1793798713682,352.6474729442596,223.6215615724071,218.7861921122165
2025-03-11,2025-03-11,96.4540023803711,2025-03-11,31.91699981689453,2025-03-10,570.29059975581,2025-03-10,124.855057607476,2025-03-11,10.9815,1059.2096271400453,350.4965334892273,219.6533212874749,218.7861921122165
2025-03-12,2025-03-12,97.43199920654295,2025-03-12,32.172000885009766,2025-03-10,570.29059975581,2025-03-10,124.855057607476,2025-03-12,10.9765,1069.4623392906187,353.1359677143097,221.75024190020883,218.7861921122165
2025-03-13,2025-03-13,96.76399993896484,2025-03-13,32.18199920654297,2025-03-10,570.29059975581,2025-03-10,124.855057607476,2025-03-13,11.07,1071.1774793243408,356.2547312164307,222.20493183850664,218.7861921122165
2025-03-14,2025-03-14,97.88200378417967,2025-03-14,32.6349983215332,2025-03-10,570.29059975581,2025-03-10,124.855057607476,2025-03-14,11.0538,1081.9680934295654,360.7407444465637,224.47815783719318,218.7861921122165
2025-03-17,2025-03-17,98.2519989013672,2025-03-17,33.020999908447266,2025-03-17,578.9129000064339,2025-03-17,129.27217133852798,2025-03-17,11.0225,1082.98265789032,363.97397149086004,224.80100555022787,222.3490854332212
2025-03-18,2025-03-18,97.85199737548828,2025-03-18,32.98500061035156,2025-03-17,578.9129000064339,2025-03-17,129.27217133852798,2025-03-18,10.997,1076.0784151382445,362.7360517120361,223.4098634307074,222.3490854332212
2025-03-19,2025-03-19,98.86799621582033,2025-03-19,33.145999908447266,2025-03-17,578.9129000064339,2025-03-17,129.27217133852798,2025-03-19,11.0025,1087.7951283645632,364.68886399269104,225.76493161088132,222.3490854332212
2025-03-20,2025-03-20,99.22799682617188,2025-03-20,32.98500061035156,2025-03-17,578.9129000064339,2025-03-17,129.27217133852798,2025-03-20,11.0295,1094.4351909942627,363.80806423187255,227.0224542560295,222.3490854332212
2025-03-21,2025-03-21,98.90799713134766,2025-03-21,32.99300003051758,2025-03-17,578.9129000064339,2025-03-17,129.27217133852798,2025-03-21,10.933,1081.361132637024,360.7124693336487,224.3589869961056,222.3490854332212
2025-03-24,2025-03-24,100.68000030517578,2025-03-24,33.237998962402344,2025-03-24,590.02807252714,2025-03-24,127.337358330147,2025-03-24,10.957,1103.1507633438111,364.1887546310425,228.7326892519865,226.17286345729366
2025-03-25,2025-03-25,100.86499786376952,2025-03-25,33.124000549316406,2025-03-24,590.02807252714,2025-03-24,127.337358330147,2025-03-25,10.7975,1089.0898144340513,357.6563959312439,225.74385844782233,226.17286345729366
2025-03-26,2025-03-26,100.38500213623048,2025-03-26,33.04600143432617,2025-03-24,590.02807252714,2025-03-24,127.337358330147,2025-03-26,10.8395,1088.1232306556703,358.20213254737854,225.57700682462416,226.17286345729366
2025-03-27,2025-03-27,99.93599700927734,2025-03-27,33.1870002746582,2025-03-24,590.02807252714,2025-03-24,127.337358330147,2025-03-27,10.8235,1081.6572636299134,359.199497472763,224.35787531379185,226.17286345729366
2025-03-28,2025-03-28,97.81999969482422,2025-03-28,32.43299865722656,2025-03-24,590.02807252714,2025-03-24,127.337358330147,2025-03-28,10.82,1058.412396697998,350.9250454711914,219.51486484787975,226.17286345729366
2025-03-31,2025-03-31,97.1780014038086,2025-03-31,32.26900100708008,2025-03-31,571.982077170181,2025-03-31,124.556641575754,2025-03-31,10.849,1054.2841372299195,350.08639192581177,218.67923673788735,219.36768306059156
2025-04-01,2025-04-01,98.33599853515624,2025-04-01,32.564998626708984,2025-03-31,571.982077170181,2025-03-31,124.556641575754,2025-04-01,10.816,1063.60216015625,352.2230251464844,220.5748163041823,219.36768306059156
2025-04-02,2025-04-02,98.24400329589844,2025-04-02,32.4109992980957,2025-03-31,571.982077170181,2025-03-31,124.556641575754,2025-04-02,10.764,1057.4984514770508,348.8719964447021,219.25739375993612,219.36768306059156
2025-04-03,2025-04-03,93.41400146484376,2025-04-03,31.334999084472656,2025-03-31,571.982077170181,2025-03-31,124.556641575754,2025-04-03,10.7205,1001.4448027038575,335.9268576850891,207.85074528359172,219.36768306059156
2025-04-04,2025-04-04,89.05000305175781,2025-04-04,29.743999481201172,2025-03-31,571.982077170181,2025-03-31,124.556641575754,2025-04-04,10.974,977.2347334899903,326.41065030670165,202.77177903642757,219.36768306059156
2025-04-07,2025-04-07,86.69200134277344,2025-04-07,28.78499984741211,2025-04-07,511.79126940811096,2025-04-07,112.889152383206,2025-04-07,11.078,960.3739908752441,318.8802283096313,199.1995628990199,196.4283643251251
2025-04-08,2025-04-08,89.50800323486328,2025-04-08,29.194000244140625,2025-04-07,511.79126940811096,2025-04-07,112.889152383206,2025-04-08,10.9775,982.5741055107115,320.47713768005366,203.5801786007301,196.4283643251251
2025-04-09,2025-04-09,85.17400360107422,2025-04-09,27.981000900268555,2025-04-07,511.79126940811096,2025-04-07,112.889152383206,2025-04-09,11.0715,943.0039808692933,309.79165146732333,195.46780551954805,196.4283643251251
2025-04-10,2025-04-10,88.6240005493164,2025-04-10,28.98900032043457,2025-04-07,511.79126940811096,2025-04-07,112.889152383206,2025-04-10,11.019,976.5478620529175,319.42979453086855,202.36723201794032,196.4283643251251
2025-04-11,2025-04-11,87.8499984741211,2025-04-11,29.121000289916992,2025-04-07,511.79126940811096,2025-04-07,112.889152383206,2025-04-11,11.1198,976.8744130325317,323.81969902381894,202.60112975796952,196.4283643251251
2025-04-14,2025-04-14,90.26200103759766,2025-04-14,29.79400062561035,2025-04-14,543.162762661722,2025-04-14,118.24702991269,2025-04-14,11.0065,993.4687144203186,327.92766788578035,205.9886884146833,208.31143270321033
2025-04-15,2025-04-15,91.21399688720705,2025-04-15,30.11400032043457,2025-04-14,543.162762661722,2025-04-14,118.24702991269,2025-04-15,11.0611,1008.9271409690858,333.09396894435883,209.19635680074617,208.31143270321033
2025-04-16,2025-04-16,90.14600372314452,2025-04-16,29.79400062561035,2025-04-14,543.162762661722,2025-04-14,118.24702991269,2025-04-16,11.155,1005.5786715316771,332.35207697868344,208.51617837371168,208.31143270321033
2025-04-17,2025-04-17,89.2239990234375,2025-04-17,29.847999572753903,2025-04-14,543.162762661722,2025-04-14,118.24702991269,2025-04-17,11.0278,983.944416430664,329.15776968841544,204.18364531169456,208.31143270321033
2025-04-18,2025-04-17,89.2239990234375,2025-04-17,29.847999572753903,2025-04-14,543.162762661722,2025-04-14,118.24702991269,2025-04-17,11.0278,983.944416430664,329.15776968841544,204.18364531169456,208.31143270321033
2025-04-21,2025-04-17,89.2239990234375,2025-04-17,29.847999572753903,2025-04-21,522.102147031669,2025-04-21,115.261439528139,2025-04-17,11.0278,983.944416430664,329.15776968841544,204.18364531169456,200.39561310816305
2025-04-22,2025-04-22,88.47799682617188,2025-04-22,29.861000061035156,2025-04-21,522.102147031669,2025-04-21,115.261439528139,2025-04-22,10.9153,965.7638787567139,325.94177396621706,200.5221301098889,200.39561310816305
2025-04-23,2025-04-23,91.12000274658205,2025-04-23,30.60300064086914,2025-04-21,522.102147031669,2025-04-21,115.261439528139,2025-04-23,10.9395,996.8072700462343,334.78152551078796,206.9041448332091,200.39561310816305
2025-04-24,2025-04-24,91.9520034790039,2025-04-24,30.780000686645508,2025-04-21,522.102147031669,2025-04-21,115.261439528139,2025-04-24,10.911,1003.2883099594115,335.84058749198914,208.20601882629464,200.39561310816305
2025-04-25,2025-04-25,92.35800170898438,2025-04-25,30.60700035095215,2025-04-21,522.102147031669,2025-04-21,115.261439528139,2025-04-25,11.0015,1016.0765558013916,336.72291436100005,210.72798896788134,200.39561310816305
2025-04-28,2025-04-28,92.58999633789062,2025-04-28,30.68899917602539,2025-04-28,552.526473361225,2025-04-28,120.271824746816,2025-04-28,10.997,1018.2121897277832,337.4869239387512,211.173090102956,211.9011818264372
2025-04-29,2025-04-29,93.04199981689452,2025-04-29,30.854999542236328,2025-04-28,552.526473361225,2025-04-28,120.271824746816,2025-04-29,10.962,1019.9264019927977,338.2325049819946,211.5354958983249,211.9011818264372
2025-04-30,2025-04-30,93.36000061035156,2025-04-30,30.97800064086914,2025-04-28,552.526473361225,2025-04-28,120.271824746816,2025-04-30,10.9715,1024.2992466964722,339.8751340312958,212.4499061785835,211.9011818264372
2025-05-01,2025-04-30,93.36000061035156,2025-04-30,30.97800064086914,2025-04-28,552.526473361225,2025-04-28,120.271824746816,2025-04-30,10.9715,1024.2992466964722,339.8751340312958,212.4499061785835,211.9011818264372
2025-05-02,2025-05-02,95.64800262451172,2025-05-02,31.924999237060547,2025-04-28,552.526473361225,2025-04-28,120.271824746816,2025-05-02,10.9375,1046.150028705597,349.17967915534973,217.0617002087043,211.9011818264372
2025-05-05,2025-05-05,95.78199768066406,2025-05-05,32.400001525878906,2025-05-05,555.398773996256,2025-05-05,123.113211810722,2025-05-05,10.9355,1047.4240356369019,354.31021668624874,217.50865284240913,213.22619732356395
2025-05-06,2025-05-06,95.27999877929688,2025-05-06,32.14899826049805,2025-05-05,555.398773996256,2025-05-05,123.113211810722,2025-05-06,10.88,1036.6463867187501,349.7811010742188,215.23627617974782,213.22619732356395
2025-05-07,2025-05-07,94.82599639892578,2025-05-07,31.753000259399418,2025-05-05,555.398773996256,2025-05-05,123.113211810722,2025-05-07,10.903,1033.8878387374878,346.2029618282319,214.56078123439525,213.22619732356395
2025-05-08,2025-05-08,96.36599731445312,2025-05-08,31.989999771118164,2025-05-05,555.398773996256,2025-05-05,123.113211810722,2025-05-08,10.903,1050.6784687194825,348.7869675045014,217.92738684329635,213.22619732356395
2025-05-09,2025-05-09,96.31800079345705,2025-05-09,32.16299819946289,2025-05-05,555.398773996256,2025-05-05,123.113211810722,2025-05-09,10.92,1051.792568664551,351.2199403381348,218.2385394050592,213.22619732356395
2025-05-12,2025-05-12,99.48400115966795,2025-05-12,33.23500061035156,2025-05-12,585.771945770968,2025-05-12,127.120384795401,2025-05-12,10.8845,1082.8336106224058,361.7463641433716,224.68555717826146,224.6121185314994
2025-05-13,2025-05-13,100.08999633789062,2025-05-13,33.16299819946289,2025-05-12,585.771945770968,2025-05-12,127.120384795401,2025-05-13,10.8255,1083.5242553558348,359.00603700828555,224.71355726972428,224.6121185314994
2025-05-14,2025-05-14,99.84400177001952,2025-05-14,33.39899826049805,2025-05-12,585.771945770968,2025-05-12,127.120384795401,2025-05-14,10.854,1083.7067952117918,362.5127271194458,224.8851624768379,224.6121185314994
2025-05-15,2025-05-15,100.22000122070312,2025-05-15,33.29499816894531,2025-05-12,585.771945770968,2025-05-12,127.120384795401,2025-05-15,10.8875,1091.1452632904052,362.4992925643921,226.3316633781403,224.6121185314994
2025-05-16,2025-05-16,100.95500183105467,2025-05-16,33.327999114990234,2025-05-12,585.771945770968,2025-05-12,127.120384795401,2025-05-16,10.9327,1103.7107485183715,364.36501592445376,228.84846518986595,224.6121185314994
2025-05-19,2025-05-19,100.375,2025-05-19,33.11199951171875,2025-05-19,588.8071299742411,2025-05-19,127.449720763761,2025-05-19,10.9015,1094.2380625,360.970462677002,226.87397854150632,225.74274221218303
2025-05-20,2025-05-20,100.61000061035156,2025-05-20,33.04899978637695,2025-05-19,588.8071299742411,2025-05-19,127.449720763761,2025-05-20,10.8835,1094.9889416427611,359.68878917503355,226.97030679564813,225.74274221218303
2025-05-21,2025-05-21,99.79199981689452,2025-05-21,33.04399871826172,2025-05-19,588.8071299742411,2025-05-19,127.449720763761,2025-05-21,10.8445,1082.1943420143125,358.3456441001892,224.42921619528215,225.74274221218303
2025-05-22,2025-05-22,99.06800079345705,2025-05-22,32.85200119018555,2025-05-19,588.8071299742411,2025-05-19,127.449720763761,2025-05-22,10.8485,1074.7392066078187,356.3949349117279,222.90324416864303,225.74274221218303
2025-05-23,2025-05-23,97.9499969482422,2025-05-23,32.75299835205078,2025-05-19,588.8071299742411,2025-05-19,127.449720763761,2025-05-23,10.8348,1061.2686269348146,354.8721865447998,220.22368317802204,225.74274221218303
2025-05-26,2025-05-26,98.89199829101562,2025-05-26,32.790000915527344,2025-05-26,586.7338932813869,2025-05-26,126.79913632803502,2025-05-26,10.8335,1071.3464634857178,355.23047491836553,222.1980531345153,224.92753460195001
2025-05-27,2025-05-27,99.6520004272461,2025-05-27,32.73500061035156,2025-05-26,586.7338932813869,2025-05-26,126.79913632803502,2025-05-27,10.8785,1084.0642866477967,356.1077041397095,224.7061259495807,224.92753460195001
2025-05-28,2025-05-28,99.73999786376952,2025-05-28,32.74700164794922,2025-05-26,586.7338932813869,2025-05-26,126.79913632803502,2025-05-28,10.8735,1084.5228667716979,356.07452241897585,224.7940468066334,224.92753460195001
2025-05-29,2025-05-29,99.302001953125,2025-05-29,32.691001892089844,2025-05-26,586.7338932813869,2025-05-26,126.79913632803502,2025-05-29,10.8695,1079.3631102294921,355.33484506607056,223.76160048387135,224.92753460195001
2025-05-30,2025-05-30,99.30799865722656,2025-05-30,32.3849983215332,2025-05-26,586.7338932813869,2025-05-26,126.79913632803502,2025-05-30,10.8735,1079.825523399353,352.13827924919127,223.7274954546,224.92753460195001
2025-06-02,2025-06-02,98.87000274658205,2025-06-02,32.279998779296875,2025-06-02,589.601578121753,2025-06-02,126.039080940274,2025-06-02,10.8535,1073.0855748100282,350.35096675109867,222.34699182055172,225.88775526063202
2025-06-03,2025-06-03,100.06500244140624,2025-06-03,32.599998474121094,2025-06-02,589.601578121753,2025-06-02,126.039080940274,2025-06-03,10.9245,1093.1601191711425,356.1386833305359,226.47676147308204,225.88775526063202
2025-06-04,2025-06-04,100.08999633789062,2025-06-04,32.875999450683594,2025-06-02,589.601578121753,2025-06-02,126.039080940274,2025-06-04,10.9475,1095.7352349090577,359.9100039863586,227.12407032956742,225.88775526063202
2025-06-05,2025-06-05,100.11499786376952,2025-06-05,33.099998474121094,2025-06-02,589.601578121753,2025-06-02,126.039080940274,2025-06-05,10.943,1095.5584216232298,362.2132833023071,227.17906514221636,225.88775526063202
2025-06-06,2025-06-06,100.5,2025-06-06,33.17599868774414,2025-06-02,589.601578121753,2025-06-02,126.039080940274,2025-06-06,10.959,1101.3795,363.57576961898803,228.3643312562325,225.88775526063202
2025-06-09,2025-06-09,100.48999786376952,2025-06-09,33.457000732421875,2025-06-09,594.725047429137,2025-06-09,130.500846713367,2025-06-09,10.97,1102.3752765655518,367.023298034668,228.6918411937375,228.19009473833174
2025-06-10,2025-06-10,100.48999786376952,2025-06-10,33.54100036621094,2025-06-09,594.725047429137,2025-06-09,130.500846713367,2025-06-10,10.946,1099.9635166168212,367.13979000854494,228.22719706107378,228.19009473833174
2025-06-11,2025-06-11,100.49500274658205,2025-06-11,33.74100112915039,2025-06-09,594.725047429137,2025-06-09,130.500846713367,2025-06-11,10.9845,1103.8873576698306,370.6280269031525,229.1258900197524,228.19009473833174
2025-06-12,2025-06-12,99.5979995727539,2025-06-12,33.40999984741211,2025-06-09,594.725047429137,2025-06-09,130.500846713367,2025-06-12,10.9355,1089.1539243278503,365.3550533313751,226.0551162487184,228.19009473833174
2025-06-13,2025-06-13,99.21199798583984,2025-06-13,33.02399826049805,2025-06-09,594.725047429137,2025-06-09,130.500846713367,2025-06-13,10.9635,1087.710739917755,362.05860492897034,225.6464344784782,228.19009473833174
2025-06-16,2025-06-16,99.5979995727539,2025-06-16,33.37799835205078,2025-06-16,584.374569384073,2025-06-16,129.163868869327,2025-06-16,10.9615,1091.7434723167419,365.8729289360046,226.57896582383296,224.31291589161475
2025-06-17,2025-06-17,99.4020004272461,2025-06-17,33.17499923706055,2025-06-16,584.374569384073,2025-06-16,129.163868869327,2025-06-17,10.948,1088.2531006774902,363.19989164733886,225.79623471843936,224.31291589161475
2025-06-18,2025-06-18,99.33599853515624,2025-06-18,33.104000091552734,2025-06-16,584.374569384073,2025-06-16,129.163868869327,2025-06-18,11.027,1095.3780558471678,365.03780900955195,227.25359855221404,224.31291589161475
2025-06-19,2025-06-19,98.53600311279295,2025-06-19,32.66899871826172,2025-06-16,584.374569384073,2025-06-16,129.163868869327,2025-06-19,11.067,1090.4979464492797,361.54780881500244,226.16881207960992,224.31291589161475
2025-06-20,2025-06-20,98.8479995727539,2025-06-20,32.86000061035156,2025-06-16,584.374569384073,2025-06-16,129.163868869327,2025-06-20,11.125,1099.6839952468872,365.56750679016113,228.1118005159476,224.31291589161475
2025-06-23,2025-06-23,98.6240005493164,2025-06-23,32.83100128173828,2025-06-23,594.596470555972,2025-06-23,131.199322731427,2025-06-23,11.1635,1100.9890301322937,366.5088828086853,228.40220693499802,228.21403167623356
2025-06-24,2025-06-24,99.55599975585938,2025-06-24,33.55400085449219,2025-06-23,594.596470555972,2025-06-23,131.199322731427,2025-06-24,11.063,1101.3880252990723,371.2079114532471,228.66219457636396,228.21403167623356
2025-06-25,2025-06-25,99.43800354003906,2025-06-25,33.625,2025-06-23,594.596470555972,2025-06-23,131.199322731427,2025-06-25,11.06,1099.784319152832,371.89250000000004,228.37679094378046,228.21403167623356
2025-06-26,2025-06-26,99.54000091552734,2025-06-26,33.638999938964844,2025-06-23,594.596470555972,2025-06-23,131.199322731427,2025-06-26,11.091,1103.9981501541138,373.09014832305905,229.2429981363881,228.21403167623356
2025-06-27,2025-06-27,100.375,2025-06-27,33.59400177001953,2025-06-23,594.596470555972,2025-06-23,131.199322731427,2025-06-27,11.1183,1115.9993625,373.50818987960815,231.59384584116358,228.21403167623356
2025-06-30,2025-06-30,100.15499877929688,2025-06-30,33.474998474121094,2025-06-30,602.0308251176469,2025-06-30,132.624275118487,2025-06-30,11.1465,1116.3776938934325,373.12907049179074,231.65272982159797,231.0457116205102
2025-07-01,2025-07-01,99.96600341796876,2025-07-01,33.513999938964844,2025-06-30,602.0308251176469,2025-06-30,132.624275118487,2025-07-01,11.159,1115.5206321411135,373.9827253189087,231.5191341342073,231.0457116205102
2025-07-02,2025-07-02,100.23999786376952,2025-07-02,33.56999969482422,2025-06-30,602.0308251176469,2025-06-30,132.624275118487,2025-07-02,11.2005,1122.7380960731505,376.00078158187864,233.00148513518403,231.0457116205102
2025-07-03,2025-07-03,101.2300033569336,2025-07-03,33.89500045776367,2025-06-30,602.0308251176469,2025-06-30,132.624275118487,2025-07-03,11.2515,1138.9893827705384,381.36959765052796,236.3712500750199,231.0457116205102
2025-07-04,2025-07-04,100.55999755859376,2025-07-04,33.54800033569336,2025-06-30,602.0308251176469,2025-06-30,132.624275118487,2025-07-04,11.2505,1131.3502525329593,377.43177777671815,234.73236496772745,231.0457116205102
2025-07-07,2025-07-07,100.88500213623048,2025-07-07,33.645999908447266,2025-07-07,607.473365939151,2025-07-07,133.860674802615,2025-07-07,11.1645,1126.3306063499454,375.64076597785953,233.68637214578186,233.13820936796378
2025-07-08,2025-07-08,100.91500091552734,2025-07-08,33.74300003051758,2025-07-07,607.473365939151,2025-07-07,133.860674802615,2025-07-08,11.1695,1127.1701027259826,376.8924388408661,233.89825896763767,233.13820936796378
2025-07-09,2025-07-09,101.25,2025-07-09,33.67499923706055,2025-07-07,607.473365939151,2025-07-07,133.860674802615,2025-07-09,11.1645,1130.405625,375.9645289821625,234.49166019733676,233.13820936796378
2025-07-10,2025-07-10,101.9800033569336,2025-07-10,33.875,2025-07-07,607.473365939151,2025-07-07,133.860674802615,2025-07-10,11.152,1137.2809974365234,377.774,235.89936812012638,233.13820936796378
2025-07-11,2025-07-11,101.33499908447266,2025-07-11,33.76100158691406,2025-07-07,607.473365939151,2025-07-07,133.860674802615,2025-07-11,11.148,1129.682569793701,376.367645690918,234.36664764152977,233.13820936796378
2025-07-14,2025-07-14,101.4749984741211,2025-07-14,33.83599853515625,2025-07-14,616.389604011455,2025-07-14,136.89050431482897,2025-07-14,11.205,1137.0273579025268,379.1323635864258,235.90274538714579,236.66750344588502
2025-07-15,2025-07-15,102.02999877929688,2025-07-15,34.266998291015625,2025-07-14,616.389604011455,2025-07-14,136.89050431482897,2025-07-15,11.27,1149.8780862426756,386.18907073974606,238.67649926425568,236.66750344588502
2025-07-16,2025-07-16,100.48500061035156,2025-07-16,34.0369987487793,2025-07-14,616.389604011455,2025-07-14,136.89050431482897,2025-07-16,11.3195,1137.4399644088744,385.2818073368072,236.22167175941811,236.66750344588502
2025-07-17,2025-07-17,102.55500030517578,2025-07-17,34.67100143432617,2025-07-14,616.389604011455,2025-07-14,136.89050431482897,2025-07-17,11.311,1159.9996084518432,392.16369722366335,240.87733864102927,236.66750344588502
2025-07-18,2025-07-18,102.20999908447266,2025-07-18,34.56999969482422,2025-07-14,616.389604011455,2025-07-14,136.89050431482897,2025-07-18,11.2505,1149.9135946998597,388.9297815666199,238.7897743137905,236.66750344588502
2025-07-21,2025-07-21,102.30999755859376,2025-07-21,34.61199951171875,2025-07-21,613.029966687588,2025-07-21,135.46957622156702,2025-07-21,11.212,1147.0996926269534,388.0697385253906,238.20900103964567,235.3095058047992
2025-07-22,2025-07-22,101.62000274658205,2025-07-22,34.354000091552734,2025-07-21,613.029966687588,2025-07-21,135.46957622156702,2025-07-22,11.211,1139.2618507919312,385.1426950263977,236.5706885314716,235.3095058047992
2025-07-23,2025-07-23,102.51000213623048,2025-07-23,34.66999816894531,2025-07-21,613.029966687588,2025-07-21,135.46957622156702,2025-07-23,11.164,1144.4216638488772,387.05585955810545,237.64868910845652,235.3095058047992
2025-07-24,2025-07-24,102.7300033569336,2025-07-24,34.500999450683594,2025-07-21,613.029966687588,2025-07-21,135.46957622156702,2025-07-24,11.185,1149.0350875473023,385.89367885589604,238.50104457458636,235.3095058047992
2025-07-25,2025-07-25,102.94499969482422,2025-07-25,34.37900161743164,2025-07-21,613.029966687588,2025-07-21,135.46957622156702,2025-07-25,11.1665,1149.5353390922546,383.8931215610504,238.5207176493137,235.3095058047992
2025-07-28,2025-07-28,103.8249969482422,2025-07-28,34.608001708984375,2025-07-28,625.734759467487,2025-07-28,137.74145815501802,2025-07-28,11.1545,1158.1159284591677,386.03495506286623,240.27304439357988,240.1321876982186
2025-07-29,2025-07-29,104.25499725341795,2025-07-29,34.82699966430664,2025-07-28,625.734759467487,2025-07-28,137.74145815501802,2025-07-29,11.156,1163.0687493591308,388.53000825500493,241.33336151974544,240.1321876982186
2025-07-30,2025-07-30,104.74500274658205,2025-07-30,34.86000061035156,2025-07-28,625.734759467487,2025-07-28,137.74145815501802,2025-07-30,11.1435,1167.225938106537,388.4624168014526,242.13944576843923,240.1321876982186
2025-07-31,2025-07-31,104.98999786376952,2025-07-31,34.80799865722656,2025-07-28,625.734759467487,2025-07-28,137.74145815501802,2025-07-31,11.1575,1171.4259011650086,388.3702450180054,242.9528970349459,240.1321876982186
2025-08-01,2025-08-01,101.8249969482422,2025-08-01,34.073001861572266,2025-07-28,625.734759467487,2025-07-28,137.74145815501802,2025-08-01,11.1965,1140.0835783309938,381.4983653430939,236.58910395193246,240.1321876982186
2025-08-04,2025-08-04,103.0199966430664,2025-08-04,34.3390007019043,2025-08-04,619.426344946927,2025-08-04,137.175588184393,2025-08-04,11.1825,1152.02111246109,383.99587534904475,239.0082687524306,237.79422814020435
2025-08-05,2025-08-05,102.73999786376952,2025-08-05,34.46500015258789,2025-08-04,619.426344946927,2025-08-04,137.175588184393,2025-08-05,11.173,1147.9139961318967,385.0774467048645,238.2512779589697,237.79422814020435
2025-08-06,2025-08-06,103.04000091552734,2025-08-06,34.32400131225586,2025-08-04,619.426344946927,2025-08-04,137.175588184393,2025-08-06,11.1955,1153.5843302497863,384.2743566913604,239.32317301702736,237.79422814020435
2025-08-07,2025-08-07,103.2300033569336,2025-08-07,34.683998107910156,2025-08-04,619.426344946927,2025-08-04,137.175588184393,2025-08-07,11.1945,1155.608272579193,388.2700168190002,239.87196750052618,237.79422814020435
2025-08-08,2025-08-08,103.5500030517578,2025-08-08,34.553001403808594,2025-08-04,619.426344946927,2025-08-04,137.175588184393,2025-08-08,11.178,1157.4819341125487,386.2334496917725,240.15741562980693,237.79422814020435
2025-08-11,2025-08-11,104.18499755859376,2025-08-11,34.737998962402344,2025-08-11,627.417683224291,2025-08-11,136.990610109339,2025-08-11,11.182,1164.9966427001955,388.440304397583,241.70491762053098,240.6649681645979
2025-08-12,2025-08-12,104.15499877929688,2025-08-12,34.81700134277344,2025-08-11,627.417683224291,2025-08-11,136.990610109339,2025-08-12,11.192,1165.7027463378906,389.6718790283203,241.8900752300698,240.6649681645979
2025-08-13,2025-08-13,104.30999755859376,2025-08-13,35.12699890136719,2025-08-11,627.417683224291,2025-08-11,136.990610109339,2025-08-13,11.1575,1163.83879776001,391.9294902420044,241.61509534732767,240.6649681645979
2025-08-14,2025-08-14,104.86000061035156,2025-08-14,34.891998291015625,2025-08-11,627.417683224291,2025-08-11,136.990610109339,2025-08-14,11.182,1172.5445268249512,390.16232489013674,243.24005681687368,240.6649681645979
2025-08-15,2025-08-15,104.5500030517578,2025-08-15,34.810001373291016,2025-08-11,627.417683224291,2025-08-11,136.990610109339,2025-08-15,11.1775,1168.6076591110227,389.08879034996033,242.43254480887467,240.6649681645979
2025-08-18,2025-08-18,104.7300033569336,2025-08-18,35.0890007019043,2025-08-18,627.701678046764,2025-08-18,138.63518862770297,2025-08-18,11.157,1168.4726474533081,391.4879808311462,242.49939371889533,240.93347027060298
2025-08-19,2025-08-19,104.7300033569336,2025-08-19,34.95899963378906,2025-08-18,627.701678046764,2025-08-18,138.63518862770297,2025-08-19,11.158,1168.577377456665,390.07251791381833,242.46483270260944,240.93347027060298
2025-08-20,2025-08-20,104.125,2025-08-20,34.79399871826172,2025-08-18,627.701678046764,2025-08-18,138.63518862770297,2025-08-20,11.177,1163.8051249999999,388.8925236740112,241.49067965860658,240.93347027060298
2025-08-21,2025-08-21,104.56999969482422,2025-08-21,35.0,2025-08-18,627.701678046764,2025-08-18,138.63518862770297,2025-08-21,11.164,1167.4194765930176,390.74,242.26548869172518,240.93347027060298
2025-08-22,2025-08-22,105.12999725341795,2025-08-22,35.266998291015625,2025-08-18,627.701678046764,2025-08-18,138.63518862770297,2025-08-22,11.1775,1175.0905443000793,394.1968733978272,243.891921044316,240.93347027060298
2025-08-25,2025-08-25,105.04000091552734,2025-08-25,35.382999420166016,2025-08-25,629.654410276162,2025-08-25,138.75570341797098,2025-08-25,11.1345,1169.567890193939,393.97200704383846,242.80885933665712,241.65166182676273
2025-08-26,2025-08-26,104.80500030517578,2025-08-26,35.22800064086914,2025-08-25,629.654410276162,2025-08-25,138.75570341797098,2025-08-26,11.1565,1169.2569859046935,393.0211891498565,242.71147698734725,241.65166182676273
2025-08-27,2025-08-27,105.6750030517578,2025-08-27,35.07400131225586,2025-08-25,629.654410276162,2025-08-25,138.75570341797098,2025-08-27,11.116,1174.6833339233397,389.8825985870361,243.64526764862865,241.65166182676273
2025-08-28,2025-08-28,105.34500122070312,2025-08-28,35.04600143432617,2025-08-25,629.654410276162,2025-08-25,138.75570341797098,2025-08-28,11.0735,1166.537871017456,388.0818968830108,241.99082644519297,241.65166182676273
2025-08-29,2025-08-29,104.58499908447266,2025-08-29,34.797000885009766,2025-08-25,629.654410276162,2025-08-25,138.75570341797098,2025-08-29,11.055,1156.1871648788451,384.68084478378296,239.84528430230046,241.65166182676273
2025-09-01,2025-09-01,104.8499984741211,2025-09-01,34.86399841308594,2025-09-01,616.566820396314,2025-09-01,135.982244012105,2025-09-01,11.012,1154.6081831970216,383.92235052490236,239.50868405887002,236.64000075813445
2025-09-02,2025-09-02,103.63500213623048,2025-09-02,34.76499938964844,2025-09-01,616.566820396314,2025-09-01,135.982244012105,2025-09-02,11.003,1140.295928504944,382.51928828430175,236.6700351327814,236.64000075813445
2025-09-03,2025-09-03,104.38999938964844,2025-09-03,34.99300003051758,2025-09-01,616.566820396314,2025-09-01,135.982244012105,2025-09-03,11.0015,1148.4465782852174,384.97548983573915,238.3509254243905,236.64000075813445
2025-09-04,2025-09-04,105.25,2025-09-04,34.891998291015625,2025-09-01,616.566820396314,2025-09-01,135.982244012105,2025-09-04,11.0185,1159.697125,384.45748316955564,240.51941620860777,236.64000075813445
2025-09-05,2025-09-05,104.5500030517578,2025-09-05,35.05500030517578,2025-09-01,616.566820396314,2025-09-01,135.982244012105,2025-09-05,11.001,1150.1545835723875,385.64005835723873,238.70897965073254,236.64000075813445
2025-09-08,2025-09-08,105.19499969482422,2025-09-08,35.34600067138672,2025-09-08,623.3118982987239,2025-09-08,138.53722847466102,2025-09-08,11.0005,1157.1975941429139,388.8236803855896,240.20262966688742,239.33640092567822
2025-09-09,2025-09-09,105.2300033569336,2025-09-09,35.641998291015625,2025-09-08,623.3118982987239,2025-09-08,138.53722847466102,2025-09-09,11.0018,1157.719450932312,392.1261367980957,240.43231662863667,239.33640092567822
2025-09-10,2025-09-10,105.8000030517578,2025-09-10,36.00600051879883,2025-09-08,623.3118982987239,2025-09-08,138.53722847466102,2025-09-10,10.951,1158.6158334197996,394.301711681366,240.69112644942962,239.33640092567822
2025-09-11,2025-09-11,106.43499755859376,2025-09-11,36.26900100708008,2025-09-08,623.3118982987239,2025-09-08,138.53722847466102,2025-09-11,10.9515,1165.6228757629394,397.19996452903746,242.16670425150753,239.33640092567822
2025-09-12,2025-09-12,106.49500274658205,2025-09-12,36.321998596191406,2025-09-08,623.3118982987239,2025-09-08,138.53722847466102,2025-09-12,10.9485,1165.9605375709534,397.6714016304016,242.2506869428617,239.33640092567822
2025-09-15,2025-09-15,106.63500213623048,2025-09-15,36.44300079345703,2025-09-15,622.143030948743,2025-09-15,141.269349962791,2025-09-15,10.9115,1163.547825809479,397.6478031578064,241.78042071504257,239.18925310791224
2025-09-16,2025-09-16,105.73999786376952,2025-09-16,36.3390007019043,2025-09-15,622.143030948743,2025-09-15,141.269349962791,2025-09-16,10.9305,1155.7910466499327,397.20344717216494,240.2542310894303,239.18925310791224
2025-09-17,2025-09-17,105.66999816894533,2025-09-17,36.66400146484375,2025-09-15,622.143030948743,2025-09-15,141.269349962791,2025-09-17,10.9635,1158.513024925232,401.96578005981445,240.96857082593309,239.18925310791224
2025-09-18,2025-09-18,106.86000061035156,2025-09-18,36.7130012512207,2025-09-15,622.143030948743,2025-09-15,141.269349962791,2025-09-18,10.998,1175.2462867126465,403.7695877609253,244.29373683644053,239.18925310791224
2025-09-19,2025-09-19,106.96499633789062,2025-09-19,36.75299835205078,2025-09-15,622.143030948743,2025-09-15,141.269349962791,2025-09-19,11.0705,1184.155991958618,406.87406825637817,246.14744776206194,239.18925310791224
2025-09-22,2025-09-22,107.18000030517578,2025-09-22,36.72999954223633,2025-09-22,632.6675700666281,2025-09-22,143.46636900613,2025-09-22,11.0495,1184.2854133720398,405.84812994194033,246.13280754636756,243.21608256582303
2025-09-23,2025-09-23,107.29499816894533,2025-09-23,36.90900039672851,2025-09-22,632.6675700666281,2025-09-22,143.46636900613,2025-09-23,10.9887,1179.0325463790896,405.58193265953054,245.10062408498942,243.21608256582303
2025-09-24,2025-09-24,107.1050033569336,2025-09-24,36.84700012207031,2025-09-22,632.6675700666281,2025-09-22,143.46636900613,2025-09-24,11.035,1181.9037120437622,406.6066463470459,245.6989278763664,243.21608256582303
2025-09-25,2025-09-25,106.95500183105467,2025-09-25,36.78900146484375,2025-09-22,632.6675700666281,2025-09-22,143.46636900613,2025-09-25,11.0485,1181.6923377304076,406.4632826843262,245.652244774189,243.21608256582303
2025-09-26,2025-09-26,107.06500244140624,2025-09-26,36.47800064086914,2025-09-22,632.6675700666281,2025-09-22,143.46636900613,2025-09-26,11.037,1181.6764319458007,402.60769307327274,245.49951442026972,243.21608256582303
2025-09-29,2025-09-29,107.34500122070312,2025-09-29,36.792999267578125,2025-09-29,639.017032937031,2025-09-29,144.09339246094598,2025-09-29,11.03,1184.0153634643555,405.82678192138667,246.07944559615572,245.57504976278986
2025-09-30,2025-09-30,107.19499969482422,2025-09-30,36.827999114990234,2025-09-29,639.017032937031,2025-09-29,144.09339246094598,2025-09-30,11.0565,1185.201514125824,407.1887722148895,246.36304931366354,245.57504976278986
2025-10-01,2025-10-01,108.03500366210938,2025-10-01,37.19599914550781,2025-09-29,639.017032937031,2025-09-29,144.09339246094598,2025-10-01,11.0355,1192.2202829132082,410.4764485702515,247.85602188819706,245.57504976278986
2025-10-02,2025-10-02,108.41999816894533,2025-10-02,37.391998291015625,2025-09-29,639.017032937031,2025-09-29,144.09339246094598,2025-10-02,11.0025,1192.891029853821,411.4054611968994,248.02255898931324,245.57504976278986
2025-10-03,2025-10-03,108.87000274658205,2025-10-03,37.51100158691406,2025-09-29,639.017032937031,2025-09-29,144.09339246094598,2025-10-03,11.003,1197.8966402206422,412.7335504608154,249.0478552801613,245.57504976278986
2025-10-06,2025-10-06,109.23999786376952,2025-10-06,37.72600173950195,2025-10-06,642.7393763089971,2025-10-06,146.529337599534,2025-10-06,10.988,1200.3290965270994,414.5333071136474,249.59089549602226,247.1665313917116
2025-10-07,2025-10-07,109.0199966430664,2025-10-07,37.676998138427734,2025-10-06,642.7393763089971,2025-10-06,146.529337599534,2025-10-07,10.9495,1193.7144532432558,412.5442911167145,248.22693964007132,247.1665313917116
2025-10-08,2025-10-08,110.01000213623048,2025-10-08,37.9640007019043,2025-10-06,642.7393763089971,2025-10-06,146.529337599534,2025-10-08,10.9635,1206.0946584205628,416.21832169532775,250.77787924410904,247.1665313917116
2025-10-09,2025-10-09,110.0999984741211,2025-10-09,37.92399978637695,2025-10-06,642.7393763089971,2025-10-06,146.529337599534,2025-10-09,10.987,1209.6686832351684,416.6709856529236,251.49071048337484,247.1665313917116
2025-10-10,2025-10-10,107.91999816894533,2025-10-10,36.75199890136719,2025-10-06,642.7393763089971,2025-10-06,146.529337599534,2025-10-10,11.008,1187.9833398437502,404.56600390625,246.80241413076817,247.1665313917116
2025-10-13,2025-10-13,108.74500274658205,2025-10-13,37.582000732421875,2025-10-13,644.850539517766,2025-10-13,145.28906170870098,2025-10-13,11.013,1197.608715248108,413.8905740661621,249.03674887908335,247.80480041478344
2025-10-14,2025-10-14,108.30999755859376,2025-10-14,37.13100051879883,2025-10-13,644.850539517766,2025-10-13,145.28906170870098,2025-10-14,11.038,1195.525753051758,409.8519837265015,248.4748069954791,247.80480041478344
2025-10-15,2025-10-15,108.88999938964844,2025-10-15,37.6349983215332,2025-10-13,644.850539517766,2025-10-13,145.28906170870098,2025-10-15,11.0195,1199.913348274231,414.7188640041352,249.5172205306044,247.80480041478344
2025-10-16,2025-10-16,108.8000030517578,2025-10-16,37.91999816894531,2025-10-13,644.850539517766,2025-10-13,145.28906170870098,2025-10-16,11.013,1198.2144336090087,417.6129398345947,249.2990463870173,247.80480041478344
2025-10-17,2025-10-17,107.6050033569336,2025-10-17,37.527000427246094,2025-10-13,644.850539517766,2025-10-13,145.28906170870098,2025-10-17,11.03,1186.8831870269776,413.92281471252437,246.95153847814782,247.80480041478344
2025-10-20,2025-10-20,109.5,2025-10-20,38.26300048828125,2025-10-20,646.2173462038149,2025-10-20,148.345460423591,2025-10-20,10.99,1203.405,420.51037536621095,250.42122922522782,248.60716064961474
2025-10-21,2025-10-21,109.95500183105467,2025-10-21,38.132999420166016,2025-10-20,646.2173462038149,2025-10-20,148.345460423591,2025-10-21,10.9345,1202.3029675216674,416.96528215980527,250.06926257263288,248.60716064961474
2025-10-22,2025-10-22,109.3499984741211,2025-10-22,38.01300048828125,2025-10-20,646.2173462038149,2025-10-20,148.345460423591,2025-10-22,10.916,1193.664583343506,414.9499133300781,248.31060098878646,248.60716064961474
2025-10-23,2025-10-23,109.78500366210938,2025-10-23,38.23899841308594,2025-10-20,646.2173462038149,2025-10-20,148.345460423591,2025-10-23,10.9193,1198.7753904876708,417.54309537200925,249.40545994159882,248.60716064961474
2025-10-24,2025-10-23,109.78500366210938,2025-10-23,38.23899841308594,2025-10-20,646.2173462038149,2025-10-20,148.345460423591,2025-10-24,10.904,1197.0956799316407,416.95803869628907,249.05599582420058,248.60716064961474
2025-10-27,2025-10-27,111.37000274658205,2025-10-27,38.79100036621094,2025-10-27,654.0027815392641,2025-10-27,149.399824317843,2025-10-27,10.912,1215.2694699707033,423.2873959960938,252.8370285471996,251.5284135704264
2025-10-28,2025-10-28,111.58000183105467,2025-10-28,38.68000030517578,2025-10-27,654.0027815392641,2025-10-27,149.399824317843,2025-10-28,10.921,1218.565199996948,422.4242833328247,253.44465692083907,251.5284135704264
2025-10-29,2025-10-29,111.76499938964844,2025-10-29,39.09000015258789,2025-10-27,654.0027815392641,2025-10-27,149.399824317843,2025-10-29,10.896,1217.7914333496094,425.9246416625977,253.42998388734998,251.5284135704264
2025-10-30,2025-10-30,111.90499877929688,2025-10-30,38.9370002746582,2025-10-27,654.0027815392641,2025-10-27,149.399824317843,2025-10-30,10.94,1224.2406866455078,425.97078300476073,254.68636271431075,251.5284135704264
2025-10-31,2025-10-31,111.83499908447266,2025-10-31,38.84000015258789,2025-10-27,654.0027815392641,2025-10-27,149.399824317843,2025-10-31,10.925,1221.797364997864,424.3270016670227,254.1472622702476,251.5284135704264
2025-11-03,2025-11-03,111.97000122070312,2025-11-03,39.1510009765625,2025-11-03,655.710575348378,2025-11-03,151.466684534043,2025-11-03,10.935,1224.3919633483888,428.11619567871094,254.7990547924969,252.35428983000315
2025-11-04,2025-11-04,111.54000091552734,2025-11-04,38.845001220703125,2025-11-03,655.710575348378,2025-11-03,151.466684534043,2025-11-04,10.9865,1225.434220058441,426.77060591125485,254.9495847923786,252.35428983000315
2025-11-05,2025-11-05,111.73500061035156,2025-11-05,38.902000427246094,2025-11-03,655.710575348378,2025-11-03,151.466684534043,2025-11-05,11.0175,1231.0403692245484,428.60278970718383,256.1112692812237,252.35428983000315
2025-11-06,2025-11-06,110.06999969482422,2025-11-06,38.400001525878906,2025-11-03,655.710575348378,2025-11-03,151.466684534043,2025-11-06,10.99,1209.6692966461183,422.0160167694092,251.69827148438796,252.35428983000315
2025-11-07,2025-11-07,108.6999969482422,2025-11-07,37.832000732421875,2025-11-03,655.710575348378,2025-11-03,151.466684534043,2025-11-07,11.046,1200.7001662902833,417.892280090332,249.7934429294402,252.35428983000315
2025-11-10,2025-11-10,110.91500091552734,2025-11-10,38.380001068115234,2025-11-10,657.256803789902,2025-11-10,150.910448871939,2025-11-10,10.987,1218.623115058899,421.6810717353821,253.42707908775796,252.85726836814106
2025-11-11,2025-11-11,111.3499984741211,2025-11-11,38.77199935913086,2025-11-10,657.256803789902,2025-11-10,150.910448871939,2025-11-11,10.973,1221.843533256531,425.44514896774297,254.19963899686468,252.85726836814106
2025-11-12,2025-11-12,111.95500183105467,2025-11-12,38.94900131225586,2025-11-10,657.256803789902,2025-11-10,150.910448871939,2025-11-12,10.9395,1224.7317425308227,426.082599855423,254.78622857799857,252.85726836814106
2025-11-13,2025-11-13,110.4000015258789,2025-11-13,38.54600143432617,2025-11-10,657.256803789902,2025-11-10,150.910448871939,2025-11-13,10.9405,1207.831216693878,421.7125286922455,251.32892713498526,252.85726836814106
2025-11-14,2025-11-14,110.25,2025-11-14,38.61600112915039,2025-11-10,657.256803789902,2025-11-10,150.910448871939,2025-11-14,10.9835,1210.930875,424.1388484020233,252.02607672120672,252.85726836814106
2025-11-17,2025-11-17,109.7750015258789,2025-11-17,38.35599899291992,2025-11-17,638.301162102697,2025-11-17,147.118618302118,2025-11-17,10.9635,1203.5182292289733,420.51599495887757,250.44347406495174,245.62124288656406
2025-11-18,2025-11-18,108.29499816894533,2025-11-18,37.84299850463867,2025-11-17,638.301162102697,2025-11-17,147.118618302118,2025-11-18,10.997,1190.9200948638918,416.15945455551145,247.82365185899957,245.62124288656406
2025-11-19,2025-11-19,108.5500030517578,2025-11-19,37.94100189208984,2025-11-17,638.301162102697,2025-11-17,147.118618302118,2025-11-19,10.992,1193.1816335449219,417.04749279785153,248.29805911152093,245.62124288656406
2025-11-20,2025-11-20,109.23999786376952,2025-11-20,37.90999984741211,2025-11-17,638.301162102697,2025-11-17,147.118618302118,2025-11-20,10.9995,1201.5853565025327,416.9910433216095,249.9306638466277,245.62124288656406
2025-11-21,2025-11-21,108.2699966430664,2025-11-21,37.292999267578125,2025-11-17,638.301162102697,2025-11-17,147.118618302118,2025-11-21,11.026,1193.7849829864501,411.1926099243164,248.18820094939596,245.62124288656406
2025-11-24,2025-11-24,109.56500244140624,2025-11-24,37.67399978637695,2025-11-24,654.442395179716,2025-11-24,147.20892008246,2025-11-24,11.006,1205.8724168701171,414.6400416488648,250.67339273593728,251.46645832564388
2025-11-25,2025-11-25,109.79499816894533,2025-11-25,37.55899810791016,2025-11-24,654.442395179716,2025-11-24,147.20892008246,2025-11-25,11.048,1213.015139770508,414.9518110961915,252.07498287679587,251.46645832564388
2025-11-26,2025-11-26,111.11499786376952,2025-11-26,37.974998474121094,2025-11-24,654.442395179716,2025-11-24,147.20892008246,2025-11-26,11.0345,1226.0984439277647,419.03512066268917,254.77858213732105,251.46645832564388
2025-11-27,2025-11-27,111.0,2025-11-27,37.88100051879883,2025-11-24,654.442395179716,2025-11-24,147.20892008246,2025-11-27,10.9945,1220.3895,416.48266020393373,253.5689466730494,251.46645832564388
2025-11-28,2025-11-28,111.46499633789062,2025-11-28,38.069000244140625,2025-11-24,654.442395179716,2025-11-24,147.20892008246,2025-11-28,10.9695,1222.7152773284913,417.5978981781006,254.06466808211064,251.46645832564388
2025-12-01,2025-12-01,111.01000213623048,2025-12-01,37.970001220703125,2025-12-01,654.306850674531,2025-12-01,147.669892506114,2025-12-01,10.963,1217.0026534194947,416.26512338256833,252.90165297486334,251.46392901746268
2025-12-02,2025-12-02,111.08499908447266,2025-12-02,37.87900161743164,2025-12-01,654.306850674531,2025-12-01,147.669892506114,2025-12-02,10.9865,1220.4353424415588,416.1576512699127,253.56525085015767,251.46392901746268
2025-12-03,2025-12-03,111.03500366210938,2025-12-03,37.750999450683594,2025-12-01,654.306850674531,2025-12-01,147.669892506114,2025-12-03,10.955,1216.3884651184082,413.5621989822388,252.6772725031004,251.46392901746268
2025-12-04,2025-12-04,111.33999633789062,2025-12-04,37.85900115966797,2025-12-01,654.306850674531,2025-12-01,147.669892506114,2025-12-04,10.967,1221.0657398376466,415.1996657180786,253.65070390391028,251.46392901746268
2025-12-05,2025-12-05,111.72000122070312,2025-12-05,38.189998626708984,2025-12-01,654.306850674531,2025-12-01,147.669892506114,2025-12-05,10.959,1224.3394933776856,418.5241949501037,254.41658031843883,251.46392901746268
2025-12-08,2025-12-08,111.5250015258789,2025-12-08,38.025001525878906,2025-12-08,650.836191562379,2025-12-08,147.129628631592,2025-12-08,10.9495,1221.143004207611,416.3547542076111,253.7105635231125,250.15458528068356
2025-12-09,2025-12-09,111.65499877929688,2025-12-09,38.000999450683594,2025-12-08,650.836191562379,2025-12-08,147.129628631592,2025-12-09,10.9015,1217.2069691925049,414.2678955116272,252.86388619899037,250.15458528068356
2025-12-10,2025-12-10,111.38999938964844,2025-12-10,38.04399871826172,2025-12-08,650.836191562379,2025-12-08,147.129628631592,2025-12-10,10.858,1209.4726133728027,413.08173808288575,251.31326918234592,250.15458528068356
2025-12-11,2025-12-11,110.9800033569336,2025-12-11,37.7869987487793,2025-12-08,650.836191562379,2025-12-08,147.129628631592,2025-12-11,10.845,1203.5781364059449,409.8000014305115,250.0392382017949,250.15458528068356
2025-12-12,2025-12-12,110.30999755859376,2025-12-12,37.448001861572266,2025-12-08,650.836191562379,2025-12-08,147.129628631592,2025-12-12,10.8865,1200.889788421631,407.6776722660065,249.43389968901565,250.15458528068356
2025-12-15,2025-12-15,110.4499969482422,2025-12-15,37.52399826049805,2025-12-15,644.5106027704601,2025-12-15,143.221974497686,2025-12-15,10.9155,1205.6169416885377,409.5932030124664,250.4278257954541,247.4734709776453
2025-12-16,2025-12-16,109.73500061035156,2025-12-16,36.9900016784668,2025-12-15,644.5106027704601,2025-12-15,143.221974497686,2025-12-16,10.942,1200.720376678467,404.7445983657837,249.2871104779586,247.4734709776453
2025-12-17,2025-12-17,109.26499938964844,2025-12-17,36.91600036621094,2025-12-15,644.5106027704601,2025-12-15,143.221974497686,2025-12-17,10.936,1194.9220333251953,403.7133800048828,248.11912363261825,247.4734709776453
2025-12-18,2025-12-18,110.4749984741211,2025-12-18,37.48899841308594,2025-12-15,644.5106027704601,2025-12-15,143.221974497686,2025-12-18,10.9015,1204.343195865631,408.6863162002564,250.1448446423235,247.4734709776453
2025-12-19,2025-12-19,110.95500183105467,2025-12-19,37.80799865722656,2025-12-15,644.5106027704601,2025-12-15,143.221974497686,2025-12-19,10.904,1209.8533399658202,412.25841735839845,251.35537956822307,247.4734709776453
2025-12-22,2025-12-22,111.16500091552734,2025-12-22,37.8120002746582,2025-12-22,647.245412985057,2025-12-22,145.264559239772,2025-12-22,10.856,1206.8072499389648,410.48707498168943,250.69407053723037,248.66823313233448
2025-12-23,2025-12-23,111.41500091552734,2025-12-23,37.82899856567383,2025-12-22,647.245412985057,2025-12-22,145.264559239772,2025-12-23,10.82,1205.510309906006,409.30976448059084,250.39608216636165,248.66823313233448
2025-12-24,2025-12-23,111.41500091552734,2025-12-23,37.82899856567383,2025-12-22,647.245412985057,2025-12-22,145.264559239772,2025-12-24,10.8055,1203.8947923927308,408.76124400138855,250.0605236458984,248.66823313233448
2025-12-25,2025-12-23,111.41500091552734,2025-12-23,37.82899856567383,2025-12-22,647.245412985057,2025-12-22,145.264559239772,2025-12-24,10.8055,1203.8947923927308,408.76124400138855,250.0605236458984,248.66823313233448
2025-12-26,2025-12-23,111.41500091552734,2025-12-23,37.82899856567383,2025-12-22,647.245412985057,2025-12-22,145.264559239772,2025-12-24,10.8055,1203.8947923927308,408.76124400138855,250.0605236458984,248.66823313233448
2025-12-29,2025-12-29,111.56999969482422,2025-12-29,38.141998291015625,2025-12-29,647.552244064548,2025-12-29,147.098528180029,2025-12-29,10.816,1206.7411166992188,412.543853515625,250.76102945156933,248.96408787850373
2025-12-30,2025-12-30,111.7750015258789,2025-12-30,38.347999572753906,2025-12-29,647.552244064548,2025-12-29,147.098528180029,2025-12-30,10.818,1209.181966506958,414.84865937805176,251.32530353027863,248.96408787850373
2025-12-31,2025-12-30,111.7750015258789,2025-12-30,38.347999572753906,2025-12-29,647.552244064548,2025-12-29,147.098528180029,2025-12-31,10.8215,1209.5731790122986,414.9828773765564,251.40661602448793,248.96408787850373
2026-01-01,2025-12-30,111.7750015258789,2025-12-30,38.347999572753906,2025-12-29,647.552244064548,2025-12-29,147.098528180029,2025-12-31,10.8215,1209.5731790122986,414.9828773765564,251.40661602448793,248.96408787850373
2026-01-02,2026-01-02,111.31999969482422,2026-01-02,39.13999938964844,2025-12-29,647.552244064548,2025-12-29,147.098528180029,2026-01-02,10.8085,1203.2022167015077,423.04468340301514,250.48013830013306,248.96408787850373
2026-01-05,2026-01-05,112.74500274658205,2026-01-05,39.76300048828125,2026-01-05,655.5592584677661,2026-01-05,154.07884790966602,2026-01-05,10.787,1216.1803446273807,428.92348626708986,253.2329608224137,252.56295787213458
2026-01-06,2026-01-06,113.11499786376952,2026-01-06,40.16699981689453,2026-01-05,655.5592584677661,2026-01-05,154.07884790966602,2026-01-06,10.765,1217.682952003479,432.39775302886966,253.66010344316342,252.56295787213458
2026-01-07,2026-01-07,113.4749984741211,2026-01-07,40.03799819946289,2026-01-05,655.5592584677661,2026-01-05,154.07884790966602,2026-01-07,10.7365,1218.324321117401,429.8679676685333,253.68668900132653,252.56295787213458
2026-01-08,2026-01-08,113.25499725341795,2026-01-08,39.891998291015625,2026-01-05,655.5592584677661,2026-01-05,154.07884790966602,2026-01-08,10.766,1219.3033004302977,429.4772536010742,253.86196841091194,252.56295787213458
2026-01-09,2026-01-09,114.19000244140624,2026-01-09,40.189998626708984,2026-01-05,655.5592584677661,2026-01-05,154.07884790966602,2026-01-09,10.748,1227.314146240234,431.96210523986815,255.51677423004554,252.56295787213458
2026-01-12,2026-01-12,114.16999816894533,2026-01-12,40.4900016784668,2026-01-12,655.623745680638,2026-01-12,154.178148413046,2026-01-12,10.7008,1221.71031640625,433.27540996093745,254.47761793295393,252.5962864760154
2026-01-13,2026-01-13,114.34500122070312,2026-01-13,40.56399917602539,2026-01-12,655.623745680638,2026-01-12,154.178148413046,2026-01-13,10.7135,1225.0351705780029,434.582405172348,255.17513419235334,252.5962864760154
2026-01-14,2026-01-14,113.58999633789062,2026-01-14,40.50899887084961,2026-01-12,655.623745680638,2026-01-12,154.178148413046,2026-01-14,10.723,1218.0255307312013,434.3779948921204,253.8035996335784,252.5962864760154
2026-01-15,2026-01-15,114.9499969482422,2026-01-15,41.124000549316406,2026-01-12,655.623745680638,2026-01-12,154.178148413046,2026-01-15,10.6985,1229.792542350769,439.96511987686154,256.3095008421265,252.5962864760154
2026-01-16,2026-01-16,114.79499816894533,2026-01-16,40.762001037597656,2026-01-12,655.623745680638,2026-01-12,154.178148413046,2026-01-16,10.719,1230.487585372925,436.9278891220093,256.3268336569368,252.5962864760154
2026-01-19,2026-01-19,113.125,2026-01-19,40.81999969482422,2026-01-19,639.506637767941,2026-01-19,153.837743745117,2026-01-19,10.73,1213.83125,437.99859672546387,253.1281928036247,246.73457650803533
2026-01-20,2026-01-20,112.18499755859376,2026-01-20,40.33300018310547,2026-01-19,639.506637767941,2026-01-19,153.837743745117,2026-01-20,10.708,1201.276953857422,431.8857659606934,250.44873658541084,246.73457650803533
2026-01-21,2026-01-21,112.24500274658205,2026-01-21,40.76399993896485,2026-01-19,639.506637767941,2026-01-19,153.837743745117,2026-01-21,10.661,1196.643974281311,434.58500334930426,249.65223033134941,246.73457650803533
2026-01-22,2026-01-22,113.00499725341795,2026-01-22,41.03900146484375,2026-01-19,639.506637767941,2026-01-19,153.837743745117,2026-01-22,10.594,1197.1749409027097,434.76718151855465,249.76259085843364,246.73457650803533
2026-01-23,2026-01-23,112.81500244140624,2026-01-23,40.92100143432617,2026-01-19,639.506637767941,2026-01-19,153.837743745117,2026-01-23,10.5705,1192.5109833068846,432.55544566154475,248.76946257460298,246.73457650803533
2026-01-26,2026-01-26,112.38500213623048,2026-01-26,40.9010009765625,2026-01-26,636.038401634131,2026-01-26,153.713936449098,2026-01-26,10.6265,1194.2592252006532,434.6344868774414,249.19024007445358,245.4680992840208
2026-01-27,2026-01-27,112.23500061035156,2026-01-27,41.13899993896485,2026-01-26,636.038401634131,2026-01-26,153.713936449098,2026-01-27,10.582,1187.6707764587404,435.3328973541261,247.93567943481767,245.4680992840208
2026-01-28,2026-01-28,112.3249969482422,2026-01-28,41.44300079345703,2026-01-26,636.038401634131,2026-01-26,153.713936449098,2026-01-28,10.5885,1189.3532301864625,438.8192139015198,248.39827563434577,245.4680992840208
2026-01-29,2026-01-29,111.41999816894533,2026-01-29,41.18000030517578,2026-01-26,636.038401634131,2026-01-26,153.713936449098,2026-01-29,10.5645,1177.096570655823,435.04611322402957,245.8675247196753,245.4680992840208
2026-01-30,2026-01-30,112.27999877929688,2026-01-30,41.073001861572266,2026-01-26,636.038401634131,2026-01-26,153.713936449098,2026-01-30,10.5205,1181.2417271575928,432.108516084671,246.5598828422154,245.4680992840208
2026-02-02,2026-02-02,113.44000244140624,2026-02-02,41.08399963378906,2026-02-02,634.8862775248191,2026-02-02,155.34867312082298,2026-02-02,10.5935,1201.726665863037,435.22335012054447,250.665752371031,245.2163582207767
2026-02-03,2026-02-03,112.96499633789062,2026-02-03,41.53400039672851,2026-02-02,634.8862775248191,2026-02-02,155.34867312082298,2026-02-03,10.5485,1191.6112638702393,438.1214031848907,248.8104539524068,245.2163582207767
2026-02-04,2026-02-04,112.6999969482422,2026-02-04,41.17599868774414,2026-02-02,634.8862775248191,2026-02-02,155.34867312082298,2026-02-04,10.577,1192.0278677215579,435.5185381202698,248.79047917002003,245.2163582207767
2026-02-05,2026-02-05,111.56500244140624,2026-02-05,40.98400115966797,2026-02-02,634.8862775248191,2026-02-02,155.34867312082298,2026-02-05,10.641,1187.1631909790037,436.11075634002685,247.86712651930588,245.2163582207767
2026-02-06,2026-02-06,112.6750030517578,2026-02-06,41.48500061035156,2026-02-02,634.8862775248191,2026-02-02,155.34867312082298,2026-02-06,10.6735,1202.636645072937,442.7901540145874,251.1364418153202,245.2163582207767
2026-02-09,2026-02-09,113.22000122070312,2026-02-09,41.849998474121094,2026-02-09,641.251722008846,2026-02-09,156.400829760727,2026-02-09,10.6505,1205.8496230010985,445.7234087486267,251.87530997274771,247.6239691072816
2026-02-10,2026-02-10,113.46499633789062,2026-02-10,41.82099914550781,2026-02-09,641.251722008846,2026-02-09,156.400829760727,2026-02-10,10.6135,1204.2607386322022,443.8671744308472,251.49417983666024,247.6239691072816
2026-02-11,2026-02-11,113.40499877929688,2026-02-11,42.2599983215332,2026-02-09,641.251722008846,2026-02-09,156.400829760727,2026-02-11,10.564,1198.0104071044923,446.4346222686768,250.37793161110895,247.6239691072816
2026-02-12,2026-02-12,112.38999938964844,2026-02-12,42.10300064086914,2026-02-09,641.251722008846,2026-02-09,156.400829760727,2026-02-12,10.567,1187.625123550415,444.90240777206424,248.29819298637153,247.6239691072816
2026-02-13,2026-02-13,112.25499725341795,2026-02-13,41.99599838256836,2026-02-09,641.251722008846,2026-02-09,156.400829760727,2026-02-13,10.6254,1192.7542478164673,446.22428121414185,249.34727548281197,247.6239691072816
2026-02-16,2026-02-16,112.0,2026-02-16,42.20000076293945,2026-02-16,642.804470312645,2026-02-16,158.170417566704,2026-02-16,10.6205,1189.496,448.18510810279844,248.78954110719263,248.3638129285211
2026-02-17,2026-02-17,112.33499908447266,2026-02-17,42.11000061035156,2026-02-16,642.804470312645,2026-02-16,158.170417566704,2026-02-17,10.648,1196.143070251465,448.38728649902345,250.09045754907214,248.3638129285211
2026-02-18,2026-02-18,113.54499816894533,2026-02-18,42.75299835205078,2026-02-16,642.804470312645,2026-02-16,158.170417566704,2026-02-18,10.616,1205.3937005615235,453.8658305053711,252.10262726705972,248.3638129285211
2026-02-19,2026-02-19,113.3499984741211,2026-02-19,42.55799865722656,2026-02-16,642.804470312645,2026-02-16,158.170417566704,2026-02-19,10.6915,1211.8815086860657,455.00884264373775,253.40907601740815,248.3638129285211
2026-02-20,2026-02-20,113.76000213623048,2026-02-20,43.194000244140625,2026-02-16,642.804470312645,2026-02-16,158.170417566704,2026-02-20,10.6745,1214.3311428031923,461.0743556060791,254.12101268480995,248.3638129285211
2026-02-23,2026-02-23,112.9250030517578,2026-02-23,43.0,2026-02-23,650.2513122100249,2026-02-23,163.615371388296,2026-02-23,10.6955,1207.7893701400753,459.90649999999994,252.8031019089893,251.60533621650103
2026-02-24,2026-02-24,113.4250030517578,2026-02-24,43.6609992980957,2026-02-23,650.2513122100249,2026-02-23,163.615371388296,2026-02-24,10.688,1212.2864326171875,466.6487604980469,253.939594223393,251.60533621650103
2026-02-25,2026-02-25,114.2699966430664,2026-02-25,43.90700149536133,2026-02-23,650.2513122100249,2026-02-23,163.615371388296,2026-02-25,10.6765,1220.0036191596985,468.77310146522524,255.523282342376,251.60533621650103
2026-02-26,2026-02-26,114.03500366210938,2026-02-26,43.56800079345703,2026-02-23,650.2513122100249,2026-02-23,163.615371388296,2026-02-26,10.673,1217.0955940856934,465.0012724685669,254.81119213846327,251.60533621650103
2026-02-27,2026-02-27,113.53500366210938,2026-02-27,43.39400100708008,2026-02-23,650.2513122100249,2026-02-23,163.615371388296,2026-02-27,10.6643,1210.771339553833,462.7666449398041,253.49419404394214,251.60533621650103
2026-03-02,2026-03-02,113.95500183105467,2026-03-02,42.91899871826172,2026-03-02,655.55121116664,2026-03-02,161.29119957773003,2026-03-02,10.708,1220.2301596069335,459.5766382751465,255.2104352934522,253.28725461517564
2026-03-03,2026-03-03,112.61499786376952,2026-03-03,40.99300003051758,2026-03-02,655.55121116664,2026-03-02,161.29119957773003,2026-03-03,10.7265,1207.9647745857237,439.7114148273468,252.05344864807202,253.28725461517564
2026-03-04,2026-03-04,113.8499984741211,2026-03-04,41.584999084472656,2026-03-02,655.55121116664,2026-03-02,161.29119957773003,2026-03-04,10.6785,1215.747208705902,444.0654127235413,253.73636293724164,253.28725461517564
2026-03-05,2026-03-05,113.30500030517578,2026-03-05,40.779998779296875,2026-03-02,655.55121116664,2026-03-02,161.29119957773003,2026-03-05,10.6885,1211.0604957618714,435.8770169525146,252.50685269683908,253.28725461517564
2026-03-06,2026-03-05,113.30500030517578,2026-03-05,40.779998779296875,2026-03-02,655.55121116664,2026-03-02,161.29119957773003,2026-03-06,10.693,1211.5703682632445,436.06052694702146,252.61316142464332,253.28725461517564
2026-03-09,2026-03-09,111.51499938964844,2026-03-09,40.608001708984375,2026-03-09,640.452519969456,2026-03-09,155.996497948149,2026-03-09,10.6945,1192.5971609725952,434.2822742767334,248.85324546058425,247.29423741362305
2026-03-10,2026-03-10,113.03500366210938,2026-03-10,41.729000091552734,2026-03-09,640.452519969456,2026-03-09,155.996497948149,2026-03-10,10.606,1198.849248840332,442.5777749710083,250.39142844664494,247.29423741362305
2026-03-11,2026-03-11,112.63500213623048,2026-03-11,41.426998138427734,2026-03-09,640.452519969456,2026-03-09,155.996497948149,2026-03-11,10.6543,1200.0471032600403,441.37566626625056,250.57779575405243,247.29423741362305
2026-03-12,2026-03-12,112.02999877929688,2026-03-12,40.67300033569336,2026-03-09,640.452519969456,2026-03-09,155.996497948149,2026-03-12,10.7108,1199.9309109252931,435.64037199554446,250.3326047321023,247.29423741362305
2026-03-13,2026-03-13,111.87000274658205,2026-03-13,40.74300003051758,2026-03-09,640.452519969456,2026-03-09,155.996497948149,2026-03-13,10.7545,1203.1059445381165,438.1705938282013,251.0484497111725,247.29423741362305
2026-03-16,2026-03-16,112.18499755859376,2026-03-16,41.29100036621094,2026-03-16,643.7343625310069,2026-03-16,157.988322325805,2026-03-16,10.769,1208.1202387084963,444.6627829437256,252.27585497831168,248.68166944569964
2026-03-17,2026-03-17,112.44000244140624,2026-03-17,41.63999938964844,2026-03-16,643.7343625310069,2026-03-16,157.988322325805,2026-03-17,10.7055,1203.7264461364746,445.7770134658814,251.4643639046141,248.68166944569964
2026-03-18,2026-03-18,111.72000122070312,2026-03-18,41.31600189208984,2026-03-16,643.7343625310069,2026-03-16,157.988322325805,2026-03-18,10.7778,1204.0958291564941,445.2956051925658,251.51753728631996,248.68166944569964
2026-03-19,2026-03-19,109.8550033569336,2026-03-19,40.48099899291992,2026-03-16,643.7343625310069,2026-03-16,157.988322325805,2026-03-19,10.8065,1187.1480937767028,437.4579156169891,247.91647313322295,248.68166944569964
2026-03-20,2026-03-20,108.7249984741211,2026-03-20,39.694000244140625,2026-03-16,643.7343625310069,2026-03-16,157.988322325805,2026-03-20,10.7825,1172.3272960472107,428.0005576324463,244.66630741323877,248.68166944569964
2026-03-23,2026-03-23,109.15499877929688,2026-03-23,40.08399963378906,2026-03-23,630.75372684886,2026-03-23,153.350889588799,2026-03-23,10.8328,1182.4542707763674,434.22195123291016,246.87778455992273,243.52073876710026
2026-03-24,2026-03-24,109.12000274658205,2026-03-24,39.915000915527344,2026-03-23,630.75372684886,2026-03-23,153.350889588799,2026-03-24,10.8238,1181.0930857284548,432.0319869094849,246.5279971714037,243.52073876710026
2026-03-25,2026-03-25,110.18499755859376,2026-03-25,40.71699905395508,2026-03-23,630.75372684886,2026-03-23,153.350889588799,2026-03-25,10.7715,1186.8577012023927,438.5831553096771,247.90365316421088,243.52073876710026
2026-03-26,2026-03-26,109.0199966430664,2026-03-26,39.69499969482422,2026-03-23,630.75372684886,2026-03-23,153.350889588799,2026-03-26,10.8405,1181.8312736091614,430.31364419174196,246.60490934995906,243.52073876710026
2026-03-27,2026-03-27,107.4749984741211,2026-03-27,39.31800079345703,2026-03-23,630.75372684886,2026-03-23,153.350889588799,2026-03-27,10.878,1169.1130334014892,427.7012126312256,244.02941187371886,243.52073876710026
2026-03-30,2026-03-30,108.20500183105467,2026-03-30,39.527000427246094,2026-03-30,641.900218143164,2026-03-30,151.586033003332,2026-03-30,10.906,1180.0837499694824,431.0814666595459,246.2947588939749,247.3729769258038
2026-03-31,2026-03-31,108.05500030517578,2026-03-31,39.28799819946289,2026-03-30,641.900218143164,2026-03-30,151.586033003332,2026-03-31,10.943,1182.4458683395385,429.9285642967224,246.70952285216364,247.3729769258038
2026-04-01,2026-04-01,110.3550033569336,2026-04-01,40.64099884033203,2026-03-30,641.900218143164,2026-03-30,151.586033003332,2026-04-01,10.888,1201.545276550293,442.49919537353514,250.91284322705906,247.3729769258038
2026-04-02,2026-04-02,110.37999725341795,2026-04-02,40.09299850463867,2026-03-30,641.900218143164,2026-03-30,151.586033003332,2026-04-02,10.948,1208.4402099304198,438.9381476287842,252.11592553202874,247.3729769258038
2026-04-03,2026-04-02,110.37999725341795,2026-04-02,40.09299850463867,2026-03-30,641.900218143164,2026-03-30,151.586033003332,2026-04-02,10.948,1208.4402099304198,438.9381476287842,252.11592553202874,247.3729769258038
2026-04-06,2026-04-02,110.37999725341795,2026-04-02,40.09299850463867,2026-04-06,652.421622872831,2026-04-06,158.297787600397,2026-04-02,10.948,1208.4402099304198,438.9381476287842,252.11592553202874,251.85388446227216
2026-04-07,2026-04-07,109.7249984741211,2026-04-07,39.97200012207031,2026-04-06,652.421622872831,2026-04-06,158.297787600397,2026-04-07,10.99,1205.8777332305908,439.2922813415527,251.63118504424392,251.85388446227216
2026-04-08,2026-04-08,112.48999786376952,2026-04-08,42.12900161743164,2026-04-06,652.421622872831,2026-04-06,158.297787600397,2026-04-08,10.784,1213.0921369628907,454.31915344238286,253.6178153508589,251.85388446227216
2026-04-09,2026-04-09,112.68499755859376,2026-04-09,42.03200149536133,2026-04-06,652.421622872831,2026-04-06,158.297787600397,2026-04-09,10.8765,1225.618375946045,457.16106426429747,256.16486852113474,251.85388446227216
2026-04-10,2026-04-10,112.9499969482422,2026-04-10,42.303001403808594,2026-04-06,652.421622872831,2026-04-06,158.297787600397,2026-04-10,10.836,1223.9261669311525,458.39532321166996,255.88358103465634,251.85388446227216
2026-04-13,2026-04-13,112.94499969482422,2026-04-13,42.250999450683594,2026-04-13,663.0350296385129,2026-04-13,163.4536829813,2026-04-13,10.892,1230.1969366760254,460.1978860168457,257.1734060966038,256.2111827085306
2026-04-14,2026-04-14,114.1999969482422,2026-04-14,43.04199981689453,2026-04-13,663.0350296385129,2026-04-13,163.4536829813,2026-04-14,10.798,1233.1315670471192,464.76751402282713,257.92163462120544,256.2111827085306
2026-04-15,2026-04-15,114.63500213623048,2026-04-15,43.12099838256836,2026-04-13,663.0350296385129,2026-04-13,163.4536829813,2026-04-15,10.85,1243.7897731781006,467.8628324508667,260.11512986281787,256.2111827085306
2026-04-16,2026-04-16,115.31999969482422,2026-04-16,43.47700119018555,2026-04-13,663.0350296385129,2026-04-13,163.4536829813,2026-04-16,10.804,1245.9172767028808,469.72552085876464,260.6012893062338,256.2111827085306
2026-04-17,2026-04-17,116.6999969482422,2026-04-17,44.36000061035156,2026-04-13,663.0350296385129,2026-04-13,163.4536829813,2026-04-17,10.803,1260.7100670318605,479.22108659362794,263.8474895322441,256.2111827085306
2026-04-20,2026-04-20,116.1999969482422,2026-04-20,43.86000061035156,2026-04-20,668.679384887528,2026-04-20,168.64277473256,2026-04-20,10.7685,1251.2996671371461,472.30641657257075,261.748503146205,258.77519125181306
2026-04-21,2026-04-21,116.04499816894533,2026-04-21,43.737998962402344,2026-04-20,668.679384887528,2026-04-20,168.64277473256,2026-04-21,10.7495,1247.4257078170776,470.16161984634397,260.9116529638146,258.77519125181306
2026-04-22,2026-04-22,116.56500244140624,2026-04-22,44.25400161743164,2026-04-20,668.679384887528,2026-04-20,168.64277473256,2026-04-22,10.776,1256.1044663085936,476.88112142944334,262.8607369412496,258.77519125181306
2026-04-23,2026-04-23,116.95999908447266,2026-04-23,44.055999755859375,2026-04-20,668.679384887528,2026-04-20,168.64277473256,2026-04-23,10.7795,1260.770310131073,474.90164936828614,263.6915705817812,258.77519125181306
2026-04-24,2026-04-24,116.7249984741211,2026-04-24,44.375999450683594,2026-04-20,668.679384887528,2026-04-20,168.64277473256,2026-04-24,10.82,1262.9644834899902,480.1483140563965,264.32203222345584,258.77519125181306
2026-04-27,2026-04-27,116.62999725341795,2026-04-27,44.3849983215332,2026-04-27,680.52691202787,2026-04-27,171.05797794966003,2026-04-27,10.7885,1258.2627253684998,478.847554391861,263.35690567549557,263.30236638484564
2026-04-28,2026-04-28,116.25,2026-04-28,43.819000244140625,2026-04-27,680.52691202787,2026-04-27,171.05797794966003,2026-04-28,10.8485,1261.138125,475.37042414855955,263.7813156922199,263.30236638484564
2026-04-29,2026-04-29,116.33999633789062,2026-04-29,44.0359992980957,2026-04-27,680.52691202787,2026-04-27,171.05797794966003,2026-04-29,10.8405,1261.1837303009033,477.3722503910065,263.86787865292746,263.30236638484564
2026-04-30,2026-04-30,117.03500366210938,2026-04-30,44.29800033569336,2026-04-27,680.52691202787,2026-04-27,171.05797794966003,2026-04-30,10.8555,1270.4734822540283,480.87694264411925,265.8110532326737,263.30236638484564
2026-05-01,2026-04-30,117.03500366210938,2026-04-30,44.29800033569336,2026-04-27,680.52691202787,2026-04-27,171.05797794966003,2026-04-30,10.8555,1270.4734822540283,480.87694264411925,265.8110532326737,263.30236638484564
2026-05-04,2026-05-04,117.4000015258789,2026-05-04,44.9370002746582,2026-05-04,686.802057674821,2026-05-04,173.700072213083,2026-05-04,10.835,1272.0290165328981,486.89239797592165,266.34711585654736,265.8376384339719
2026-05-05,2026-05-05,118.23999786376952,2026-05-05,45.84199905395508,2026-05-04,686.802057674821,2026-05-04,173.700072213083,2026-05-05,10.84,1281.7215768432616,496.92726974487306,268.62208717945794,265.8376384339719
2026-05-06,2026-05-06,119.56999969482422,2026-05-06,46.79600143432617,2026-05-04,686.802057674821,2026-05-04,173.700072213083,2026-05-06,10.8335,1295.3615916938784,506.96448153877265,271.6650567274557,265.8376384339719
2026-05-07,2026-05-07,119.59500122070312,2026-05-07,46.76499938964844,2026-05-04,686.802057674821,2026-05-04,173.700072213083,2026-05-07,10.825,1294.6158882141112,506.2311183929443,271.4915313519357,265.8376384339719
2026-05-08,2026-05-08,119.54499816894533,2026-05-08,47.0359992980957,2026-05-04,686.802057674821,2026-05-04,173.700072213083,2026-05-08,10.842,1296.1068701477052,509.9643043899536,271.92646115331786,265.8376384339719
2026-05-11,2026-05-11,119.93000030517578,2026-05-11,47.21200180053711,2026-05-11,701.718803703853,2026-05-11,180.103908343084,2026-05-11,10.8765,1304.4186483192443,513.5013375835418,273.6806434026754,271.8767022852919
2026-05-12,2026-05-12,119.15499877929688,2026-05-12,45.51599884033203,2026-05-11,701.718803703853,2026-05-11,180.103908343084,2026-05-12,10.8935,1298.0149792022705,495.828533367157,271.7490380370124,271.8767022852919
2026-05-13,2026-05-13,120.4250030517578,2026-05-13,46.801998138427734,2026-05-11,701.718803703853,2026-05-11,180.103908343084,2026-05-13,10.915,1314.4389083099363,510.8438096809387,275.5267684560741,271.8767022852919
2026-05-14,2026-05-14,122.0,2026-05-14,47.18899917602539,2026-05-11,701.718803703853,2026-05-11,180.103908343084,2026-05-14,10.9145,1331.569,515.0443315067291,279.02214763036045,271.8767022852919
2026-05-15,2026-05-15,121.05999755859376,2026-05-15,45.89699935913086,2026-05-11,701.718803703853,2026-05-11,180.103908343084,2026-05-15,10.982,1329.4808931884766,504.0408469619751,278.18889608605,271.8767022852919
2026-05-18,2026-05-18,120.41000366210938,2026-05-18,45.54600143432617,2026-05-18,706.0786330961159,2026-05-18,176.083371849345,2026-05-18,10.9465,1318.0681050872804,498.56930470085143,275.75638858046807,273.04768319692886
2026-05-19,2026-05-19,120.29000091552734,2026-05-19,45.01499938964844,2026-05-18,706.0786330961159,2026-05-18,176.083371849345,2026-05-19,10.909,1312.2436199874878,491.0686283416748,274.3322354274616,273.04768319692886
2026-05-20,2026-05-20,121.3550033569336,2026-05-20,45.87699890136719,2026-05-18,706.0786330961159,2026-05-18,176.083371849345,2026-05-20,10.8775,1320.039049015045,499.02705554962154,276.1575662319936,273.04768319692886
2026-05-21,2026-05-21,121.5199966430664,2026-05-21,45.96099853515625,2026-05-18,706.0786330961159,2026-05-18,176.083371849345,2026-05-21,10.8615,1319.8894435386658,499.2053855895996,276.1353841573993,273.04768319692886
2026-05-22,2026-05-22,122.8499984741211,2026-05-22,46.584999084472656,2026-05-18,706.0786330961159,2026-05-18,176.083371849345,2026-05-22,10.8695,1335.3180584144593,506.35564754867556,279.4142511095177,273.04768319692886
2026-05-25,2026-05-25,123.5,2026-05-25,47.4010009765625,2026-05-25,715.82077618674,2026-05-25,182.971593296815,2026-05-25,10.7965,1333.36775,511.764907043457,279.24478751755197,277.2646295146619
2026-05-26,2026-05-26,123.11499786376952,2026-05-26,47.8120002746582,2026-05-25,715.82077618674,2026-05-25,182.971593296815,2026-05-26,10.8245,1332.6582943763733,517.5409969730377,279.3309466309792,277.2646295146619
2026-05-27,2026-05-27,122.81500244140624,2026-05-27,47.79600143432617,2026-05-25,715.82077618674,2026-05-25,182.971593296815,2026-05-27,10.7895,1325.1124688415525,515.6949574756622,277.79139469573886,277.2646295146619
2026-05-28,2026-05-28,123.1750030517578,2026-05-28,47.974998474121094,2026-05-25,715.82077618674,2026-05-25,182.971593296815,2026-05-28,10.8215,1332.9382955245972,519.1614459877014,279.44830583218067,277.2646295146619
2026-05-29,2026-05-29,123.41999816894533,2026-05-29,48.04399871826172,2026-05-25,715.82077618674,2026-05-25,182.971593296815,2026-05-29,10.772,1329.480220275879,517.5299541931153,278.71227999633584,277.2646295146619
2026-06-01,2026-06-01,123.7699966430664,2026-06-01,48.94100189208984,2026-06-01,721.0910093515299,2026-06-01,189.6126433326,2026-06-01,10.789,1335.3544937820434,528.0244694137573,280.26231005732427,279.83976640159705
2026-06-02,2026-06-02,124.3000030517578,2026-06-02,49.47999954223633,2026-06-01,721.0910093515299,2026-06-01,189.6126433326,2026-06-02,10.825,1345.547533035278,535.6209950447083,282.5400080230535,279.83976640159705
2026-06-03,2026-06-03,123.88999938964844,2026-06-03,48.95899963378906,2026-06-01,721.0910093515299,2026-06-01,189.6126433326,2026-06-03,10.884,1348.4187533569336,532.8697520141602,282.9917768496131,279.83976640159705
2026-06-04,2026-06-04,123.91000366210938,2026-06-04,48.25,2026-06-01,721.0910093515299,2026-06-01,189.6126433326,2026-06-04,10.8803,1348.1780128448486,524.974475,282.6385278438442,279.83976640159705
2026-06-05,2026-06-05,123.33499908447266,2026-06-05,46.54999923706055,2026-06-01,721.0910093515299,2026-06-01,189.6126433326,2026-06-05,10.8675,1340.3431025505065,505.88211670875546,280.3734066777808,279.83976640159705
2026-06-08,2026-06-08,122.62000274658205,2026-06-08,46.45100021362305,2026-06-08,712.9264009217351,2026-06-08,184.866530882628,2026-06-08,10.876,1333.6151498718264,505.20107832336424,279.0381713442328,276.40918632720206
2026-06-09,2026-06-09,120.9250030517578,2026-06-09,46.1619987487793,2026-06-08,712.9264009217351,2026-06-08,184.866530882628,2026-06-09,10.885,1316.2686582183835,502.47335638046263,275.5578550306643,276.40918632720206
2026-06-10,2026-06-10,120.69000244140624,2026-06-10,45.935001373291016,2026-06-08,712.9264009217351,2026-06-08,184.866530882628,2026-06-10,10.9655,1323.42622177124,503.70025755882267,276.9978485940559,276.40918632720206
2026-06-11,2026-06-11,120.88500213623048,2026-06-11,46.444000244140625,2026-06-08,712.9264009217351,2026-06-08,184.866530882628,2026-06-11,10.9935,1328.9492709846497,510.5821166839599,278.339346316599,276.40918632720206
2026-06-12,2026-06-12,122.9000015258789,2026-06-12,47.891998291015625,2026-06-08,712.9264009217351,2026-06-08,184.866530882628,2026-06-12,10.928,1343.051216674805,523.3637573242188,281.57868813770546,276.40918632720206
2026-06-15,2026-06-15,124.2699966430664,2026-06-15,49.10699844360352,2026-06-15,721.998680473179,2026-06-15,190.46706262697097,2026-06-15,10.8975,1354.2322884178163,535.1435155391695,284.2109423865719,280.25409813792066
2026-06-16,2026-06-16,124.12000274658205,2026-06-16,48.61100006103515,2026-06-15,721.998680473179,2026-06-15,190.46706262697097,2026-06-16,10.897,1352.5356699295046,529.7140676651001,283.6701773877647,280.25409813792066
2026-06-17,2026-06-17,124.20999908447266,2026-06-17,49.24700164794922,2026-06-15,721.998680473179,2026-06-15,190.46706262697097,2026-06-17,10.891,1352.7711000289917,536.3490949478149,283.9734828153337,280.25409813792066
2026-06-18,2026-06-18,124.63999938964844,2026-06-18,50.15399932861328,2026-06-15,721.998680473179,2026-06-15,190.46706262697097,2026-06-18,10.9845,1369.1080732955934,550.9166056251527,287.71691964530066,280.25409813792066
2026-06-19,2026-06-19,124.80500030517578,2026-06-19,49.805999755859375,2026-06-15,721.998680473179,2026-06-15,190.46706262697097,2026-06-19,10.974,1369.610073348999,546.5710413208008,287.64592269399003,280.25409813792066
2026-06-22,2026-06-22,125.05999755859376,2026-06-22,50.68600082397461,2026-06-22,734.8981903208861,2026-06-22,192.312802869797,2026-06-22,10.998,1375.4098531494142,557.4446370620727,289.19617351011374,285.1042159976421
2026-06-23,2026-06-23,123.9800033569336,2026-06-23,48.50400161743164,2026-06-22,734.8981903208861,2026-06-22,192.312802869797,2026-06-23,11.0585,1371.0328671226503,536.3815018863678,287.52724407760235,285.1042159976421
2026-06-24,2026-06-24,124.79000091552734,2026-06-24,48.54999923706055,2026-06-22,734.8981903208861,2026-06-22,192.312802869797,2026-06-24,11.085,1383.2971601486206,538.1767415428162,289.9827187918053,285.1042159976421
2026-06-25,2026-06-25,124.09500122070312,2026-06-25,48.73199844360352,2026-06-22,734.8981903208861,2026-06-22,192.312802869797,2026-06-25,11.069,1373.6075685119629,539.4144907722474,288.14581753368435,285.1042159976421
2026-06-26,2026-06-26,123.75,2026-06-26,48.16400146484375,2026-06-22,734.8981903208861,2026-06-22,192.312802869797,2026-06-26,11.0775,1370.840625,533.5367262268066,287.3794404918188,285.1042159976421
2026-06-29,2026-06-29,123.88500213623048,2026-06-29,47.76300048828125,2026-06-29,743.3708810746,2026-06-29,191.140706493156,2026-06-29,11.0865,1373.4510761833192,529.52450491333,287.7315424916515,288.0494673175283
2026-06-30,2026-06-30,125.03500366210938,2026-06-30,48.79800033569336,2026-06-29,743.3708810746,2026-06-29,191.140706493156,2026-06-30,11.0935,1387.0758131256105,541.3406167240144,290.8405794405175,288.0494673175283
2026-07-01,2026-07-01,125.87999725341795,2026-07-01,48.237998962402344,2026-06-29,743.3708810746,2026-06-29,191.140706493156,2026-07-01,11.0955,1396.701509525299,535.2247174873352,292.4757290830237,288.0494673175283
2026-07-02,2026-07-02,125.3000030517578,2026-07-02,47.382999420166016,2026-06-29,743.3708810746,2026-06-29,191.140706493156,2026-07-02,11.0775,1388.010783805847,524.885176076889,290.3838226599964,288.0494673175283
2026-07-03,2026-07-03,125.76000213623048,2026-07-03,48.380001068115234,2026-06-29,743.3708810746,2026-06-29,191.140706493156,2026-07-03,11.0315,1387.3214635658264,533.7039817829132,290.59198713305756,288.0494673175283
2026-07-06,2026-07-06,126.3499984741211,2026-07-06,48.49300003051758,2026-07-06,744.869662662163,2026-07-06,187.128513680274,2026-07-06,11.015,1391.745233192444,534.1503953361512,291.4698786050801,288.1868337698053
2026-07-07,2026-07-07,125.4000015258789,2026-07-07,46.8129997253418,2026-07-06,744.869662662163,2026-07-06,187.128513680274,2026-07-07,11.0443,1384.9552368522643,517.0168128665924,289.4840474147919,288.1868337698053
2026-07-08,2026-07-08,124.5,2026-07-08,46.77299880981445,2026-07-06,744.869662662163,2026-07-06,187.128513680274,2026-07-08,11.0565,1376.53425,517.1456613407134,287.85089411342034,288.1868337698053
2026-07-09,2026-07-09,125.70999908447266,2026-07-09,47.76300048828125,2026-07-06,744.869662662163,2026-07-06,187.128513680274,2026-07-09,11.062,1390.6040098724363,528.3543114013671,291.0229266902595,288.1868337698053
2026-07-10,2026-07-10,126.1449966430664,2026-07-10,47.81700134277344,2026-07-06,744.869662662163,2026-07-06,187.128513680274,2026-07-10,11.0145,1389.4240655250549,526.680361289978,290.72842308152127,288.1868337698053
2026-07-13,2026-07-13,126.3000030517578,2026-07-13,46.78099822998047,2026-07-13,744.735708367289,2026-07-13,182.751410487751,2026-07-13,11.027,1392.7101336517333,515.8540674819945,290.9474989511669,287.6970663580857
2026-07-14,2026-07-14,126.05999755859376,2026-07-14,46.90399932861328,2026-07-13,744.735708367289,2026-07-13,182.751410487751,2026-07-14,11.036,1391.1981330566407,517.6325365905761,290.7223887226675,287.6970663580857
2026-07-15,2026-07-15,126.3000030517578,2026-07-15,46.75899887084961,2026-07-13,744.735708367289,2026-07-13,182.751410487751,2026-07-15,11.0473,1395.2740237136838,516.5606882259369,291.4736824654608,287.6970663580857
2026-07-16,2026-07-16,126.25499725341795,2026-07-16,46.22999954223633,2026-07-13,744.735708367289,2026-07-13,182.751410487751,2026-07-16,11.0285,1392.4032372093197,509.84754995155333,290.65468359443634,287.6970663580857
2026-07-17,2026-07-17,124.87999725341795,2026-07-17,45.323001861572266,2026-07-13,744.735708367289,2026-07-13,182.751410487751,2026-07-17,11.0405,1378.737609676361,500.3886020526886,287.6291740840416,287.6970663580857
2026-07-20,2026-07-20,125.23999786376952,2026-07-20,45.82600021362305,2026-07-20,746.808166694043,2026-07-20,184.420947626529,2026-07-20,11.045,1383.2757764053342,506.14817235946657,288.73552411011485,288.61473141285063
2026-07-21,2026-07-21,125.7300033569336,2026-07-21,46.75899887084961,2026-07-20,746.808166694043,2026-07-20,184.420947626529,2026-07-21,11.0485,1389.127942089081,516.616799024582,290.280248745818,288.61473141285063
2026-07-22,2026-07-22,126.0,2026-07-22,46.64500045776367,2026-07-20,746.808166694043,2026-07-20,184.420947626529,2026-07-22,11.0775,1395.765,516.7099925708771,291.57498774134496,288.61473141285063
2026-07-23,2026-07-23,124.4499969482422,2026-07-23,46.16600036621094,2026-07-20,746.808166694043,2026-07-20,184.420947626529,2026-07-23,11.0955,1380.8349411392212,512.2348570632935,288.49692820282775,288.61473141285063
2026-07-24,2026-07-24,125.30999755859376,2026-07-24,45.92599868774414,2026-07-20,746.808166694043,2026-07-20,184.420947626529,2026-07-24,11.055,1385.302023010254,507.7119154930115,289.19038368921184,288.61473141285063
2026-07-27,2026-07-27,124.70999908447266,2026-07-27,45.34000015258789,2026-07-27,742.14761179293,2026-07-27,176.90039428834598,2026-07-27,11.0445,1377.3595848884581,500.7576316852569,287.3754258636236,286.1713545747199
2026-07-28,2026-07-28,125.20500183105467,2026-07-28,44.95199966430664,2026-07-27,742.14761179293,2026-07-27,176.90039428834598,2026-07-28,11.0625,1385.0803327560423,497.2814962863922,288.74245122394115,286.1713545747199
2026-07-29,2026-07-29,124.3550033569336,2026-07-29,44.04600143432617,2026-07-27,742.14761179293,2026-07-27,176.90039428834598,2026-07-29,11.053,1374.4958521041872,486.8404538536072,286.2782090255636,286.1713545747199
2026-07-30,2026-07-30,123.65499877929688,2026-07-30,44.73699951171875,2026-07-27,742.14761179293,2026-07-27,176.90039428834598,2026-07-30,11.0098,1361.4168055603027,492.5454172241211,283.9553227400527,286.1713545747199
2026-07-31,2026-07-31,124.29000091552734,2026-07-31,45.35599899291992,2026-07-27,742.14761179293,2026-07-27,176.90039428834598,2026-07-31,10.9855,1365.3878050575256,498.2583269367218,284.9495295138986,286.1713545747199
2026-08-03,2026-08-03,126.1750030517578,2026-08-03,45.474998474121094,2026-08-03,755.413865985973,2026-08-03,181.32872048235097,2026-08-03,10.9845,1385.9693210220337,499.52012073898317,289.00226959558444,291.4144712322465
2026-08-04,2026-08-04,127.79000091552734,2026-08-04,46.76499938964844,2026-08-03,755.413865985973,2026-08-03,181.32872048235097,2026-08-04,10.9925,1404.7315850639343,514.0642557907105,293.2165966041806,291.4144712322465
2026-08-05,2026-08-05,128.24000549316406,2026-08-05,46.79899978637695,2026-08-03,755.413865985973,2026-08-03,181.32872048235097,2026-08-05,10.9635,1405.9593002243041,513.0808341579437,293.4172600769266,291.4144712322465
2026-08-06,2026-08-06,128.14999389648438,2026-08-06,46.597999572753906,2026-08-03,755.413865985973,2026-08-03,181.32872048235097,2026-08-06,10.924,1399.9105333251953,509.03654733276363,292.08362000405737,291.4144712322465
2026-08-07,2026-08-07,128.64999389648438,2026-08-07,46.55400085449219,2026-08-03,755.413865985973,2026-08-03,181.32872048235097,2026-08-07,10.9455,1408.1385081939695,509.5568163528442,293.7044186137112,291.4144712322465
2026-08-10,2026-08-10,128.7550048828125,2026-08-10,46.428001403808594,2026-08-10,756.4580650323419,2026-08-10,182.20328178333995,2026-08-10,10.9655,1411.8630060424805,509.10624939346314,294.4114671548205,291.88019761120836
2026-08-11,2026-08-11,128.7100067138672,2026-08-11,46.64899826049805,2026-08-10,756.4580650323419,2026-08-10,182.20328178333995,2026-08-11,10.9635,1411.1121586074828,511.4362924289703,294.3558324895681,291.88019761120836
2026-08-12,2026-08-12,128.7949981689453,2026-08-12,47.189998626708984,2026-08-10,756.4580650323419,2026-08-10,182.20328178333995,2026-08-12,10.9965,1416.2941973648071,518.9248198986053,295.654537577658,291.88019761120836
2026-08-13,2026-08-13,129.39500427246094,2026-08-13,47.49800109863281,2026-08-10,756.4580650323419,2026-08-10,182.20328178333995,2026-08-13,11.0285,1427.0328046188354,523.8317051162719,297.9339806857688,291.88019761120836
2026-08-14,2026-08-14,128.86500549316406,2026-08-14,47.18299865722656,2026-08-10,756.4580650323419,2026-08-10,182.20328178333995,2026-08-14,10.999,1417.3861954193117,518.965802230835,295.8685570021782,291.88019761120836
2026-08-17,2026-08-17,128.6999969482422,2026-08-17,47.987998962402344,2026-08-17,754.2437013591591,2026-08-17,185.764032712031,2026-08-17,11.001,1415.8286664276122,527.9159765853882,295.91292527266313,291.43858353245594
2026-08-18,2026-08-18,127.43000030517578,2026-08-18,46.3849983215332,2026-08-17,754.2437013591591,2026-08-17,185.764032712031,2026-08-18,11.026,1405.0431833648681,511.4409914932251,293.1754031525318,291.43858353245594
2026-08-19,2026-08-19,126.9749984741211,2026-08-19,46.53400039672851,2026-08-17,754.2437013591591,2026-08-17,185.764032712031,2026-08-19,11.0385,1401.6135206565857,513.6655633792877,292.59455903730606,291.43858353245594
2026-08-20,2026-08-20,126.1449966430664,2026-08-20,46.62099838256836,2026-08-17,754.2437013591591,2026-08-17,185.764032712031,2026-08-20,11.0875,1398.6326502799989,516.9103195667267,292.1406130727853,291.43858353245594
2026-08-21,2026-08-21,126.50499725341795,2026-08-21,47.15399932861328,2026-08-17,754.2437013591591,2026-08-17,185.764032712031,2026-08-21,11.0625,1399.461532115936,521.6411175727844,292.4854605313137,291.43858353245594
2026-08-24,2026-08-24,126.2300033569336,2026-08-24,46.46799850463867,2026-08-24,750.620348579047,2026-08-24,185.729539228442,2026-08-24,11.0805,1398.6915521965027,514.8886574306489,292.0736103065791,290.1250268301062
2026-08-25,2026-08-25,126.53500366210938,2026-08-25,47.14500045776367,2026-08-24,750.620348579047,2026-08-24,185.729539228442,2026-08-25,11.0668,1400.3375785278322,521.744291065979,292.65988403701846,290.1250268301062
2026-08-26,2026-08-26,126.68000030517578,2026-08-26,47.404998779296875,2026-08-24,750.620348579047,2026-08-24,185.729539228442,2026-08-26,11.0785,1403.4243833808898,525.1762789764405,293.39356338532804,290.1250268301062
2026-08-27,2026-08-27,127.12999725341795,2026-08-27,47.551998138427734,2026-08-24,750.620348579047,2026-08-24,185.729539228442,2026-08-27,11.0835,1409.045324558258,527.0425713672638,294.55944915918144,290.1250268301062
2026-08-28,2026-08-28,128.21499633789062,2026-08-28,47.845001220703125,2026-08-24,750.620348579047,2026-08-24,185.729539228442,2026-08-28,11.0885,1421.7119868927002,530.5292960357666,297.15884455471553,290.1250268301062
2026-08-31,2026-08-31,126.76499938964844,2026-08-31,47.362998962402344,2026-08-31,753.33357796582,2026-08-31,190.608743062383,2026-08-31,11.11,1408.3591432189942,526.20291847229,294.39337763716435,291.59799648903663
2026-09-01,2026-09-01,126.58999633789062,2026-09-01,47.652000427246094,2026-08-31,753.33357796582,2026-08-31,190.608743062383,2026-09-01,11.1145,1406.9845142974852,529.6281587486267,294.2589021379709,291.59799648903663
2026-09-02,2026-09-02,126.81500244140624,2026-09-02,47.529998779296875,2026-08-31,753.33357796582,2026-08-31,190.608743062383,2026-09-02,11.1575,1414.93838973999,530.3159613800049,295.8328815672563,291.59799648903663
2026-09-03,2026-09-03,127.86000061035156,2026-09-03,47.53400039672851,2026-08-31,753.33357796582,2026-08-31,190.608743062383,2026-09-03,11.1245,1422.378576789856,528.7919874134062,297.221092542542,291.59799648903663
2026-09-04,2026-09-04,127.45500183105467,2026-09-04,48.209999084472656,2026-08-31,753.33357796582,2026-08-31,190.608743062383,2026-09-04,11.1005,1414.8142478256225,535.1550948371887,295.99653964374124,291.59799648903663
2026-09-07,2026-09-07,127.33000183105467,2026-09-07,48.42300033569336,2026-09-07,758.9250712762889,2026-09-07,193.37621629069,2026-09-07,11.162,1421.2574804382323,540.4975297470094,297.4572974125825,293.89872524496167
2026-09-08,2026-09-08,127.1449966430664,2026-09-08,48.555999755859375,2026-09-07,758.9250712762889,2026-09-07,193.37621629069,2026-09-08,11.152,1417.9210025634766,541.4965092773438,296.8470152851938,293.89872524496167
2026-09-09,2026-09-09,126.0199966430664,2026-09-09,48.303001403808594,2026-09-07,758.9250712762889,2026-09-07,193.37621629069,2026-09-09,11.1495,1405.059952571869,538.554314151764,294.23093850672615,293.89872524496167
2026-09-10,2026-09-10,125.4499969482422,2026-09-10,47.51499938964844,2026-09-07,758.9250712762889,2026-09-07,193.37621629069,2026-09-10,11.1995,1404.9772408218387,532.1442356643677,293.96607203629827,293.89872524496167
2026-09-11,2026-09-11,126.63500213623048,2026-09-11,48.000999450683594,2026-09-07,758.9250712762889,2026-09-07,193.37621629069,2026-09-11,11.2373,1423.0355095054626,539.4016311271668,297.7606494617612,293.89872524496167
2026-09-14,2026-09-14,126.3949966430664,2026-09-14,47.01399993896485,2026-09-14,761.046834492209,2026-09-14,189.260895409469,2026-09-14,11.281,1425.8619571304323,530.3649333114626,297.95976885872767,294.2509420764187
2026-09-15,2026-09-15,125.8000030517578,2026-09-15,46.68600082397461,2026-09-14,761.046834492209,2026-09-14,189.260895409469,2026-09-15,11.274,1418.2692344055174,526.3379732894897,296.3264519655008,294.2509420764187
2026-09-16,2026-09-16,126.4250030517578,2026-09-16,47.18899917602539,2026-09-14,761.046834492209,2026-09-14,189.260895409469,2026-09-16,11.2875,1427.0222219467162,532.6458281993865,298.2739998050811,294.2509420764187
2026-09-17,2026-09-17,127.4000015258789,2026-09-17,47.792999267578125,2026-09-14,761.046834492209,2026-09-14,189.260895409469,2026-09-17,11.2715,1435.989117198944,538.6987912445068,300.2532672018537,294.2509420764187
2026-09-18,2026-09-18,127.04000091552734,2026-09-18,47.70199966430664,2026-09-14,761.046834492209,2026-09-14,189.260895409469,2026-09-18,11.2915,1434.472170337677,538.6271292095184,299.9553908237595,294.2509420764187
2026-09-21,2026-09-18,127.04000091552734,2026-09-21,48.93399810791016,2026-09-21,782.0864133137541,2026-09-21,198.429454887728,2026-09-21,11.275,1432.376010322571,551.7308286666871,300.05617706084166,302.78257136189677
